split,image,relative_image,label,fp_instances,fn_instances
test,D:\Study Material\Sem VI\Projects\PBL2\RoadEye\dataset_crack\final_dataset_v5\test\images\sewage_000004.jpg,test/images/sewage_000004.jpg,D:\Study Material\Sem VI\Projects\PBL2\RoadEye\dataset_crack\final_dataset_v5\test\labels\sewage_000004.txt,1,1
test,D:\Study Material\Sem VI\Projects\PBL2\RoadEye\dataset_crack\final_dataset_v5\test\images\sewage_000006.jpg,test/images/sewage_000006.jpg,D:\Study Material\Sem VI\Projects\PBL2\RoadEye\dataset_crack\final_dataset_v5\test\labels\sewage_000006.txt,0,2
test,D:\Study Material\Sem VI\Projects\PBL2\RoadEye\dataset_crack\final_dataset_v5\test\images\sewage_000012.jpg,test/images/sewage_000012.jpg,D:\Study Material\Sem VI\Projects\PBL2\RoadEye\dataset_crack\final_dataset_v5\test\labels\sewage_000012.txt,2,1
test,D:\Study Material\Sem VI\Projects\PBL2\RoadEye\dataset_crack\final_dataset_v5\test\images\sewage_000021.jpg,test/images/sewage_000021.jpg,D:\Study Material\Sem VI\Projects\PBL2\RoadEye\dataset_crack\final_dataset_v5\test\labels\sewage_000021.txt,1,2
test,D:\Study Material\Sem VI\Projects\PBL2\RoadEye\dataset_crack\final_dataset_v5\test\images\sewage_000023.jpg,test/images/sewage_000023.jpg,D:\Study Material\Sem VI\Projects\PBL2\RoadEye\dataset_crack\final_dataset_v5\test\labels\sewage_000023.txt,1,1
test,D:\Study Material\Sem VI\Projects\PBL2\RoadEye\dataset_crack\final_dataset_v5\test\images\sewage_000050.jpg,test/images/sewage_000050.jpg,D:\Study Material\Sem VI\Projects\PBL2\RoadEye\dataset_crack\final_dataset_v5\test\labels\sewage_000050.txt,1,1
test,D:\Study Material\Sem VI\Projects\PBL2\RoadEye\dataset_crack\final_dataset_v5\test\images\sewage_000052.jpg,test/images/sewage_000052.jpg,D:\Study Material\Sem VI\Projects\PBL2\RoadEye\dataset_crack\final_dataset_v5\test\labels\sewage_000052.txt,0,1
test,D:\Study Material\Sem VI\Projects\PBL2\RoadEye\dataset_crack\final_dataset_v5\test\images\sewage_000057.jpg,test/images/sewage_000057.jpg,D:\Study Material\Sem VI\Projects\PBL2\RoadEye\dataset_crack\final_dataset_v5\test\labels\sewage_000057.txt,1,1
test,D:\Study Material\Sem VI\Projects\PBL2\RoadEye\dataset_crack\final_dataset_v5\test\images\sewage_000075.jpg,test/images/sewage_000075.jpg,D:\Study Material\Sem VI\Projects\PBL2\RoadEye\dataset_crack\final_dataset_v5\test\labels\sewage_000075.txt,10,3
test,D:\Study Material\Sem VI\Projects\PBL2\RoadEye\dataset_crack\final_dataset_v5\test\images\sewage_000092.jpg,test/images/sewage_000092.jpg,D:\Study Material\Sem VI\Projects\PBL2\RoadEye\dataset_crack\final_dataset_v5\test\labels\sewage_000092.txt,1,0
test,D:\Study Material\Sem VI\Projects\PBL2\RoadEye\dataset_crack\final_dataset_v5\test\images\sewage_000096.jpg,test/images/sewage_000096.jpg,D:\Study Material\Sem VI\Projects\PBL2\RoadEye\dataset_crack\final_dataset_v5\test\labels\sewage_000096.txt,1,0
test,D:\Study Material\Sem VI\Projects\PBL2\RoadEye\dataset_crack\final_dataset_v5\test\images\sewage_000104.jpg,test/images/sewage_000104.jpg,D:\Study Material\Sem VI\Projects\PBL2\RoadEye\dataset_crack\final_dataset_v5\test\labels\sewage_000104.txt,0,1
test,D:\Study Material\Sem VI\Projects\PBL2\RoadEye\dataset_crack\final_dataset_v5\test\images\sewage_000123.jpg,test/images/sewage_000123.jpg,D:\Study Material\Sem VI\Projects\PBL2\RoadEye\dataset_crack\final_dataset_v5\test\labels\sewage_000123.txt,1,2
test,D:\Study Material\Sem VI\Projects\PBL2\RoadEye\dataset_crack\final_dataset_v5\test\images\sewage_000131.jpg,test/images/sewage_000131.jpg,D:\Study Material\Sem VI\Projects\PBL2\RoadEye\dataset_crack\final_dataset_v5\test\labels\sewage_000131.txt,4,0
test,D:\Study Material\Sem VI\Projects\PBL2\RoadEye\dataset_crack\final_dataset_v5\test\images\sewage_000153.jpg,test/images/sewage_000153.jpg,D:\Study Material\Sem VI\Projects\PBL2\RoadEye\dataset_crack\final_dataset_v5\test\labels\sewage_000153.txt,2,1
test,D:\Study Material\Sem VI\Projects\PBL2\RoadEye\dataset_crack\final_dataset_v5\test\images\sewage_000159.jpg,test/images/sewage_000159.jpg,D:\Study Material\Sem VI\Projects\PBL2\RoadEye\dataset_crack\final_dataset_v5\test\labels\sewage_000159.txt,1,1
test,D:\Study Material\Sem VI\Projects\PBL2\RoadEye\dataset_crack\final_dataset_v5\test\images\sewage_000165.jpg,test/images/sewage_000165.jpg,D:\Study Material\Sem VI\Projects\PBL2\RoadEye\dataset_crack\final_dataset_v5\test\labels\sewage_000165.txt,0,1
test,D:\Study Material\Sem VI\Projects\PBL2\RoadEye\dataset_crack\final_dataset_v5\test\images\sewage_000174.jpg,test/images/sewage_000174.jpg,D:\Study Material\Sem VI\Projects\PBL2\RoadEye\dataset_crack\final_dataset_v5\test\labels\sewage_000174.txt,1,1
test,D:\Study Material\Sem VI\Projects\PBL2\RoadEye\dataset_crack\final_dataset_v5\test\images\sewage_000176.jpg,test/images/sewage_000176.jpg,D:\Study Material\Sem VI\Projects\PBL2\RoadEye\dataset_crack\final_dataset_v5\test\labels\sewage_000176.txt,1,1
test,D:\Study Material\Sem VI\Projects\PBL2\RoadEye\dataset_crack\final_dataset_v5\test\images\sewage_000197.jpg,test/images/sewage_000197.jpg,D:\Study Material\Sem VI\Projects\PBL2\RoadEye\dataset_crack\final_dataset_v5\test\labels\sewage_000197.txt,0,2
test,D:\Study Material\Sem VI\Projects\PBL2\RoadEye\dataset_crack\final_dataset_v5\test\images\sewage_000202.jpg,test/images/sewage_000202.jpg,D:\Study Material\Sem VI\Projects\PBL2\RoadEye\dataset_crack\final_dataset_v5\test\labels\sewage_000202.txt,0,2
test,D:\Study Material\Sem VI\Projects\PBL2\RoadEye\dataset_crack\final_dataset_v5\test\images\sewage_000221.jpg,test/images/sewage_000221.jpg,D:\Study Material\Sem VI\Projects\PBL2\RoadEye\dataset_crack\final_dataset_v5\test\labels\sewage_000221.txt,0,1
test,D:\Study Material\Sem VI\Projects\PBL2\RoadEye\dataset_crack\final_dataset_v5\test\images\sewage_000227.jpg,test/images/sewage_000227.jpg,D:\Study Material\Sem VI\Projects\PBL2\RoadEye\dataset_crack\final_dataset_v5\test\labels\sewage_000227.txt,1,2
test,D:\Study Material\Sem VI\Projects\PBL2\RoadEye\dataset_crack\final_dataset_v5\test\images\sewage_000229.jpg,test/images/sewage_000229.jpg,D:\Study Material\Sem VI\Projects\PBL2\RoadEye\dataset_crack\final_dataset_v5\test\labels\sewage_000229.txt,5,1
test,D:\Study Material\Sem VI\Projects\PBL2\RoadEye\dataset_crack\final_dataset_v5\test\images\sewage_000257.jpg,test/images/sewage_000257.jpg,D:\Study Material\Sem VI\Projects\PBL2\RoadEye\dataset_crack\final_dataset_v5\test\labels\sewage_000257.txt,0,1
test,D:\Study Material\Sem VI\Projects\PBL2\RoadEye\dataset_crack\final_dataset_v5\test\images\sewage_000289.jpg,test/images/sewage_000289.jpg,D:\Study Material\Sem VI\Projects\PBL2\RoadEye\dataset_crack\final_dataset_v5\test\labels\sewage_000289.txt,1,0
test,D:\Study Material\Sem VI\Projects\PBL2\RoadEye\dataset_crack\final_dataset_v5\test\images\sewage_000295.jpg,test/images/sewage_000295.jpg,D:\Study Material\Sem VI\Projects\PBL2\RoadEye\dataset_crack\final_dataset_v5\test\labels\sewage_000295.txt,0,1
test,D:\Study Material\Sem VI\Projects\PBL2\RoadEye\dataset_crack\final_dataset_v5\test\images\sewage_000303.jpg,test/images/sewage_000303.jpg,D:\Study Material\Sem VI\Projects\PBL2\RoadEye\dataset_crack\final_dataset_v5\test\labels\sewage_000303.txt,0,3
test,D:\Study Material\Sem VI\Projects\PBL2\RoadEye\dataset_crack\final_dataset_v5\test\images\sewage_000307.jpg,test/images/sewage_000307.jpg,D:\Study Material\Sem VI\Projects\PBL2\RoadEye\dataset_crack\final_dataset_v5\test\labels\sewage_000307.txt,1,1
test,D:\Study Material\Sem VI\Projects\PBL2\RoadEye\dataset_crack\final_dataset_v5\test\images\sewage_000310.jpg,test/images/sewage_000310.jpg,D:\Study Material\Sem VI\Projects\PBL2\RoadEye\dataset_crack\final_dataset_v5\test\labels\sewage_000310.txt,1,0
test,D:\Study Material\Sem VI\Projects\PBL2\RoadEye\dataset_crack\final_dataset_v5\test\images\sewage_000339.jpg,test/images/sewage_000339.jpg,D:\Study Material\Sem VI\Projects\PBL2\RoadEye\dataset_crack\final_dataset_v5\test\labels\sewage_000339.txt,1,3
test,D:\Study Material\Sem VI\Projects\PBL2\RoadEye\dataset_crack\final_dataset_v5\test\images\sewage_000342.jpg,test/images/sewage_000342.jpg,D:\Study Material\Sem VI\Projects\PBL2\RoadEye\dataset_crack\final_dataset_v5\test\labels\sewage_000342.txt,2,2
test,D:\Study Material\Sem VI\Projects\PBL2\RoadEye\dataset_crack\final_dataset_v5\test\images\sewage_000346.jpg,test/images/sewage_000346.jpg,D:\Study Material\Sem VI\Projects\PBL2\RoadEye\dataset_crack\final_dataset_v5\test\labels\sewage_000346.txt,0,1
test,D:\Study Material\Sem VI\Projects\PBL2\RoadEye\dataset_crack\final_dataset_v5\test\images\sewage_000359.jpg,test/images/sewage_000359.jpg,D:\Study Material\Sem VI\Projects\PBL2\RoadEye\dataset_crack\final_dataset_v5\test\labels\sewage_000359.txt,2,1
test,D:\Study Material\Sem VI\Projects\PBL2\RoadEye\dataset_crack\final_dataset_v5\test\images\sewage_000379.jpg,test/images/sewage_000379.jpg,D:\Study Material\Sem VI\Projects\PBL2\RoadEye\dataset_crack\final_dataset_v5\test\labels\sewage_000379.txt,1,1
test,D:\Study Material\Sem VI\Projects\PBL2\RoadEye\dataset_crack\final_dataset_v5\test\images\sewage_000394.jpg,test/images/sewage_000394.jpg,D:\Study Material\Sem VI\Projects\PBL2\RoadEye\dataset_crack\final_dataset_v5\test\labels\sewage_000394.txt,0,2
test,D:\Study Material\Sem VI\Projects\PBL2\RoadEye\dataset_crack\final_dataset_v5\test\images\sewage_000409.jpg,test/images/sewage_000409.jpg,D:\Study Material\Sem VI\Projects\PBL2\RoadEye\dataset_crack\final_dataset_v5\test\labels\sewage_000409.txt,0,1
test,D:\Study Material\Sem VI\Projects\PBL2\RoadEye\dataset_crack\final_dataset_v5\test\images\sewage_000419.jpg,test/images/sewage_000419.jpg,D:\Study Material\Sem VI\Projects\PBL2\RoadEye\dataset_crack\final_dataset_v5\test\labels\sewage_000419.txt,1,1
test,D:\Study Material\Sem VI\Projects\PBL2\RoadEye\dataset_crack\final_dataset_v5\test\images\sewage_000421.jpg,test/images/sewage_000421.jpg,D:\Study Material\Sem VI\Projects\PBL2\RoadEye\dataset_crack\final_dataset_v5\test\labels\sewage_000421.txt,1,2
test,D:\Study Material\Sem VI\Projects\PBL2\RoadEye\dataset_crack\final_dataset_v5\test\images\sewage_000435.jpg,test/images/sewage_000435.jpg,D:\Study Material\Sem VI\Projects\PBL2\RoadEye\dataset_crack\final_dataset_v5\test\labels\sewage_000435.txt,0,1
test,D:\Study Material\Sem VI\Projects\PBL2\RoadEye\dataset_crack\final_dataset_v5\test\images\sewage_000439.jpg,test/images/sewage_000439.jpg,D:\Study Material\Sem VI\Projects\PBL2\RoadEye\dataset_crack\final_dataset_v5\test\labels\sewage_000439.txt,3,1
test,D:\Study Material\Sem VI\Projects\PBL2\RoadEye\dataset_crack\final_dataset_v5\test\images\sewage_000460.jpg,test/images/sewage_000460.jpg,D:\Study Material\Sem VI\Projects\PBL2\RoadEye\dataset_crack\final_dataset_v5\test\labels\sewage_000460.txt,1,0
test,D:\Study Material\Sem VI\Projects\PBL2\RoadEye\dataset_crack\final_dataset_v5\test\images\sewage_000462.jpg,test/images/sewage_000462.jpg,D:\Study Material\Sem VI\Projects\PBL2\RoadEye\dataset_crack\final_dataset_v5\test\labels\sewage_000462.txt,0,1
test,D:\Study Material\Sem VI\Projects\PBL2\RoadEye\dataset_crack\final_dataset_v5\test\images\sewage_000472.jpg,test/images/sewage_000472.jpg,D:\Study Material\Sem VI\Projects\PBL2\RoadEye\dataset_crack\final_dataset_v5\test\labels\sewage_000472.txt,1,0
test,D:\Study Material\Sem VI\Projects\PBL2\RoadEye\dataset_crack\final_dataset_v5\test\images\sewage_000496.jpg,test/images/sewage_000496.jpg,D:\Study Material\Sem VI\Projects\PBL2\RoadEye\dataset_crack\final_dataset_v5\test\labels\sewage_000496.txt,0,1
test,D:\Study Material\Sem VI\Projects\PBL2\RoadEye\dataset_crack\final_dataset_v5\test\images\sewage_000506.jpg,test/images/sewage_000506.jpg,D:\Study Material\Sem VI\Projects\PBL2\RoadEye\dataset_crack\final_dataset_v5\test\labels\sewage_000506.txt,1,1
test,D:\Study Material\Sem VI\Projects\PBL2\RoadEye\dataset_crack\final_dataset_v5\test\images\sewage_000524.jpg,test/images/sewage_000524.jpg,D:\Study Material\Sem VI\Projects\PBL2\RoadEye\dataset_crack\final_dataset_v5\test\labels\sewage_000524.txt,0,1
test,D:\Study Material\Sem VI\Projects\PBL2\RoadEye\dataset_crack\final_dataset_v5\test\images\sewage_000525.jpg,test/images/sewage_000525.jpg,D:\Study Material\Sem VI\Projects\PBL2\RoadEye\dataset_crack\final_dataset_v5\test\labels\sewage_000525.txt,2,1
test,D:\Study Material\Sem VI\Projects\PBL2\RoadEye\dataset_crack\final_dataset_v5\test\images\sewage_000555.jpg,test/images/sewage_000555.jpg,D:\Study Material\Sem VI\Projects\PBL2\RoadEye\dataset_crack\final_dataset_v5\test\labels\sewage_000555.txt,1,2
test,D:\Study Material\Sem VI\Projects\PBL2\RoadEye\dataset_crack\final_dataset_v5\test\images\sewage_000558.jpg,test/images/sewage_000558.jpg,D:\Study Material\Sem VI\Projects\PBL2\RoadEye\dataset_crack\final_dataset_v5\test\labels\sewage_000558.txt,1,3
test,D:\Study Material\Sem VI\Projects\PBL2\RoadEye\dataset_crack\final_dataset_v5\test\images\sewage_000564.jpg,test/images/sewage_000564.jpg,D:\Study Material\Sem VI\Projects\PBL2\RoadEye\dataset_crack\final_dataset_v5\test\labels\sewage_000564.txt,0,1
test,D:\Study Material\Sem VI\Projects\PBL2\RoadEye\dataset_crack\final_dataset_v5\test\images\sewage_000574.jpg,test/images/sewage_000574.jpg,D:\Study Material\Sem VI\Projects\PBL2\RoadEye\dataset_crack\final_dataset_v5\test\labels\sewage_000574.txt,1,1
test,D:\Study Material\Sem VI\Projects\PBL2\RoadEye\dataset_crack\final_dataset_v5\test\images\sewage_000601.jpg,test/images/sewage_000601.jpg,D:\Study Material\Sem VI\Projects\PBL2\RoadEye\dataset_crack\final_dataset_v5\test\labels\sewage_000601.txt,1,2
test,D:\Study Material\Sem VI\Projects\PBL2\RoadEye\dataset_crack\final_dataset_v5\test\images\sewage_000614.jpg,test/images/sewage_000614.jpg,D:\Study Material\Sem VI\Projects\PBL2\RoadEye\dataset_crack\final_dataset_v5\test\labels\sewage_000614.txt,3,4
test,D:\Study Material\Sem VI\Projects\PBL2\RoadEye\dataset_crack\final_dataset_v5\test\images\sewage_000633.jpg,test/images/sewage_000633.jpg,D:\Study Material\Sem VI\Projects\PBL2\RoadEye\dataset_crack\final_dataset_v5\test\labels\sewage_000633.txt,0,2
test,D:\Study Material\Sem VI\Projects\PBL2\RoadEye\dataset_crack\final_dataset_v5\test\images\sewage_000642.jpg,test/images/sewage_000642.jpg,D:\Study Material\Sem VI\Projects\PBL2\RoadEye\dataset_crack\final_dataset_v5\test\labels\sewage_000642.txt,1,1
test,D:\Study Material\Sem VI\Projects\PBL2\RoadEye\dataset_crack\final_dataset_v5\test\images\sewage_000669.jpg,test/images/sewage_000669.jpg,D:\Study Material\Sem VI\Projects\PBL2\RoadEye\dataset_crack\final_dataset_v5\test\labels\sewage_000669.txt,10,3
test,D:\Study Material\Sem VI\Projects\PBL2\RoadEye\dataset_crack\final_dataset_v5\test\images\sewage_000671.jpg,test/images/sewage_000671.jpg,D:\Study Material\Sem VI\Projects\PBL2\RoadEye\dataset_crack\final_dataset_v5\test\labels\sewage_000671.txt,6,1
test,D:\Study Material\Sem VI\Projects\PBL2\RoadEye\dataset_crack\final_dataset_v5\test\images\sewage_000680.jpg,test/images/sewage_000680.jpg,D:\Study Material\Sem VI\Projects\PBL2\RoadEye\dataset_crack\final_dataset_v5\test\labels\sewage_000680.txt,0,1
test,D:\Study Material\Sem VI\Projects\PBL2\RoadEye\dataset_crack\final_dataset_v5\test\images\sewage_000687.jpg,test/images/sewage_000687.jpg,D:\Study Material\Sem VI\Projects\PBL2\RoadEye\dataset_crack\final_dataset_v5\test\labels\sewage_000687.txt,2,0
test,D:\Study Material\Sem VI\Projects\PBL2\RoadEye\dataset_crack\final_dataset_v5\test\images\sewage_000702.jpg,test/images/sewage_000702.jpg,D:\Study Material\Sem VI\Projects\PBL2\RoadEye\dataset_crack\final_dataset_v5\test\labels\sewage_000702.txt,1,0
test,D:\Study Material\Sem VI\Projects\PBL2\RoadEye\dataset_crack\final_dataset_v5\test\images\sewage_000703.jpg,test/images/sewage_000703.jpg,D:\Study Material\Sem VI\Projects\PBL2\RoadEye\dataset_crack\final_dataset_v5\test\labels\sewage_000703.txt,2,1
test,D:\Study Material\Sem VI\Projects\PBL2\RoadEye\dataset_crack\final_dataset_v5\test\images\sewage_000704.jpg,test/images/sewage_000704.jpg,D:\Study Material\Sem VI\Projects\PBL2\RoadEye\dataset_crack\final_dataset_v5\test\labels\sewage_000704.txt,1,0
test,D:\Study Material\Sem VI\Projects\PBL2\RoadEye\dataset_crack\final_dataset_v5\test\images\sewage_000736.jpg,test/images/sewage_000736.jpg,D:\Study Material\Sem VI\Projects\PBL2\RoadEye\dataset_crack\final_dataset_v5\test\labels\sewage_000736.txt,1,1
test,D:\Study Material\Sem VI\Projects\PBL2\RoadEye\dataset_crack\final_dataset_v5\test\images\sewage_000747.jpg,test/images/sewage_000747.jpg,D:\Study Material\Sem VI\Projects\PBL2\RoadEye\dataset_crack\final_dataset_v5\test\labels\sewage_000747.txt,1,0
test,D:\Study Material\Sem VI\Projects\PBL2\RoadEye\dataset_crack\final_dataset_v5\test\images\sewage_000755.jpg,test/images/sewage_000755.jpg,D:\Study Material\Sem VI\Projects\PBL2\RoadEye\dataset_crack\final_dataset_v5\test\labels\sewage_000755.txt,2,0
test,D:\Study Material\Sem VI\Projects\PBL2\RoadEye\dataset_crack\final_dataset_v5\test\images\sewage_000797.jpg,test/images/sewage_000797.jpg,D:\Study Material\Sem VI\Projects\PBL2\RoadEye\dataset_crack\final_dataset_v5\test\labels\sewage_000797.txt,2,0
test,D:\Study Material\Sem VI\Projects\PBL2\RoadEye\dataset_crack\final_dataset_v5\test\images\sewage_000817.jpg,test/images/sewage_000817.jpg,D:\Study Material\Sem VI\Projects\PBL2\RoadEye\dataset_crack\final_dataset_v5\test\labels\sewage_000817.txt,1,3
test,D:\Study Material\Sem VI\Projects\PBL2\RoadEye\dataset_crack\final_dataset_v5\test\images\sewage_000835.jpg,test/images/sewage_000835.jpg,D:\Study Material\Sem VI\Projects\PBL2\RoadEye\dataset_crack\final_dataset_v5\test\labels\sewage_000835.txt,1,0
test,D:\Study Material\Sem VI\Projects\PBL2\RoadEye\dataset_crack\final_dataset_v5\test\images\sewage_000850.jpg,test/images/sewage_000850.jpg,D:\Study Material\Sem VI\Projects\PBL2\RoadEye\dataset_crack\final_dataset_v5\test\labels\sewage_000850.txt,2,0
test,D:\Study Material\Sem VI\Projects\PBL2\RoadEye\dataset_crack\final_dataset_v5\test\images\sewage_000861.jpg,test/images/sewage_000861.jpg,D:\Study Material\Sem VI\Projects\PBL2\RoadEye\dataset_crack\final_dataset_v5\test\labels\sewage_000861.txt,0,1
test,D:\Study Material\Sem VI\Projects\PBL2\RoadEye\dataset_crack\final_dataset_v5\test\images\sewage_000872.jpg,test/images/sewage_000872.jpg,D:\Study Material\Sem VI\Projects\PBL2\RoadEye\dataset_crack\final_dataset_v5\test\labels\sewage_000872.txt,1,3
test,D:\Study Material\Sem VI\Projects\PBL2\RoadEye\dataset_crack\final_dataset_v5\test\images\sewage_000878.jpg,test/images/sewage_000878.jpg,D:\Study Material\Sem VI\Projects\PBL2\RoadEye\dataset_crack\final_dataset_v5\test\labels\sewage_000878.txt,1,0
test,D:\Study Material\Sem VI\Projects\PBL2\RoadEye\dataset_crack\final_dataset_v5\test\images\sewage_000886.jpg,test/images/sewage_000886.jpg,D:\Study Material\Sem VI\Projects\PBL2\RoadEye\dataset_crack\final_dataset_v5\test\labels\sewage_000886.txt,0,1
test,D:\Study Material\Sem VI\Projects\PBL2\RoadEye\dataset_crack\final_dataset_v5\test\images\sewage_000892.jpg,test/images/sewage_000892.jpg,D:\Study Material\Sem VI\Projects\PBL2\RoadEye\dataset_crack\final_dataset_v5\test\labels\sewage_000892.txt,0,1
test,D:\Study Material\Sem VI\Projects\PBL2\RoadEye\dataset_crack\final_dataset_v5\test\images\sewage_000903.jpg,test/images/sewage_000903.jpg,D:\Study Material\Sem VI\Projects\PBL2\RoadEye\dataset_crack\final_dataset_v5\test\labels\sewage_000903.txt,2,1
test,D:\Study Material\Sem VI\Projects\PBL2\RoadEye\dataset_crack\final_dataset_v5\test\images\sewage_000947.jpg,test/images/sewage_000947.jpg,D:\Study Material\Sem VI\Projects\PBL2\RoadEye\dataset_crack\final_dataset_v5\test\labels\sewage_000947.txt,1,0
test,D:\Study Material\Sem VI\Projects\PBL2\RoadEye\dataset_crack\final_dataset_v5\test\images\sewage_000954.jpg,test/images/sewage_000954.jpg,D:\Study Material\Sem VI\Projects\PBL2\RoadEye\dataset_crack\final_dataset_v5\test\labels\sewage_000954.txt,0,1
test,D:\Study Material\Sem VI\Projects\PBL2\RoadEye\dataset_crack\final_dataset_v5\test\images\sewage_000981.jpg,test/images/sewage_000981.jpg,D:\Study Material\Sem VI\Projects\PBL2\RoadEye\dataset_crack\final_dataset_v5\test\labels\sewage_000981.txt,2,1
test,D:\Study Material\Sem VI\Projects\PBL2\RoadEye\dataset_crack\final_dataset_v5\test\images\sewage_000992.jpg,test/images/sewage_000992.jpg,D:\Study Material\Sem VI\Projects\PBL2\RoadEye\dataset_crack\final_dataset_v5\test\labels\sewage_000992.txt,1,0
test,D:\Study Material\Sem VI\Projects\PBL2\RoadEye\dataset_crack\final_dataset_v5\test\images\sewage_001016.jpg,test/images/sewage_001016.jpg,D:\Study Material\Sem VI\Projects\PBL2\RoadEye\dataset_crack\final_dataset_v5\test\labels\sewage_001016.txt,1,0
test,D:\Study Material\Sem VI\Projects\PBL2\RoadEye\dataset_crack\final_dataset_v5\test\images\sewage_001024.jpg,test/images/sewage_001024.jpg,D:\Study Material\Sem VI\Projects\PBL2\RoadEye\dataset_crack\final_dataset_v5\test\labels\sewage_001024.txt,1,2
test,D:\Study Material\Sem VI\Projects\PBL2\RoadEye\dataset_crack\final_dataset_v5\test\images\sewage_001060.jpg,test/images/sewage_001060.jpg,D:\Study Material\Sem VI\Projects\PBL2\RoadEye\dataset_crack\final_dataset_v5\test\labels\sewage_001060.txt,1,0
test,D:\Study Material\Sem VI\Projects\PBL2\RoadEye\dataset_crack\final_dataset_v5\test\images\sewage_001064.jpg,test/images/sewage_001064.jpg,D:\Study Material\Sem VI\Projects\PBL2\RoadEye\dataset_crack\final_dataset_v5\test\labels\sewage_001064.txt,3,1
test,D:\Study Material\Sem VI\Projects\PBL2\RoadEye\dataset_crack\final_dataset_v5\test\images\sewage_001071.jpg,test/images/sewage_001071.jpg,D:\Study Material\Sem VI\Projects\PBL2\RoadEye\dataset_crack\final_dataset_v5\test\labels\sewage_001071.txt,0,1
test,D:\Study Material\Sem VI\Projects\PBL2\RoadEye\dataset_crack\final_dataset_v5\test\images\sewage_001099.jpg,test/images/sewage_001099.jpg,D:\Study Material\Sem VI\Projects\PBL2\RoadEye\dataset_crack\final_dataset_v5\test\labels\sewage_001099.txt,0,2
test,D:\Study Material\Sem VI\Projects\PBL2\RoadEye\dataset_crack\final_dataset_v5\test\images\sewage_001113.jpg,test/images/sewage_001113.jpg,D:\Study Material\Sem VI\Projects\PBL2\RoadEye\dataset_crack\final_dataset_v5\test\labels\sewage_001113.txt,1,1
test,D:\Study Material\Sem VI\Projects\PBL2\RoadEye\dataset_crack\final_dataset_v5\test\images\sewage_001114.jpg,test/images/sewage_001114.jpg,D:\Study Material\Sem VI\Projects\PBL2\RoadEye\dataset_crack\final_dataset_v5\test\labels\sewage_001114.txt,0,2
test,D:\Study Material\Sem VI\Projects\PBL2\RoadEye\dataset_crack\final_dataset_v5\test\images\sewage_001140.jpg,test/images/sewage_001140.jpg,D:\Study Material\Sem VI\Projects\PBL2\RoadEye\dataset_crack\final_dataset_v5\test\labels\sewage_001140.txt,0,1
test,D:\Study Material\Sem VI\Projects\PBL2\RoadEye\dataset_crack\final_dataset_v5\test\images\sewage_001178.jpg,test/images/sewage_001178.jpg,D:\Study Material\Sem VI\Projects\PBL2\RoadEye\dataset_crack\final_dataset_v5\test\labels\sewage_001178.txt,2,2
test,D:\Study Material\Sem VI\Projects\PBL2\RoadEye\dataset_crack\final_dataset_v5\test\images\sewage_001203.jpg,test/images/sewage_001203.jpg,D:\Study Material\Sem VI\Projects\PBL2\RoadEye\dataset_crack\final_dataset_v5\test\labels\sewage_001203.txt,0,1
test,D:\Study Material\Sem VI\Projects\PBL2\RoadEye\dataset_crack\final_dataset_v5\test\images\sewage_001205.jpg,test/images/sewage_001205.jpg,D:\Study Material\Sem VI\Projects\PBL2\RoadEye\dataset_crack\final_dataset_v5\test\labels\sewage_001205.txt,1,3
test,D:\Study Material\Sem VI\Projects\PBL2\RoadEye\dataset_crack\final_dataset_v5\test\images\sewage_001229.jpg,test/images/sewage_001229.jpg,D:\Study Material\Sem VI\Projects\PBL2\RoadEye\dataset_crack\final_dataset_v5\test\labels\sewage_001229.txt,0,1
test,D:\Study Material\Sem VI\Projects\PBL2\RoadEye\dataset_crack\final_dataset_v5\test\images\sewage_001236.jpg,test/images/sewage_001236.jpg,D:\Study Material\Sem VI\Projects\PBL2\RoadEye\dataset_crack\final_dataset_v5\test\labels\sewage_001236.txt,0,1
test,D:\Study Material\Sem VI\Projects\PBL2\RoadEye\dataset_crack\final_dataset_v5\test\images\sewage_001253.jpg,test/images/sewage_001253.jpg,D:\Study Material\Sem VI\Projects\PBL2\RoadEye\dataset_crack\final_dataset_v5\test\labels\sewage_001253.txt,0,1
test,D:\Study Material\Sem VI\Projects\PBL2\RoadEye\dataset_crack\final_dataset_v5\test\images\sewage_001259.jpg,test/images/sewage_001259.jpg,D:\Study Material\Sem VI\Projects\PBL2\RoadEye\dataset_crack\final_dataset_v5\test\labels\sewage_001259.txt,1,2
test,D:\Study Material\Sem VI\Projects\PBL2\RoadEye\dataset_crack\final_dataset_v5\test\images\sewage_001260.jpg,test/images/sewage_001260.jpg,D:\Study Material\Sem VI\Projects\PBL2\RoadEye\dataset_crack\final_dataset_v5\test\labels\sewage_001260.txt,2,1
test,D:\Study Material\Sem VI\Projects\PBL2\RoadEye\dataset_crack\final_dataset_v5\test\images\sewage_001262.jpg,test/images/sewage_001262.jpg,D:\Study Material\Sem VI\Projects\PBL2\RoadEye\dataset_crack\final_dataset_v5\test\labels\sewage_001262.txt,2,1
test,D:\Study Material\Sem VI\Projects\PBL2\RoadEye\dataset_crack\final_dataset_v5\test\images\sewage_001281.jpg,test/images/sewage_001281.jpg,D:\Study Material\Sem VI\Projects\PBL2\RoadEye\dataset_crack\final_dataset_v5\test\labels\sewage_001281.txt,1,0
test,D:\Study Material\Sem VI\Projects\PBL2\RoadEye\dataset_crack\final_dataset_v5\test\images\sewage_001289.jpg,test/images/sewage_001289.jpg,D:\Study Material\Sem VI\Projects\PBL2\RoadEye\dataset_crack\final_dataset_v5\test\labels\sewage_001289.txt,1,0
test,D:\Study Material\Sem VI\Projects\PBL2\RoadEye\dataset_crack\final_dataset_v5\test\images\sewage_001295.jpg,test/images/sewage_001295.jpg,D:\Study Material\Sem VI\Projects\PBL2\RoadEye\dataset_crack\final_dataset_v5\test\labels\sewage_001295.txt,2,1
test,D:\Study Material\Sem VI\Projects\PBL2\RoadEye\dataset_crack\final_dataset_v5\test\images\sewage_001312.jpg,test/images/sewage_001312.jpg,D:\Study Material\Sem VI\Projects\PBL2\RoadEye\dataset_crack\final_dataset_v5\test\labels\sewage_001312.txt,2,3
test,D:\Study Material\Sem VI\Projects\PBL2\RoadEye\dataset_crack\final_dataset_v5\test\images\sewage_001325.jpg,test/images/sewage_001325.jpg,D:\Study Material\Sem VI\Projects\PBL2\RoadEye\dataset_crack\final_dataset_v5\test\labels\sewage_001325.txt,1,2
test,D:\Study Material\Sem VI\Projects\PBL2\RoadEye\dataset_crack\final_dataset_v5\test\images\sewage_001329.jpg,test/images/sewage_001329.jpg,D:\Study Material\Sem VI\Projects\PBL2\RoadEye\dataset_crack\final_dataset_v5\test\labels\sewage_001329.txt,0,1
test,D:\Study Material\Sem VI\Projects\PBL2\RoadEye\dataset_crack\final_dataset_v5\test\images\sewage_001330.jpg,test/images/sewage_001330.jpg,D:\Study Material\Sem VI\Projects\PBL2\RoadEye\dataset_crack\final_dataset_v5\test\labels\sewage_001330.txt,0,1
test,D:\Study Material\Sem VI\Projects\PBL2\RoadEye\dataset_crack\final_dataset_v5\test\images\sewage_001363.jpg,test/images/sewage_001363.jpg,D:\Study Material\Sem VI\Projects\PBL2\RoadEye\dataset_crack\final_dataset_v5\test\labels\sewage_001363.txt,1,0
test,D:\Study Material\Sem VI\Projects\PBL2\RoadEye\dataset_crack\final_dataset_v5\test\images\sewage_001367.jpg,test/images/sewage_001367.jpg,D:\Study Material\Sem VI\Projects\PBL2\RoadEye\dataset_crack\final_dataset_v5\test\labels\sewage_001367.txt,0,1
test,D:\Study Material\Sem VI\Projects\PBL2\RoadEye\dataset_crack\final_dataset_v5\test\images\sewage_001383.jpg,test/images/sewage_001383.jpg,D:\Study Material\Sem VI\Projects\PBL2\RoadEye\dataset_crack\final_dataset_v5\test\labels\sewage_001383.txt,2,1
test,D:\Study Material\Sem VI\Projects\PBL2\RoadEye\dataset_crack\final_dataset_v5\test\images\sewage_001404.jpg,test/images/sewage_001404.jpg,D:\Study Material\Sem VI\Projects\PBL2\RoadEye\dataset_crack\final_dataset_v5\test\labels\sewage_001404.txt,0,1
test,D:\Study Material\Sem VI\Projects\PBL2\RoadEye\dataset_crack\final_dataset_v5\test\images\sewage_001461.jpg,test/images/sewage_001461.jpg,D:\Study Material\Sem VI\Projects\PBL2\RoadEye\dataset_crack\final_dataset_v5\test\labels\sewage_001461.txt,4,1
test,D:\Study Material\Sem VI\Projects\PBL2\RoadEye\dataset_crack\final_dataset_v5\test\images\sewage_001531.jpg,test/images/sewage_001531.jpg,D:\Study Material\Sem VI\Projects\PBL2\RoadEye\dataset_crack\final_dataset_v5\test\labels\sewage_001531.txt,1,2
test,D:\Study Material\Sem VI\Projects\PBL2\RoadEye\dataset_crack\final_dataset_v5\test\images\sewage_001541.jpg,test/images/sewage_001541.jpg,D:\Study Material\Sem VI\Projects\PBL2\RoadEye\dataset_crack\final_dataset_v5\test\labels\sewage_001541.txt,1,0
test,D:\Study Material\Sem VI\Projects\PBL2\RoadEye\dataset_crack\final_dataset_v5\test\images\sewage_001545.jpg,test/images/sewage_001545.jpg,D:\Study Material\Sem VI\Projects\PBL2\RoadEye\dataset_crack\final_dataset_v5\test\labels\sewage_001545.txt,0,1
test,D:\Study Material\Sem VI\Projects\PBL2\RoadEye\dataset_crack\final_dataset_v5\test\images\sewage_001552.jpg,test/images/sewage_001552.jpg,D:\Study Material\Sem VI\Projects\PBL2\RoadEye\dataset_crack\final_dataset_v5\test\labels\sewage_001552.txt,0,1
test,D:\Study Material\Sem VI\Projects\PBL2\RoadEye\dataset_crack\final_dataset_v5\test\images\sewage_001554.jpg,test/images/sewage_001554.jpg,D:\Study Material\Sem VI\Projects\PBL2\RoadEye\dataset_crack\final_dataset_v5\test\labels\sewage_001554.txt,0,2
test,D:\Study Material\Sem VI\Projects\PBL2\RoadEye\dataset_crack\final_dataset_v5\test\images\sewage_001573.jpg,test/images/sewage_001573.jpg,D:\Study Material\Sem VI\Projects\PBL2\RoadEye\dataset_crack\final_dataset_v5\test\labels\sewage_001573.txt,2,1
test,D:\Study Material\Sem VI\Projects\PBL2\RoadEye\dataset_crack\final_dataset_v5\test\images\sewage_001577.jpg,test/images/sewage_001577.jpg,D:\Study Material\Sem VI\Projects\PBL2\RoadEye\dataset_crack\final_dataset_v5\test\labels\sewage_001577.txt,1,0
test,D:\Study Material\Sem VI\Projects\PBL2\RoadEye\dataset_crack\final_dataset_v5\test\images\sewage_001580.jpg,test/images/sewage_001580.jpg,D:\Study Material\Sem VI\Projects\PBL2\RoadEye\dataset_crack\final_dataset_v5\test\labels\sewage_001580.txt,0,2
test,D:\Study Material\Sem VI\Projects\PBL2\RoadEye\dataset_crack\final_dataset_v5\test\images\sewage_001581.jpg,test/images/sewage_001581.jpg,D:\Study Material\Sem VI\Projects\PBL2\RoadEye\dataset_crack\final_dataset_v5\test\labels\sewage_001581.txt,1,1
test,D:\Study Material\Sem VI\Projects\PBL2\RoadEye\dataset_crack\final_dataset_v5\test\images\sewage_001585.jpg,test/images/sewage_001585.jpg,D:\Study Material\Sem VI\Projects\PBL2\RoadEye\dataset_crack\final_dataset_v5\test\labels\sewage_001585.txt,0,2
test,D:\Study Material\Sem VI\Projects\PBL2\RoadEye\dataset_crack\final_dataset_v5\test\images\sewage_001595.jpg,test/images/sewage_001595.jpg,D:\Study Material\Sem VI\Projects\PBL2\RoadEye\dataset_crack\final_dataset_v5\test\labels\sewage_001595.txt,1,0
test,D:\Study Material\Sem VI\Projects\PBL2\RoadEye\dataset_crack\final_dataset_v5\test\images\sewage_001596.jpg,test/images/sewage_001596.jpg,D:\Study Material\Sem VI\Projects\PBL2\RoadEye\dataset_crack\final_dataset_v5\test\labels\sewage_001596.txt,0,1
test,D:\Study Material\Sem VI\Projects\PBL2\RoadEye\dataset_crack\final_dataset_v5\test\images\sewage_001603.jpg,test/images/sewage_001603.jpg,D:\Study Material\Sem VI\Projects\PBL2\RoadEye\dataset_crack\final_dataset_v5\test\labels\sewage_001603.txt,0,1
test,D:\Study Material\Sem VI\Projects\PBL2\RoadEye\dataset_crack\final_dataset_v5\test\images\sewage_001621.jpg,test/images/sewage_001621.jpg,D:\Study Material\Sem VI\Projects\PBL2\RoadEye\dataset_crack\final_dataset_v5\test\labels\sewage_001621.txt,3,1
test,D:\Study Material\Sem VI\Projects\PBL2\RoadEye\dataset_crack\final_dataset_v5\test\images\sewage_001624.jpg,test/images/sewage_001624.jpg,D:\Study Material\Sem VI\Projects\PBL2\RoadEye\dataset_crack\final_dataset_v5\test\labels\sewage_001624.txt,1,0
test,D:\Study Material\Sem VI\Projects\PBL2\RoadEye\dataset_crack\final_dataset_v5\test\images\sewage_001629.jpg,test/images/sewage_001629.jpg,D:\Study Material\Sem VI\Projects\PBL2\RoadEye\dataset_crack\final_dataset_v5\test\labels\sewage_001629.txt,0,1
test,D:\Study Material\Sem VI\Projects\PBL2\RoadEye\dataset_crack\final_dataset_v5\test\images\sewage_001642.jpg,test/images/sewage_001642.jpg,D:\Study Material\Sem VI\Projects\PBL2\RoadEye\dataset_crack\final_dataset_v5\test\labels\sewage_001642.txt,1,2
test,D:\Study Material\Sem VI\Projects\PBL2\RoadEye\dataset_crack\final_dataset_v5\test\images\sewage_001646.jpg,test/images/sewage_001646.jpg,D:\Study Material\Sem VI\Projects\PBL2\RoadEye\dataset_crack\final_dataset_v5\test\labels\sewage_001646.txt,0,4
test,D:\Study Material\Sem VI\Projects\PBL2\RoadEye\dataset_crack\final_dataset_v5\test\images\sewage_001654.jpg,test/images/sewage_001654.jpg,D:\Study Material\Sem VI\Projects\PBL2\RoadEye\dataset_crack\final_dataset_v5\test\labels\sewage_001654.txt,2,1
test,D:\Study Material\Sem VI\Projects\PBL2\RoadEye\dataset_crack\final_dataset_v5\test\images\sewage_001657.jpg,test/images/sewage_001657.jpg,D:\Study Material\Sem VI\Projects\PBL2\RoadEye\dataset_crack\final_dataset_v5\test\labels\sewage_001657.txt,0,2
test,D:\Study Material\Sem VI\Projects\PBL2\RoadEye\dataset_crack\final_dataset_v5\test\images\sewage_001682.jpg,test/images/sewage_001682.jpg,D:\Study Material\Sem VI\Projects\PBL2\RoadEye\dataset_crack\final_dataset_v5\test\labels\sewage_001682.txt,1,1
test,D:\Study Material\Sem VI\Projects\PBL2\RoadEye\dataset_crack\final_dataset_v5\test\images\sewage_001684.jpg,test/images/sewage_001684.jpg,D:\Study Material\Sem VI\Projects\PBL2\RoadEye\dataset_crack\final_dataset_v5\test\labels\sewage_001684.txt,1,0
test,D:\Study Material\Sem VI\Projects\PBL2\RoadEye\dataset_crack\final_dataset_v5\test\images\sewage_001701.jpg,test/images/sewage_001701.jpg,D:\Study Material\Sem VI\Projects\PBL2\RoadEye\dataset_crack\final_dataset_v5\test\labels\sewage_001701.txt,0,2
test,D:\Study Material\Sem VI\Projects\PBL2\RoadEye\dataset_crack\final_dataset_v5\test\images\sewage_001704.jpg,test/images/sewage_001704.jpg,D:\Study Material\Sem VI\Projects\PBL2\RoadEye\dataset_crack\final_dataset_v5\test\labels\sewage_001704.txt,1,1
test,D:\Study Material\Sem VI\Projects\PBL2\RoadEye\dataset_crack\final_dataset_v5\test\images\sewage_001713.jpg,test/images/sewage_001713.jpg,D:\Study Material\Sem VI\Projects\PBL2\RoadEye\dataset_crack\final_dataset_v5\test\labels\sewage_001713.txt,3,3
test,D:\Study Material\Sem VI\Projects\PBL2\RoadEye\dataset_crack\final_dataset_v5\test\images\sewage_001717.jpg,test/images/sewage_001717.jpg,D:\Study Material\Sem VI\Projects\PBL2\RoadEye\dataset_crack\final_dataset_v5\test\labels\sewage_001717.txt,0,1
test,D:\Study Material\Sem VI\Projects\PBL2\RoadEye\dataset_crack\final_dataset_v5\test\images\sewage_001721.jpg,test/images/sewage_001721.jpg,D:\Study Material\Sem VI\Projects\PBL2\RoadEye\dataset_crack\final_dataset_v5\test\labels\sewage_001721.txt,3,7
test,D:\Study Material\Sem VI\Projects\PBL2\RoadEye\dataset_crack\final_dataset_v5\test\images\sewage_001723.jpg,test/images/sewage_001723.jpg,D:\Study Material\Sem VI\Projects\PBL2\RoadEye\dataset_crack\final_dataset_v5\test\labels\sewage_001723.txt,0,1
test,D:\Study Material\Sem VI\Projects\PBL2\RoadEye\dataset_crack\final_dataset_v5\test\images\sewage_001773.jpg,test/images/sewage_001773.jpg,D:\Study Material\Sem VI\Projects\PBL2\RoadEye\dataset_crack\final_dataset_v5\test\labels\sewage_001773.txt,1,0
test,D:\Study Material\Sem VI\Projects\PBL2\RoadEye\dataset_crack\final_dataset_v5\test\images\sewage_001778.jpg,test/images/sewage_001778.jpg,D:\Study Material\Sem VI\Projects\PBL2\RoadEye\dataset_crack\final_dataset_v5\test\labels\sewage_001778.txt,1,1
test,D:\Study Material\Sem VI\Projects\PBL2\RoadEye\dataset_crack\final_dataset_v5\test\images\sewage_001800.jpg,test/images/sewage_001800.jpg,D:\Study Material\Sem VI\Projects\PBL2\RoadEye\dataset_crack\final_dataset_v5\test\labels\sewage_001800.txt,1,3
test,D:\Study Material\Sem VI\Projects\PBL2\RoadEye\dataset_crack\final_dataset_v5\test\images\sewage_001801.jpg,test/images/sewage_001801.jpg,D:\Study Material\Sem VI\Projects\PBL2\RoadEye\dataset_crack\final_dataset_v5\test\labels\sewage_001801.txt,1,0
test,D:\Study Material\Sem VI\Projects\PBL2\RoadEye\dataset_crack\final_dataset_v5\test\images\sewage_001823.jpg,test/images/sewage_001823.jpg,D:\Study Material\Sem VI\Projects\PBL2\RoadEye\dataset_crack\final_dataset_v5\test\labels\sewage_001823.txt,2,1
test,D:\Study Material\Sem VI\Projects\PBL2\RoadEye\dataset_crack\final_dataset_v5\test\images\sewage_001845.jpg,test/images/sewage_001845.jpg,D:\Study Material\Sem VI\Projects\PBL2\RoadEye\dataset_crack\final_dataset_v5\test\labels\sewage_001845.txt,1,1
test,D:\Study Material\Sem VI\Projects\PBL2\RoadEye\dataset_crack\final_dataset_v5\test\images\sewage_001855.jpg,test/images/sewage_001855.jpg,D:\Study Material\Sem VI\Projects\PBL2\RoadEye\dataset_crack\final_dataset_v5\test\labels\sewage_001855.txt,5,6
test,D:\Study Material\Sem VI\Projects\PBL2\RoadEye\dataset_crack\final_dataset_v5\test\images\sewage_001877.jpg,test/images/sewage_001877.jpg,D:\Study Material\Sem VI\Projects\PBL2\RoadEye\dataset_crack\final_dataset_v5\test\labels\sewage_001877.txt,3,1
test,D:\Study Material\Sem VI\Projects\PBL2\RoadEye\dataset_crack\final_dataset_v5\test\images\sewage_001878.jpg,test/images/sewage_001878.jpg,D:\Study Material\Sem VI\Projects\PBL2\RoadEye\dataset_crack\final_dataset_v5\test\labels\sewage_001878.txt,1,3
test,D:\Study Material\Sem VI\Projects\PBL2\RoadEye\dataset_crack\final_dataset_v5\test\images\sewage_001897.jpg,test/images/sewage_001897.jpg,D:\Study Material\Sem VI\Projects\PBL2\RoadEye\dataset_crack\final_dataset_v5\test\labels\sewage_001897.txt,2,0
test,D:\Study Material\Sem VI\Projects\PBL2\RoadEye\dataset_crack\final_dataset_v5\test\images\sewage_001901.jpg,test/images/sewage_001901.jpg,D:\Study Material\Sem VI\Projects\PBL2\RoadEye\dataset_crack\final_dataset_v5\test\labels\sewage_001901.txt,0,1
test,D:\Study Material\Sem VI\Projects\PBL2\RoadEye\dataset_crack\final_dataset_v5\test\images\sewage_001917.jpg,test/images/sewage_001917.jpg,D:\Study Material\Sem VI\Projects\PBL2\RoadEye\dataset_crack\final_dataset_v5\test\labels\sewage_001917.txt,1,0
test,D:\Study Material\Sem VI\Projects\PBL2\RoadEye\dataset_crack\final_dataset_v5\test\images\sewage_001924.jpg,test/images/sewage_001924.jpg,D:\Study Material\Sem VI\Projects\PBL2\RoadEye\dataset_crack\final_dataset_v5\test\labels\sewage_001924.txt,1,2
test,D:\Study Material\Sem VI\Projects\PBL2\RoadEye\dataset_crack\final_dataset_v5\test\images\sewage_001939.jpg,test/images/sewage_001939.jpg,D:\Study Material\Sem VI\Projects\PBL2\RoadEye\dataset_crack\final_dataset_v5\test\labels\sewage_001939.txt,3,0
test,D:\Study Material\Sem VI\Projects\PBL2\RoadEye\dataset_crack\final_dataset_v5\test\images\sewage_001940.jpg,test/images/sewage_001940.jpg,D:\Study Material\Sem VI\Projects\PBL2\RoadEye\dataset_crack\final_dataset_v5\test\labels\sewage_001940.txt,1,0
test,D:\Study Material\Sem VI\Projects\PBL2\RoadEye\dataset_crack\final_dataset_v5\test\images\sewage_001943.jpg,test/images/sewage_001943.jpg,D:\Study Material\Sem VI\Projects\PBL2\RoadEye\dataset_crack\final_dataset_v5\test\labels\sewage_001943.txt,1,0
test,D:\Study Material\Sem VI\Projects\PBL2\RoadEye\dataset_crack\final_dataset_v5\test\images\sewage_001945.jpg,test/images/sewage_001945.jpg,D:\Study Material\Sem VI\Projects\PBL2\RoadEye\dataset_crack\final_dataset_v5\test\labels\sewage_001945.txt,4,2
test,D:\Study Material\Sem VI\Projects\PBL2\RoadEye\dataset_crack\final_dataset_v5\test\images\sewage_001955.jpg,test/images/sewage_001955.jpg,D:\Study Material\Sem VI\Projects\PBL2\RoadEye\dataset_crack\final_dataset_v5\test\labels\sewage_001955.txt,1,0
test,D:\Study Material\Sem VI\Projects\PBL2\RoadEye\dataset_crack\final_dataset_v5\test\images\sewage_001967.jpg,test/images/sewage_001967.jpg,D:\Study Material\Sem VI\Projects\PBL2\RoadEye\dataset_crack\final_dataset_v5\test\labels\sewage_001967.txt,1,0
test,D:\Study Material\Sem VI\Projects\PBL2\RoadEye\dataset_crack\final_dataset_v5\test\images\sewage_001979.jpg,test/images/sewage_001979.jpg,D:\Study Material\Sem VI\Projects\PBL2\RoadEye\dataset_crack\final_dataset_v5\test\labels\sewage_001979.txt,1,0
test,D:\Study Material\Sem VI\Projects\PBL2\RoadEye\dataset_crack\final_dataset_v5\test\images\sewage_001988.jpg,test/images/sewage_001988.jpg,D:\Study Material\Sem VI\Projects\PBL2\RoadEye\dataset_crack\final_dataset_v5\test\labels\sewage_001988.txt,1,1
test,D:\Study Material\Sem VI\Projects\PBL2\RoadEye\dataset_crack\final_dataset_v5\test\images\sewage_002004.jpg,test/images/sewage_002004.jpg,D:\Study Material\Sem VI\Projects\PBL2\RoadEye\dataset_crack\final_dataset_v5\test\labels\sewage_002004.txt,1,4
test,D:\Study Material\Sem VI\Projects\PBL2\RoadEye\dataset_crack\final_dataset_v5\test\images\sewage_002006.jpg,test/images/sewage_002006.jpg,D:\Study Material\Sem VI\Projects\PBL2\RoadEye\dataset_crack\final_dataset_v5\test\labels\sewage_002006.txt,0,1
test,D:\Study Material\Sem VI\Projects\PBL2\RoadEye\dataset_crack\final_dataset_v5\test\images\sewage_002010.jpg,test/images/sewage_002010.jpg,D:\Study Material\Sem VI\Projects\PBL2\RoadEye\dataset_crack\final_dataset_v5\test\labels\sewage_002010.txt,1,4
test,D:\Study Material\Sem VI\Projects\PBL2\RoadEye\dataset_crack\final_dataset_v5\test\images\sewage_002012.jpg,test/images/sewage_002012.jpg,D:\Study Material\Sem VI\Projects\PBL2\RoadEye\dataset_crack\final_dataset_v5\test\labels\sewage_002012.txt,1,0
test,D:\Study Material\Sem VI\Projects\PBL2\RoadEye\dataset_crack\final_dataset_v5\test\images\sewage_002019.jpg,test/images/sewage_002019.jpg,D:\Study Material\Sem VI\Projects\PBL2\RoadEye\dataset_crack\final_dataset_v5\test\labels\sewage_002019.txt,0,1
test,D:\Study Material\Sem VI\Projects\PBL2\RoadEye\dataset_crack\final_dataset_v5\test\images\sewage_002028.jpg,test/images/sewage_002028.jpg,D:\Study Material\Sem VI\Projects\PBL2\RoadEye\dataset_crack\final_dataset_v5\test\labels\sewage_002028.txt,0,1
test,D:\Study Material\Sem VI\Projects\PBL2\RoadEye\dataset_crack\final_dataset_v5\test\images\sewage_002029.jpg,test/images/sewage_002029.jpg,D:\Study Material\Sem VI\Projects\PBL2\RoadEye\dataset_crack\final_dataset_v5\test\labels\sewage_002029.txt,1,0
test,D:\Study Material\Sem VI\Projects\PBL2\RoadEye\dataset_crack\final_dataset_v5\test\images\sewage_002041.jpg,test/images/sewage_002041.jpg,D:\Study Material\Sem VI\Projects\PBL2\RoadEye\dataset_crack\final_dataset_v5\test\labels\sewage_002041.txt,0,1
test,D:\Study Material\Sem VI\Projects\PBL2\RoadEye\dataset_crack\final_dataset_v5\test\images\sewage_002079.jpg,test/images/sewage_002079.jpg,D:\Study Material\Sem VI\Projects\PBL2\RoadEye\dataset_crack\final_dataset_v5\test\labels\sewage_002079.txt,3,3
test,D:\Study Material\Sem VI\Projects\PBL2\RoadEye\dataset_crack\final_dataset_v5\test\images\sewage_002088.jpg,test/images/sewage_002088.jpg,D:\Study Material\Sem VI\Projects\PBL2\RoadEye\dataset_crack\final_dataset_v5\test\labels\sewage_002088.txt,0,2
test,D:\Study Material\Sem VI\Projects\PBL2\RoadEye\dataset_crack\final_dataset_v5\test\images\sewage_002093.jpg,test/images/sewage_002093.jpg,D:\Study Material\Sem VI\Projects\PBL2\RoadEye\dataset_crack\final_dataset_v5\test\labels\sewage_002093.txt,0,1
test,D:\Study Material\Sem VI\Projects\PBL2\RoadEye\dataset_crack\final_dataset_v5\test\images\sewage_002103.jpg,test/images/sewage_002103.jpg,D:\Study Material\Sem VI\Projects\PBL2\RoadEye\dataset_crack\final_dataset_v5\test\labels\sewage_002103.txt,0,1
test,D:\Study Material\Sem VI\Projects\PBL2\RoadEye\dataset_crack\final_dataset_v5\test\images\sewage_002107.jpg,test/images/sewage_002107.jpg,D:\Study Material\Sem VI\Projects\PBL2\RoadEye\dataset_crack\final_dataset_v5\test\labels\sewage_002107.txt,0,3
test,D:\Study Material\Sem VI\Projects\PBL2\RoadEye\dataset_crack\final_dataset_v5\test\images\sewage_002110.jpg,test/images/sewage_002110.jpg,D:\Study Material\Sem VI\Projects\PBL2\RoadEye\dataset_crack\final_dataset_v5\test\labels\sewage_002110.txt,2,0
test,D:\Study Material\Sem VI\Projects\PBL2\RoadEye\dataset_crack\final_dataset_v5\test\images\sewage_002111.jpg,test/images/sewage_002111.jpg,D:\Study Material\Sem VI\Projects\PBL2\RoadEye\dataset_crack\final_dataset_v5\test\labels\sewage_002111.txt,1,0
test,D:\Study Material\Sem VI\Projects\PBL2\RoadEye\dataset_crack\final_dataset_v5\test\images\sewage_002116.jpg,test/images/sewage_002116.jpg,D:\Study Material\Sem VI\Projects\PBL2\RoadEye\dataset_crack\final_dataset_v5\test\labels\sewage_002116.txt,0,1
test,D:\Study Material\Sem VI\Projects\PBL2\RoadEye\dataset_crack\final_dataset_v5\test\images\sewage_002117.jpg,test/images/sewage_002117.jpg,D:\Study Material\Sem VI\Projects\PBL2\RoadEye\dataset_crack\final_dataset_v5\test\labels\sewage_002117.txt,1,1
test,D:\Study Material\Sem VI\Projects\PBL2\RoadEye\dataset_crack\final_dataset_v5\test\images\sewage_002128.jpg,test/images/sewage_002128.jpg,D:\Study Material\Sem VI\Projects\PBL2\RoadEye\dataset_crack\final_dataset_v5\test\labels\sewage_002128.txt,1,0
test,D:\Study Material\Sem VI\Projects\PBL2\RoadEye\dataset_crack\final_dataset_v5\test\images\sewage_002151.jpg,test/images/sewage_002151.jpg,D:\Study Material\Sem VI\Projects\PBL2\RoadEye\dataset_crack\final_dataset_v5\test\labels\sewage_002151.txt,2,4
test,D:\Study Material\Sem VI\Projects\PBL2\RoadEye\dataset_crack\final_dataset_v5\test\images\sewage_002153.jpg,test/images/sewage_002153.jpg,D:\Study Material\Sem VI\Projects\PBL2\RoadEye\dataset_crack\final_dataset_v5\test\labels\sewage_002153.txt,2,0
test,D:\Study Material\Sem VI\Projects\PBL2\RoadEye\dataset_crack\final_dataset_v5\test\images\sewage_002154.jpg,test/images/sewage_002154.jpg,D:\Study Material\Sem VI\Projects\PBL2\RoadEye\dataset_crack\final_dataset_v5\test\labels\sewage_002154.txt,0,2
test,D:\Study Material\Sem VI\Projects\PBL2\RoadEye\dataset_crack\final_dataset_v5\test\images\sewage_002158.jpg,test/images/sewage_002158.jpg,D:\Study Material\Sem VI\Projects\PBL2\RoadEye\dataset_crack\final_dataset_v5\test\labels\sewage_002158.txt,1,0
test,D:\Study Material\Sem VI\Projects\PBL2\RoadEye\dataset_crack\final_dataset_v5\test\images\sewage_002175.jpg,test/images/sewage_002175.jpg,D:\Study Material\Sem VI\Projects\PBL2\RoadEye\dataset_crack\final_dataset_v5\test\labels\sewage_002175.txt,7,4
test,D:\Study Material\Sem VI\Projects\PBL2\RoadEye\dataset_crack\final_dataset_v5\test\images\sewage_002178.jpg,test/images/sewage_002178.jpg,D:\Study Material\Sem VI\Projects\PBL2\RoadEye\dataset_crack\final_dataset_v5\test\labels\sewage_002178.txt,1,0
test,D:\Study Material\Sem VI\Projects\PBL2\RoadEye\dataset_crack\final_dataset_v5\test\images\sewage_002219.jpg,test/images/sewage_002219.jpg,D:\Study Material\Sem VI\Projects\PBL2\RoadEye\dataset_crack\final_dataset_v5\test\labels\sewage_002219.txt,2,1
test,D:\Study Material\Sem VI\Projects\PBL2\RoadEye\dataset_crack\final_dataset_v5\test\images\sewage_002221.jpg,test/images/sewage_002221.jpg,D:\Study Material\Sem VI\Projects\PBL2\RoadEye\dataset_crack\final_dataset_v5\test\labels\sewage_002221.txt,0,1
test,D:\Study Material\Sem VI\Projects\PBL2\RoadEye\dataset_crack\final_dataset_v5\test\images\sewage_002224.jpg,test/images/sewage_002224.jpg,D:\Study Material\Sem VI\Projects\PBL2\RoadEye\dataset_crack\final_dataset_v5\test\labels\sewage_002224.txt,0,2
test,D:\Study Material\Sem VI\Projects\PBL2\RoadEye\dataset_crack\final_dataset_v5\test\images\sewage_002240.jpg,test/images/sewage_002240.jpg,D:\Study Material\Sem VI\Projects\PBL2\RoadEye\dataset_crack\final_dataset_v5\test\labels\sewage_002240.txt,0,1
test,D:\Study Material\Sem VI\Projects\PBL2\RoadEye\dataset_crack\final_dataset_v5\test\images\sewage_002251.jpg,test/images/sewage_002251.jpg,D:\Study Material\Sem VI\Projects\PBL2\RoadEye\dataset_crack\final_dataset_v5\test\labels\sewage_002251.txt,0,1
test,D:\Study Material\Sem VI\Projects\PBL2\RoadEye\dataset_crack\final_dataset_v5\test\images\sewage_002264.jpg,test/images/sewage_002264.jpg,D:\Study Material\Sem VI\Projects\PBL2\RoadEye\dataset_crack\final_dataset_v5\test\labels\sewage_002264.txt,1,1
test,D:\Study Material\Sem VI\Projects\PBL2\RoadEye\dataset_crack\final_dataset_v5\test\images\sewage_002266.jpg,test/images/sewage_002266.jpg,D:\Study Material\Sem VI\Projects\PBL2\RoadEye\dataset_crack\final_dataset_v5\test\labels\sewage_002266.txt,0,1
test,D:\Study Material\Sem VI\Projects\PBL2\RoadEye\dataset_crack\final_dataset_v5\test\images\sewage_002277.jpg,test/images/sewage_002277.jpg,D:\Study Material\Sem VI\Projects\PBL2\RoadEye\dataset_crack\final_dataset_v5\test\labels\sewage_002277.txt,0,2
test,D:\Study Material\Sem VI\Projects\PBL2\RoadEye\dataset_crack\final_dataset_v5\test\images\sewage_002285.jpg,test/images/sewage_002285.jpg,D:\Study Material\Sem VI\Projects\PBL2\RoadEye\dataset_crack\final_dataset_v5\test\labels\sewage_002285.txt,1,1
test,D:\Study Material\Sem VI\Projects\PBL2\RoadEye\dataset_crack\final_dataset_v5\test\images\sewage_002290.jpg,test/images/sewage_002290.jpg,D:\Study Material\Sem VI\Projects\PBL2\RoadEye\dataset_crack\final_dataset_v5\test\labels\sewage_002290.txt,1,1
test,D:\Study Material\Sem VI\Projects\PBL2\RoadEye\dataset_crack\final_dataset_v5\test\images\sewage_002293.jpg,test/images/sewage_002293.jpg,D:\Study Material\Sem VI\Projects\PBL2\RoadEye\dataset_crack\final_dataset_v5\test\labels\sewage_002293.txt,5,3
test,D:\Study Material\Sem VI\Projects\PBL2\RoadEye\dataset_crack\final_dataset_v5\test\images\sewage_002294.jpg,test/images/sewage_002294.jpg,D:\Study Material\Sem VI\Projects\PBL2\RoadEye\dataset_crack\final_dataset_v5\test\labels\sewage_002294.txt,2,2
test,D:\Study Material\Sem VI\Projects\PBL2\RoadEye\dataset_crack\final_dataset_v5\test\images\sewage_002306.jpg,test/images/sewage_002306.jpg,D:\Study Material\Sem VI\Projects\PBL2\RoadEye\dataset_crack\final_dataset_v5\test\labels\sewage_002306.txt,1,0
test,D:\Study Material\Sem VI\Projects\PBL2\RoadEye\dataset_crack\final_dataset_v5\test\images\sewage_002324.jpg,test/images/sewage_002324.jpg,D:\Study Material\Sem VI\Projects\PBL2\RoadEye\dataset_crack\final_dataset_v5\test\labels\sewage_002324.txt,1,5
test,D:\Study Material\Sem VI\Projects\PBL2\RoadEye\dataset_crack\final_dataset_v5\test\images\sewage_002336.jpg,test/images/sewage_002336.jpg,D:\Study Material\Sem VI\Projects\PBL2\RoadEye\dataset_crack\final_dataset_v5\test\labels\sewage_002336.txt,2,0
test,D:\Study Material\Sem VI\Projects\PBL2\RoadEye\dataset_crack\final_dataset_v5\test\images\sewage_002342.jpg,test/images/sewage_002342.jpg,D:\Study Material\Sem VI\Projects\PBL2\RoadEye\dataset_crack\final_dataset_v5\test\labels\sewage_002342.txt,1,0
test,D:\Study Material\Sem VI\Projects\PBL2\RoadEye\dataset_crack\final_dataset_v5\test\images\sewage_002361.jpg,test/images/sewage_002361.jpg,D:\Study Material\Sem VI\Projects\PBL2\RoadEye\dataset_crack\final_dataset_v5\test\labels\sewage_002361.txt,0,1
test,D:\Study Material\Sem VI\Projects\PBL2\RoadEye\dataset_crack\final_dataset_v5\test\images\sewage_002367.jpg,test/images/sewage_002367.jpg,D:\Study Material\Sem VI\Projects\PBL2\RoadEye\dataset_crack\final_dataset_v5\test\labels\sewage_002367.txt,4,3
test,D:\Study Material\Sem VI\Projects\PBL2\RoadEye\dataset_crack\final_dataset_v5\test\images\sewage_002379.jpg,test/images/sewage_002379.jpg,D:\Study Material\Sem VI\Projects\PBL2\RoadEye\dataset_crack\final_dataset_v5\test\labels\sewage_002379.txt,3,4
test,D:\Study Material\Sem VI\Projects\PBL2\RoadEye\dataset_crack\final_dataset_v5\test\images\sewage_002381.jpg,test/images/sewage_002381.jpg,D:\Study Material\Sem VI\Projects\PBL2\RoadEye\dataset_crack\final_dataset_v5\test\labels\sewage_002381.txt,2,0
test,D:\Study Material\Sem VI\Projects\PBL2\RoadEye\dataset_crack\final_dataset_v5\test\images\sewage_002384.jpg,test/images/sewage_002384.jpg,D:\Study Material\Sem VI\Projects\PBL2\RoadEye\dataset_crack\final_dataset_v5\test\labels\sewage_002384.txt,0,1
test,D:\Study Material\Sem VI\Projects\PBL2\RoadEye\dataset_crack\final_dataset_v5\test\images\sewage_002391.jpg,test/images/sewage_002391.jpg,D:\Study Material\Sem VI\Projects\PBL2\RoadEye\dataset_crack\final_dataset_v5\test\labels\sewage_002391.txt,0,1
test,D:\Study Material\Sem VI\Projects\PBL2\RoadEye\dataset_crack\final_dataset_v5\test\images\sewage_002406.jpg,test/images/sewage_002406.jpg,D:\Study Material\Sem VI\Projects\PBL2\RoadEye\dataset_crack\final_dataset_v5\test\labels\sewage_002406.txt,2,1
test,D:\Study Material\Sem VI\Projects\PBL2\RoadEye\dataset_crack\final_dataset_v5\test\images\sewage_002412.jpg,test/images/sewage_002412.jpg,D:\Study Material\Sem VI\Projects\PBL2\RoadEye\dataset_crack\final_dataset_v5\test\labels\sewage_002412.txt,1,2
test,D:\Study Material\Sem VI\Projects\PBL2\RoadEye\dataset_crack\final_dataset_v5\test\images\sewage_002415.jpg,test/images/sewage_002415.jpg,D:\Study Material\Sem VI\Projects\PBL2\RoadEye\dataset_crack\final_dataset_v5\test\labels\sewage_002415.txt,2,0
test,D:\Study Material\Sem VI\Projects\PBL2\RoadEye\dataset_crack\final_dataset_v5\test\images\sewage_002434.jpg,test/images/sewage_002434.jpg,D:\Study Material\Sem VI\Projects\PBL2\RoadEye\dataset_crack\final_dataset_v5\test\labels\sewage_002434.txt,2,1
test,D:\Study Material\Sem VI\Projects\PBL2\RoadEye\dataset_crack\final_dataset_v5\test\images\sewage_002437.jpg,test/images/sewage_002437.jpg,D:\Study Material\Sem VI\Projects\PBL2\RoadEye\dataset_crack\final_dataset_v5\test\labels\sewage_002437.txt,0,1
test,D:\Study Material\Sem VI\Projects\PBL2\RoadEye\dataset_crack\final_dataset_v5\test\images\sewage_002460.jpg,test/images/sewage_002460.jpg,D:\Study Material\Sem VI\Projects\PBL2\RoadEye\dataset_crack\final_dataset_v5\test\labels\sewage_002460.txt,0,1
test,D:\Study Material\Sem VI\Projects\PBL2\RoadEye\dataset_crack\final_dataset_v5\test\images\sewage_002496.jpg,test/images/sewage_002496.jpg,D:\Study Material\Sem VI\Projects\PBL2\RoadEye\dataset_crack\final_dataset_v5\test\labels\sewage_002496.txt,1,1
test,D:\Study Material\Sem VI\Projects\PBL2\RoadEye\dataset_crack\final_dataset_v5\test\images\sewage_002501.jpg,test/images/sewage_002501.jpg,D:\Study Material\Sem VI\Projects\PBL2\RoadEye\dataset_crack\final_dataset_v5\test\labels\sewage_002501.txt,1,0
test,D:\Study Material\Sem VI\Projects\PBL2\RoadEye\dataset_crack\final_dataset_v5\test\images\sewage_002523.jpg,test/images/sewage_002523.jpg,D:\Study Material\Sem VI\Projects\PBL2\RoadEye\dataset_crack\final_dataset_v5\test\labels\sewage_002523.txt,1,0
test,D:\Study Material\Sem VI\Projects\PBL2\RoadEye\dataset_crack\final_dataset_v5\test\images\sewage_002535.jpg,test/images/sewage_002535.jpg,D:\Study Material\Sem VI\Projects\PBL2\RoadEye\dataset_crack\final_dataset_v5\test\labels\sewage_002535.txt,1,0
test,D:\Study Material\Sem VI\Projects\PBL2\RoadEye\dataset_crack\final_dataset_v5\test\images\sewage_002544.jpg,test/images/sewage_002544.jpg,D:\Study Material\Sem VI\Projects\PBL2\RoadEye\dataset_crack\final_dataset_v5\test\labels\sewage_002544.txt,0,1
test,D:\Study Material\Sem VI\Projects\PBL2\RoadEye\dataset_crack\final_dataset_v5\test\images\sewage_002546.jpg,test/images/sewage_002546.jpg,D:\Study Material\Sem VI\Projects\PBL2\RoadEye\dataset_crack\final_dataset_v5\test\labels\sewage_002546.txt,1,1
test,D:\Study Material\Sem VI\Projects\PBL2\RoadEye\dataset_crack\final_dataset_v5\test\images\sewage_002549.jpg,test/images/sewage_002549.jpg,D:\Study Material\Sem VI\Projects\PBL2\RoadEye\dataset_crack\final_dataset_v5\test\labels\sewage_002549.txt,2,1
test,D:\Study Material\Sem VI\Projects\PBL2\RoadEye\dataset_crack\final_dataset_v5\test\images\sewage_002555.jpg,test/images/sewage_002555.jpg,D:\Study Material\Sem VI\Projects\PBL2\RoadEye\dataset_crack\final_dataset_v5\test\labels\sewage_002555.txt,1,2
test,D:\Study Material\Sem VI\Projects\PBL2\RoadEye\dataset_crack\final_dataset_v5\test\images\sewage_002561.jpg,test/images/sewage_002561.jpg,D:\Study Material\Sem VI\Projects\PBL2\RoadEye\dataset_crack\final_dataset_v5\test\labels\sewage_002561.txt,2,1
test,D:\Study Material\Sem VI\Projects\PBL2\RoadEye\dataset_crack\final_dataset_v5\test\images\sewage_002581.jpg,test/images/sewage_002581.jpg,D:\Study Material\Sem VI\Projects\PBL2\RoadEye\dataset_crack\final_dataset_v5\test\labels\sewage_002581.txt,6,3
test,D:\Study Material\Sem VI\Projects\PBL2\RoadEye\dataset_crack\final_dataset_v5\test\images\sewage_002582.jpg,test/images/sewage_002582.jpg,D:\Study Material\Sem VI\Projects\PBL2\RoadEye\dataset_crack\final_dataset_v5\test\labels\sewage_002582.txt,3,6
test,D:\Study Material\Sem VI\Projects\PBL2\RoadEye\dataset_crack\final_dataset_v5\test\images\sewage_002585.jpg,test/images/sewage_002585.jpg,D:\Study Material\Sem VI\Projects\PBL2\RoadEye\dataset_crack\final_dataset_v5\test\labels\sewage_002585.txt,2,3
test,D:\Study Material\Sem VI\Projects\PBL2\RoadEye\dataset_crack\final_dataset_v5\test\images\sewage_002593.jpg,test/images/sewage_002593.jpg,D:\Study Material\Sem VI\Projects\PBL2\RoadEye\dataset_crack\final_dataset_v5\test\labels\sewage_002593.txt,1,1
test,D:\Study Material\Sem VI\Projects\PBL2\RoadEye\dataset_crack\final_dataset_v5\test\images\sewage_002605.jpg,test/images/sewage_002605.jpg,D:\Study Material\Sem VI\Projects\PBL2\RoadEye\dataset_crack\final_dataset_v5\test\labels\sewage_002605.txt,3,1
test,D:\Study Material\Sem VI\Projects\PBL2\RoadEye\dataset_crack\final_dataset_v5\test\images\sewage_002618.jpg,test/images/sewage_002618.jpg,D:\Study Material\Sem VI\Projects\PBL2\RoadEye\dataset_crack\final_dataset_v5\test\labels\sewage_002618.txt,0,1
test,D:\Study Material\Sem VI\Projects\PBL2\RoadEye\dataset_crack\final_dataset_v5\test\images\sewage_002621.jpg,test/images/sewage_002621.jpg,D:\Study Material\Sem VI\Projects\PBL2\RoadEye\dataset_crack\final_dataset_v5\test\labels\sewage_002621.txt,1,1
test,D:\Study Material\Sem VI\Projects\PBL2\RoadEye\dataset_crack\final_dataset_v5\test\images\sewage_002639.jpg,test/images/sewage_002639.jpg,D:\Study Material\Sem VI\Projects\PBL2\RoadEye\dataset_crack\final_dataset_v5\test\labels\sewage_002639.txt,1,1
test,D:\Study Material\Sem VI\Projects\PBL2\RoadEye\dataset_crack\final_dataset_v5\test\images\sewage_002663.jpg,test/images/sewage_002663.jpg,D:\Study Material\Sem VI\Projects\PBL2\RoadEye\dataset_crack\final_dataset_v5\test\labels\sewage_002663.txt,1,0
test,D:\Study Material\Sem VI\Projects\PBL2\RoadEye\dataset_crack\final_dataset_v5\test\images\sewage_002665.jpg,test/images/sewage_002665.jpg,D:\Study Material\Sem VI\Projects\PBL2\RoadEye\dataset_crack\final_dataset_v5\test\labels\sewage_002665.txt,3,7
test,D:\Study Material\Sem VI\Projects\PBL2\RoadEye\dataset_crack\final_dataset_v5\test\images\sewage_002666.jpg,test/images/sewage_002666.jpg,D:\Study Material\Sem VI\Projects\PBL2\RoadEye\dataset_crack\final_dataset_v5\test\labels\sewage_002666.txt,0,1
test,D:\Study Material\Sem VI\Projects\PBL2\RoadEye\dataset_crack\final_dataset_v5\test\images\sewage_002670.jpg,test/images/sewage_002670.jpg,D:\Study Material\Sem VI\Projects\PBL2\RoadEye\dataset_crack\final_dataset_v5\test\labels\sewage_002670.txt,1,0
test,D:\Study Material\Sem VI\Projects\PBL2\RoadEye\dataset_crack\final_dataset_v5\test\images\sewage_002681.jpg,test/images/sewage_002681.jpg,D:\Study Material\Sem VI\Projects\PBL2\RoadEye\dataset_crack\final_dataset_v5\test\labels\sewage_002681.txt,0,1
test,D:\Study Material\Sem VI\Projects\PBL2\RoadEye\dataset_crack\final_dataset_v5\test\images\sewage_002703.jpg,test/images/sewage_002703.jpg,D:\Study Material\Sem VI\Projects\PBL2\RoadEye\dataset_crack\final_dataset_v5\test\labels\sewage_002703.txt,1,2
test,D:\Study Material\Sem VI\Projects\PBL2\RoadEye\dataset_crack\final_dataset_v5\test\images\sewage_002713.jpg,test/images/sewage_002713.jpg,D:\Study Material\Sem VI\Projects\PBL2\RoadEye\dataset_crack\final_dataset_v5\test\labels\sewage_002713.txt,0,1
test,D:\Study Material\Sem VI\Projects\PBL2\RoadEye\dataset_crack\final_dataset_v5\test\images\sewage_002727.jpg,test/images/sewage_002727.jpg,D:\Study Material\Sem VI\Projects\PBL2\RoadEye\dataset_crack\final_dataset_v5\test\labels\sewage_002727.txt,1,3
test,D:\Study Material\Sem VI\Projects\PBL2\RoadEye\dataset_crack\final_dataset_v5\test\images\sewage_002728.jpg,test/images/sewage_002728.jpg,D:\Study Material\Sem VI\Projects\PBL2\RoadEye\dataset_crack\final_dataset_v5\test\labels\sewage_002728.txt,2,0
test,D:\Study Material\Sem VI\Projects\PBL2\RoadEye\dataset_crack\final_dataset_v5\test\images\sewage_002744.jpg,test/images/sewage_002744.jpg,D:\Study Material\Sem VI\Projects\PBL2\RoadEye\dataset_crack\final_dataset_v5\test\labels\sewage_002744.txt,3,4
test,D:\Study Material\Sem VI\Projects\PBL2\RoadEye\dataset_crack\final_dataset_v5\test\images\sewage_002752.jpg,test/images/sewage_002752.jpg,D:\Study Material\Sem VI\Projects\PBL2\RoadEye\dataset_crack\final_dataset_v5\test\labels\sewage_002752.txt,4,1
test,D:\Study Material\Sem VI\Projects\PBL2\RoadEye\dataset_crack\final_dataset_v5\test\images\sewage_defect_detection_000010.jpg,test/images/sewage_defect_detection_000010.jpg,D:\Study Material\Sem VI\Projects\PBL2\RoadEye\dataset_crack\final_dataset_v5\test\labels\sewage_defect_detection_000010.txt,1,1
test,D:\Study Material\Sem VI\Projects\PBL2\RoadEye\dataset_crack\final_dataset_v5\test\images\sewage_defect_detection_000015.jpg,test/images/sewage_defect_detection_000015.jpg,D:\Study Material\Sem VI\Projects\PBL2\RoadEye\dataset_crack\final_dataset_v5\test\labels\sewage_defect_detection_000015.txt,2,2
test,D:\Study Material\Sem VI\Projects\PBL2\RoadEye\dataset_crack\final_dataset_v5\test\images\sewage_defect_detection_000042.jpg,test/images/sewage_defect_detection_000042.jpg,D:\Study Material\Sem VI\Projects\PBL2\RoadEye\dataset_crack\final_dataset_v5\test\labels\sewage_defect_detection_000042.txt,2,2
test,D:\Study Material\Sem VI\Projects\PBL2\RoadEye\dataset_crack\final_dataset_v5\test\images\sewage_defect_detection_000085.jpg,test/images/sewage_defect_detection_000085.jpg,D:\Study Material\Sem VI\Projects\PBL2\RoadEye\dataset_crack\final_dataset_v5\test\labels\sewage_defect_detection_000085.txt,2,0
test,D:\Study Material\Sem VI\Projects\PBL2\RoadEye\dataset_crack\final_dataset_v5\test\images\sewage_defect_detection_000089.jpg,test/images/sewage_defect_detection_000089.jpg,D:\Study Material\Sem VI\Projects\PBL2\RoadEye\dataset_crack\final_dataset_v5\test\labels\sewage_defect_detection_000089.txt,2,0
test,D:\Study Material\Sem VI\Projects\PBL2\RoadEye\dataset_crack\final_dataset_v5\test\images\sewage_defect_detection_000125.jpg,test/images/sewage_defect_detection_000125.jpg,D:\Study Material\Sem VI\Projects\PBL2\RoadEye\dataset_crack\final_dataset_v5\test\labels\sewage_defect_detection_000125.txt,1,0
test,D:\Study Material\Sem VI\Projects\PBL2\RoadEye\dataset_crack\final_dataset_v5\test\images\sewage_defect_detection_000132.jpg,test/images/sewage_defect_detection_000132.jpg,D:\Study Material\Sem VI\Projects\PBL2\RoadEye\dataset_crack\final_dataset_v5\test\labels\sewage_defect_detection_000132.txt,1,0
test,D:\Study Material\Sem VI\Projects\PBL2\RoadEye\dataset_crack\final_dataset_v5\test\images\sewage_defect_detection_000150.jpg,test/images/sewage_defect_detection_000150.jpg,D:\Study Material\Sem VI\Projects\PBL2\RoadEye\dataset_crack\final_dataset_v5\test\labels\sewage_defect_detection_000150.txt,1,0
test,D:\Study Material\Sem VI\Projects\PBL2\RoadEye\dataset_crack\final_dataset_v5\test\images\sewage_defect_detection_000171.jpg,test/images/sewage_defect_detection_000171.jpg,D:\Study Material\Sem VI\Projects\PBL2\RoadEye\dataset_crack\final_dataset_v5\test\labels\sewage_defect_detection_000171.txt,2,1
test,D:\Study Material\Sem VI\Projects\PBL2\RoadEye\dataset_crack\final_dataset_v5\test\images\sewage_defect_detection_000186.jpg,test/images/sewage_defect_detection_000186.jpg,D:\Study Material\Sem VI\Projects\PBL2\RoadEye\dataset_crack\final_dataset_v5\test\labels\sewage_defect_detection_000186.txt,1,1
test,D:\Study Material\Sem VI\Projects\PBL2\RoadEye\dataset_crack\final_dataset_v5\test\images\sewage_defect_detection_000188.jpg,test/images/sewage_defect_detection_000188.jpg,D:\Study Material\Sem VI\Projects\PBL2\RoadEye\dataset_crack\final_dataset_v5\test\labels\sewage_defect_detection_000188.txt,2,0
test,D:\Study Material\Sem VI\Projects\PBL2\RoadEye\dataset_crack\final_dataset_v5\test\images\sewage_defect_detection_000251.jpg,test/images/sewage_defect_detection_000251.jpg,D:\Study Material\Sem VI\Projects\PBL2\RoadEye\dataset_crack\final_dataset_v5\test\labels\sewage_defect_detection_000251.txt,2,2
test,D:\Study Material\Sem VI\Projects\PBL2\RoadEye\dataset_crack\final_dataset_v5\test\images\sewage_defect_detection_000329.jpg,test/images/sewage_defect_detection_000329.jpg,D:\Study Material\Sem VI\Projects\PBL2\RoadEye\dataset_crack\final_dataset_v5\test\labels\sewage_defect_detection_000329.txt,1,1
test,D:\Study Material\Sem VI\Projects\PBL2\RoadEye\dataset_crack\final_dataset_v5\test\images\sewage_defect_detection_000332.jpg,test/images/sewage_defect_detection_000332.jpg,D:\Study Material\Sem VI\Projects\PBL2\RoadEye\dataset_crack\final_dataset_v5\test\labels\sewage_defect_detection_000332.txt,1,0
test,D:\Study Material\Sem VI\Projects\PBL2\RoadEye\dataset_crack\final_dataset_v5\test\images\sewage_defect_detection_000364.jpg,test/images/sewage_defect_detection_000364.jpg,D:\Study Material\Sem VI\Projects\PBL2\RoadEye\dataset_crack\final_dataset_v5\test\labels\sewage_defect_detection_000364.txt,1,0
test,D:\Study Material\Sem VI\Projects\PBL2\RoadEye\dataset_crack\final_dataset_v5\test\images\sewage_defect_detection_000385.jpg,test/images/sewage_defect_detection_000385.jpg,D:\Study Material\Sem VI\Projects\PBL2\RoadEye\dataset_crack\final_dataset_v5\test\labels\sewage_defect_detection_000385.txt,2,0
test,D:\Study Material\Sem VI\Projects\PBL2\RoadEye\dataset_crack\final_dataset_v5\test\images\sewage_defect_detection_000429.jpg,test/images/sewage_defect_detection_000429.jpg,D:\Study Material\Sem VI\Projects\PBL2\RoadEye\dataset_crack\final_dataset_v5\test\labels\sewage_defect_detection_000429.txt,3,3
test,D:\Study Material\Sem VI\Projects\PBL2\RoadEye\dataset_crack\final_dataset_v5\test\images\sewage_defect_detection_000443.jpg,test/images/sewage_defect_detection_000443.jpg,D:\Study Material\Sem VI\Projects\PBL2\RoadEye\dataset_crack\final_dataset_v5\test\labels\sewage_defect_detection_000443.txt,3,0
test,D:\Study Material\Sem VI\Projects\PBL2\RoadEye\dataset_crack\final_dataset_v5\test\images\sewage_defect_detection_000446.jpg,test/images/sewage_defect_detection_000446.jpg,D:\Study Material\Sem VI\Projects\PBL2\RoadEye\dataset_crack\final_dataset_v5\test\labels\sewage_defect_detection_000446.txt,1,0
test,D:\Study Material\Sem VI\Projects\PBL2\RoadEye\dataset_crack\final_dataset_v5\test\images\sewage_defect_detection_000479.jpg,test/images/sewage_defect_detection_000479.jpg,D:\Study Material\Sem VI\Projects\PBL2\RoadEye\dataset_crack\final_dataset_v5\test\labels\sewage_defect_detection_000479.txt,1,1
test,D:\Study Material\Sem VI\Projects\PBL2\RoadEye\dataset_crack\final_dataset_v5\test\images\sewage_defect_detection_000487.jpg,test/images/sewage_defect_detection_000487.jpg,D:\Study Material\Sem VI\Projects\PBL2\RoadEye\dataset_crack\final_dataset_v5\test\labels\sewage_defect_detection_000487.txt,1,3
test,D:\Study Material\Sem VI\Projects\PBL2\RoadEye\dataset_crack\final_dataset_v5\test\images\sewage_defect_detection_000515.jpg,test/images/sewage_defect_detection_000515.jpg,D:\Study Material\Sem VI\Projects\PBL2\RoadEye\dataset_crack\final_dataset_v5\test\labels\sewage_defect_detection_000515.txt,1,0
test,D:\Study Material\Sem VI\Projects\PBL2\RoadEye\dataset_crack\final_dataset_v5\test\images\sewage_defect_detection_000529.jpg,test/images/sewage_defect_detection_000529.jpg,D:\Study Material\Sem VI\Projects\PBL2\RoadEye\dataset_crack\final_dataset_v5\test\labels\sewage_defect_detection_000529.txt,1,0
test,D:\Study Material\Sem VI\Projects\PBL2\RoadEye\dataset_crack\final_dataset_v5\test\images\sewage_defect_detection_000577.jpg,test/images/sewage_defect_detection_000577.jpg,D:\Study Material\Sem VI\Projects\PBL2\RoadEye\dataset_crack\final_dataset_v5\test\labels\sewage_defect_detection_000577.txt,2,1
test,D:\Study Material\Sem VI\Projects\PBL2\RoadEye\dataset_crack\final_dataset_v5\test\images\sewage_defect_detection_000585.jpg,test/images/sewage_defect_detection_000585.jpg,D:\Study Material\Sem VI\Projects\PBL2\RoadEye\dataset_crack\final_dataset_v5\test\labels\sewage_defect_detection_000585.txt,1,0
test,D:\Study Material\Sem VI\Projects\PBL2\RoadEye\dataset_crack\final_dataset_v5\test\images\sewage_defect_detection_000587.jpg,test/images/sewage_defect_detection_000587.jpg,D:\Study Material\Sem VI\Projects\PBL2\RoadEye\dataset_crack\final_dataset_v5\test\labels\sewage_defect_detection_000587.txt,4,2
test,D:\Study Material\Sem VI\Projects\PBL2\RoadEye\dataset_crack\final_dataset_v5\test\images\sewage_defect_detection_000590.jpg,test/images/sewage_defect_detection_000590.jpg,D:\Study Material\Sem VI\Projects\PBL2\RoadEye\dataset_crack\final_dataset_v5\test\labels\sewage_defect_detection_000590.txt,3,2
test,D:\Study Material\Sem VI\Projects\PBL2\RoadEye\dataset_crack\final_dataset_v5\test\images\sewage_defect_detection_000666.jpg,test/images/sewage_defect_detection_000666.jpg,D:\Study Material\Sem VI\Projects\PBL2\RoadEye\dataset_crack\final_dataset_v5\test\labels\sewage_defect_detection_000666.txt,1,1
test,D:\Study Material\Sem VI\Projects\PBL2\RoadEye\dataset_crack\final_dataset_v5\test\images\sewage_defect_detection_000684.jpg,test/images/sewage_defect_detection_000684.jpg,D:\Study Material\Sem VI\Projects\PBL2\RoadEye\dataset_crack\final_dataset_v5\test\labels\sewage_defect_detection_000684.txt,0,1
test,D:\Study Material\Sem VI\Projects\PBL2\RoadEye\dataset_crack\final_dataset_v5\test\images\sewage_defect_detection_000701.jpg,test/images/sewage_defect_detection_000701.jpg,D:\Study Material\Sem VI\Projects\PBL2\RoadEye\dataset_crack\final_dataset_v5\test\labels\sewage_defect_detection_000701.txt,2,1
test,D:\Study Material\Sem VI\Projects\PBL2\RoadEye\dataset_crack\final_dataset_v5\test\images\sewage_defect_detection_000743.jpg,test/images/sewage_defect_detection_000743.jpg,D:\Study Material\Sem VI\Projects\PBL2\RoadEye\dataset_crack\final_dataset_v5\test\labels\sewage_defect_detection_000743.txt,0,1
test,D:\Study Material\Sem VI\Projects\PBL2\RoadEye\dataset_crack\final_dataset_v5\test\images\sewage_defect_detection_000774.jpg,test/images/sewage_defect_detection_000774.jpg,D:\Study Material\Sem VI\Projects\PBL2\RoadEye\dataset_crack\final_dataset_v5\test\labels\sewage_defect_detection_000774.txt,1,1
test,D:\Study Material\Sem VI\Projects\PBL2\RoadEye\dataset_crack\final_dataset_v5\test\images\sewage_defect_detection_000792.jpg,test/images/sewage_defect_detection_000792.jpg,D:\Study Material\Sem VI\Projects\PBL2\RoadEye\dataset_crack\final_dataset_v5\test\labels\sewage_defect_detection_000792.txt,2,0
test,D:\Study Material\Sem VI\Projects\PBL2\RoadEye\dataset_crack\final_dataset_v5\test\images\sewage_defect_detection_000842.jpg,test/images/sewage_defect_detection_000842.jpg,D:\Study Material\Sem VI\Projects\PBL2\RoadEye\dataset_crack\final_dataset_v5\test\labels\sewage_defect_detection_000842.txt,1,0
test,D:\Study Material\Sem VI\Projects\PBL2\RoadEye\dataset_crack\final_dataset_v5\test\images\sewage_defect_detection_000882.jpg,test/images/sewage_defect_detection_000882.jpg,D:\Study Material\Sem VI\Projects\PBL2\RoadEye\dataset_crack\final_dataset_v5\test\labels\sewage_defect_detection_000882.txt,4,5
test,D:\Study Material\Sem VI\Projects\PBL2\RoadEye\dataset_crack\final_dataset_v5\test\images\sewage_defect_detection_000906.jpg,test/images/sewage_defect_detection_000906.jpg,D:\Study Material\Sem VI\Projects\PBL2\RoadEye\dataset_crack\final_dataset_v5\test\labels\sewage_defect_detection_000906.txt,1,3
test,D:\Study Material\Sem VI\Projects\PBL2\RoadEye\dataset_crack\final_dataset_v5\test\images\sewage_defect_detection_000974.jpg,test/images/sewage_defect_detection_000974.jpg,D:\Study Material\Sem VI\Projects\PBL2\RoadEye\dataset_crack\final_dataset_v5\test\labels\sewage_defect_detection_000974.txt,1,0
test,D:\Study Material\Sem VI\Projects\PBL2\RoadEye\dataset_crack\final_dataset_v5\test\images\sewage_defect_detection_000979.jpg,test/images/sewage_defect_detection_000979.jpg,D:\Study Material\Sem VI\Projects\PBL2\RoadEye\dataset_crack\final_dataset_v5\test\labels\sewage_defect_detection_000979.txt,3,0
test,D:\Study Material\Sem VI\Projects\PBL2\RoadEye\dataset_crack\final_dataset_v5\test\images\sewage_defect_detection_000996.jpg,test/images/sewage_defect_detection_000996.jpg,D:\Study Material\Sem VI\Projects\PBL2\RoadEye\dataset_crack\final_dataset_v5\test\labels\sewage_defect_detection_000996.txt,3,0
test,D:\Study Material\Sem VI\Projects\PBL2\RoadEye\dataset_crack\final_dataset_v5\test\images\sewage_defect_detection_001011.jpg,test/images/sewage_defect_detection_001011.jpg,D:\Study Material\Sem VI\Projects\PBL2\RoadEye\dataset_crack\final_dataset_v5\test\labels\sewage_defect_detection_001011.txt,1,2
test,D:\Study Material\Sem VI\Projects\PBL2\RoadEye\dataset_crack\final_dataset_v5\test\images\sewage_defect_detection_001020.jpg,test/images/sewage_defect_detection_001020.jpg,D:\Study Material\Sem VI\Projects\PBL2\RoadEye\dataset_crack\final_dataset_v5\test\labels\sewage_defect_detection_001020.txt,3,0
test,D:\Study Material\Sem VI\Projects\PBL2\RoadEye\dataset_crack\final_dataset_v5\test\images\sewage_defect_detection_001026.jpg,test/images/sewage_defect_detection_001026.jpg,D:\Study Material\Sem VI\Projects\PBL2\RoadEye\dataset_crack\final_dataset_v5\test\labels\sewage_defect_detection_001026.txt,2,2
test,D:\Study Material\Sem VI\Projects\PBL2\RoadEye\dataset_crack\final_dataset_v5\test\images\sewage_defect_detection_001032.jpg,test/images/sewage_defect_detection_001032.jpg,D:\Study Material\Sem VI\Projects\PBL2\RoadEye\dataset_crack\final_dataset_v5\test\labels\sewage_defect_detection_001032.txt,1,0
test,D:\Study Material\Sem VI\Projects\PBL2\RoadEye\dataset_crack\final_dataset_v5\test\images\sewage_defect_detection_001043.jpg,test/images/sewage_defect_detection_001043.jpg,D:\Study Material\Sem VI\Projects\PBL2\RoadEye\dataset_crack\final_dataset_v5\test\labels\sewage_defect_detection_001043.txt,0,2
test,D:\Study Material\Sem VI\Projects\PBL2\RoadEye\dataset_crack\final_dataset_v5\test\images\sewage_defect_detection_001055.jpg,test/images/sewage_defect_detection_001055.jpg,D:\Study Material\Sem VI\Projects\PBL2\RoadEye\dataset_crack\final_dataset_v5\test\labels\sewage_defect_detection_001055.txt,1,0
test,D:\Study Material\Sem VI\Projects\PBL2\RoadEye\dataset_crack\final_dataset_v5\test\images\sewage_defect_detection_001111.jpg,test/images/sewage_defect_detection_001111.jpg,D:\Study Material\Sem VI\Projects\PBL2\RoadEye\dataset_crack\final_dataset_v5\test\labels\sewage_defect_detection_001111.txt,2,0
test,D:\Study Material\Sem VI\Projects\PBL2\RoadEye\dataset_crack\final_dataset_v5\test\images\sewage_defect_detection_001154.jpg,test/images/sewage_defect_detection_001154.jpg,D:\Study Material\Sem VI\Projects\PBL2\RoadEye\dataset_crack\final_dataset_v5\test\labels\sewage_defect_detection_001154.txt,1,0
test,D:\Study Material\Sem VI\Projects\PBL2\RoadEye\dataset_crack\final_dataset_v5\test\images\sewage_defect_detection_001160.jpg,test/images/sewage_defect_detection_001160.jpg,D:\Study Material\Sem VI\Projects\PBL2\RoadEye\dataset_crack\final_dataset_v5\test\labels\sewage_defect_detection_001160.txt,0,2
test,D:\Study Material\Sem VI\Projects\PBL2\RoadEye\dataset_crack\final_dataset_v5\test\images\sewage_defect_detection_001180.jpg,test/images/sewage_defect_detection_001180.jpg,D:\Study Material\Sem VI\Projects\PBL2\RoadEye\dataset_crack\final_dataset_v5\test\labels\sewage_defect_detection_001180.txt,3,3
test,D:\Study Material\Sem VI\Projects\PBL2\RoadEye\dataset_crack\final_dataset_v5\test\images\sewage_defect_detection_001188.jpg,test/images/sewage_defect_detection_001188.jpg,D:\Study Material\Sem VI\Projects\PBL2\RoadEye\dataset_crack\final_dataset_v5\test\labels\sewage_defect_detection_001188.txt,1,2
test,D:\Study Material\Sem VI\Projects\PBL2\RoadEye\dataset_crack\final_dataset_v5\test\images\sewage_defect_detection_001200.jpg,test/images/sewage_defect_detection_001200.jpg,D:\Study Material\Sem VI\Projects\PBL2\RoadEye\dataset_crack\final_dataset_v5\test\labels\sewage_defect_detection_001200.txt,0,2
test,D:\Study Material\Sem VI\Projects\PBL2\RoadEye\dataset_crack\final_dataset_v5\test\images\sewage_defect_detection_001240.jpg,test/images/sewage_defect_detection_001240.jpg,D:\Study Material\Sem VI\Projects\PBL2\RoadEye\dataset_crack\final_dataset_v5\test\labels\sewage_defect_detection_001240.txt,2,5
test,D:\Study Material\Sem VI\Projects\PBL2\RoadEye\dataset_crack\final_dataset_v5\test\images\sewage_defect_detection_001275.jpg,test/images/sewage_defect_detection_001275.jpg,D:\Study Material\Sem VI\Projects\PBL2\RoadEye\dataset_crack\final_dataset_v5\test\labels\sewage_defect_detection_001275.txt,2,2
test,D:\Study Material\Sem VI\Projects\PBL2\RoadEye\dataset_crack\final_dataset_v5\test\images\sewage_defect_detection_001338.jpg,test/images/sewage_defect_detection_001338.jpg,D:\Study Material\Sem VI\Projects\PBL2\RoadEye\dataset_crack\final_dataset_v5\test\labels\sewage_defect_detection_001338.txt,3,4
test,D:\Study Material\Sem VI\Projects\PBL2\RoadEye\dataset_crack\final_dataset_v5\test\images\sewage_defect_detection_001359.jpg,test/images/sewage_defect_detection_001359.jpg,D:\Study Material\Sem VI\Projects\PBL2\RoadEye\dataset_crack\final_dataset_v5\test\labels\sewage_defect_detection_001359.txt,1,1
test,D:\Study Material\Sem VI\Projects\PBL2\RoadEye\dataset_crack\final_dataset_v5\test\images\sewage_defect_detection_001397.jpg,test/images/sewage_defect_detection_001397.jpg,D:\Study Material\Sem VI\Projects\PBL2\RoadEye\dataset_crack\final_dataset_v5\test\labels\sewage_defect_detection_001397.txt,2,0
test,D:\Study Material\Sem VI\Projects\PBL2\RoadEye\dataset_crack\final_dataset_v5\test\images\sewage_defect_detection_001403.jpg,test/images/sewage_defect_detection_001403.jpg,D:\Study Material\Sem VI\Projects\PBL2\RoadEye\dataset_crack\final_dataset_v5\test\labels\sewage_defect_detection_001403.txt,1,0
test,D:\Study Material\Sem VI\Projects\PBL2\RoadEye\dataset_crack\final_dataset_v5\test\images\sewage_defect_detection_001409.jpg,test/images/sewage_defect_detection_001409.jpg,D:\Study Material\Sem VI\Projects\PBL2\RoadEye\dataset_crack\final_dataset_v5\test\labels\sewage_defect_detection_001409.txt,0,1
test,D:\Study Material\Sem VI\Projects\PBL2\RoadEye\dataset_crack\final_dataset_v5\test\images\sewage_defect_detection_001478.jpg,test/images/sewage_defect_detection_001478.jpg,D:\Study Material\Sem VI\Projects\PBL2\RoadEye\dataset_crack\final_dataset_v5\test\labels\sewage_defect_detection_001478.txt,1,0
test,D:\Study Material\Sem VI\Projects\PBL2\RoadEye\dataset_crack\final_dataset_v5\test\images\sewage_defect_detection_001482.jpg,test/images/sewage_defect_detection_001482.jpg,D:\Study Material\Sem VI\Projects\PBL2\RoadEye\dataset_crack\final_dataset_v5\test\labels\sewage_defect_detection_001482.txt,1,1
test,D:\Study Material\Sem VI\Projects\PBL2\RoadEye\dataset_crack\final_dataset_v5\test\images\sewage_defect_detection_001485.jpg,test/images/sewage_defect_detection_001485.jpg,D:\Study Material\Sem VI\Projects\PBL2\RoadEye\dataset_crack\final_dataset_v5\test\labels\sewage_defect_detection_001485.txt,2,3
test,D:\Study Material\Sem VI\Projects\PBL2\RoadEye\dataset_crack\final_dataset_v5\test\images\sewage_defect_detection_001515.jpg,test/images/sewage_defect_detection_001515.jpg,D:\Study Material\Sem VI\Projects\PBL2\RoadEye\dataset_crack\final_dataset_v5\test\labels\sewage_defect_detection_001515.txt,1,0
test,D:\Study Material\Sem VI\Projects\PBL2\RoadEye\dataset_crack\final_dataset_v5\test\images\sewage_defect_detection_001520.jpg,test/images/sewage_defect_detection_001520.jpg,D:\Study Material\Sem VI\Projects\PBL2\RoadEye\dataset_crack\final_dataset_v5\test\labels\sewage_defect_detection_001520.txt,2,0
test,D:\Study Material\Sem VI\Projects\PBL2\RoadEye\dataset_crack\final_dataset_v5\test\images\sewage_defect_detection_001571.jpg,test/images/sewage_defect_detection_001571.jpg,D:\Study Material\Sem VI\Projects\PBL2\RoadEye\dataset_crack\final_dataset_v5\test\labels\sewage_defect_detection_001571.txt,1,0
test,D:\Study Material\Sem VI\Projects\PBL2\RoadEye\dataset_crack\final_dataset_v5\test\images\sewage_defect_detection_001602.jpg,test/images/sewage_defect_detection_001602.jpg,D:\Study Material\Sem VI\Projects\PBL2\RoadEye\dataset_crack\final_dataset_v5\test\labels\sewage_defect_detection_001602.txt,1,0
test,D:\Study Material\Sem VI\Projects\PBL2\RoadEye\dataset_crack\final_dataset_v5\test\images\sewage_defect_detection_001609.jpg,test/images/sewage_defect_detection_001609.jpg,D:\Study Material\Sem VI\Projects\PBL2\RoadEye\dataset_crack\final_dataset_v5\test\labels\sewage_defect_detection_001609.txt,1,0
test,D:\Study Material\Sem VI\Projects\PBL2\RoadEye\dataset_crack\final_dataset_v5\test\images\sewage_defect_detection_001616.jpg,test/images/sewage_defect_detection_001616.jpg,D:\Study Material\Sem VI\Projects\PBL2\RoadEye\dataset_crack\final_dataset_v5\test\labels\sewage_defect_detection_001616.txt,2,2
test,D:\Study Material\Sem VI\Projects\PBL2\RoadEye\dataset_crack\final_dataset_v5\test\images\sewage_defect_detection_001644.jpg,test/images/sewage_defect_detection_001644.jpg,D:\Study Material\Sem VI\Projects\PBL2\RoadEye\dataset_crack\final_dataset_v5\test\labels\sewage_defect_detection_001644.txt,0,1
test,D:\Study Material\Sem VI\Projects\PBL2\RoadEye\dataset_crack\final_dataset_v5\test\images\sewage_defect_detection_001645.jpg,test/images/sewage_defect_detection_001645.jpg,D:\Study Material\Sem VI\Projects\PBL2\RoadEye\dataset_crack\final_dataset_v5\test\labels\sewage_defect_detection_001645.txt,1,0
test,D:\Study Material\Sem VI\Projects\PBL2\RoadEye\dataset_crack\final_dataset_v5\test\images\sewage_defect_detection_001659.jpg,test/images/sewage_defect_detection_001659.jpg,D:\Study Material\Sem VI\Projects\PBL2\RoadEye\dataset_crack\final_dataset_v5\test\labels\sewage_defect_detection_001659.txt,1,0
test,D:\Study Material\Sem VI\Projects\PBL2\RoadEye\dataset_crack\final_dataset_v5\test\images\sewage_defect_detection_001689.jpg,test/images/sewage_defect_detection_001689.jpg,D:\Study Material\Sem VI\Projects\PBL2\RoadEye\dataset_crack\final_dataset_v5\test\labels\sewage_defect_detection_001689.txt,1,2
test,D:\Study Material\Sem VI\Projects\PBL2\RoadEye\dataset_crack\final_dataset_v5\test\images\sewage_defect_detection_001707.jpg,test/images/sewage_defect_detection_001707.jpg,D:\Study Material\Sem VI\Projects\PBL2\RoadEye\dataset_crack\final_dataset_v5\test\labels\sewage_defect_detection_001707.txt,1,0
test,D:\Study Material\Sem VI\Projects\PBL2\RoadEye\dataset_crack\final_dataset_v5\test\images\sewage_defect_detection_001712.jpg,test/images/sewage_defect_detection_001712.jpg,D:\Study Material\Sem VI\Projects\PBL2\RoadEye\dataset_crack\final_dataset_v5\test\labels\sewage_defect_detection_001712.txt,1,0
test,D:\Study Material\Sem VI\Projects\PBL2\RoadEye\dataset_crack\final_dataset_v5\test\images\sewage_defect_detection_001724.jpg,test/images/sewage_defect_detection_001724.jpg,D:\Study Material\Sem VI\Projects\PBL2\RoadEye\dataset_crack\final_dataset_v5\test\labels\sewage_defect_detection_001724.txt,0,3
test,D:\Study Material\Sem VI\Projects\PBL2\RoadEye\dataset_crack\final_dataset_v5\test\images\sewage_defect_detection_001735.jpg,test/images/sewage_defect_detection_001735.jpg,D:\Study Material\Sem VI\Projects\PBL2\RoadEye\dataset_crack\final_dataset_v5\test\labels\sewage_defect_detection_001735.txt,1,0
test,D:\Study Material\Sem VI\Projects\PBL2\RoadEye\dataset_crack\final_dataset_v5\test\images\sewage_defect_detection_001750.jpg,test/images/sewage_defect_detection_001750.jpg,D:\Study Material\Sem VI\Projects\PBL2\RoadEye\dataset_crack\final_dataset_v5\test\labels\sewage_defect_detection_001750.txt,1,0
test,D:\Study Material\Sem VI\Projects\PBL2\RoadEye\dataset_crack\final_dataset_v5\test\images\sewage_defect_detection_001754.jpg,test/images/sewage_defect_detection_001754.jpg,D:\Study Material\Sem VI\Projects\PBL2\RoadEye\dataset_crack\final_dataset_v5\test\labels\sewage_defect_detection_001754.txt,1,2
test,D:\Study Material\Sem VI\Projects\PBL2\RoadEye\dataset_crack\final_dataset_v5\test\images\sewage_defect_detection_001755.jpg,test/images/sewage_defect_detection_001755.jpg,D:\Study Material\Sem VI\Projects\PBL2\RoadEye\dataset_crack\final_dataset_v5\test\labels\sewage_defect_detection_001755.txt,2,1
test,D:\Study Material\Sem VI\Projects\PBL2\RoadEye\dataset_crack\final_dataset_v5\test\images\sewage_defect_detection_001793.jpg,test/images/sewage_defect_detection_001793.jpg,D:\Study Material\Sem VI\Projects\PBL2\RoadEye\dataset_crack\final_dataset_v5\test\labels\sewage_defect_detection_001793.txt,2,1
test,D:\Study Material\Sem VI\Projects\PBL2\RoadEye\dataset_crack\final_dataset_v5\test\images\sewage_defect_detection_001803.jpg,test/images/sewage_defect_detection_001803.jpg,D:\Study Material\Sem VI\Projects\PBL2\RoadEye\dataset_crack\final_dataset_v5\test\labels\sewage_defect_detection_001803.txt,2,1
test,D:\Study Material\Sem VI\Projects\PBL2\RoadEye\dataset_crack\final_dataset_v5\test\images\sewage_defect_detection_001832.jpg,test/images/sewage_defect_detection_001832.jpg,D:\Study Material\Sem VI\Projects\PBL2\RoadEye\dataset_crack\final_dataset_v5\test\labels\sewage_defect_detection_001832.txt,1,2
test,D:\Study Material\Sem VI\Projects\PBL2\RoadEye\dataset_crack\final_dataset_v5\test\images\sewage_defect_detection_001847.jpg,test/images/sewage_defect_detection_001847.jpg,D:\Study Material\Sem VI\Projects\PBL2\RoadEye\dataset_crack\final_dataset_v5\test\labels\sewage_defect_detection_001847.txt,1,0
test,D:\Study Material\Sem VI\Projects\PBL2\RoadEye\dataset_crack\final_dataset_v5\test\images\sewage_defect_detection_001848.jpg,test/images/sewage_defect_detection_001848.jpg,D:\Study Material\Sem VI\Projects\PBL2\RoadEye\dataset_crack\final_dataset_v5\test\labels\sewage_defect_detection_001848.txt,1,0
test,D:\Study Material\Sem VI\Projects\PBL2\RoadEye\dataset_crack\final_dataset_v5\test\images\sewage_defect_detection_001862.jpg,test/images/sewage_defect_detection_001862.jpg,D:\Study Material\Sem VI\Projects\PBL2\RoadEye\dataset_crack\final_dataset_v5\test\labels\sewage_defect_detection_001862.txt,2,0
test,D:\Study Material\Sem VI\Projects\PBL2\RoadEye\dataset_crack\final_dataset_v5\test\images\sewage_defect_detection_001887.jpg,test/images/sewage_defect_detection_001887.jpg,D:\Study Material\Sem VI\Projects\PBL2\RoadEye\dataset_crack\final_dataset_v5\test\labels\sewage_defect_detection_001887.txt,3,1
test,D:\Study Material\Sem VI\Projects\PBL2\RoadEye\dataset_crack\final_dataset_v5\test\images\sewage_defect_detection_001900.jpg,test/images/sewage_defect_detection_001900.jpg,D:\Study Material\Sem VI\Projects\PBL2\RoadEye\dataset_crack\final_dataset_v5\test\labels\sewage_defect_detection_001900.txt,1,2
test,D:\Study Material\Sem VI\Projects\PBL2\RoadEye\dataset_crack\final_dataset_v5\test\images\sewage_defect_detection_001957.jpg,test/images/sewage_defect_detection_001957.jpg,D:\Study Material\Sem VI\Projects\PBL2\RoadEye\dataset_crack\final_dataset_v5\test\labels\sewage_defect_detection_001957.txt,2,1
test,D:\Study Material\Sem VI\Projects\PBL2\RoadEye\dataset_crack\final_dataset_v5\test\images\sewage_defect_detection_001984.jpg,test/images/sewage_defect_detection_001984.jpg,D:\Study Material\Sem VI\Projects\PBL2\RoadEye\dataset_crack\final_dataset_v5\test\labels\sewage_defect_detection_001984.txt,3,3
test,D:\Study Material\Sem VI\Projects\PBL2\RoadEye\dataset_crack\final_dataset_v5\test\images\sewage_defect_detection_002021.jpg,test/images/sewage_defect_detection_002021.jpg,D:\Study Material\Sem VI\Projects\PBL2\RoadEye\dataset_crack\final_dataset_v5\test\labels\sewage_defect_detection_002021.txt,1,0
test,D:\Study Material\Sem VI\Projects\PBL2\RoadEye\dataset_crack\final_dataset_v5\test\images\sewage_defect_detection_002060.jpg,test/images/sewage_defect_detection_002060.jpg,D:\Study Material\Sem VI\Projects\PBL2\RoadEye\dataset_crack\final_dataset_v5\test\labels\sewage_defect_detection_002060.txt,1,0
test,D:\Study Material\Sem VI\Projects\PBL2\RoadEye\dataset_crack\final_dataset_v5\test\images\sewage_defect_detection_002083.jpg,test/images/sewage_defect_detection_002083.jpg,D:\Study Material\Sem VI\Projects\PBL2\RoadEye\dataset_crack\final_dataset_v5\test\labels\sewage_defect_detection_002083.txt,1,0
test,D:\Study Material\Sem VI\Projects\PBL2\RoadEye\dataset_crack\final_dataset_v5\test\images\sewage_defect_detection_002094.jpg,test/images/sewage_defect_detection_002094.jpg,D:\Study Material\Sem VI\Projects\PBL2\RoadEye\dataset_crack\final_dataset_v5\test\labels\sewage_defect_detection_002094.txt,0,2
test,D:\Study Material\Sem VI\Projects\PBL2\RoadEye\dataset_crack\final_dataset_v5\test\images\sewage_defect_detection_002102.jpg,test/images/sewage_defect_detection_002102.jpg,D:\Study Material\Sem VI\Projects\PBL2\RoadEye\dataset_crack\final_dataset_v5\test\labels\sewage_defect_detection_002102.txt,3,0
test,D:\Study Material\Sem VI\Projects\PBL2\RoadEye\dataset_crack\final_dataset_v5\test\images\sewage_defect_detection_002108.jpg,test/images/sewage_defect_detection_002108.jpg,D:\Study Material\Sem VI\Projects\PBL2\RoadEye\dataset_crack\final_dataset_v5\test\labels\sewage_defect_detection_002108.txt,1,0
test,D:\Study Material\Sem VI\Projects\PBL2\RoadEye\dataset_crack\final_dataset_v5\test\images\sewage_defect_detection_002109.jpg,test/images/sewage_defect_detection_002109.jpg,D:\Study Material\Sem VI\Projects\PBL2\RoadEye\dataset_crack\final_dataset_v5\test\labels\sewage_defect_detection_002109.txt,1,0
test,D:\Study Material\Sem VI\Projects\PBL2\RoadEye\dataset_crack\final_dataset_v5\test\images\sewage_defect_detection_002203.jpg,test/images/sewage_defect_detection_002203.jpg,D:\Study Material\Sem VI\Projects\PBL2\RoadEye\dataset_crack\final_dataset_v5\test\labels\sewage_defect_detection_002203.txt,0,2
test,D:\Study Material\Sem VI\Projects\PBL2\RoadEye\dataset_crack\final_dataset_v5\test\images\sewage_defect_detection_002211.jpg,test/images/sewage_defect_detection_002211.jpg,D:\Study Material\Sem VI\Projects\PBL2\RoadEye\dataset_crack\final_dataset_v5\test\labels\sewage_defect_detection_002211.txt,1,0
test,D:\Study Material\Sem VI\Projects\PBL2\RoadEye\dataset_crack\final_dataset_v5\test\images\sewage_defect_detection_002220.jpg,test/images/sewage_defect_detection_002220.jpg,D:\Study Material\Sem VI\Projects\PBL2\RoadEye\dataset_crack\final_dataset_v5\test\labels\sewage_defect_detection_002220.txt,0,2
test,D:\Study Material\Sem VI\Projects\PBL2\RoadEye\dataset_crack\final_dataset_v5\test\images\sewage_defect_detection_002262.jpg,test/images/sewage_defect_detection_002262.jpg,D:\Study Material\Sem VI\Projects\PBL2\RoadEye\dataset_crack\final_dataset_v5\test\labels\sewage_defect_detection_002262.txt,0,3
test,D:\Study Material\Sem VI\Projects\PBL2\RoadEye\dataset_crack\final_dataset_v5\test\images\sewage_defect_detection_002281.jpg,test/images/sewage_defect_detection_002281.jpg,D:\Study Material\Sem VI\Projects\PBL2\RoadEye\dataset_crack\final_dataset_v5\test\labels\sewage_defect_detection_002281.txt,1,2
test,D:\Study Material\Sem VI\Projects\PBL2\RoadEye\dataset_crack\final_dataset_v5\test\images\sewage_defect_detection_002338.jpg,test/images/sewage_defect_detection_002338.jpg,D:\Study Material\Sem VI\Projects\PBL2\RoadEye\dataset_crack\final_dataset_v5\test\labels\sewage_defect_detection_002338.txt,1,0
test,D:\Study Material\Sem VI\Projects\PBL2\RoadEye\dataset_crack\final_dataset_v5\test\images\sewage_defect_detection_002341.jpg,test/images/sewage_defect_detection_002341.jpg,D:\Study Material\Sem VI\Projects\PBL2\RoadEye\dataset_crack\final_dataset_v5\test\labels\sewage_defect_detection_002341.txt,1,0
test,D:\Study Material\Sem VI\Projects\PBL2\RoadEye\dataset_crack\final_dataset_v5\test\images\sewage_defect_detection_002443.jpg,test/images/sewage_defect_detection_002443.jpg,D:\Study Material\Sem VI\Projects\PBL2\RoadEye\dataset_crack\final_dataset_v5\test\labels\sewage_defect_detection_002443.txt,4,1
test,D:\Study Material\Sem VI\Projects\PBL2\RoadEye\dataset_crack\final_dataset_v5\test\images\sewage_defect_detection_002473.jpg,test/images/sewage_defect_detection_002473.jpg,D:\Study Material\Sem VI\Projects\PBL2\RoadEye\dataset_crack\final_dataset_v5\test\labels\sewage_defect_detection_002473.txt,1,0
test,D:\Study Material\Sem VI\Projects\PBL2\RoadEye\dataset_crack\final_dataset_v5\test\images\sewage_defect_detection_002511.jpg,test/images/sewage_defect_detection_002511.jpg,D:\Study Material\Sem VI\Projects\PBL2\RoadEye\dataset_crack\final_dataset_v5\test\labels\sewage_defect_detection_002511.txt,0,1
test,D:\Study Material\Sem VI\Projects\PBL2\RoadEye\dataset_crack\final_dataset_v5\test\images\sewage_defect_detection_002522.jpg,test/images/sewage_defect_detection_002522.jpg,D:\Study Material\Sem VI\Projects\PBL2\RoadEye\dataset_crack\final_dataset_v5\test\labels\sewage_defect_detection_002522.txt,1,0
test,D:\Study Material\Sem VI\Projects\PBL2\RoadEye\dataset_crack\final_dataset_v5\test\images\sewage_defect_detection_002569.jpg,test/images/sewage_defect_detection_002569.jpg,D:\Study Material\Sem VI\Projects\PBL2\RoadEye\dataset_crack\final_dataset_v5\test\labels\sewage_defect_detection_002569.txt,2,1
test,D:\Study Material\Sem VI\Projects\PBL2\RoadEye\dataset_crack\final_dataset_v5\test\images\sewage_defect_detection_002572.jpg,test/images/sewage_defect_detection_002572.jpg,D:\Study Material\Sem VI\Projects\PBL2\RoadEye\dataset_crack\final_dataset_v5\test\labels\sewage_defect_detection_002572.txt,1,0
test,D:\Study Material\Sem VI\Projects\PBL2\RoadEye\dataset_crack\final_dataset_v5\test\images\sewage_defect_detection_002588.jpg,test/images/sewage_defect_detection_002588.jpg,D:\Study Material\Sem VI\Projects\PBL2\RoadEye\dataset_crack\final_dataset_v5\test\labels\sewage_defect_detection_002588.txt,1,0
test,D:\Study Material\Sem VI\Projects\PBL2\RoadEye\dataset_crack\final_dataset_v5\test\images\sewage_defect_detection_002603.jpg,test/images/sewage_defect_detection_002603.jpg,D:\Study Material\Sem VI\Projects\PBL2\RoadEye\dataset_crack\final_dataset_v5\test\labels\sewage_defect_detection_002603.txt,1,0
test,D:\Study Material\Sem VI\Projects\PBL2\RoadEye\dataset_crack\final_dataset_v5\test\images\sewage_defect_detection_002627.jpg,test/images/sewage_defect_detection_002627.jpg,D:\Study Material\Sem VI\Projects\PBL2\RoadEye\dataset_crack\final_dataset_v5\test\labels\sewage_defect_detection_002627.txt,3,2
test,D:\Study Material\Sem VI\Projects\PBL2\RoadEye\dataset_crack\final_dataset_v5\test\images\sewage_defect_detection_002653.jpg,test/images/sewage_defect_detection_002653.jpg,D:\Study Material\Sem VI\Projects\PBL2\RoadEye\dataset_crack\final_dataset_v5\test\labels\sewage_defect_detection_002653.txt,1,0
test,D:\Study Material\Sem VI\Projects\PBL2\RoadEye\dataset_crack\final_dataset_v5\test\images\sewage_defect_detection_002660.jpg,test/images/sewage_defect_detection_002660.jpg,D:\Study Material\Sem VI\Projects\PBL2\RoadEye\dataset_crack\final_dataset_v5\test\labels\sewage_defect_detection_002660.txt,4,2
test,D:\Study Material\Sem VI\Projects\PBL2\RoadEye\dataset_crack\final_dataset_v5\test\images\sewage_defect_detection_002691.jpg,test/images/sewage_defect_detection_002691.jpg,D:\Study Material\Sem VI\Projects\PBL2\RoadEye\dataset_crack\final_dataset_v5\test\labels\sewage_defect_detection_002691.txt,1,1
test,D:\Study Material\Sem VI\Projects\PBL2\RoadEye\dataset_crack\final_dataset_v5\test\images\sewage_defect_detection_002722.jpg,test/images/sewage_defect_detection_002722.jpg,D:\Study Material\Sem VI\Projects\PBL2\RoadEye\dataset_crack\final_dataset_v5\test\labels\sewage_defect_detection_002722.txt,2,0
test,D:\Study Material\Sem VI\Projects\PBL2\RoadEye\dataset_crack\final_dataset_v5\test\images\sewage_defect_detection_002729.jpg,test/images/sewage_defect_detection_002729.jpg,D:\Study Material\Sem VI\Projects\PBL2\RoadEye\dataset_crack\final_dataset_v5\test\labels\sewage_defect_detection_002729.txt,2,1
test,D:\Study Material\Sem VI\Projects\PBL2\RoadEye\dataset_crack\final_dataset_v5\test\images\sewage_defect_detection_002733.jpg,test/images/sewage_defect_detection_002733.jpg,D:\Study Material\Sem VI\Projects\PBL2\RoadEye\dataset_crack\final_dataset_v5\test\labels\sewage_defect_detection_002733.txt,1,0
test,D:\Study Material\Sem VI\Projects\PBL2\RoadEye\dataset_crack\final_dataset_v5\test\images\sewage_defect_detection_002738.jpg,test/images/sewage_defect_detection_002738.jpg,D:\Study Material\Sem VI\Projects\PBL2\RoadEye\dataset_crack\final_dataset_v5\test\labels\sewage_defect_detection_002738.txt,1,0
test,D:\Study Material\Sem VI\Projects\PBL2\RoadEye\dataset_crack\final_dataset_v5\test\images\sewer_defects_000000.jpg,test/images/sewer_defects_000000.jpg,D:\Study Material\Sem VI\Projects\PBL2\RoadEye\dataset_crack\final_dataset_v5\test\labels\sewer_defects_000000.txt,1,1
test,D:\Study Material\Sem VI\Projects\PBL2\RoadEye\dataset_crack\final_dataset_v5\test\images\sewer_defects_000038.jpg,test/images/sewer_defects_000038.jpg,D:\Study Material\Sem VI\Projects\PBL2\RoadEye\dataset_crack\final_dataset_v5\test\labels\sewer_defects_000038.txt,2,1
test,D:\Study Material\Sem VI\Projects\PBL2\RoadEye\dataset_crack\final_dataset_v5\test\images\sewer_defects_000054.jpg,test/images/sewer_defects_000054.jpg,D:\Study Material\Sem VI\Projects\PBL2\RoadEye\dataset_crack\final_dataset_v5\test\labels\sewer_defects_000054.txt,1,1
test,D:\Study Material\Sem VI\Projects\PBL2\RoadEye\dataset_crack\final_dataset_v5\test\images\sewer_defects_000082.jpg,test/images/sewer_defects_000082.jpg,D:\Study Material\Sem VI\Projects\PBL2\RoadEye\dataset_crack\final_dataset_v5\test\labels\sewer_defects_000082.txt,1,4
test,D:\Study Material\Sem VI\Projects\PBL2\RoadEye\dataset_crack\final_dataset_v5\test\images\sewer_defects_000088.jpg,test/images/sewer_defects_000088.jpg,D:\Study Material\Sem VI\Projects\PBL2\RoadEye\dataset_crack\final_dataset_v5\test\labels\sewer_defects_000088.txt,2,1
test,D:\Study Material\Sem VI\Projects\PBL2\RoadEye\dataset_crack\final_dataset_v5\test\images\sewer_defects_000157.jpg,test/images/sewer_defects_000157.jpg,D:\Study Material\Sem VI\Projects\PBL2\RoadEye\dataset_crack\final_dataset_v5\test\labels\sewer_defects_000157.txt,1,1
test,D:\Study Material\Sem VI\Projects\PBL2\RoadEye\dataset_crack\final_dataset_v5\test\images\sewer_defects_000192.jpg,test/images/sewer_defects_000192.jpg,D:\Study Material\Sem VI\Projects\PBL2\RoadEye\dataset_crack\final_dataset_v5\test\labels\sewer_defects_000192.txt,2,0
test,D:\Study Material\Sem VI\Projects\PBL2\RoadEye\dataset_crack\final_dataset_v5\test\images\sewer_defects_000207.jpg,test/images/sewer_defects_000207.jpg,D:\Study Material\Sem VI\Projects\PBL2\RoadEye\dataset_crack\final_dataset_v5\test\labels\sewer_defects_000207.txt,2,0
test,D:\Study Material\Sem VI\Projects\PBL2\RoadEye\dataset_crack\final_dataset_v5\test\images\sewer_defects_000232.jpg,test/images/sewer_defects_000232.jpg,D:\Study Material\Sem VI\Projects\PBL2\RoadEye\dataset_crack\final_dataset_v5\test\labels\sewer_defects_000232.txt,2,0
test,D:\Study Material\Sem VI\Projects\PBL2\RoadEye\dataset_crack\final_dataset_v5\test\images\sewer_defects_000244.jpg,test/images/sewer_defects_000244.jpg,D:\Study Material\Sem VI\Projects\PBL2\RoadEye\dataset_crack\final_dataset_v5\test\labels\sewer_defects_000244.txt,1,0
test,D:\Study Material\Sem VI\Projects\PBL2\RoadEye\dataset_crack\final_dataset_v5\test\images\sewer_defects_000258.jpg,test/images/sewer_defects_000258.jpg,D:\Study Material\Sem VI\Projects\PBL2\RoadEye\dataset_crack\final_dataset_v5\test\labels\sewer_defects_000258.txt,3,4
test,D:\Study Material\Sem VI\Projects\PBL2\RoadEye\dataset_crack\final_dataset_v5\test\images\sewer_defects_000260.jpg,test/images/sewer_defects_000260.jpg,D:\Study Material\Sem VI\Projects\PBL2\RoadEye\dataset_crack\final_dataset_v5\test\labels\sewer_defects_000260.txt,2,2
test,D:\Study Material\Sem VI\Projects\PBL2\RoadEye\dataset_crack\final_dataset_v5\test\images\sewer_defects_000263.jpg,test/images/sewer_defects_000263.jpg,D:\Study Material\Sem VI\Projects\PBL2\RoadEye\dataset_crack\final_dataset_v5\test\labels\sewer_defects_000263.txt,0,2
test,D:\Study Material\Sem VI\Projects\PBL2\RoadEye\dataset_crack\final_dataset_v5\test\images\sewer_defects_000290.jpg,test/images/sewer_defects_000290.jpg,D:\Study Material\Sem VI\Projects\PBL2\RoadEye\dataset_crack\final_dataset_v5\test\labels\sewer_defects_000290.txt,2,1
test,D:\Study Material\Sem VI\Projects\PBL2\RoadEye\dataset_crack\final_dataset_v5\test\images\sewer_defects_000296.jpg,test/images/sewer_defects_000296.jpg,D:\Study Material\Sem VI\Projects\PBL2\RoadEye\dataset_crack\final_dataset_v5\test\labels\sewer_defects_000296.txt,1,3
test,D:\Study Material\Sem VI\Projects\PBL2\RoadEye\dataset_crack\final_dataset_v5\test\images\sewer_defects_000348.jpg,test/images/sewer_defects_000348.jpg,D:\Study Material\Sem VI\Projects\PBL2\RoadEye\dataset_crack\final_dataset_v5\test\labels\sewer_defects_000348.txt,2,0
test,D:\Study Material\Sem VI\Projects\PBL2\RoadEye\dataset_crack\final_dataset_v5\test\images\sewer_defects_000369.jpg,test/images/sewer_defects_000369.jpg,D:\Study Material\Sem VI\Projects\PBL2\RoadEye\dataset_crack\final_dataset_v5\test\labels\sewer_defects_000369.txt,1,0
test,D:\Study Material\Sem VI\Projects\PBL2\RoadEye\dataset_crack\final_dataset_v5\test\images\sewer_defects_000413.jpg,test/images/sewer_defects_000413.jpg,D:\Study Material\Sem VI\Projects\PBL2\RoadEye\dataset_crack\final_dataset_v5\test\labels\sewer_defects_000413.txt,2,2
test,D:\Study Material\Sem VI\Projects\PBL2\RoadEye\dataset_crack\final_dataset_v5\test\images\sewer_defects_000486.jpg,test/images/sewer_defects_000486.jpg,D:\Study Material\Sem VI\Projects\PBL2\RoadEye\dataset_crack\final_dataset_v5\test\labels\sewer_defects_000486.txt,1,0
test,D:\Study Material\Sem VI\Projects\PBL2\RoadEye\dataset_crack\final_dataset_v5\test\images\sewer_defects_000492.jpg,test/images/sewer_defects_000492.jpg,D:\Study Material\Sem VI\Projects\PBL2\RoadEye\dataset_crack\final_dataset_v5\test\labels\sewer_defects_000492.txt,1,0
test,D:\Study Material\Sem VI\Projects\PBL2\RoadEye\dataset_crack\final_dataset_v5\test\images\sewer_defects_000507.jpg,test/images/sewer_defects_000507.jpg,D:\Study Material\Sem VI\Projects\PBL2\RoadEye\dataset_crack\final_dataset_v5\test\labels\sewer_defects_000507.txt,0,1
test,D:\Study Material\Sem VI\Projects\PBL2\RoadEye\dataset_crack\final_dataset_v5\test\images\sewer_defects_000517.jpg,test/images/sewer_defects_000517.jpg,D:\Study Material\Sem VI\Projects\PBL2\RoadEye\dataset_crack\final_dataset_v5\test\labels\sewer_defects_000517.txt,1,1
test,D:\Study Material\Sem VI\Projects\PBL2\RoadEye\dataset_crack\final_dataset_v5\test\images\sewer_defects_000522.jpg,test/images/sewer_defects_000522.jpg,D:\Study Material\Sem VI\Projects\PBL2\RoadEye\dataset_crack\final_dataset_v5\test\labels\sewer_defects_000522.txt,3,0
test,D:\Study Material\Sem VI\Projects\PBL2\RoadEye\dataset_crack\final_dataset_v5\test\images\sewer_defects_000523.jpg,test/images/sewer_defects_000523.jpg,D:\Study Material\Sem VI\Projects\PBL2\RoadEye\dataset_crack\final_dataset_v5\test\labels\sewer_defects_000523.txt,2,0
test,D:\Study Material\Sem VI\Projects\PBL2\RoadEye\dataset_crack\final_dataset_v5\test\images\sewer_defects_000527.jpg,test/images/sewer_defects_000527.jpg,D:\Study Material\Sem VI\Projects\PBL2\RoadEye\dataset_crack\final_dataset_v5\test\labels\sewer_defects_000527.txt,1,0
test,D:\Study Material\Sem VI\Projects\PBL2\RoadEye\dataset_crack\final_dataset_v5\test\images\sewer_defects_000542.jpg,test/images/sewer_defects_000542.jpg,D:\Study Material\Sem VI\Projects\PBL2\RoadEye\dataset_crack\final_dataset_v5\test\labels\sewer_defects_000542.txt,1,0
test,D:\Study Material\Sem VI\Projects\PBL2\RoadEye\dataset_crack\final_dataset_v5\test\images\sewer_defects_000552.jpg,test/images/sewer_defects_000552.jpg,D:\Study Material\Sem VI\Projects\PBL2\RoadEye\dataset_crack\final_dataset_v5\test\labels\sewer_defects_000552.txt,2,0
test,D:\Study Material\Sem VI\Projects\PBL2\RoadEye\dataset_crack\final_dataset_v5\test\images\sewer_defects_000565.jpg,test/images/sewer_defects_000565.jpg,D:\Study Material\Sem VI\Projects\PBL2\RoadEye\dataset_crack\final_dataset_v5\test\labels\sewer_defects_000565.txt,1,0
test,D:\Study Material\Sem VI\Projects\PBL2\RoadEye\dataset_crack\final_dataset_v5\test\images\sewer_defects_000732.jpg,test/images/sewer_defects_000732.jpg,D:\Study Material\Sem VI\Projects\PBL2\RoadEye\dataset_crack\final_dataset_v5\test\labels\sewer_defects_000732.txt,2,0
test,D:\Study Material\Sem VI\Projects\PBL2\RoadEye\dataset_crack\final_dataset_v5\test\images\sewer_defects_000734.jpg,test/images/sewer_defects_000734.jpg,D:\Study Material\Sem VI\Projects\PBL2\RoadEye\dataset_crack\final_dataset_v5\test\labels\sewer_defects_000734.txt,4,2
test,D:\Study Material\Sem VI\Projects\PBL2\RoadEye\dataset_crack\final_dataset_v5\test\images\sewer_defects_000781.jpg,test/images/sewer_defects_000781.jpg,D:\Study Material\Sem VI\Projects\PBL2\RoadEye\dataset_crack\final_dataset_v5\test\labels\sewer_defects_000781.txt,0,1
test,D:\Study Material\Sem VI\Projects\PBL2\RoadEye\dataset_crack\final_dataset_v5\test\images\sewer_defects_000791.jpg,test/images/sewer_defects_000791.jpg,D:\Study Material\Sem VI\Projects\PBL2\RoadEye\dataset_crack\final_dataset_v5\test\labels\sewer_defects_000791.txt,1,1
test,D:\Study Material\Sem VI\Projects\PBL2\RoadEye\dataset_crack\final_dataset_v5\test\images\sewer_defects_000908.jpg,test/images/sewer_defects_000908.jpg,D:\Study Material\Sem VI\Projects\PBL2\RoadEye\dataset_crack\final_dataset_v5\test\labels\sewer_defects_000908.txt,0,2
test,D:\Study Material\Sem VI\Projects\PBL2\RoadEye\dataset_crack\final_dataset_v5\test\images\sewer_defects_000913.jpg,test/images/sewer_defects_000913.jpg,D:\Study Material\Sem VI\Projects\PBL2\RoadEye\dataset_crack\final_dataset_v5\test\labels\sewer_defects_000913.txt,2,1
test,D:\Study Material\Sem VI\Projects\PBL2\RoadEye\dataset_crack\final_dataset_v5\test\images\sewer_defects_000929.jpg,test/images/sewer_defects_000929.jpg,D:\Study Material\Sem VI\Projects\PBL2\RoadEye\dataset_crack\final_dataset_v5\test\labels\sewer_defects_000929.txt,1,0
test,D:\Study Material\Sem VI\Projects\PBL2\RoadEye\dataset_crack\final_dataset_v5\test\images\sewer_defects_000932.jpg,test/images/sewer_defects_000932.jpg,D:\Study Material\Sem VI\Projects\PBL2\RoadEye\dataset_crack\final_dataset_v5\test\labels\sewer_defects_000932.txt,2,1
test,D:\Study Material\Sem VI\Projects\PBL2\RoadEye\dataset_crack\final_dataset_v5\test\images\sewer_defects_001009.jpg,test/images/sewer_defects_001009.jpg,D:\Study Material\Sem VI\Projects\PBL2\RoadEye\dataset_crack\final_dataset_v5\test\labels\sewer_defects_001009.txt,1,0
test,D:\Study Material\Sem VI\Projects\PBL2\RoadEye\dataset_crack\final_dataset_v5\test\images\sewer_defects_001074.jpg,test/images/sewer_defects_001074.jpg,D:\Study Material\Sem VI\Projects\PBL2\RoadEye\dataset_crack\final_dataset_v5\test\labels\sewer_defects_001074.txt,1,0
test,D:\Study Material\Sem VI\Projects\PBL2\RoadEye\dataset_crack\final_dataset_v5\test\images\sewer_defects_001084.jpg,test/images/sewer_defects_001084.jpg,D:\Study Material\Sem VI\Projects\PBL2\RoadEye\dataset_crack\final_dataset_v5\test\labels\sewer_defects_001084.txt,0,1
test,D:\Study Material\Sem VI\Projects\PBL2\RoadEye\dataset_crack\final_dataset_v5\test\images\sewer_defects_001089.jpg,test/images/sewer_defects_001089.jpg,D:\Study Material\Sem VI\Projects\PBL2\RoadEye\dataset_crack\final_dataset_v5\test\labels\sewer_defects_001089.txt,1,1
test,D:\Study Material\Sem VI\Projects\PBL2\RoadEye\dataset_crack\final_dataset_v5\test\images\sewer_defects_001093.jpg,test/images/sewer_defects_001093.jpg,D:\Study Material\Sem VI\Projects\PBL2\RoadEye\dataset_crack\final_dataset_v5\test\labels\sewer_defects_001093.txt,0,1
test,D:\Study Material\Sem VI\Projects\PBL2\RoadEye\dataset_crack\final_dataset_v5\test\images\sewer_defects_001110.jpg,test/images/sewer_defects_001110.jpg,D:\Study Material\Sem VI\Projects\PBL2\RoadEye\dataset_crack\final_dataset_v5\test\labels\sewer_defects_001110.txt,2,0
test,D:\Study Material\Sem VI\Projects\PBL2\RoadEye\dataset_crack\final_dataset_v5\test\images\sewer_defects_001119.jpg,test/images/sewer_defects_001119.jpg,D:\Study Material\Sem VI\Projects\PBL2\RoadEye\dataset_crack\final_dataset_v5\test\labels\sewer_defects_001119.txt,2,5
test,D:\Study Material\Sem VI\Projects\PBL2\RoadEye\dataset_crack\final_dataset_v5\test\images\sewer_defects_001136.jpg,test/images/sewer_defects_001136.jpg,D:\Study Material\Sem VI\Projects\PBL2\RoadEye\dataset_crack\final_dataset_v5\test\labels\sewer_defects_001136.txt,1,0
test,D:\Study Material\Sem VI\Projects\PBL2\RoadEye\dataset_crack\final_dataset_v5\test\images\sewer_defects_001137.jpg,test/images/sewer_defects_001137.jpg,D:\Study Material\Sem VI\Projects\PBL2\RoadEye\dataset_crack\final_dataset_v5\test\labels\sewer_defects_001137.txt,1,2
test,D:\Study Material\Sem VI\Projects\PBL2\RoadEye\dataset_crack\final_dataset_v5\test\images\sewer_defects_001143.jpg,test/images/sewer_defects_001143.jpg,D:\Study Material\Sem VI\Projects\PBL2\RoadEye\dataset_crack\final_dataset_v5\test\labels\sewer_defects_001143.txt,1,0
test,D:\Study Material\Sem VI\Projects\PBL2\RoadEye\dataset_crack\final_dataset_v5\test\images\sewer_defects_001207.jpg,test/images/sewer_defects_001207.jpg,D:\Study Material\Sem VI\Projects\PBL2\RoadEye\dataset_crack\final_dataset_v5\test\labels\sewer_defects_001207.txt,1,0
test,D:\Study Material\Sem VI\Projects\PBL2\RoadEye\dataset_crack\final_dataset_v5\test\images\sewer_defects_001223.jpg,test/images/sewer_defects_001223.jpg,D:\Study Material\Sem VI\Projects\PBL2\RoadEye\dataset_crack\final_dataset_v5\test\labels\sewer_defects_001223.txt,1,0
test,D:\Study Material\Sem VI\Projects\PBL2\RoadEye\dataset_crack\final_dataset_v5\test\images\sewer_defects_001250.jpg,test/images/sewer_defects_001250.jpg,D:\Study Material\Sem VI\Projects\PBL2\RoadEye\dataset_crack\final_dataset_v5\test\labels\sewer_defects_001250.txt,1,2
test,D:\Study Material\Sem VI\Projects\PBL2\RoadEye\dataset_crack\final_dataset_v5\test\images\sewer_defects_001252.jpg,test/images/sewer_defects_001252.jpg,D:\Study Material\Sem VI\Projects\PBL2\RoadEye\dataset_crack\final_dataset_v5\test\labels\sewer_defects_001252.txt,1,0
test,D:\Study Material\Sem VI\Projects\PBL2\RoadEye\dataset_crack\final_dataset_v5\test\images\sewer_defects_001334.jpg,test/images/sewer_defects_001334.jpg,D:\Study Material\Sem VI\Projects\PBL2\RoadEye\dataset_crack\final_dataset_v5\test\labels\sewer_defects_001334.txt,1,1
test,D:\Study Material\Sem VI\Projects\PBL2\RoadEye\dataset_crack\final_dataset_v5\test\images\sewer_defects_001342.jpg,test/images/sewer_defects_001342.jpg,D:\Study Material\Sem VI\Projects\PBL2\RoadEye\dataset_crack\final_dataset_v5\test\labels\sewer_defects_001342.txt,2,5
test,D:\Study Material\Sem VI\Projects\PBL2\RoadEye\dataset_crack\final_dataset_v5\test\images\sewer_defects_001349.jpg,test/images/sewer_defects_001349.jpg,D:\Study Material\Sem VI\Projects\PBL2\RoadEye\dataset_crack\final_dataset_v5\test\labels\sewer_defects_001349.txt,1,0
test,D:\Study Material\Sem VI\Projects\PBL2\RoadEye\dataset_crack\final_dataset_v5\test\images\sewer_defects_001436.jpg,test/images/sewer_defects_001436.jpg,D:\Study Material\Sem VI\Projects\PBL2\RoadEye\dataset_crack\final_dataset_v5\test\labels\sewer_defects_001436.txt,0,2
test,D:\Study Material\Sem VI\Projects\PBL2\RoadEye\dataset_crack\final_dataset_v5\test\images\sewer_defects_001441.jpg,test/images/sewer_defects_001441.jpg,D:\Study Material\Sem VI\Projects\PBL2\RoadEye\dataset_crack\final_dataset_v5\test\labels\sewer_defects_001441.txt,2,0
test,D:\Study Material\Sem VI\Projects\PBL2\RoadEye\dataset_crack\final_dataset_v5\test\images\sewer_defects_001455.jpg,test/images/sewer_defects_001455.jpg,D:\Study Material\Sem VI\Projects\PBL2\RoadEye\dataset_crack\final_dataset_v5\test\labels\sewer_defects_001455.txt,5,7
test,D:\Study Material\Sem VI\Projects\PBL2\RoadEye\dataset_crack\final_dataset_v5\test\images\sewer_defects_001479.jpg,test/images/sewer_defects_001479.jpg,D:\Study Material\Sem VI\Projects\PBL2\RoadEye\dataset_crack\final_dataset_v5\test\labels\sewer_defects_001479.txt,2,6
test,D:\Study Material\Sem VI\Projects\PBL2\RoadEye\dataset_crack\final_dataset_v5\test\images\sewer_defects_001491.jpg,test/images/sewer_defects_001491.jpg,D:\Study Material\Sem VI\Projects\PBL2\RoadEye\dataset_crack\final_dataset_v5\test\labels\sewer_defects_001491.txt,2,3
test,D:\Study Material\Sem VI\Projects\PBL2\RoadEye\dataset_crack\final_dataset_v5\test\images\sewer_defects_001500.jpg,test/images/sewer_defects_001500.jpg,D:\Study Material\Sem VI\Projects\PBL2\RoadEye\dataset_crack\final_dataset_v5\test\labels\sewer_defects_001500.txt,1,0
test,D:\Study Material\Sem VI\Projects\PBL2\RoadEye\dataset_crack\final_dataset_v5\test\images\sewer_defects_001532.jpg,test/images/sewer_defects_001532.jpg,D:\Study Material\Sem VI\Projects\PBL2\RoadEye\dataset_crack\final_dataset_v5\test\labels\sewer_defects_001532.txt,1,0
test,D:\Study Material\Sem VI\Projects\PBL2\RoadEye\dataset_crack\final_dataset_v5\test\images\sewer_defects_001566.jpg,test/images/sewer_defects_001566.jpg,D:\Study Material\Sem VI\Projects\PBL2\RoadEye\dataset_crack\final_dataset_v5\test\labels\sewer_defects_001566.txt,1,7
test,D:\Study Material\Sem VI\Projects\PBL2\RoadEye\dataset_crack\final_dataset_v5\test\images\sewer_defects_001620.jpg,test/images/sewer_defects_001620.jpg,D:\Study Material\Sem VI\Projects\PBL2\RoadEye\dataset_crack\final_dataset_v5\test\labels\sewer_defects_001620.txt,3,4
test,D:\Study Material\Sem VI\Projects\PBL2\RoadEye\dataset_crack\final_dataset_v5\test\images\sewer_defects_001623.jpg,test/images/sewer_defects_001623.jpg,D:\Study Material\Sem VI\Projects\PBL2\RoadEye\dataset_crack\final_dataset_v5\test\labels\sewer_defects_001623.txt,1,0
test,D:\Study Material\Sem VI\Projects\PBL2\RoadEye\dataset_crack\final_dataset_v5\test\images\sewer_defects_001718.jpg,test/images/sewer_defects_001718.jpg,D:\Study Material\Sem VI\Projects\PBL2\RoadEye\dataset_crack\final_dataset_v5\test\labels\sewer_defects_001718.txt,1,0
test,D:\Study Material\Sem VI\Projects\PBL2\RoadEye\dataset_crack\final_dataset_v5\test\images\sewer_defects_001719.jpg,test/images/sewer_defects_001719.jpg,D:\Study Material\Sem VI\Projects\PBL2\RoadEye\dataset_crack\final_dataset_v5\test\labels\sewer_defects_001719.txt,1,1
test,D:\Study Material\Sem VI\Projects\PBL2\RoadEye\dataset_crack\final_dataset_v5\test\images\sewer_defects_001749.jpg,test/images/sewer_defects_001749.jpg,D:\Study Material\Sem VI\Projects\PBL2\RoadEye\dataset_crack\final_dataset_v5\test\labels\sewer_defects_001749.txt,3,0
test,D:\Study Material\Sem VI\Projects\PBL2\RoadEye\dataset_crack\final_dataset_v5\test\images\sewer_defects_001804.jpg,test/images/sewer_defects_001804.jpg,D:\Study Material\Sem VI\Projects\PBL2\RoadEye\dataset_crack\final_dataset_v5\test\labels\sewer_defects_001804.txt,1,5
test,D:\Study Material\Sem VI\Projects\PBL2\RoadEye\dataset_crack\final_dataset_v5\test\images\sewer_defects_001806.jpg,test/images/sewer_defects_001806.jpg,D:\Study Material\Sem VI\Projects\PBL2\RoadEye\dataset_crack\final_dataset_v5\test\labels\sewer_defects_001806.txt,1,3
test,D:\Study Material\Sem VI\Projects\PBL2\RoadEye\dataset_crack\final_dataset_v5\test\images\sewer_defects_001811.jpg,test/images/sewer_defects_001811.jpg,D:\Study Material\Sem VI\Projects\PBL2\RoadEye\dataset_crack\final_dataset_v5\test\labels\sewer_defects_001811.txt,0,7
test,D:\Study Material\Sem VI\Projects\PBL2\RoadEye\dataset_crack\final_dataset_v5\test\images\sewer_defects_001812.jpg,test/images/sewer_defects_001812.jpg,D:\Study Material\Sem VI\Projects\PBL2\RoadEye\dataset_crack\final_dataset_v5\test\labels\sewer_defects_001812.txt,2,3
test,D:\Study Material\Sem VI\Projects\PBL2\RoadEye\dataset_crack\final_dataset_v5\test\images\sewer_defects_001835.jpg,test/images/sewer_defects_001835.jpg,D:\Study Material\Sem VI\Projects\PBL2\RoadEye\dataset_crack\final_dataset_v5\test\labels\sewer_defects_001835.txt,1,1
test,D:\Study Material\Sem VI\Projects\PBL2\RoadEye\dataset_crack\final_dataset_v5\test\images\sewer_defects_001886.jpg,test/images/sewer_defects_001886.jpg,D:\Study Material\Sem VI\Projects\PBL2\RoadEye\dataset_crack\final_dataset_v5\test\labels\sewer_defects_001886.txt,1,1
test,D:\Study Material\Sem VI\Projects\PBL2\RoadEye\dataset_crack\final_dataset_v5\test\images\sewer_defects_001888.jpg,test/images/sewer_defects_001888.jpg,D:\Study Material\Sem VI\Projects\PBL2\RoadEye\dataset_crack\final_dataset_v5\test\labels\sewer_defects_001888.txt,1,0
test,D:\Study Material\Sem VI\Projects\PBL2\RoadEye\dataset_crack\final_dataset_v5\test\images\sewer_defects_001914.jpg,test/images/sewer_defects_001914.jpg,D:\Study Material\Sem VI\Projects\PBL2\RoadEye\dataset_crack\final_dataset_v5\test\labels\sewer_defects_001914.txt,1,0
test,D:\Study Material\Sem VI\Projects\PBL2\RoadEye\dataset_crack\final_dataset_v5\test\images\sewer_defects_001973.jpg,test/images/sewer_defects_001973.jpg,D:\Study Material\Sem VI\Projects\PBL2\RoadEye\dataset_crack\final_dataset_v5\test\labels\sewer_defects_001973.txt,1,0
test,D:\Study Material\Sem VI\Projects\PBL2\RoadEye\dataset_crack\final_dataset_v5\test\images\sewer_defects_001981.jpg,test/images/sewer_defects_001981.jpg,D:\Study Material\Sem VI\Projects\PBL2\RoadEye\dataset_crack\final_dataset_v5\test\labels\sewer_defects_001981.txt,1,2
test,D:\Study Material\Sem VI\Projects\PBL2\RoadEye\dataset_crack\final_dataset_v5\test\images\sewer_defects_002020.jpg,test/images/sewer_defects_002020.jpg,D:\Study Material\Sem VI\Projects\PBL2\RoadEye\dataset_crack\final_dataset_v5\test\labels\sewer_defects_002020.txt,1,1
test,D:\Study Material\Sem VI\Projects\PBL2\RoadEye\dataset_crack\final_dataset_v5\test\images\sewer_defects_002045.jpg,test/images/sewer_defects_002045.jpg,D:\Study Material\Sem VI\Projects\PBL2\RoadEye\dataset_crack\final_dataset_v5\test\labels\sewer_defects_002045.txt,2,0
test,D:\Study Material\Sem VI\Projects\PBL2\RoadEye\dataset_crack\final_dataset_v5\test\images\sewer_defects_002112.jpg,test/images/sewer_defects_002112.jpg,D:\Study Material\Sem VI\Projects\PBL2\RoadEye\dataset_crack\final_dataset_v5\test\labels\sewer_defects_002112.txt,1,1
test,D:\Study Material\Sem VI\Projects\PBL2\RoadEye\dataset_crack\final_dataset_v5\test\images\sewer_defects_002114.jpg,test/images/sewer_defects_002114.jpg,D:\Study Material\Sem VI\Projects\PBL2\RoadEye\dataset_crack\final_dataset_v5\test\labels\sewer_defects_002114.txt,1,0
test,D:\Study Material\Sem VI\Projects\PBL2\RoadEye\dataset_crack\final_dataset_v5\test\images\sewer_defects_002115.jpg,test/images/sewer_defects_002115.jpg,D:\Study Material\Sem VI\Projects\PBL2\RoadEye\dataset_crack\final_dataset_v5\test\labels\sewer_defects_002115.txt,4,0
test,D:\Study Material\Sem VI\Projects\PBL2\RoadEye\dataset_crack\final_dataset_v5\test\images\sewer_defects_002120.jpg,test/images/sewer_defects_002120.jpg,D:\Study Material\Sem VI\Projects\PBL2\RoadEye\dataset_crack\final_dataset_v5\test\labels\sewer_defects_002120.txt,2,3
test,D:\Study Material\Sem VI\Projects\PBL2\RoadEye\dataset_crack\final_dataset_v5\test\images\sewer_defects_002124.jpg,test/images/sewer_defects_002124.jpg,D:\Study Material\Sem VI\Projects\PBL2\RoadEye\dataset_crack\final_dataset_v5\test\labels\sewer_defects_002124.txt,2,2
test,D:\Study Material\Sem VI\Projects\PBL2\RoadEye\dataset_crack\final_dataset_v5\test\images\sewer_defects_002133.jpg,test/images/sewer_defects_002133.jpg,D:\Study Material\Sem VI\Projects\PBL2\RoadEye\dataset_crack\final_dataset_v5\test\labels\sewer_defects_002133.txt,1,0
test,D:\Study Material\Sem VI\Projects\PBL2\RoadEye\dataset_crack\final_dataset_v5\test\images\sewer_defects_002196.jpg,test/images/sewer_defects_002196.jpg,D:\Study Material\Sem VI\Projects\PBL2\RoadEye\dataset_crack\final_dataset_v5\test\labels\sewer_defects_002196.txt,3,0
test,D:\Study Material\Sem VI\Projects\PBL2\RoadEye\dataset_crack\final_dataset_v5\test\images\sewer_defects_002258.jpg,test/images/sewer_defects_002258.jpg,D:\Study Material\Sem VI\Projects\PBL2\RoadEye\dataset_crack\final_dataset_v5\test\labels\sewer_defects_002258.txt,1,0
test,D:\Study Material\Sem VI\Projects\PBL2\RoadEye\dataset_crack\final_dataset_v5\test\images\sewer_defects_002263.jpg,test/images/sewer_defects_002263.jpg,D:\Study Material\Sem VI\Projects\PBL2\RoadEye\dataset_crack\final_dataset_v5\test\labels\sewer_defects_002263.txt,3,1
test,D:\Study Material\Sem VI\Projects\PBL2\RoadEye\dataset_crack\final_dataset_v5\test\images\sewer_defects_002271.jpg,test/images/sewer_defects_002271.jpg,D:\Study Material\Sem VI\Projects\PBL2\RoadEye\dataset_crack\final_dataset_v5\test\labels\sewer_defects_002271.txt,1,0
test,D:\Study Material\Sem VI\Projects\PBL2\RoadEye\dataset_crack\final_dataset_v5\test\images\sewer_defects_002287.jpg,test/images/sewer_defects_002287.jpg,D:\Study Material\Sem VI\Projects\PBL2\RoadEye\dataset_crack\final_dataset_v5\test\labels\sewer_defects_002287.txt,1,1
test,D:\Study Material\Sem VI\Projects\PBL2\RoadEye\dataset_crack\final_dataset_v5\test\images\sewer_defects_002303.jpg,test/images/sewer_defects_002303.jpg,D:\Study Material\Sem VI\Projects\PBL2\RoadEye\dataset_crack\final_dataset_v5\test\labels\sewer_defects_002303.txt,1,0
test,D:\Study Material\Sem VI\Projects\PBL2\RoadEye\dataset_crack\final_dataset_v5\test\images\sewer_defects_002332.jpg,test/images/sewer_defects_002332.jpg,D:\Study Material\Sem VI\Projects\PBL2\RoadEye\dataset_crack\final_dataset_v5\test\labels\sewer_defects_002332.txt,2,2
test,D:\Study Material\Sem VI\Projects\PBL2\RoadEye\dataset_crack\final_dataset_v5\test\images\sewer_defects_002353.jpg,test/images/sewer_defects_002353.jpg,D:\Study Material\Sem VI\Projects\PBL2\RoadEye\dataset_crack\final_dataset_v5\test\labels\sewer_defects_002353.txt,1,0
test,D:\Study Material\Sem VI\Projects\PBL2\RoadEye\dataset_crack\final_dataset_v5\test\images\sewer_defects_002355.jpg,test/images/sewer_defects_002355.jpg,D:\Study Material\Sem VI\Projects\PBL2\RoadEye\dataset_crack\final_dataset_v5\test\labels\sewer_defects_002355.txt,1,3
test,D:\Study Material\Sem VI\Projects\PBL2\RoadEye\dataset_crack\final_dataset_v5\test\images\sewer_defects_002389.jpg,test/images/sewer_defects_002389.jpg,D:\Study Material\Sem VI\Projects\PBL2\RoadEye\dataset_crack\final_dataset_v5\test\labels\sewer_defects_002389.txt,4,6
test,D:\Study Material\Sem VI\Projects\PBL2\RoadEye\dataset_crack\final_dataset_v5\test\images\sewer_defects_002395.jpg,test/images/sewer_defects_002395.jpg,D:\Study Material\Sem VI\Projects\PBL2\RoadEye\dataset_crack\final_dataset_v5\test\labels\sewer_defects_002395.txt,3,0
test,D:\Study Material\Sem VI\Projects\PBL2\RoadEye\dataset_crack\final_dataset_v5\test\images\sewer_defects_002424.jpg,test/images/sewer_defects_002424.jpg,D:\Study Material\Sem VI\Projects\PBL2\RoadEye\dataset_crack\final_dataset_v5\test\labels\sewer_defects_002424.txt,1,0
test,D:\Study Material\Sem VI\Projects\PBL2\RoadEye\dataset_crack\final_dataset_v5\test\images\sewer_defects_002431.jpg,test/images/sewer_defects_002431.jpg,D:\Study Material\Sem VI\Projects\PBL2\RoadEye\dataset_crack\final_dataset_v5\test\labels\sewer_defects_002431.txt,1,5
test,D:\Study Material\Sem VI\Projects\PBL2\RoadEye\dataset_crack\final_dataset_v5\test\images\sewer_defects_002436.jpg,test/images/sewer_defects_002436.jpg,D:\Study Material\Sem VI\Projects\PBL2\RoadEye\dataset_crack\final_dataset_v5\test\labels\sewer_defects_002436.txt,1,2
test,D:\Study Material\Sem VI\Projects\PBL2\RoadEye\dataset_crack\final_dataset_v5\test\images\sewer_defects_002452.jpg,test/images/sewer_defects_002452.jpg,D:\Study Material\Sem VI\Projects\PBL2\RoadEye\dataset_crack\final_dataset_v5\test\labels\sewer_defects_002452.txt,2,3
test,D:\Study Material\Sem VI\Projects\PBL2\RoadEye\dataset_crack\final_dataset_v5\test\images\sewer_defects_002462.jpg,test/images/sewer_defects_002462.jpg,D:\Study Material\Sem VI\Projects\PBL2\RoadEye\dataset_crack\final_dataset_v5\test\labels\sewer_defects_002462.txt,1,1
test,D:\Study Material\Sem VI\Projects\PBL2\RoadEye\dataset_crack\final_dataset_v5\test\images\sewer_defects_002474.jpg,test/images/sewer_defects_002474.jpg,D:\Study Material\Sem VI\Projects\PBL2\RoadEye\dataset_crack\final_dataset_v5\test\labels\sewer_defects_002474.txt,0,2
test,D:\Study Material\Sem VI\Projects\PBL2\RoadEye\dataset_crack\final_dataset_v5\test\images\sewer_defects_002483.jpg,test/images/sewer_defects_002483.jpg,D:\Study Material\Sem VI\Projects\PBL2\RoadEye\dataset_crack\final_dataset_v5\test\labels\sewer_defects_002483.txt,1,0
test,D:\Study Material\Sem VI\Projects\PBL2\RoadEye\dataset_crack\final_dataset_v5\test\images\sewer_defects_002512.jpg,test/images/sewer_defects_002512.jpg,D:\Study Material\Sem VI\Projects\PBL2\RoadEye\dataset_crack\final_dataset_v5\test\labels\sewer_defects_002512.txt,1,1
test,D:\Study Material\Sem VI\Projects\PBL2\RoadEye\dataset_crack\final_dataset_v5\test\images\sewer_defects_002533.jpg,test/images/sewer_defects_002533.jpg,D:\Study Material\Sem VI\Projects\PBL2\RoadEye\dataset_crack\final_dataset_v5\test\labels\sewer_defects_002533.txt,2,0
test,D:\Study Material\Sem VI\Projects\PBL2\RoadEye\dataset_crack\final_dataset_v5\test\images\sewer_defects_002557.jpg,test/images/sewer_defects_002557.jpg,D:\Study Material\Sem VI\Projects\PBL2\RoadEye\dataset_crack\final_dataset_v5\test\labels\sewer_defects_002557.txt,1,4
test,D:\Study Material\Sem VI\Projects\PBL2\RoadEye\dataset_crack\final_dataset_v5\test\images\sewer_defects_002570.jpg,test/images/sewer_defects_002570.jpg,D:\Study Material\Sem VI\Projects\PBL2\RoadEye\dataset_crack\final_dataset_v5\test\labels\sewer_defects_002570.txt,0,1
test,D:\Study Material\Sem VI\Projects\PBL2\RoadEye\dataset_crack\final_dataset_v5\test\images\sewer_defects_002638.jpg,test/images/sewer_defects_002638.jpg,D:\Study Material\Sem VI\Projects\PBL2\RoadEye\dataset_crack\final_dataset_v5\test\labels\sewer_defects_002638.txt,0,1
test,D:\Study Material\Sem VI\Projects\PBL2\RoadEye\dataset_crack\final_dataset_v5\test\images\sewer_defects_002693.jpg,test/images/sewer_defects_002693.jpg,D:\Study Material\Sem VI\Projects\PBL2\RoadEye\dataset_crack\final_dataset_v5\test\labels\sewer_defects_002693.txt,1,0
test,D:\Study Material\Sem VI\Projects\PBL2\RoadEye\dataset_crack\final_dataset_v5\test\images\sewer_defects_002698.jpg,test/images/sewer_defects_002698.jpg,D:\Study Material\Sem VI\Projects\PBL2\RoadEye\dataset_crack\final_dataset_v5\test\labels\sewer_defects_002698.txt,1,2
test,D:\Study Material\Sem VI\Projects\PBL2\RoadEye\dataset_crack\final_dataset_v5\test\images\sewer_defects_002706.jpg,test/images/sewer_defects_002706.jpg,D:\Study Material\Sem VI\Projects\PBL2\RoadEye\dataset_crack\final_dataset_v5\test\labels\sewer_defects_002706.txt,2,2
test,D:\Study Material\Sem VI\Projects\PBL2\RoadEye\dataset_crack\final_dataset_v5\test\images\sewer_defects_002735.jpg,test/images/sewer_defects_002735.jpg,D:\Study Material\Sem VI\Projects\PBL2\RoadEye\dataset_crack\final_dataset_v5\test\labels\sewer_defects_002735.txt,2,1
test,D:\Study Material\Sem VI\Projects\PBL2\RoadEye\dataset_crack\final_dataset_v5\test\images\sewer_defects_002736.jpg,test/images/sewer_defects_002736.jpg,D:\Study Material\Sem VI\Projects\PBL2\RoadEye\dataset_crack\final_dataset_v5\test\labels\sewer_defects_002736.txt,3,1
test,D:\Study Material\Sem VI\Projects\PBL2\RoadEye\dataset_crack\final_dataset_v5\test\images\sewer_o8use_000009.jpg,test/images/sewer_o8use_000009.jpg,D:\Study Material\Sem VI\Projects\PBL2\RoadEye\dataset_crack\final_dataset_v5\test\labels\sewer_o8use_000009.txt,1,0
test,D:\Study Material\Sem VI\Projects\PBL2\RoadEye\dataset_crack\final_dataset_v5\test\images\sewer_o8use_000029.jpg,test/images/sewer_o8use_000029.jpg,D:\Study Material\Sem VI\Projects\PBL2\RoadEye\dataset_crack\final_dataset_v5\test\labels\sewer_o8use_000029.txt,1,0
test,D:\Study Material\Sem VI\Projects\PBL2\RoadEye\dataset_crack\final_dataset_v5\test\images\sewer_o8use_000032.jpg,test/images/sewer_o8use_000032.jpg,D:\Study Material\Sem VI\Projects\PBL2\RoadEye\dataset_crack\final_dataset_v5\test\labels\sewer_o8use_000032.txt,1,0
test,D:\Study Material\Sem VI\Projects\PBL2\RoadEye\dataset_crack\final_dataset_v5\test\images\sewer_o8use_000033.jpg,test/images/sewer_o8use_000033.jpg,D:\Study Material\Sem VI\Projects\PBL2\RoadEye\dataset_crack\final_dataset_v5\test\labels\sewer_o8use_000033.txt,1,0
test,D:\Study Material\Sem VI\Projects\PBL2\RoadEye\dataset_crack\final_dataset_v5\test\images\sewer_o8use_000051.jpg,test/images/sewer_o8use_000051.jpg,D:\Study Material\Sem VI\Projects\PBL2\RoadEye\dataset_crack\final_dataset_v5\test\labels\sewer_o8use_000051.txt,0,1
test,D:\Study Material\Sem VI\Projects\PBL2\RoadEye\dataset_crack\final_dataset_v5\test\images\sewer_o8use_000063.jpg,test/images/sewer_o8use_000063.jpg,D:\Study Material\Sem VI\Projects\PBL2\RoadEye\dataset_crack\final_dataset_v5\test\labels\sewer_o8use_000063.txt,1,0
test,D:\Study Material\Sem VI\Projects\PBL2\RoadEye\dataset_crack\final_dataset_v5\test\images\sewer_o8use_000069.jpg,test/images/sewer_o8use_000069.jpg,D:\Study Material\Sem VI\Projects\PBL2\RoadEye\dataset_crack\final_dataset_v5\test\labels\sewer_o8use_000069.txt,1,0
test,D:\Study Material\Sem VI\Projects\PBL2\RoadEye\dataset_crack\final_dataset_v5\test\images\sewer_o8use_000080.jpg,test/images/sewer_o8use_000080.jpg,D:\Study Material\Sem VI\Projects\PBL2\RoadEye\dataset_crack\final_dataset_v5\test\labels\sewer_o8use_000080.txt,1,0
test,D:\Study Material\Sem VI\Projects\PBL2\RoadEye\dataset_crack\final_dataset_v5\test\images\sewer_o8use_000087.jpg,test/images/sewer_o8use_000087.jpg,D:\Study Material\Sem VI\Projects\PBL2\RoadEye\dataset_crack\final_dataset_v5\test\labels\sewer_o8use_000087.txt,1,0
test,D:\Study Material\Sem VI\Projects\PBL2\RoadEye\dataset_crack\final_dataset_v5\test\images\sewer_o8use_000093.jpg,test/images/sewer_o8use_000093.jpg,D:\Study Material\Sem VI\Projects\PBL2\RoadEye\dataset_crack\final_dataset_v5\test\labels\sewer_o8use_000093.txt,0,1
test,D:\Study Material\Sem VI\Projects\PBL2\RoadEye\dataset_crack\final_dataset_v5\test\images\sewer_o8use_000120.jpg,test/images/sewer_o8use_000120.jpg,D:\Study Material\Sem VI\Projects\PBL2\RoadEye\dataset_crack\final_dataset_v5\test\labels\sewer_o8use_000120.txt,0,1
test,D:\Study Material\Sem VI\Projects\PBL2\RoadEye\dataset_crack\final_dataset_v5\test\images\sewer_o8use_000130.jpg,test/images/sewer_o8use_000130.jpg,D:\Study Material\Sem VI\Projects\PBL2\RoadEye\dataset_crack\final_dataset_v5\test\labels\sewer_o8use_000130.txt,1,0
test,D:\Study Material\Sem VI\Projects\PBL2\RoadEye\dataset_crack\final_dataset_v5\test\images\sewer_o8use_000154.jpg,test/images/sewer_o8use_000154.jpg,D:\Study Material\Sem VI\Projects\PBL2\RoadEye\dataset_crack\final_dataset_v5\test\labels\sewer_o8use_000154.txt,0,1
test,D:\Study Material\Sem VI\Projects\PBL2\RoadEye\dataset_crack\final_dataset_v5\test\images\sewer_o8use_000162.jpg,test/images/sewer_o8use_000162.jpg,D:\Study Material\Sem VI\Projects\PBL2\RoadEye\dataset_crack\final_dataset_v5\test\labels\sewer_o8use_000162.txt,0,1
test,D:\Study Material\Sem VI\Projects\PBL2\RoadEye\dataset_crack\final_dataset_v5\test\images\sewer_o8use_000167.jpg,test/images/sewer_o8use_000167.jpg,D:\Study Material\Sem VI\Projects\PBL2\RoadEye\dataset_crack\final_dataset_v5\test\labels\sewer_o8use_000167.txt,1,0
test,D:\Study Material\Sem VI\Projects\PBL2\RoadEye\dataset_crack\final_dataset_v5\test\images\sewer_o8use_000181.jpg,test/images/sewer_o8use_000181.jpg,D:\Study Material\Sem VI\Projects\PBL2\RoadEye\dataset_crack\final_dataset_v5\test\labels\sewer_o8use_000181.txt,2,1
test,D:\Study Material\Sem VI\Projects\PBL2\RoadEye\dataset_crack\final_dataset_v5\test\images\sewer_o8use_000214.jpg,test/images/sewer_o8use_000214.jpg,D:\Study Material\Sem VI\Projects\PBL2\RoadEye\dataset_crack\final_dataset_v5\test\labels\sewer_o8use_000214.txt,1,0
test,D:\Study Material\Sem VI\Projects\PBL2\RoadEye\dataset_crack\final_dataset_v5\test\images\sewer_o8use_000219.jpg,test/images/sewer_o8use_000219.jpg,D:\Study Material\Sem VI\Projects\PBL2\RoadEye\dataset_crack\final_dataset_v5\test\labels\sewer_o8use_000219.txt,1,0
test,D:\Study Material\Sem VI\Projects\PBL2\RoadEye\dataset_crack\final_dataset_v5\test\images\sewer_o8use_000231.jpg,test/images/sewer_o8use_000231.jpg,D:\Study Material\Sem VI\Projects\PBL2\RoadEye\dataset_crack\final_dataset_v5\test\labels\sewer_o8use_000231.txt,0,1
test,D:\Study Material\Sem VI\Projects\PBL2\RoadEye\dataset_crack\final_dataset_v5\test\images\sewer_o8use_000262.jpg,test/images/sewer_o8use_000262.jpg,D:\Study Material\Sem VI\Projects\PBL2\RoadEye\dataset_crack\final_dataset_v5\test\labels\sewer_o8use_000262.txt,2,0
test,D:\Study Material\Sem VI\Projects\PBL2\RoadEye\dataset_crack\final_dataset_v5\test\images\sewer_o8use_000274.jpg,test/images/sewer_o8use_000274.jpg,D:\Study Material\Sem VI\Projects\PBL2\RoadEye\dataset_crack\final_dataset_v5\test\labels\sewer_o8use_000274.txt,1,0
test,D:\Study Material\Sem VI\Projects\PBL2\RoadEye\dataset_crack\final_dataset_v5\test\images\sewer_o8use_000284.jpg,test/images/sewer_o8use_000284.jpg,D:\Study Material\Sem VI\Projects\PBL2\RoadEye\dataset_crack\final_dataset_v5\test\labels\sewer_o8use_000284.txt,1,0
test,D:\Study Material\Sem VI\Projects\PBL2\RoadEye\dataset_crack\final_dataset_v5\test\images\sewer_o8use_000285.jpg,test/images/sewer_o8use_000285.jpg,D:\Study Material\Sem VI\Projects\PBL2\RoadEye\dataset_crack\final_dataset_v5\test\labels\sewer_o8use_000285.txt,0,1
test,D:\Study Material\Sem VI\Projects\PBL2\RoadEye\dataset_crack\final_dataset_v5\test\images\sewer_o8use_000294.jpg,test/images/sewer_o8use_000294.jpg,D:\Study Material\Sem VI\Projects\PBL2\RoadEye\dataset_crack\final_dataset_v5\test\labels\sewer_o8use_000294.txt,1,0
test,D:\Study Material\Sem VI\Projects\PBL2\RoadEye\dataset_crack\final_dataset_v5\test\images\sewer_o8use_000299.jpg,test/images/sewer_o8use_000299.jpg,D:\Study Material\Sem VI\Projects\PBL2\RoadEye\dataset_crack\final_dataset_v5\test\labels\sewer_o8use_000299.txt,0,1
test,D:\Study Material\Sem VI\Projects\PBL2\RoadEye\dataset_crack\final_dataset_v5\test\images\sewer_o8use_000316.jpg,test/images/sewer_o8use_000316.jpg,D:\Study Material\Sem VI\Projects\PBL2\RoadEye\dataset_crack\final_dataset_v5\test\labels\sewer_o8use_000316.txt,0,1
test,D:\Study Material\Sem VI\Projects\PBL2\RoadEye\dataset_crack\final_dataset_v5\test\images\sewer_o8use_000322.jpg,test/images/sewer_o8use_000322.jpg,D:\Study Material\Sem VI\Projects\PBL2\RoadEye\dataset_crack\final_dataset_v5\test\labels\sewer_o8use_000322.txt,1,1
test,D:\Study Material\Sem VI\Projects\PBL2\RoadEye\dataset_crack\final_dataset_v5\test\images\sewer_o8use_000326.jpg,test/images/sewer_o8use_000326.jpg,D:\Study Material\Sem VI\Projects\PBL2\RoadEye\dataset_crack\final_dataset_v5\test\labels\sewer_o8use_000326.txt,1,0
test,D:\Study Material\Sem VI\Projects\PBL2\RoadEye\dataset_crack\final_dataset_v5\test\images\sewer_o8use_000334.jpg,test/images/sewer_o8use_000334.jpg,D:\Study Material\Sem VI\Projects\PBL2\RoadEye\dataset_crack\final_dataset_v5\test\labels\sewer_o8use_000334.txt,1,0
test,D:\Study Material\Sem VI\Projects\PBL2\RoadEye\dataset_crack\final_dataset_v5\test\images\sewer_o8use_000368.jpg,test/images/sewer_o8use_000368.jpg,D:\Study Material\Sem VI\Projects\PBL2\RoadEye\dataset_crack\final_dataset_v5\test\labels\sewer_o8use_000368.txt,1,0
test,D:\Study Material\Sem VI\Projects\PBL2\RoadEye\dataset_crack\final_dataset_v5\test\images\sewer_o8use_000370.jpg,test/images/sewer_o8use_000370.jpg,D:\Study Material\Sem VI\Projects\PBL2\RoadEye\dataset_crack\final_dataset_v5\test\labels\sewer_o8use_000370.txt,0,1
test,D:\Study Material\Sem VI\Projects\PBL2\RoadEye\dataset_crack\final_dataset_v5\test\images\sewer_o8use_000383.jpg,test/images/sewer_o8use_000383.jpg,D:\Study Material\Sem VI\Projects\PBL2\RoadEye\dataset_crack\final_dataset_v5\test\labels\sewer_o8use_000383.txt,1,0
test,D:\Study Material\Sem VI\Projects\PBL2\RoadEye\dataset_crack\final_dataset_v5\test\images\sewer_o8use_000414.jpg,test/images/sewer_o8use_000414.jpg,D:\Study Material\Sem VI\Projects\PBL2\RoadEye\dataset_crack\final_dataset_v5\test\labels\sewer_o8use_000414.txt,1,0
test,D:\Study Material\Sem VI\Projects\PBL2\RoadEye\dataset_crack\final_dataset_v5\test\images\sewer_o8use_000425.jpg,test/images/sewer_o8use_000425.jpg,D:\Study Material\Sem VI\Projects\PBL2\RoadEye\dataset_crack\final_dataset_v5\test\labels\sewer_o8use_000425.txt,0,1
test,D:\Study Material\Sem VI\Projects\PBL2\RoadEye\dataset_crack\final_dataset_v5\test\images\sewer_o8use_000432.jpg,test/images/sewer_o8use_000432.jpg,D:\Study Material\Sem VI\Projects\PBL2\RoadEye\dataset_crack\final_dataset_v5\test\labels\sewer_o8use_000432.txt,1,0
test,D:\Study Material\Sem VI\Projects\PBL2\RoadEye\dataset_crack\final_dataset_v5\test\images\sewer_o8use_000436.jpg,test/images/sewer_o8use_000436.jpg,D:\Study Material\Sem VI\Projects\PBL2\RoadEye\dataset_crack\final_dataset_v5\test\labels\sewer_o8use_000436.txt,0,1
test,D:\Study Material\Sem VI\Projects\PBL2\RoadEye\dataset_crack\final_dataset_v5\test\images\sewer_o8use_000437.jpg,test/images/sewer_o8use_000437.jpg,D:\Study Material\Sem VI\Projects\PBL2\RoadEye\dataset_crack\final_dataset_v5\test\labels\sewer_o8use_000437.txt,1,0
test,D:\Study Material\Sem VI\Projects\PBL2\RoadEye\dataset_crack\final_dataset_v5\test\images\sewer_o8use_000451.jpg,test/images/sewer_o8use_000451.jpg,D:\Study Material\Sem VI\Projects\PBL2\RoadEye\dataset_crack\final_dataset_v5\test\labels\sewer_o8use_000451.txt,1,0
test,D:\Study Material\Sem VI\Projects\PBL2\RoadEye\dataset_crack\final_dataset_v5\test\images\sewer_o8use_000457.jpg,test/images/sewer_o8use_000457.jpg,D:\Study Material\Sem VI\Projects\PBL2\RoadEye\dataset_crack\final_dataset_v5\test\labels\sewer_o8use_000457.txt,0,1
test,D:\Study Material\Sem VI\Projects\PBL2\RoadEye\dataset_crack\final_dataset_v5\test\images\sewer_o8use_000488.jpg,test/images/sewer_o8use_000488.jpg,D:\Study Material\Sem VI\Projects\PBL2\RoadEye\dataset_crack\final_dataset_v5\test\labels\sewer_o8use_000488.txt,1,0
test,D:\Study Material\Sem VI\Projects\PBL2\RoadEye\dataset_crack\final_dataset_v5\test\images\sewer_o8use_000495.jpg,test/images/sewer_o8use_000495.jpg,D:\Study Material\Sem VI\Projects\PBL2\RoadEye\dataset_crack\final_dataset_v5\test\labels\sewer_o8use_000495.txt,1,0
test,D:\Study Material\Sem VI\Projects\PBL2\RoadEye\dataset_crack\final_dataset_v5\test\images\sewer_o8use_000498.jpg,test/images/sewer_o8use_000498.jpg,D:\Study Material\Sem VI\Projects\PBL2\RoadEye\dataset_crack\final_dataset_v5\test\labels\sewer_o8use_000498.txt,0,1
test,D:\Study Material\Sem VI\Projects\PBL2\RoadEye\dataset_crack\final_dataset_v5\test\images\sewer_o8use_000510.jpg,test/images/sewer_o8use_000510.jpg,D:\Study Material\Sem VI\Projects\PBL2\RoadEye\dataset_crack\final_dataset_v5\test\labels\sewer_o8use_000510.txt,1,0
test,D:\Study Material\Sem VI\Projects\PBL2\RoadEye\dataset_crack\final_dataset_v5\test\images\sewer_o8use_000521.jpg,test/images/sewer_o8use_000521.jpg,D:\Study Material\Sem VI\Projects\PBL2\RoadEye\dataset_crack\final_dataset_v5\test\labels\sewer_o8use_000521.txt,1,0
test,D:\Study Material\Sem VI\Projects\PBL2\RoadEye\dataset_crack\final_dataset_v5\test\images\sewer_o8use_000531.jpg,test/images/sewer_o8use_000531.jpg,D:\Study Material\Sem VI\Projects\PBL2\RoadEye\dataset_crack\final_dataset_v5\test\labels\sewer_o8use_000531.txt,1,2
test,D:\Study Material\Sem VI\Projects\PBL2\RoadEye\dataset_crack\final_dataset_v5\test\images\sewer_o8use_000537.jpg,test/images/sewer_o8use_000537.jpg,D:\Study Material\Sem VI\Projects\PBL2\RoadEye\dataset_crack\final_dataset_v5\test\labels\sewer_o8use_000537.txt,1,0
test,D:\Study Material\Sem VI\Projects\PBL2\RoadEye\dataset_crack\final_dataset_v5\test\images\sewer_o8use_000539.jpg,test/images/sewer_o8use_000539.jpg,D:\Study Material\Sem VI\Projects\PBL2\RoadEye\dataset_crack\final_dataset_v5\test\labels\sewer_o8use_000539.txt,1,0
test,D:\Study Material\Sem VI\Projects\PBL2\RoadEye\dataset_crack\final_dataset_v5\test\images\sewer_o8use_000540.jpg,test/images/sewer_o8use_000540.jpg,D:\Study Material\Sem VI\Projects\PBL2\RoadEye\dataset_crack\final_dataset_v5\test\labels\sewer_o8use_000540.txt,0,1
test,D:\Study Material\Sem VI\Projects\PBL2\RoadEye\dataset_crack\final_dataset_v5\test\images\sewer_o8use_000568.jpg,test/images/sewer_o8use_000568.jpg,D:\Study Material\Sem VI\Projects\PBL2\RoadEye\dataset_crack\final_dataset_v5\test\labels\sewer_o8use_000568.txt,1,0
test,D:\Study Material\Sem VI\Projects\PBL2\RoadEye\dataset_crack\final_dataset_v5\test\images\sewer_o8use_000576.jpg,test/images/sewer_o8use_000576.jpg,D:\Study Material\Sem VI\Projects\PBL2\RoadEye\dataset_crack\final_dataset_v5\test\labels\sewer_o8use_000576.txt,1,0
test,D:\Study Material\Sem VI\Projects\PBL2\RoadEye\dataset_crack\final_dataset_v5\test\images\sewer_o8use_000589.jpg,test/images/sewer_o8use_000589.jpg,D:\Study Material\Sem VI\Projects\PBL2\RoadEye\dataset_crack\final_dataset_v5\test\labels\sewer_o8use_000589.txt,1,0
test,D:\Study Material\Sem VI\Projects\PBL2\RoadEye\dataset_crack\final_dataset_v5\test\images\sewer_o8use_000595.jpg,test/images/sewer_o8use_000595.jpg,D:\Study Material\Sem VI\Projects\PBL2\RoadEye\dataset_crack\final_dataset_v5\test\labels\sewer_o8use_000595.txt,0,1
test,D:\Study Material\Sem VI\Projects\PBL2\RoadEye\dataset_crack\final_dataset_v5\test\images\sewer_o8use_000626.jpg,test/images/sewer_o8use_000626.jpg,D:\Study Material\Sem VI\Projects\PBL2\RoadEye\dataset_crack\final_dataset_v5\test\labels\sewer_o8use_000626.txt,2,0
test,D:\Study Material\Sem VI\Projects\PBL2\RoadEye\dataset_crack\final_dataset_v5\test\images\sewer_o8use_000652.jpg,test/images/sewer_o8use_000652.jpg,D:\Study Material\Sem VI\Projects\PBL2\RoadEye\dataset_crack\final_dataset_v5\test\labels\sewer_o8use_000652.txt,1,0
test,D:\Study Material\Sem VI\Projects\PBL2\RoadEye\dataset_crack\final_dataset_v5\test\images\sewer_o8use_000655.jpg,test/images/sewer_o8use_000655.jpg,D:\Study Material\Sem VI\Projects\PBL2\RoadEye\dataset_crack\final_dataset_v5\test\labels\sewer_o8use_000655.txt,0,1
test,D:\Study Material\Sem VI\Projects\PBL2\RoadEye\dataset_crack\final_dataset_v5\test\images\sewer_o8use_000665.jpg,test/images/sewer_o8use_000665.jpg,D:\Study Material\Sem VI\Projects\PBL2\RoadEye\dataset_crack\final_dataset_v5\test\labels\sewer_o8use_000665.txt,2,0
test,D:\Study Material\Sem VI\Projects\PBL2\RoadEye\dataset_crack\final_dataset_v5\test\images\sewer_o8use_000675.jpg,test/images/sewer_o8use_000675.jpg,D:\Study Material\Sem VI\Projects\PBL2\RoadEye\dataset_crack\final_dataset_v5\test\labels\sewer_o8use_000675.txt,0,1
test,D:\Study Material\Sem VI\Projects\PBL2\RoadEye\dataset_crack\final_dataset_v5\test\images\sewer_o8use_000712.jpg,test/images/sewer_o8use_000712.jpg,D:\Study Material\Sem VI\Projects\PBL2\RoadEye\dataset_crack\final_dataset_v5\test\labels\sewer_o8use_000712.txt,1,1
test,D:\Study Material\Sem VI\Projects\PBL2\RoadEye\dataset_crack\final_dataset_v5\test\images\sewer_o8use_000719.jpg,test/images/sewer_o8use_000719.jpg,D:\Study Material\Sem VI\Projects\PBL2\RoadEye\dataset_crack\final_dataset_v5\test\labels\sewer_o8use_000719.txt,0,1
test,D:\Study Material\Sem VI\Projects\PBL2\RoadEye\dataset_crack\final_dataset_v5\test\images\sewer_o8use_000724.jpg,test/images/sewer_o8use_000724.jpg,D:\Study Material\Sem VI\Projects\PBL2\RoadEye\dataset_crack\final_dataset_v5\test\labels\sewer_o8use_000724.txt,1,0
test,D:\Study Material\Sem VI\Projects\PBL2\RoadEye\dataset_crack\final_dataset_v5\test\images\sewer_o8use_000735.jpg,test/images/sewer_o8use_000735.jpg,D:\Study Material\Sem VI\Projects\PBL2\RoadEye\dataset_crack\final_dataset_v5\test\labels\sewer_o8use_000735.txt,0,1
test,D:\Study Material\Sem VI\Projects\PBL2\RoadEye\dataset_crack\final_dataset_v5\test\images\sewer_o8use_000739.jpg,test/images/sewer_o8use_000739.jpg,D:\Study Material\Sem VI\Projects\PBL2\RoadEye\dataset_crack\final_dataset_v5\test\labels\sewer_o8use_000739.txt,1,1
test,D:\Study Material\Sem VI\Projects\PBL2\RoadEye\dataset_crack\final_dataset_v5\test\images\sewer_o8use_000742.jpg,test/images/sewer_o8use_000742.jpg,D:\Study Material\Sem VI\Projects\PBL2\RoadEye\dataset_crack\final_dataset_v5\test\labels\sewer_o8use_000742.txt,1,0
test,D:\Study Material\Sem VI\Projects\PBL2\RoadEye\dataset_crack\final_dataset_v5\test\images\sewer_o8use_000748.jpg,test/images/sewer_o8use_000748.jpg,D:\Study Material\Sem VI\Projects\PBL2\RoadEye\dataset_crack\final_dataset_v5\test\labels\sewer_o8use_000748.txt,1,0
test,D:\Study Material\Sem VI\Projects\PBL2\RoadEye\dataset_crack\final_dataset_v5\test\images\sewer_o8use_000778.jpg,test/images/sewer_o8use_000778.jpg,D:\Study Material\Sem VI\Projects\PBL2\RoadEye\dataset_crack\final_dataset_v5\test\labels\sewer_o8use_000778.txt,0,1
test,D:\Study Material\Sem VI\Projects\PBL2\RoadEye\dataset_crack\final_dataset_v5\test\images\sewer_o8use_000779.jpg,test/images/sewer_o8use_000779.jpg,D:\Study Material\Sem VI\Projects\PBL2\RoadEye\dataset_crack\final_dataset_v5\test\labels\sewer_o8use_000779.txt,1,0
test,D:\Study Material\Sem VI\Projects\PBL2\RoadEye\dataset_crack\final_dataset_v5\test\images\sewer_o8use_000798.jpg,test/images/sewer_o8use_000798.jpg,D:\Study Material\Sem VI\Projects\PBL2\RoadEye\dataset_crack\final_dataset_v5\test\labels\sewer_o8use_000798.txt,0,1
test,D:\Study Material\Sem VI\Projects\PBL2\RoadEye\dataset_crack\final_dataset_v5\test\images\sewer_o8use_000799.jpg,test/images/sewer_o8use_000799.jpg,D:\Study Material\Sem VI\Projects\PBL2\RoadEye\dataset_crack\final_dataset_v5\test\labels\sewer_o8use_000799.txt,1,0
test,D:\Study Material\Sem VI\Projects\PBL2\RoadEye\dataset_crack\final_dataset_v5\test\images\sewer_o8use_000826.jpg,test/images/sewer_o8use_000826.jpg,D:\Study Material\Sem VI\Projects\PBL2\RoadEye\dataset_crack\final_dataset_v5\test\labels\sewer_o8use_000826.txt,0,1
test,D:\Study Material\Sem VI\Projects\PBL2\RoadEye\dataset_crack\final_dataset_v5\test\images\sewer_o8use_000834.jpg,test/images/sewer_o8use_000834.jpg,D:\Study Material\Sem VI\Projects\PBL2\RoadEye\dataset_crack\final_dataset_v5\test\labels\sewer_o8use_000834.txt,1,0
test,D:\Study Material\Sem VI\Projects\PBL2\RoadEye\dataset_crack\final_dataset_v5\test\images\sewer_o8use_000838.jpg,test/images/sewer_o8use_000838.jpg,D:\Study Material\Sem VI\Projects\PBL2\RoadEye\dataset_crack\final_dataset_v5\test\labels\sewer_o8use_000838.txt,1,0
test,D:\Study Material\Sem VI\Projects\PBL2\RoadEye\dataset_crack\final_dataset_v5\test\images\sewer_o8use_000845.jpg,test/images/sewer_o8use_000845.jpg,D:\Study Material\Sem VI\Projects\PBL2\RoadEye\dataset_crack\final_dataset_v5\test\labels\sewer_o8use_000845.txt,1,1
test,D:\Study Material\Sem VI\Projects\PBL2\RoadEye\dataset_crack\final_dataset_v5\test\images\sewer_o8use_000856.jpg,test/images/sewer_o8use_000856.jpg,D:\Study Material\Sem VI\Projects\PBL2\RoadEye\dataset_crack\final_dataset_v5\test\labels\sewer_o8use_000856.txt,1,0
test,D:\Study Material\Sem VI\Projects\PBL2\RoadEye\dataset_crack\final_dataset_v5\test\images\sewer_o8use_000891.jpg,test/images/sewer_o8use_000891.jpg,D:\Study Material\Sem VI\Projects\PBL2\RoadEye\dataset_crack\final_dataset_v5\test\labels\sewer_o8use_000891.txt,1,0
test,D:\Study Material\Sem VI\Projects\PBL2\RoadEye\dataset_crack\final_dataset_v5\test\images\sewer_o8use_000899.jpg,test/images/sewer_o8use_000899.jpg,D:\Study Material\Sem VI\Projects\PBL2\RoadEye\dataset_crack\final_dataset_v5\test\labels\sewer_o8use_000899.txt,0,1
test,D:\Study Material\Sem VI\Projects\PBL2\RoadEye\dataset_crack\final_dataset_v5\test\images\sewer_o8use_000900.jpg,test/images/sewer_o8use_000900.jpg,D:\Study Material\Sem VI\Projects\PBL2\RoadEye\dataset_crack\final_dataset_v5\test\labels\sewer_o8use_000900.txt,1,1
test,D:\Study Material\Sem VI\Projects\PBL2\RoadEye\dataset_crack\final_dataset_v5\test\images\sewer_o8use_000905.jpg,test/images/sewer_o8use_000905.jpg,D:\Study Material\Sem VI\Projects\PBL2\RoadEye\dataset_crack\final_dataset_v5\test\labels\sewer_o8use_000905.txt,0,1
test,D:\Study Material\Sem VI\Projects\PBL2\RoadEye\dataset_crack\final_dataset_v5\test\images\sewer_o8use_000909.jpg,test/images/sewer_o8use_000909.jpg,D:\Study Material\Sem VI\Projects\PBL2\RoadEye\dataset_crack\final_dataset_v5\test\labels\sewer_o8use_000909.txt,1,1
test,D:\Study Material\Sem VI\Projects\PBL2\RoadEye\dataset_crack\final_dataset_v5\test\images\sewer_o8use_000912.jpg,test/images/sewer_o8use_000912.jpg,D:\Study Material\Sem VI\Projects\PBL2\RoadEye\dataset_crack\final_dataset_v5\test\labels\sewer_o8use_000912.txt,0,1
test,D:\Study Material\Sem VI\Projects\PBL2\RoadEye\dataset_crack\final_dataset_v5\test\images\sewer_o8use_000919.jpg,test/images/sewer_o8use_000919.jpg,D:\Study Material\Sem VI\Projects\PBL2\RoadEye\dataset_crack\final_dataset_v5\test\labels\sewer_o8use_000919.txt,1,0
test,D:\Study Material\Sem VI\Projects\PBL2\RoadEye\dataset_crack\final_dataset_v5\test\images\sewer_o8use_000931.jpg,test/images/sewer_o8use_000931.jpg,D:\Study Material\Sem VI\Projects\PBL2\RoadEye\dataset_crack\final_dataset_v5\test\labels\sewer_o8use_000931.txt,0,1
test,D:\Study Material\Sem VI\Projects\PBL2\RoadEye\dataset_crack\final_dataset_v5\test\images\sewer_o8use_000943.jpg,test/images/sewer_o8use_000943.jpg,D:\Study Material\Sem VI\Projects\PBL2\RoadEye\dataset_crack\final_dataset_v5\test\labels\sewer_o8use_000943.txt,1,1
test,D:\Study Material\Sem VI\Projects\PBL2\RoadEye\dataset_crack\final_dataset_v5\test\images\sewer_o8use_000949.jpg,test/images/sewer_o8use_000949.jpg,D:\Study Material\Sem VI\Projects\PBL2\RoadEye\dataset_crack\final_dataset_v5\test\labels\sewer_o8use_000949.txt,0,1
test,D:\Study Material\Sem VI\Projects\PBL2\RoadEye\dataset_crack\final_dataset_v5\test\images\sewer_o8use_000958.jpg,test/images/sewer_o8use_000958.jpg,D:\Study Material\Sem VI\Projects\PBL2\RoadEye\dataset_crack\final_dataset_v5\test\labels\sewer_o8use_000958.txt,1,0
test,D:\Study Material\Sem VI\Projects\PBL2\RoadEye\dataset_crack\final_dataset_v5\test\images\sewer_o8use_000989.jpg,test/images/sewer_o8use_000989.jpg,D:\Study Material\Sem VI\Projects\PBL2\RoadEye\dataset_crack\final_dataset_v5\test\labels\sewer_o8use_000989.txt,1,0
test,D:\Study Material\Sem VI\Projects\PBL2\RoadEye\dataset_crack\final_dataset_v5\test\images\sewer_o8use_000999.jpg,test/images/sewer_o8use_000999.jpg,D:\Study Material\Sem VI\Projects\PBL2\RoadEye\dataset_crack\final_dataset_v5\test\labels\sewer_o8use_000999.txt,1,0
test,D:\Study Material\Sem VI\Projects\PBL2\RoadEye\dataset_crack\final_dataset_v5\test\images\sewer_o8use_001002.jpg,test/images/sewer_o8use_001002.jpg,D:\Study Material\Sem VI\Projects\PBL2\RoadEye\dataset_crack\final_dataset_v5\test\labels\sewer_o8use_001002.txt,0,1
test,D:\Study Material\Sem VI\Projects\PBL2\RoadEye\dataset_crack\final_dataset_v5\test\images\sewer_o8use_001010.jpg,test/images/sewer_o8use_001010.jpg,D:\Study Material\Sem VI\Projects\PBL2\RoadEye\dataset_crack\final_dataset_v5\test\labels\sewer_o8use_001010.txt,1,0
test,D:\Study Material\Sem VI\Projects\PBL2\RoadEye\dataset_crack\final_dataset_v5\test\images\sewer_o8use_001031.jpg,test/images/sewer_o8use_001031.jpg,D:\Study Material\Sem VI\Projects\PBL2\RoadEye\dataset_crack\final_dataset_v5\test\labels\sewer_o8use_001031.txt,1,0
test,D:\Study Material\Sem VI\Projects\PBL2\RoadEye\dataset_crack\final_dataset_v5\test\images\sewer_o8use_001035.jpg,test/images/sewer_o8use_001035.jpg,D:\Study Material\Sem VI\Projects\PBL2\RoadEye\dataset_crack\final_dataset_v5\test\labels\sewer_o8use_001035.txt,2,0
test,D:\Study Material\Sem VI\Projects\PBL2\RoadEye\dataset_crack\final_dataset_v5\test\images\sewer_o8use_001075.jpg,test/images/sewer_o8use_001075.jpg,D:\Study Material\Sem VI\Projects\PBL2\RoadEye\dataset_crack\final_dataset_v5\test\labels\sewer_o8use_001075.txt,2,1
test,D:\Study Material\Sem VI\Projects\PBL2\RoadEye\dataset_crack\final_dataset_v5\test\images\sewer_o8use_001079.jpg,test/images/sewer_o8use_001079.jpg,D:\Study Material\Sem VI\Projects\PBL2\RoadEye\dataset_crack\final_dataset_v5\test\labels\sewer_o8use_001079.txt,1,0
test,D:\Study Material\Sem VI\Projects\PBL2\RoadEye\dataset_crack\final_dataset_v5\test\images\sewer_o8use_001090.jpg,test/images/sewer_o8use_001090.jpg,D:\Study Material\Sem VI\Projects\PBL2\RoadEye\dataset_crack\final_dataset_v5\test\labels\sewer_o8use_001090.txt,0,1
test,D:\Study Material\Sem VI\Projects\PBL2\RoadEye\dataset_crack\final_dataset_v5\test\images\sewer_o8use_001097.jpg,test/images/sewer_o8use_001097.jpg,D:\Study Material\Sem VI\Projects\PBL2\RoadEye\dataset_crack\final_dataset_v5\test\labels\sewer_o8use_001097.txt,1,0
test,D:\Study Material\Sem VI\Projects\PBL2\RoadEye\dataset_crack\final_dataset_v5\test\images\sewer_o8use_001122.jpg,test/images/sewer_o8use_001122.jpg,D:\Study Material\Sem VI\Projects\PBL2\RoadEye\dataset_crack\final_dataset_v5\test\labels\sewer_o8use_001122.txt,1,1
test,D:\Study Material\Sem VI\Projects\PBL2\RoadEye\dataset_crack\final_dataset_v5\test\images\sewer_o8use_001130.jpg,test/images/sewer_o8use_001130.jpg,D:\Study Material\Sem VI\Projects\PBL2\RoadEye\dataset_crack\final_dataset_v5\test\labels\sewer_o8use_001130.txt,1,1
test,D:\Study Material\Sem VI\Projects\PBL2\RoadEye\dataset_crack\final_dataset_v5\test\images\sewer_o8use_001141.jpg,test/images/sewer_o8use_001141.jpg,D:\Study Material\Sem VI\Projects\PBL2\RoadEye\dataset_crack\final_dataset_v5\test\labels\sewer_o8use_001141.txt,2,1
test,D:\Study Material\Sem VI\Projects\PBL2\RoadEye\dataset_crack\final_dataset_v5\test\images\sewer_o8use_001151.jpg,test/images/sewer_o8use_001151.jpg,D:\Study Material\Sem VI\Projects\PBL2\RoadEye\dataset_crack\final_dataset_v5\test\labels\sewer_o8use_001151.txt,1,0
test,D:\Study Material\Sem VI\Projects\PBL2\RoadEye\dataset_crack\final_dataset_v5\test\images\sewer_o8use_001153.jpg,test/images/sewer_o8use_001153.jpg,D:\Study Material\Sem VI\Projects\PBL2\RoadEye\dataset_crack\final_dataset_v5\test\labels\sewer_o8use_001153.txt,1,0
test,D:\Study Material\Sem VI\Projects\PBL2\RoadEye\dataset_crack\final_dataset_v5\test\images\sewer_o8use_001182.jpg,test/images/sewer_o8use_001182.jpg,D:\Study Material\Sem VI\Projects\PBL2\RoadEye\dataset_crack\final_dataset_v5\test\labels\sewer_o8use_001182.txt,1,0
test,D:\Study Material\Sem VI\Projects\PBL2\RoadEye\dataset_crack\final_dataset_v5\test\images\sewer_o8use_001190.jpg,test/images/sewer_o8use_001190.jpg,D:\Study Material\Sem VI\Projects\PBL2\RoadEye\dataset_crack\final_dataset_v5\test\labels\sewer_o8use_001190.txt,1,1
test,D:\Study Material\Sem VI\Projects\PBL2\RoadEye\dataset_crack\final_dataset_v5\test\images\sewer_o8use_001192.jpg,test/images/sewer_o8use_001192.jpg,D:\Study Material\Sem VI\Projects\PBL2\RoadEye\dataset_crack\final_dataset_v5\test\labels\sewer_o8use_001192.txt,1,0
test,D:\Study Material\Sem VI\Projects\PBL2\RoadEye\dataset_crack\final_dataset_v5\test\images\sewer_o8use_001210.jpg,test/images/sewer_o8use_001210.jpg,D:\Study Material\Sem VI\Projects\PBL2\RoadEye\dataset_crack\final_dataset_v5\test\labels\sewer_o8use_001210.txt,1,0
test,D:\Study Material\Sem VI\Projects\PBL2\RoadEye\dataset_crack\final_dataset_v5\test\images\sewer_o8use_001214.jpg,test/images/sewer_o8use_001214.jpg,D:\Study Material\Sem VI\Projects\PBL2\RoadEye\dataset_crack\final_dataset_v5\test\labels\sewer_o8use_001214.txt,2,1
test,D:\Study Material\Sem VI\Projects\PBL2\RoadEye\dataset_crack\final_dataset_v5\test\images\sewer_o8use_001235.jpg,test/images/sewer_o8use_001235.jpg,D:\Study Material\Sem VI\Projects\PBL2\RoadEye\dataset_crack\final_dataset_v5\test\labels\sewer_o8use_001235.txt,1,0
test,D:\Study Material\Sem VI\Projects\PBL2\RoadEye\dataset_crack\final_dataset_v5\test\images\sewer_o8use_001241.jpg,test/images/sewer_o8use_001241.jpg,D:\Study Material\Sem VI\Projects\PBL2\RoadEye\dataset_crack\final_dataset_v5\test\labels\sewer_o8use_001241.txt,1,0
test,D:\Study Material\Sem VI\Projects\PBL2\RoadEye\dataset_crack\final_dataset_v5\test\images\sewer_o8use_001247.jpg,test/images/sewer_o8use_001247.jpg,D:\Study Material\Sem VI\Projects\PBL2\RoadEye\dataset_crack\final_dataset_v5\test\labels\sewer_o8use_001247.txt,1,0
test,D:\Study Material\Sem VI\Projects\PBL2\RoadEye\dataset_crack\final_dataset_v5\test\images\sewer_o8use_001254.jpg,test/images/sewer_o8use_001254.jpg,D:\Study Material\Sem VI\Projects\PBL2\RoadEye\dataset_crack\final_dataset_v5\test\labels\sewer_o8use_001254.txt,0,1
test,D:\Study Material\Sem VI\Projects\PBL2\RoadEye\dataset_crack\final_dataset_v5\test\images\sewer_o8use_001257.jpg,test/images/sewer_o8use_001257.jpg,D:\Study Material\Sem VI\Projects\PBL2\RoadEye\dataset_crack\final_dataset_v5\test\labels\sewer_o8use_001257.txt,2,0
test,D:\Study Material\Sem VI\Projects\PBL2\RoadEye\dataset_crack\final_dataset_v5\test\images\sewer_o8use_001258.jpg,test/images/sewer_o8use_001258.jpg,D:\Study Material\Sem VI\Projects\PBL2\RoadEye\dataset_crack\final_dataset_v5\test\labels\sewer_o8use_001258.txt,2,1
test,D:\Study Material\Sem VI\Projects\PBL2\RoadEye\dataset_crack\final_dataset_v5\test\images\sewer_o8use_001264.jpg,test/images/sewer_o8use_001264.jpg,D:\Study Material\Sem VI\Projects\PBL2\RoadEye\dataset_crack\final_dataset_v5\test\labels\sewer_o8use_001264.txt,0,1
test,D:\Study Material\Sem VI\Projects\PBL2\RoadEye\dataset_crack\final_dataset_v5\test\images\sewer_o8use_001269.jpg,test/images/sewer_o8use_001269.jpg,D:\Study Material\Sem VI\Projects\PBL2\RoadEye\dataset_crack\final_dataset_v5\test\labels\sewer_o8use_001269.txt,0,1
test,D:\Study Material\Sem VI\Projects\PBL2\RoadEye\dataset_crack\final_dataset_v5\test\images\sewer_o8use_001270.jpg,test/images/sewer_o8use_001270.jpg,D:\Study Material\Sem VI\Projects\PBL2\RoadEye\dataset_crack\final_dataset_v5\test\labels\sewer_o8use_001270.txt,0,1
test,D:\Study Material\Sem VI\Projects\PBL2\RoadEye\dataset_crack\final_dataset_v5\test\images\sewer_o8use_001279.jpg,test/images/sewer_o8use_001279.jpg,D:\Study Material\Sem VI\Projects\PBL2\RoadEye\dataset_crack\final_dataset_v5\test\labels\sewer_o8use_001279.txt,2,1
test,D:\Study Material\Sem VI\Projects\PBL2\RoadEye\dataset_crack\final_dataset_v5\test\images\sewer_o8use_001299.jpg,test/images/sewer_o8use_001299.jpg,D:\Study Material\Sem VI\Projects\PBL2\RoadEye\dataset_crack\final_dataset_v5\test\labels\sewer_o8use_001299.txt,1,0
test,D:\Study Material\Sem VI\Projects\PBL2\RoadEye\dataset_crack\final_dataset_v5\test\images\sewer_o8use_001315.jpg,test/images/sewer_o8use_001315.jpg,D:\Study Material\Sem VI\Projects\PBL2\RoadEye\dataset_crack\final_dataset_v5\test\labels\sewer_o8use_001315.txt,1,0
test,D:\Study Material\Sem VI\Projects\PBL2\RoadEye\dataset_crack\final_dataset_v5\test\images\sewer_o8use_001321.jpg,test/images/sewer_o8use_001321.jpg,D:\Study Material\Sem VI\Projects\PBL2\RoadEye\dataset_crack\final_dataset_v5\test\labels\sewer_o8use_001321.txt,1,0
test,D:\Study Material\Sem VI\Projects\PBL2\RoadEye\dataset_crack\final_dataset_v5\test\images\sewer_o8use_001335.jpg,test/images/sewer_o8use_001335.jpg,D:\Study Material\Sem VI\Projects\PBL2\RoadEye\dataset_crack\final_dataset_v5\test\labels\sewer_o8use_001335.txt,1,0
test,D:\Study Material\Sem VI\Projects\PBL2\RoadEye\dataset_crack\final_dataset_v5\test\images\sewer_o8use_001347.jpg,test/images/sewer_o8use_001347.jpg,D:\Study Material\Sem VI\Projects\PBL2\RoadEye\dataset_crack\final_dataset_v5\test\labels\sewer_o8use_001347.txt,1,0
test,D:\Study Material\Sem VI\Projects\PBL2\RoadEye\dataset_crack\final_dataset_v5\test\images\sewer_o8use_001373.jpg,test/images/sewer_o8use_001373.jpg,D:\Study Material\Sem VI\Projects\PBL2\RoadEye\dataset_crack\final_dataset_v5\test\labels\sewer_o8use_001373.txt,1,0
test,D:\Study Material\Sem VI\Projects\PBL2\RoadEye\dataset_crack\final_dataset_v5\test\images\sewer_o8use_001388.jpg,test/images/sewer_o8use_001388.jpg,D:\Study Material\Sem VI\Projects\PBL2\RoadEye\dataset_crack\final_dataset_v5\test\labels\sewer_o8use_001388.txt,2,1
test,D:\Study Material\Sem VI\Projects\PBL2\RoadEye\dataset_crack\final_dataset_v5\test\images\sewer_o8use_001393.jpg,test/images/sewer_o8use_001393.jpg,D:\Study Material\Sem VI\Projects\PBL2\RoadEye\dataset_crack\final_dataset_v5\test\labels\sewer_o8use_001393.txt,1,1
test,D:\Study Material\Sem VI\Projects\PBL2\RoadEye\dataset_crack\final_dataset_v5\test\images\sewer_o8use_001396.jpg,test/images/sewer_o8use_001396.jpg,D:\Study Material\Sem VI\Projects\PBL2\RoadEye\dataset_crack\final_dataset_v5\test\labels\sewer_o8use_001396.txt,1,0
test,D:\Study Material\Sem VI\Projects\PBL2\RoadEye\dataset_crack\final_dataset_v5\test\images\sewer_o8use_001398.jpg,test/images/sewer_o8use_001398.jpg,D:\Study Material\Sem VI\Projects\PBL2\RoadEye\dataset_crack\final_dataset_v5\test\labels\sewer_o8use_001398.txt,1,0
test,D:\Study Material\Sem VI\Projects\PBL2\RoadEye\dataset_crack\final_dataset_v5\test\images\sewer_o8use_001399.jpg,test/images/sewer_o8use_001399.jpg,D:\Study Material\Sem VI\Projects\PBL2\RoadEye\dataset_crack\final_dataset_v5\test\labels\sewer_o8use_001399.txt,1,0
test,D:\Study Material\Sem VI\Projects\PBL2\RoadEye\dataset_crack\final_dataset_v5\test\images\sewer_o8use_001405.jpg,test/images/sewer_o8use_001405.jpg,D:\Study Material\Sem VI\Projects\PBL2\RoadEye\dataset_crack\final_dataset_v5\test\labels\sewer_o8use_001405.txt,1,0
test,D:\Study Material\Sem VI\Projects\PBL2\RoadEye\dataset_crack\final_dataset_v5\test\images\sewer_o8use_001422.jpg,test/images/sewer_o8use_001422.jpg,D:\Study Material\Sem VI\Projects\PBL2\RoadEye\dataset_crack\final_dataset_v5\test\labels\sewer_o8use_001422.txt,2,0
test,D:\Study Material\Sem VI\Projects\PBL2\RoadEye\dataset_crack\final_dataset_v5\test\images\sewer_o8use_001423.jpg,test/images/sewer_o8use_001423.jpg,D:\Study Material\Sem VI\Projects\PBL2\RoadEye\dataset_crack\final_dataset_v5\test\labels\sewer_o8use_001423.txt,0,1
test,D:\Study Material\Sem VI\Projects\PBL2\RoadEye\dataset_crack\final_dataset_v5\test\images\sewer_o8use_001443.jpg,test/images/sewer_o8use_001443.jpg,D:\Study Material\Sem VI\Projects\PBL2\RoadEye\dataset_crack\final_dataset_v5\test\labels\sewer_o8use_001443.txt,1,0
test,D:\Study Material\Sem VI\Projects\PBL2\RoadEye\dataset_crack\final_dataset_v5\test\images\sewer_o8use_001462.jpg,test/images/sewer_o8use_001462.jpg,D:\Study Material\Sem VI\Projects\PBL2\RoadEye\dataset_crack\final_dataset_v5\test\labels\sewer_o8use_001462.txt,0,1
test,D:\Study Material\Sem VI\Projects\PBL2\RoadEye\dataset_crack\final_dataset_v5\test\images\sewer_o8use_001464.jpg,test/images/sewer_o8use_001464.jpg,D:\Study Material\Sem VI\Projects\PBL2\RoadEye\dataset_crack\final_dataset_v5\test\labels\sewer_o8use_001464.txt,1,0
test,D:\Study Material\Sem VI\Projects\PBL2\RoadEye\dataset_crack\final_dataset_v5\test\images\sewer_o8use_001469.jpg,test/images/sewer_o8use_001469.jpg,D:\Study Material\Sem VI\Projects\PBL2\RoadEye\dataset_crack\final_dataset_v5\test\labels\sewer_o8use_001469.txt,1,0
test,D:\Study Material\Sem VI\Projects\PBL2\RoadEye\dataset_crack\final_dataset_v5\test\images\sewer_o8use_001470.jpg,test/images/sewer_o8use_001470.jpg,D:\Study Material\Sem VI\Projects\PBL2\RoadEye\dataset_crack\final_dataset_v5\test\labels\sewer_o8use_001470.txt,0,1
test,D:\Study Material\Sem VI\Projects\PBL2\RoadEye\dataset_crack\final_dataset_v5\test\images\sewer_o8use_001471.jpg,test/images/sewer_o8use_001471.jpg,D:\Study Material\Sem VI\Projects\PBL2\RoadEye\dataset_crack\final_dataset_v5\test\labels\sewer_o8use_001471.txt,1,0
test,D:\Study Material\Sem VI\Projects\PBL2\RoadEye\dataset_crack\final_dataset_v5\test\images\sewer_o8use_001475.jpg,test/images/sewer_o8use_001475.jpg,D:\Study Material\Sem VI\Projects\PBL2\RoadEye\dataset_crack\final_dataset_v5\test\labels\sewer_o8use_001475.txt,0,2
test,D:\Study Material\Sem VI\Projects\PBL2\RoadEye\dataset_crack\final_dataset_v5\test\images\sewer_o8use_001493.jpg,test/images/sewer_o8use_001493.jpg,D:\Study Material\Sem VI\Projects\PBL2\RoadEye\dataset_crack\final_dataset_v5\test\labels\sewer_o8use_001493.txt,0,1
test,D:\Study Material\Sem VI\Projects\PBL2\RoadEye\dataset_crack\final_dataset_v5\test\images\sewer_o8use_001502.jpg,test/images/sewer_o8use_001502.jpg,D:\Study Material\Sem VI\Projects\PBL2\RoadEye\dataset_crack\final_dataset_v5\test\labels\sewer_o8use_001502.txt,1,0
test,D:\Study Material\Sem VI\Projects\PBL2\RoadEye\dataset_crack\final_dataset_v5\test\images\sewer_o8use_001510.jpg,test/images/sewer_o8use_001510.jpg,D:\Study Material\Sem VI\Projects\PBL2\RoadEye\dataset_crack\final_dataset_v5\test\labels\sewer_o8use_001510.txt,1,0
test,D:\Study Material\Sem VI\Projects\PBL2\RoadEye\dataset_crack\final_dataset_v5\test\images\sewer_o8use_001534.jpg,test/images/sewer_o8use_001534.jpg,D:\Study Material\Sem VI\Projects\PBL2\RoadEye\dataset_crack\final_dataset_v5\test\labels\sewer_o8use_001534.txt,1,0
test,D:\Study Material\Sem VI\Projects\PBL2\RoadEye\dataset_crack\final_dataset_v5\test\images\sewer_o8use_001551.jpg,test/images/sewer_o8use_001551.jpg,D:\Study Material\Sem VI\Projects\PBL2\RoadEye\dataset_crack\final_dataset_v5\test\labels\sewer_o8use_001551.txt,0,1
test,D:\Study Material\Sem VI\Projects\PBL2\RoadEye\dataset_crack\final_dataset_v5\test\images\sewer_o8use_001572.jpg,test/images/sewer_o8use_001572.jpg,D:\Study Material\Sem VI\Projects\PBL2\RoadEye\dataset_crack\final_dataset_v5\test\labels\sewer_o8use_001572.txt,1,0
test,D:\Study Material\Sem VI\Projects\PBL2\RoadEye\dataset_crack\final_dataset_v5\test\images\sewer_o8use_001574.jpg,test/images/sewer_o8use_001574.jpg,D:\Study Material\Sem VI\Projects\PBL2\RoadEye\dataset_crack\final_dataset_v5\test\labels\sewer_o8use_001574.txt,0,1
test,D:\Study Material\Sem VI\Projects\PBL2\RoadEye\dataset_crack\final_dataset_v5\test\images\sewer_o8use_001586.jpg,test/images/sewer_o8use_001586.jpg,D:\Study Material\Sem VI\Projects\PBL2\RoadEye\dataset_crack\final_dataset_v5\test\labels\sewer_o8use_001586.txt,1,0
test,D:\Study Material\Sem VI\Projects\PBL2\RoadEye\dataset_crack\final_dataset_v5\test\images\sewer_o8use_001618.jpg,test/images/sewer_o8use_001618.jpg,D:\Study Material\Sem VI\Projects\PBL2\RoadEye\dataset_crack\final_dataset_v5\test\labels\sewer_o8use_001618.txt,1,0
test,D:\Study Material\Sem VI\Projects\PBL2\RoadEye\dataset_crack\final_dataset_v5\test\images\sewer_o8use_001627.jpg,test/images/sewer_o8use_001627.jpg,D:\Study Material\Sem VI\Projects\PBL2\RoadEye\dataset_crack\final_dataset_v5\test\labels\sewer_o8use_001627.txt,0,1
test,D:\Study Material\Sem VI\Projects\PBL2\RoadEye\dataset_crack\final_dataset_v5\test\images\sewer_o8use_001633.jpg,test/images/sewer_o8use_001633.jpg,D:\Study Material\Sem VI\Projects\PBL2\RoadEye\dataset_crack\final_dataset_v5\test\labels\sewer_o8use_001633.txt,2,1
test,D:\Study Material\Sem VI\Projects\PBL2\RoadEye\dataset_crack\final_dataset_v5\test\images\sewer_o8use_001650.jpg,test/images/sewer_o8use_001650.jpg,D:\Study Material\Sem VI\Projects\PBL2\RoadEye\dataset_crack\final_dataset_v5\test\labels\sewer_o8use_001650.txt,1,0
test,D:\Study Material\Sem VI\Projects\PBL2\RoadEye\dataset_crack\final_dataset_v5\test\images\sewer_o8use_001651.jpg,test/images/sewer_o8use_001651.jpg,D:\Study Material\Sem VI\Projects\PBL2\RoadEye\dataset_crack\final_dataset_v5\test\labels\sewer_o8use_001651.txt,1,0
test,D:\Study Material\Sem VI\Projects\PBL2\RoadEye\dataset_crack\final_dataset_v5\test\images\sewer_o8use_001658.jpg,test/images/sewer_o8use_001658.jpg,D:\Study Material\Sem VI\Projects\PBL2\RoadEye\dataset_crack\final_dataset_v5\test\labels\sewer_o8use_001658.txt,1,1
test,D:\Study Material\Sem VI\Projects\PBL2\RoadEye\dataset_crack\final_dataset_v5\test\images\sewer_o8use_001664.jpg,test/images/sewer_o8use_001664.jpg,D:\Study Material\Sem VI\Projects\PBL2\RoadEye\dataset_crack\final_dataset_v5\test\labels\sewer_o8use_001664.txt,0,1
test,D:\Study Material\Sem VI\Projects\PBL2\RoadEye\dataset_crack\final_dataset_v5\test\images\sewer_o8use_001669.jpg,test/images/sewer_o8use_001669.jpg,D:\Study Material\Sem VI\Projects\PBL2\RoadEye\dataset_crack\final_dataset_v5\test\labels\sewer_o8use_001669.txt,0,1
test,D:\Study Material\Sem VI\Projects\PBL2\RoadEye\dataset_crack\final_dataset_v5\test\images\sewer_o8use_001671.jpg,test/images/sewer_o8use_001671.jpg,D:\Study Material\Sem VI\Projects\PBL2\RoadEye\dataset_crack\final_dataset_v5\test\labels\sewer_o8use_001671.txt,2,1
test,D:\Study Material\Sem VI\Projects\PBL2\RoadEye\dataset_crack\final_dataset_v5\test\images\sewer_o8use_001673.jpg,test/images/sewer_o8use_001673.jpg,D:\Study Material\Sem VI\Projects\PBL2\RoadEye\dataset_crack\final_dataset_v5\test\labels\sewer_o8use_001673.txt,1,0
test,D:\Study Material\Sem VI\Projects\PBL2\RoadEye\dataset_crack\final_dataset_v5\test\images\sewer_o8use_001692.jpg,test/images/sewer_o8use_001692.jpg,D:\Study Material\Sem VI\Projects\PBL2\RoadEye\dataset_crack\final_dataset_v5\test\labels\sewer_o8use_001692.txt,1,0
test,D:\Study Material\Sem VI\Projects\PBL2\RoadEye\dataset_crack\final_dataset_v5\test\images\sewer_o8use_001716.jpg,test/images/sewer_o8use_001716.jpg,D:\Study Material\Sem VI\Projects\PBL2\RoadEye\dataset_crack\final_dataset_v5\test\labels\sewer_o8use_001716.txt,1,1
test,D:\Study Material\Sem VI\Projects\PBL2\RoadEye\dataset_crack\final_dataset_v5\test\images\sewer_o8use_001722.jpg,test/images/sewer_o8use_001722.jpg,D:\Study Material\Sem VI\Projects\PBL2\RoadEye\dataset_crack\final_dataset_v5\test\labels\sewer_o8use_001722.txt,1,0
test,D:\Study Material\Sem VI\Projects\PBL2\RoadEye\dataset_crack\final_dataset_v5\test\images\sewer_o8use_001730.jpg,test/images/sewer_o8use_001730.jpg,D:\Study Material\Sem VI\Projects\PBL2\RoadEye\dataset_crack\final_dataset_v5\test\labels\sewer_o8use_001730.txt,1,0
test,D:\Study Material\Sem VI\Projects\PBL2\RoadEye\dataset_crack\final_dataset_v5\test\images\sewer_o8use_001734.jpg,test/images/sewer_o8use_001734.jpg,D:\Study Material\Sem VI\Projects\PBL2\RoadEye\dataset_crack\final_dataset_v5\test\labels\sewer_o8use_001734.txt,1,1
test,D:\Study Material\Sem VI\Projects\PBL2\RoadEye\dataset_crack\final_dataset_v5\test\images\sewer_o8use_001737.jpg,test/images/sewer_o8use_001737.jpg,D:\Study Material\Sem VI\Projects\PBL2\RoadEye\dataset_crack\final_dataset_v5\test\labels\sewer_o8use_001737.txt,1,0
test,D:\Study Material\Sem VI\Projects\PBL2\RoadEye\dataset_crack\final_dataset_v5\test\images\sewer_o8use_001748.jpg,test/images/sewer_o8use_001748.jpg,D:\Study Material\Sem VI\Projects\PBL2\RoadEye\dataset_crack\final_dataset_v5\test\labels\sewer_o8use_001748.txt,1,1
test,D:\Study Material\Sem VI\Projects\PBL2\RoadEye\dataset_crack\final_dataset_v5\test\images\sewer_o8use_001751.jpg,test/images/sewer_o8use_001751.jpg,D:\Study Material\Sem VI\Projects\PBL2\RoadEye\dataset_crack\final_dataset_v5\test\labels\sewer_o8use_001751.txt,0,1
test,D:\Study Material\Sem VI\Projects\PBL2\RoadEye\dataset_crack\final_dataset_v5\test\images\sewer_o8use_001758.jpg,test/images/sewer_o8use_001758.jpg,D:\Study Material\Sem VI\Projects\PBL2\RoadEye\dataset_crack\final_dataset_v5\test\labels\sewer_o8use_001758.txt,0,1
test,D:\Study Material\Sem VI\Projects\PBL2\RoadEye\dataset_crack\final_dataset_v5\test\images\sewer_o8use_001760.jpg,test/images/sewer_o8use_001760.jpg,D:\Study Material\Sem VI\Projects\PBL2\RoadEye\dataset_crack\final_dataset_v5\test\labels\sewer_o8use_001760.txt,1,0
test,D:\Study Material\Sem VI\Projects\PBL2\RoadEye\dataset_crack\final_dataset_v5\test\images\sewer_o8use_001772.jpg,test/images/sewer_o8use_001772.jpg,D:\Study Material\Sem VI\Projects\PBL2\RoadEye\dataset_crack\final_dataset_v5\test\labels\sewer_o8use_001772.txt,1,0
test,D:\Study Material\Sem VI\Projects\PBL2\RoadEye\dataset_crack\final_dataset_v5\test\images\sewer_o8use_001813.jpg,test/images/sewer_o8use_001813.jpg,D:\Study Material\Sem VI\Projects\PBL2\RoadEye\dataset_crack\final_dataset_v5\test\labels\sewer_o8use_001813.txt,1,1
test,D:\Study Material\Sem VI\Projects\PBL2\RoadEye\dataset_crack\final_dataset_v5\test\images\sewer_o8use_001815.jpg,test/images/sewer_o8use_001815.jpg,D:\Study Material\Sem VI\Projects\PBL2\RoadEye\dataset_crack\final_dataset_v5\test\labels\sewer_o8use_001815.txt,1,0
test,D:\Study Material\Sem VI\Projects\PBL2\RoadEye\dataset_crack\final_dataset_v5\test\images\sewer_o8use_001817.jpg,test/images/sewer_o8use_001817.jpg,D:\Study Material\Sem VI\Projects\PBL2\RoadEye\dataset_crack\final_dataset_v5\test\labels\sewer_o8use_001817.txt,2,1
test,D:\Study Material\Sem VI\Projects\PBL2\RoadEye\dataset_crack\final_dataset_v5\test\images\sewer_o8use_001836.jpg,test/images/sewer_o8use_001836.jpg,D:\Study Material\Sem VI\Projects\PBL2\RoadEye\dataset_crack\final_dataset_v5\test\labels\sewer_o8use_001836.txt,1,0
test,D:\Study Material\Sem VI\Projects\PBL2\RoadEye\dataset_crack\final_dataset_v5\test\images\sewer_o8use_001875.jpg,test/images/sewer_o8use_001875.jpg,D:\Study Material\Sem VI\Projects\PBL2\RoadEye\dataset_crack\final_dataset_v5\test\labels\sewer_o8use_001875.txt,1,1
test,D:\Study Material\Sem VI\Projects\PBL2\RoadEye\dataset_crack\final_dataset_v5\test\images\sewer_o8use_001876.jpg,test/images/sewer_o8use_001876.jpg,D:\Study Material\Sem VI\Projects\PBL2\RoadEye\dataset_crack\final_dataset_v5\test\labels\sewer_o8use_001876.txt,1,0
test,D:\Study Material\Sem VI\Projects\PBL2\RoadEye\dataset_crack\final_dataset_v5\test\images\sewer_o8use_001904.jpg,test/images/sewer_o8use_001904.jpg,D:\Study Material\Sem VI\Projects\PBL2\RoadEye\dataset_crack\final_dataset_v5\test\labels\sewer_o8use_001904.txt,1,0
test,D:\Study Material\Sem VI\Projects\PBL2\RoadEye\dataset_crack\final_dataset_v5\test\images\sewer_o8use_001910.jpg,test/images/sewer_o8use_001910.jpg,D:\Study Material\Sem VI\Projects\PBL2\RoadEye\dataset_crack\final_dataset_v5\test\labels\sewer_o8use_001910.txt,0,1
test,D:\Study Material\Sem VI\Projects\PBL2\RoadEye\dataset_crack\final_dataset_v5\test\images\sewer_o8use_001915.jpg,test/images/sewer_o8use_001915.jpg,D:\Study Material\Sem VI\Projects\PBL2\RoadEye\dataset_crack\final_dataset_v5\test\labels\sewer_o8use_001915.txt,1,0
test,D:\Study Material\Sem VI\Projects\PBL2\RoadEye\dataset_crack\final_dataset_v5\test\images\sewer_o8use_001925.jpg,test/images/sewer_o8use_001925.jpg,D:\Study Material\Sem VI\Projects\PBL2\RoadEye\dataset_crack\final_dataset_v5\test\labels\sewer_o8use_001925.txt,0,1
test,D:\Study Material\Sem VI\Projects\PBL2\RoadEye\dataset_crack\final_dataset_v5\test\images\sewer_o8use_001935.jpg,test/images/sewer_o8use_001935.jpg,D:\Study Material\Sem VI\Projects\PBL2\RoadEye\dataset_crack\final_dataset_v5\test\labels\sewer_o8use_001935.txt,0,1
test,D:\Study Material\Sem VI\Projects\PBL2\RoadEye\dataset_crack\final_dataset_v5\test\images\sewer_o8use_001959.jpg,test/images/sewer_o8use_001959.jpg,D:\Study Material\Sem VI\Projects\PBL2\RoadEye\dataset_crack\final_dataset_v5\test\labels\sewer_o8use_001959.txt,1,0
test,D:\Study Material\Sem VI\Projects\PBL2\RoadEye\dataset_crack\final_dataset_v5\test\images\sewer_o8use_001960.jpg,test/images/sewer_o8use_001960.jpg,D:\Study Material\Sem VI\Projects\PBL2\RoadEye\dataset_crack\final_dataset_v5\test\labels\sewer_o8use_001960.txt,0,1
test,D:\Study Material\Sem VI\Projects\PBL2\RoadEye\dataset_crack\final_dataset_v5\test\images\sewer_o8use_001963.jpg,test/images/sewer_o8use_001963.jpg,D:\Study Material\Sem VI\Projects\PBL2\RoadEye\dataset_crack\final_dataset_v5\test\labels\sewer_o8use_001963.txt,0,1
test,D:\Study Material\Sem VI\Projects\PBL2\RoadEye\dataset_crack\final_dataset_v5\test\images\sewer_o8use_001971.jpg,test/images/sewer_o8use_001971.jpg,D:\Study Material\Sem VI\Projects\PBL2\RoadEye\dataset_crack\final_dataset_v5\test\labels\sewer_o8use_001971.txt,1,0
test,D:\Study Material\Sem VI\Projects\PBL2\RoadEye\dataset_crack\final_dataset_v5\test\images\sewer_o8use_001985.jpg,test/images/sewer_o8use_001985.jpg,D:\Study Material\Sem VI\Projects\PBL2\RoadEye\dataset_crack\final_dataset_v5\test\labels\sewer_o8use_001985.txt,1,0
test,D:\Study Material\Sem VI\Projects\PBL2\RoadEye\dataset_crack\final_dataset_v5\test\images\sewer_o8use_002000.jpg,test/images/sewer_o8use_002000.jpg,D:\Study Material\Sem VI\Projects\PBL2\RoadEye\dataset_crack\final_dataset_v5\test\labels\sewer_o8use_002000.txt,1,0
test,D:\Study Material\Sem VI\Projects\PBL2\RoadEye\dataset_crack\final_dataset_v5\test\images\sewer_o8use_002031.jpg,test/images/sewer_o8use_002031.jpg,D:\Study Material\Sem VI\Projects\PBL2\RoadEye\dataset_crack\final_dataset_v5\test\labels\sewer_o8use_002031.txt,0,1
test,D:\Study Material\Sem VI\Projects\PBL2\RoadEye\dataset_crack\final_dataset_v5\test\images\sewer_o8use_002037.jpg,test/images/sewer_o8use_002037.jpg,D:\Study Material\Sem VI\Projects\PBL2\RoadEye\dataset_crack\final_dataset_v5\test\labels\sewer_o8use_002037.txt,1,0
test,D:\Study Material\Sem VI\Projects\PBL2\RoadEye\dataset_crack\final_dataset_v5\test\images\sewer_o8use_002039.jpg,test/images/sewer_o8use_002039.jpg,D:\Study Material\Sem VI\Projects\PBL2\RoadEye\dataset_crack\final_dataset_v5\test\labels\sewer_o8use_002039.txt,2,0
test,D:\Study Material\Sem VI\Projects\PBL2\RoadEye\dataset_crack\final_dataset_v5\test\images\sewer_o8use_002040.jpg,test/images/sewer_o8use_002040.jpg,D:\Study Material\Sem VI\Projects\PBL2\RoadEye\dataset_crack\final_dataset_v5\test\labels\sewer_o8use_002040.txt,0,1
test,D:\Study Material\Sem VI\Projects\PBL2\RoadEye\dataset_crack\final_dataset_v5\test\images\sewer_o8use_002049.jpg,test/images/sewer_o8use_002049.jpg,D:\Study Material\Sem VI\Projects\PBL2\RoadEye\dataset_crack\final_dataset_v5\test\labels\sewer_o8use_002049.txt,1,1
test,D:\Study Material\Sem VI\Projects\PBL2\RoadEye\dataset_crack\final_dataset_v5\test\images\sewer_o8use_002053.jpg,test/images/sewer_o8use_002053.jpg,D:\Study Material\Sem VI\Projects\PBL2\RoadEye\dataset_crack\final_dataset_v5\test\labels\sewer_o8use_002053.txt,0,1
test,D:\Study Material\Sem VI\Projects\PBL2\RoadEye\dataset_crack\final_dataset_v5\test\images\sewer_o8use_002055.jpg,test/images/sewer_o8use_002055.jpg,D:\Study Material\Sem VI\Projects\PBL2\RoadEye\dataset_crack\final_dataset_v5\test\labels\sewer_o8use_002055.txt,1,0
test,D:\Study Material\Sem VI\Projects\PBL2\RoadEye\dataset_crack\final_dataset_v5\test\images\sewer_o8use_002061.jpg,test/images/sewer_o8use_002061.jpg,D:\Study Material\Sem VI\Projects\PBL2\RoadEye\dataset_crack\final_dataset_v5\test\labels\sewer_o8use_002061.txt,1,0
test,D:\Study Material\Sem VI\Projects\PBL2\RoadEye\dataset_crack\final_dataset_v5\test\images\sewer_o8use_002074.jpg,test/images/sewer_o8use_002074.jpg,D:\Study Material\Sem VI\Projects\PBL2\RoadEye\dataset_crack\final_dataset_v5\test\labels\sewer_o8use_002074.txt,1,1
test,D:\Study Material\Sem VI\Projects\PBL2\RoadEye\dataset_crack\final_dataset_v5\test\images\sewer_o8use_002098.jpg,test/images/sewer_o8use_002098.jpg,D:\Study Material\Sem VI\Projects\PBL2\RoadEye\dataset_crack\final_dataset_v5\test\labels\sewer_o8use_002098.txt,0,1
test,D:\Study Material\Sem VI\Projects\PBL2\RoadEye\dataset_crack\final_dataset_v5\test\images\sewer_o8use_002101.jpg,test/images/sewer_o8use_002101.jpg,D:\Study Material\Sem VI\Projects\PBL2\RoadEye\dataset_crack\final_dataset_v5\test\labels\sewer_o8use_002101.txt,1,0
test,D:\Study Material\Sem VI\Projects\PBL2\RoadEye\dataset_crack\final_dataset_v5\test\images\sewer_o8use_002159.jpg,test/images/sewer_o8use_002159.jpg,D:\Study Material\Sem VI\Projects\PBL2\RoadEye\dataset_crack\final_dataset_v5\test\labels\sewer_o8use_002159.txt,1,0
test,D:\Study Material\Sem VI\Projects\PBL2\RoadEye\dataset_crack\final_dataset_v5\test\images\sewer_o8use_002163.jpg,test/images/sewer_o8use_002163.jpg,D:\Study Material\Sem VI\Projects\PBL2\RoadEye\dataset_crack\final_dataset_v5\test\labels\sewer_o8use_002163.txt,1,0
test,D:\Study Material\Sem VI\Projects\PBL2\RoadEye\dataset_crack\final_dataset_v5\test\images\sewer_o8use_002164.jpg,test/images/sewer_o8use_002164.jpg,D:\Study Material\Sem VI\Projects\PBL2\RoadEye\dataset_crack\final_dataset_v5\test\labels\sewer_o8use_002164.txt,0,1
test,D:\Study Material\Sem VI\Projects\PBL2\RoadEye\dataset_crack\final_dataset_v5\test\images\sewer_o8use_002169.jpg,test/images/sewer_o8use_002169.jpg,D:\Study Material\Sem VI\Projects\PBL2\RoadEye\dataset_crack\final_dataset_v5\test\labels\sewer_o8use_002169.txt,0,1
test,D:\Study Material\Sem VI\Projects\PBL2\RoadEye\dataset_crack\final_dataset_v5\test\images\sewer_o8use_002171.jpg,test/images/sewer_o8use_002171.jpg,D:\Study Material\Sem VI\Projects\PBL2\RoadEye\dataset_crack\final_dataset_v5\test\labels\sewer_o8use_002171.txt,0,1
test,D:\Study Material\Sem VI\Projects\PBL2\RoadEye\dataset_crack\final_dataset_v5\test\images\sewer_o8use_002172.jpg,test/images/sewer_o8use_002172.jpg,D:\Study Material\Sem VI\Projects\PBL2\RoadEye\dataset_crack\final_dataset_v5\test\labels\sewer_o8use_002172.txt,1,1
test,D:\Study Material\Sem VI\Projects\PBL2\RoadEye\dataset_crack\final_dataset_v5\test\images\sewer_o8use_002213.jpg,test/images/sewer_o8use_002213.jpg,D:\Study Material\Sem VI\Projects\PBL2\RoadEye\dataset_crack\final_dataset_v5\test\labels\sewer_o8use_002213.txt,0,1
test,D:\Study Material\Sem VI\Projects\PBL2\RoadEye\dataset_crack\final_dataset_v5\test\images\sewer_o8use_002233.jpg,test/images/sewer_o8use_002233.jpg,D:\Study Material\Sem VI\Projects\PBL2\RoadEye\dataset_crack\final_dataset_v5\test\labels\sewer_o8use_002233.txt,2,1
test,D:\Study Material\Sem VI\Projects\PBL2\RoadEye\dataset_crack\final_dataset_v5\test\images\sewer_o8use_002237.jpg,test/images/sewer_o8use_002237.jpg,D:\Study Material\Sem VI\Projects\PBL2\RoadEye\dataset_crack\final_dataset_v5\test\labels\sewer_o8use_002237.txt,1,0
test,D:\Study Material\Sem VI\Projects\PBL2\RoadEye\dataset_crack\final_dataset_v5\test\images\sewer_o8use_002247.jpg,test/images/sewer_o8use_002247.jpg,D:\Study Material\Sem VI\Projects\PBL2\RoadEye\dataset_crack\final_dataset_v5\test\labels\sewer_o8use_002247.txt,1,0
test,D:\Study Material\Sem VI\Projects\PBL2\RoadEye\dataset_crack\final_dataset_v5\test\images\sewer_o8use_002273.jpg,test/images/sewer_o8use_002273.jpg,D:\Study Material\Sem VI\Projects\PBL2\RoadEye\dataset_crack\final_dataset_v5\test\labels\sewer_o8use_002273.txt,0,1
test,D:\Study Material\Sem VI\Projects\PBL2\RoadEye\dataset_crack\final_dataset_v5\test\images\sewer_o8use_002284.jpg,test/images/sewer_o8use_002284.jpg,D:\Study Material\Sem VI\Projects\PBL2\RoadEye\dataset_crack\final_dataset_v5\test\labels\sewer_o8use_002284.txt,1,0
test,D:\Study Material\Sem VI\Projects\PBL2\RoadEye\dataset_crack\final_dataset_v5\test\images\sewer_o8use_002344.jpg,test/images/sewer_o8use_002344.jpg,D:\Study Material\Sem VI\Projects\PBL2\RoadEye\dataset_crack\final_dataset_v5\test\labels\sewer_o8use_002344.txt,1,0
test,D:\Study Material\Sem VI\Projects\PBL2\RoadEye\dataset_crack\final_dataset_v5\test\images\sewer_o8use_002363.jpg,test/images/sewer_o8use_002363.jpg,D:\Study Material\Sem VI\Projects\PBL2\RoadEye\dataset_crack\final_dataset_v5\test\labels\sewer_o8use_002363.txt,1,2
test,D:\Study Material\Sem VI\Projects\PBL2\RoadEye\dataset_crack\final_dataset_v5\test\images\sewer_o8use_002380.jpg,test/images/sewer_o8use_002380.jpg,D:\Study Material\Sem VI\Projects\PBL2\RoadEye\dataset_crack\final_dataset_v5\test\labels\sewer_o8use_002380.txt,1,0
test,D:\Study Material\Sem VI\Projects\PBL2\RoadEye\dataset_crack\final_dataset_v5\test\images\sewer_o8use_002457.jpg,test/images/sewer_o8use_002457.jpg,D:\Study Material\Sem VI\Projects\PBL2\RoadEye\dataset_crack\final_dataset_v5\test\labels\sewer_o8use_002457.txt,1,0
test,D:\Study Material\Sem VI\Projects\PBL2\RoadEye\dataset_crack\final_dataset_v5\test\images\sewer_o8use_002485.jpg,test/images/sewer_o8use_002485.jpg,D:\Study Material\Sem VI\Projects\PBL2\RoadEye\dataset_crack\final_dataset_v5\test\labels\sewer_o8use_002485.txt,0,1
test,D:\Study Material\Sem VI\Projects\PBL2\RoadEye\dataset_crack\final_dataset_v5\test\images\sewer_o8use_002486.jpg,test/images/sewer_o8use_002486.jpg,D:\Study Material\Sem VI\Projects\PBL2\RoadEye\dataset_crack\final_dataset_v5\test\labels\sewer_o8use_002486.txt,2,0
test,D:\Study Material\Sem VI\Projects\PBL2\RoadEye\dataset_crack\final_dataset_v5\test\images\sewer_o8use_002498.jpg,test/images/sewer_o8use_002498.jpg,D:\Study Material\Sem VI\Projects\PBL2\RoadEye\dataset_crack\final_dataset_v5\test\labels\sewer_o8use_002498.txt,1,0
test,D:\Study Material\Sem VI\Projects\PBL2\RoadEye\dataset_crack\final_dataset_v5\test\images\sewer_o8use_002515.jpg,test/images/sewer_o8use_002515.jpg,D:\Study Material\Sem VI\Projects\PBL2\RoadEye\dataset_crack\final_dataset_v5\test\labels\sewer_o8use_002515.txt,1,0
test,D:\Study Material\Sem VI\Projects\PBL2\RoadEye\dataset_crack\final_dataset_v5\test\images\sewer_o8use_002526.jpg,test/images/sewer_o8use_002526.jpg,D:\Study Material\Sem VI\Projects\PBL2\RoadEye\dataset_crack\final_dataset_v5\test\labels\sewer_o8use_002526.txt,1,0
test,D:\Study Material\Sem VI\Projects\PBL2\RoadEye\dataset_crack\final_dataset_v5\test\images\sewer_o8use_002529.jpg,test/images/sewer_o8use_002529.jpg,D:\Study Material\Sem VI\Projects\PBL2\RoadEye\dataset_crack\final_dataset_v5\test\labels\sewer_o8use_002529.txt,1,0
test,D:\Study Material\Sem VI\Projects\PBL2\RoadEye\dataset_crack\final_dataset_v5\test\images\sewer_o8use_002536.jpg,test/images/sewer_o8use_002536.jpg,D:\Study Material\Sem VI\Projects\PBL2\RoadEye\dataset_crack\final_dataset_v5\test\labels\sewer_o8use_002536.txt,0,1
test,D:\Study Material\Sem VI\Projects\PBL2\RoadEye\dataset_crack\final_dataset_v5\test\images\sewer_o8use_002538.jpg,test/images/sewer_o8use_002538.jpg,D:\Study Material\Sem VI\Projects\PBL2\RoadEye\dataset_crack\final_dataset_v5\test\labels\sewer_o8use_002538.txt,0,1
test,D:\Study Material\Sem VI\Projects\PBL2\RoadEye\dataset_crack\final_dataset_v5\test\images\sewer_o8use_002551.jpg,test/images/sewer_o8use_002551.jpg,D:\Study Material\Sem VI\Projects\PBL2\RoadEye\dataset_crack\final_dataset_v5\test\labels\sewer_o8use_002551.txt,0,1
test,D:\Study Material\Sem VI\Projects\PBL2\RoadEye\dataset_crack\final_dataset_v5\test\images\sewer_o8use_002567.jpg,test/images/sewer_o8use_002567.jpg,D:\Study Material\Sem VI\Projects\PBL2\RoadEye\dataset_crack\final_dataset_v5\test\labels\sewer_o8use_002567.txt,1,0
test,D:\Study Material\Sem VI\Projects\PBL2\RoadEye\dataset_crack\final_dataset_v5\test\images\sewer_o8use_002584.jpg,test/images/sewer_o8use_002584.jpg,D:\Study Material\Sem VI\Projects\PBL2\RoadEye\dataset_crack\final_dataset_v5\test\labels\sewer_o8use_002584.txt,1,1
test,D:\Study Material\Sem VI\Projects\PBL2\RoadEye\dataset_crack\final_dataset_v5\test\images\sewer_o8use_002608.jpg,test/images/sewer_o8use_002608.jpg,D:\Study Material\Sem VI\Projects\PBL2\RoadEye\dataset_crack\final_dataset_v5\test\labels\sewer_o8use_002608.txt,0,1
test,D:\Study Material\Sem VI\Projects\PBL2\RoadEye\dataset_crack\final_dataset_v5\test\images\sewer_o8use_002612.jpg,test/images/sewer_o8use_002612.jpg,D:\Study Material\Sem VI\Projects\PBL2\RoadEye\dataset_crack\final_dataset_v5\test\labels\sewer_o8use_002612.txt,0,2
test,D:\Study Material\Sem VI\Projects\PBL2\RoadEye\dataset_crack\final_dataset_v5\test\images\sewer_o8use_002619.jpg,test/images/sewer_o8use_002619.jpg,D:\Study Material\Sem VI\Projects\PBL2\RoadEye\dataset_crack\final_dataset_v5\test\labels\sewer_o8use_002619.txt,0,2
test,D:\Study Material\Sem VI\Projects\PBL2\RoadEye\dataset_crack\final_dataset_v5\test\images\sewer_o8use_002647.jpg,test/images/sewer_o8use_002647.jpg,D:\Study Material\Sem VI\Projects\PBL2\RoadEye\dataset_crack\final_dataset_v5\test\labels\sewer_o8use_002647.txt,1,0
test,D:\Study Material\Sem VI\Projects\PBL2\RoadEye\dataset_crack\final_dataset_v5\test\images\sewer_o8use_002655.jpg,test/images/sewer_o8use_002655.jpg,D:\Study Material\Sem VI\Projects\PBL2\RoadEye\dataset_crack\final_dataset_v5\test\labels\sewer_o8use_002655.txt,0,1
test,D:\Study Material\Sem VI\Projects\PBL2\RoadEye\dataset_crack\final_dataset_v5\test\images\sewer_o8use_002674.jpg,test/images/sewer_o8use_002674.jpg,D:\Study Material\Sem VI\Projects\PBL2\RoadEye\dataset_crack\final_dataset_v5\test\labels\sewer_o8use_002674.txt,0,1
test,D:\Study Material\Sem VI\Projects\PBL2\RoadEye\dataset_crack\final_dataset_v5\test\images\sewer_o8use_002683.jpg,test/images/sewer_o8use_002683.jpg,D:\Study Material\Sem VI\Projects\PBL2\RoadEye\dataset_crack\final_dataset_v5\test\labels\sewer_o8use_002683.txt,1,0
test,D:\Study Material\Sem VI\Projects\PBL2\RoadEye\dataset_crack\final_dataset_v5\test\images\sewer_o8use_002711.jpg,test/images/sewer_o8use_002711.jpg,D:\Study Material\Sem VI\Projects\PBL2\RoadEye\dataset_crack\final_dataset_v5\test\labels\sewer_o8use_002711.txt,0,1
test,D:\Study Material\Sem VI\Projects\PBL2\RoadEye\dataset_crack\final_dataset_v5\test\images\sewer_o8use_002712.jpg,test/images/sewer_o8use_002712.jpg,D:\Study Material\Sem VI\Projects\PBL2\RoadEye\dataset_crack\final_dataset_v5\test\labels\sewer_o8use_002712.txt,0,1
test,D:\Study Material\Sem VI\Projects\PBL2\RoadEye\dataset_crack\final_dataset_v5\test\images\sewer_o8use_002720.jpg,test/images/sewer_o8use_002720.jpg,D:\Study Material\Sem VI\Projects\PBL2\RoadEye\dataset_crack\final_dataset_v5\test\labels\sewer_o8use_002720.txt,3,1
test,D:\Study Material\Sem VI\Projects\PBL2\RoadEye\dataset_crack\final_dataset_v5\test\images\sewer_o8use_002757.jpg,test/images/sewer_o8use_002757.jpg,D:\Study Material\Sem VI\Projects\PBL2\RoadEye\dataset_crack\final_dataset_v5\test\labels\sewer_o8use_002757.txt,1,0
train,D:\Study Material\Sem VI\Projects\PBL2\RoadEye\dataset_crack\final_dataset_v5\train\images\sewage_000001.jpg,train/images/sewage_000001.jpg,D:\Study Material\Sem VI\Projects\PBL2\RoadEye\dataset_crack\final_dataset_v5\train\labels\sewage_000001.txt,2,1
train,D:\Study Material\Sem VI\Projects\PBL2\RoadEye\dataset_crack\final_dataset_v5\train\images\sewage_000030.jpg,train/images/sewage_000030.jpg,D:\Study Material\Sem VI\Projects\PBL2\RoadEye\dataset_crack\final_dataset_v5\train\labels\sewage_000030.txt,1,0
train,D:\Study Material\Sem VI\Projects\PBL2\RoadEye\dataset_crack\final_dataset_v5\train\images\sewage_000040.jpg,train/images/sewage_000040.jpg,D:\Study Material\Sem VI\Projects\PBL2\RoadEye\dataset_crack\final_dataset_v5\train\labels\sewage_000040.txt,1,1
train,D:\Study Material\Sem VI\Projects\PBL2\RoadEye\dataset_crack\final_dataset_v5\train\images\sewage_000062.jpg,train/images/sewage_000062.jpg,D:\Study Material\Sem VI\Projects\PBL2\RoadEye\dataset_crack\final_dataset_v5\train\labels\sewage_000062.txt,3,1
train,D:\Study Material\Sem VI\Projects\PBL2\RoadEye\dataset_crack\final_dataset_v5\train\images\sewage_000064.jpg,train/images/sewage_000064.jpg,D:\Study Material\Sem VI\Projects\PBL2\RoadEye\dataset_crack\final_dataset_v5\train\labels\sewage_000064.txt,0,2
train,D:\Study Material\Sem VI\Projects\PBL2\RoadEye\dataset_crack\final_dataset_v5\train\images\sewage_000074.jpg,train/images/sewage_000074.jpg,D:\Study Material\Sem VI\Projects\PBL2\RoadEye\dataset_crack\final_dataset_v5\train\labels\sewage_000074.txt,2,0
train,D:\Study Material\Sem VI\Projects\PBL2\RoadEye\dataset_crack\final_dataset_v5\train\images\sewage_000076.jpg,train/images/sewage_000076.jpg,D:\Study Material\Sem VI\Projects\PBL2\RoadEye\dataset_crack\final_dataset_v5\train\labels\sewage_000076.txt,1,0
train,D:\Study Material\Sem VI\Projects\PBL2\RoadEye\dataset_crack\final_dataset_v5\train\images\sewage_000114.jpg,train/images/sewage_000114.jpg,D:\Study Material\Sem VI\Projects\PBL2\RoadEye\dataset_crack\final_dataset_v5\train\labels\sewage_000114.txt,2,1
train,D:\Study Material\Sem VI\Projects\PBL2\RoadEye\dataset_crack\final_dataset_v5\train\images\sewage_000121.jpg,train/images/sewage_000121.jpg,D:\Study Material\Sem VI\Projects\PBL2\RoadEye\dataset_crack\final_dataset_v5\train\labels\sewage_000121.txt,0,1
train,D:\Study Material\Sem VI\Projects\PBL2\RoadEye\dataset_crack\final_dataset_v5\train\images\sewage_000122.jpg,train/images/sewage_000122.jpg,D:\Study Material\Sem VI\Projects\PBL2\RoadEye\dataset_crack\final_dataset_v5\train\labels\sewage_000122.txt,1,0
train,D:\Study Material\Sem VI\Projects\PBL2\RoadEye\dataset_crack\final_dataset_v5\train\images\sewage_000123.jpg,train/images/sewage_000123.jpg,D:\Study Material\Sem VI\Projects\PBL2\RoadEye\dataset_crack\final_dataset_v5\train\labels\sewage_000123.txt,4,1
train,D:\Study Material\Sem VI\Projects\PBL2\RoadEye\dataset_crack\final_dataset_v5\train\images\sewage_000142.jpg,train/images/sewage_000142.jpg,D:\Study Material\Sem VI\Projects\PBL2\RoadEye\dataset_crack\final_dataset_v5\train\labels\sewage_000142.txt,1,4
train,D:\Study Material\Sem VI\Projects\PBL2\RoadEye\dataset_crack\final_dataset_v5\train\images\sewage_000145.jpg,train/images/sewage_000145.jpg,D:\Study Material\Sem VI\Projects\PBL2\RoadEye\dataset_crack\final_dataset_v5\train\labels\sewage_000145.txt,1,0
train,D:\Study Material\Sem VI\Projects\PBL2\RoadEye\dataset_crack\final_dataset_v5\train\images\sewage_000160.jpg,train/images/sewage_000160.jpg,D:\Study Material\Sem VI\Projects\PBL2\RoadEye\dataset_crack\final_dataset_v5\train\labels\sewage_000160.txt,2,1
train,D:\Study Material\Sem VI\Projects\PBL2\RoadEye\dataset_crack\final_dataset_v5\train\images\sewage_000165.jpg,train/images/sewage_000165.jpg,D:\Study Material\Sem VI\Projects\PBL2\RoadEye\dataset_crack\final_dataset_v5\train\labels\sewage_000165.txt,1,0
train,D:\Study Material\Sem VI\Projects\PBL2\RoadEye\dataset_crack\final_dataset_v5\train\images\sewage_000171.jpg,train/images/sewage_000171.jpg,D:\Study Material\Sem VI\Projects\PBL2\RoadEye\dataset_crack\final_dataset_v5\train\labels\sewage_000171.txt,1,3
train,D:\Study Material\Sem VI\Projects\PBL2\RoadEye\dataset_crack\final_dataset_v5\train\images\sewage_000189.jpg,train/images/sewage_000189.jpg,D:\Study Material\Sem VI\Projects\PBL2\RoadEye\dataset_crack\final_dataset_v5\train\labels\sewage_000189.txt,3,0
train,D:\Study Material\Sem VI\Projects\PBL2\RoadEye\dataset_crack\final_dataset_v5\train\images\sewage_000192.jpg,train/images/sewage_000192.jpg,D:\Study Material\Sem VI\Projects\PBL2\RoadEye\dataset_crack\final_dataset_v5\train\labels\sewage_000192.txt,1,0
train,D:\Study Material\Sem VI\Projects\PBL2\RoadEye\dataset_crack\final_dataset_v5\train\images\sewage_000193.jpg,train/images/sewage_000193.jpg,D:\Study Material\Sem VI\Projects\PBL2\RoadEye\dataset_crack\final_dataset_v5\train\labels\sewage_000193.txt,1,1
train,D:\Study Material\Sem VI\Projects\PBL2\RoadEye\dataset_crack\final_dataset_v5\train\images\sewage_000199.jpg,train/images/sewage_000199.jpg,D:\Study Material\Sem VI\Projects\PBL2\RoadEye\dataset_crack\final_dataset_v5\train\labels\sewage_000199.txt,1,1
train,D:\Study Material\Sem VI\Projects\PBL2\RoadEye\dataset_crack\final_dataset_v5\train\images\sewage_000248.jpg,train/images/sewage_000248.jpg,D:\Study Material\Sem VI\Projects\PBL2\RoadEye\dataset_crack\final_dataset_v5\train\labels\sewage_000248.txt,1,0
train,D:\Study Material\Sem VI\Projects\PBL2\RoadEye\dataset_crack\final_dataset_v5\train\images\sewage_000249.jpg,train/images/sewage_000249.jpg,D:\Study Material\Sem VI\Projects\PBL2\RoadEye\dataset_crack\final_dataset_v5\train\labels\sewage_000249.txt,2,1
train,D:\Study Material\Sem VI\Projects\PBL2\RoadEye\dataset_crack\final_dataset_v5\train\images\sewage_000258.jpg,train/images/sewage_000258.jpg,D:\Study Material\Sem VI\Projects\PBL2\RoadEye\dataset_crack\final_dataset_v5\train\labels\sewage_000258.txt,1,0
train,D:\Study Material\Sem VI\Projects\PBL2\RoadEye\dataset_crack\final_dataset_v5\train\images\sewage_000263.jpg,train/images/sewage_000263.jpg,D:\Study Material\Sem VI\Projects\PBL2\RoadEye\dataset_crack\final_dataset_v5\train\labels\sewage_000263.txt,1,1
train,D:\Study Material\Sem VI\Projects\PBL2\RoadEye\dataset_crack\final_dataset_v5\train\images\sewage_000270.jpg,train/images/sewage_000270.jpg,D:\Study Material\Sem VI\Projects\PBL2\RoadEye\dataset_crack\final_dataset_v5\train\labels\sewage_000270.txt,2,0
train,D:\Study Material\Sem VI\Projects\PBL2\RoadEye\dataset_crack\final_dataset_v5\train\images\sewage_000278.jpg,train/images/sewage_000278.jpg,D:\Study Material\Sem VI\Projects\PBL2\RoadEye\dataset_crack\final_dataset_v5\train\labels\sewage_000278.txt,1,0
train,D:\Study Material\Sem VI\Projects\PBL2\RoadEye\dataset_crack\final_dataset_v5\train\images\sewage_000285.jpg,train/images/sewage_000285.jpg,D:\Study Material\Sem VI\Projects\PBL2\RoadEye\dataset_crack\final_dataset_v5\train\labels\sewage_000285.txt,2,0
train,D:\Study Material\Sem VI\Projects\PBL2\RoadEye\dataset_crack\final_dataset_v5\train\images\sewage_000311.jpg,train/images/sewage_000311.jpg,D:\Study Material\Sem VI\Projects\PBL2\RoadEye\dataset_crack\final_dataset_v5\train\labels\sewage_000311.txt,0,1
train,D:\Study Material\Sem VI\Projects\PBL2\RoadEye\dataset_crack\final_dataset_v5\train\images\sewage_000326.jpg,train/images/sewage_000326.jpg,D:\Study Material\Sem VI\Projects\PBL2\RoadEye\dataset_crack\final_dataset_v5\train\labels\sewage_000326.txt,1,0
train,D:\Study Material\Sem VI\Projects\PBL2\RoadEye\dataset_crack\final_dataset_v5\train\images\sewage_000330.jpg,train/images/sewage_000330.jpg,D:\Study Material\Sem VI\Projects\PBL2\RoadEye\dataset_crack\final_dataset_v5\train\labels\sewage_000330.txt,1,0
train,D:\Study Material\Sem VI\Projects\PBL2\RoadEye\dataset_crack\final_dataset_v5\train\images\sewage_000345.jpg,train/images/sewage_000345.jpg,D:\Study Material\Sem VI\Projects\PBL2\RoadEye\dataset_crack\final_dataset_v5\train\labels\sewage_000345.txt,1,0
train,D:\Study Material\Sem VI\Projects\PBL2\RoadEye\dataset_crack\final_dataset_v5\train\images\sewage_000416.jpg,train/images/sewage_000416.jpg,D:\Study Material\Sem VI\Projects\PBL2\RoadEye\dataset_crack\final_dataset_v5\train\labels\sewage_000416.txt,2,2
train,D:\Study Material\Sem VI\Projects\PBL2\RoadEye\dataset_crack\final_dataset_v5\train\images\sewage_000421.jpg,train/images/sewage_000421.jpg,D:\Study Material\Sem VI\Projects\PBL2\RoadEye\dataset_crack\final_dataset_v5\train\labels\sewage_000421.txt,1,0
train,D:\Study Material\Sem VI\Projects\PBL2\RoadEye\dataset_crack\final_dataset_v5\train\images\sewage_000460.jpg,train/images/sewage_000460.jpg,D:\Study Material\Sem VI\Projects\PBL2\RoadEye\dataset_crack\final_dataset_v5\train\labels\sewage_000460.txt,1,1
train,D:\Study Material\Sem VI\Projects\PBL2\RoadEye\dataset_crack\final_dataset_v5\train\images\sewage_000495.jpg,train/images/sewage_000495.jpg,D:\Study Material\Sem VI\Projects\PBL2\RoadEye\dataset_crack\final_dataset_v5\train\labels\sewage_000495.txt,2,1
train,D:\Study Material\Sem VI\Projects\PBL2\RoadEye\dataset_crack\final_dataset_v5\train\images\sewage_000530.jpg,train/images/sewage_000530.jpg,D:\Study Material\Sem VI\Projects\PBL2\RoadEye\dataset_crack\final_dataset_v5\train\labels\sewage_000530.txt,1,0
train,D:\Study Material\Sem VI\Projects\PBL2\RoadEye\dataset_crack\final_dataset_v5\train\images\sewage_000536.jpg,train/images/sewage_000536.jpg,D:\Study Material\Sem VI\Projects\PBL2\RoadEye\dataset_crack\final_dataset_v5\train\labels\sewage_000536.txt,1,0
train,D:\Study Material\Sem VI\Projects\PBL2\RoadEye\dataset_crack\final_dataset_v5\train\images\sewage_000595.jpg,train/images/sewage_000595.jpg,D:\Study Material\Sem VI\Projects\PBL2\RoadEye\dataset_crack\final_dataset_v5\train\labels\sewage_000595.txt,1,0
train,D:\Study Material\Sem VI\Projects\PBL2\RoadEye\dataset_crack\final_dataset_v5\train\images\sewage_000597.jpg,train/images/sewage_000597.jpg,D:\Study Material\Sem VI\Projects\PBL2\RoadEye\dataset_crack\final_dataset_v5\train\labels\sewage_000597.txt,2,0
train,D:\Study Material\Sem VI\Projects\PBL2\RoadEye\dataset_crack\final_dataset_v5\train\images\sewage_000604.jpg,train/images/sewage_000604.jpg,D:\Study Material\Sem VI\Projects\PBL2\RoadEye\dataset_crack\final_dataset_v5\train\labels\sewage_000604.txt,1,2
train,D:\Study Material\Sem VI\Projects\PBL2\RoadEye\dataset_crack\final_dataset_v5\train\images\sewage_000612.jpg,train/images/sewage_000612.jpg,D:\Study Material\Sem VI\Projects\PBL2\RoadEye\dataset_crack\final_dataset_v5\train\labels\sewage_000612.txt,1,0
train,D:\Study Material\Sem VI\Projects\PBL2\RoadEye\dataset_crack\final_dataset_v5\train\images\sewage_000619.jpg,train/images/sewage_000619.jpg,D:\Study Material\Sem VI\Projects\PBL2\RoadEye\dataset_crack\final_dataset_v5\train\labels\sewage_000619.txt,1,0
train,D:\Study Material\Sem VI\Projects\PBL2\RoadEye\dataset_crack\final_dataset_v5\train\images\sewage_000625.jpg,train/images/sewage_000625.jpg,D:\Study Material\Sem VI\Projects\PBL2\RoadEye\dataset_crack\final_dataset_v5\train\labels\sewage_000625.txt,2,0
train,D:\Study Material\Sem VI\Projects\PBL2\RoadEye\dataset_crack\final_dataset_v5\train\images\sewage_000640.jpg,train/images/sewage_000640.jpg,D:\Study Material\Sem VI\Projects\PBL2\RoadEye\dataset_crack\final_dataset_v5\train\labels\sewage_000640.txt,1,1
train,D:\Study Material\Sem VI\Projects\PBL2\RoadEye\dataset_crack\final_dataset_v5\train\images\sewage_000657.jpg,train/images/sewage_000657.jpg,D:\Study Material\Sem VI\Projects\PBL2\RoadEye\dataset_crack\final_dataset_v5\train\labels\sewage_000657.txt,0,1
train,D:\Study Material\Sem VI\Projects\PBL2\RoadEye\dataset_crack\final_dataset_v5\train\images\sewage_000713.jpg,train/images/sewage_000713.jpg,D:\Study Material\Sem VI\Projects\PBL2\RoadEye\dataset_crack\final_dataset_v5\train\labels\sewage_000713.txt,1,0
train,D:\Study Material\Sem VI\Projects\PBL2\RoadEye\dataset_crack\final_dataset_v5\train\images\sewage_000717.jpg,train/images/sewage_000717.jpg,D:\Study Material\Sem VI\Projects\PBL2\RoadEye\dataset_crack\final_dataset_v5\train\labels\sewage_000717.txt,1,0
train,D:\Study Material\Sem VI\Projects\PBL2\RoadEye\dataset_crack\final_dataset_v5\train\images\sewage_000723.jpg,train/images/sewage_000723.jpg,D:\Study Material\Sem VI\Projects\PBL2\RoadEye\dataset_crack\final_dataset_v5\train\labels\sewage_000723.txt,2,0
train,D:\Study Material\Sem VI\Projects\PBL2\RoadEye\dataset_crack\final_dataset_v5\train\images\sewage_000726.jpg,train/images/sewage_000726.jpg,D:\Study Material\Sem VI\Projects\PBL2\RoadEye\dataset_crack\final_dataset_v5\train\labels\sewage_000726.txt,1,2
train,D:\Study Material\Sem VI\Projects\PBL2\RoadEye\dataset_crack\final_dataset_v5\train\images\sewage_000759.jpg,train/images/sewage_000759.jpg,D:\Study Material\Sem VI\Projects\PBL2\RoadEye\dataset_crack\final_dataset_v5\train\labels\sewage_000759.txt,4,1
train,D:\Study Material\Sem VI\Projects\PBL2\RoadEye\dataset_crack\final_dataset_v5\train\images\sewage_000798.jpg,train/images/sewage_000798.jpg,D:\Study Material\Sem VI\Projects\PBL2\RoadEye\dataset_crack\final_dataset_v5\train\labels\sewage_000798.txt,1,0
train,D:\Study Material\Sem VI\Projects\PBL2\RoadEye\dataset_crack\final_dataset_v5\train\images\sewage_000802.jpg,train/images/sewage_000802.jpg,D:\Study Material\Sem VI\Projects\PBL2\RoadEye\dataset_crack\final_dataset_v5\train\labels\sewage_000802.txt,3,4
train,D:\Study Material\Sem VI\Projects\PBL2\RoadEye\dataset_crack\final_dataset_v5\train\images\sewage_000826.jpg,train/images/sewage_000826.jpg,D:\Study Material\Sem VI\Projects\PBL2\RoadEye\dataset_crack\final_dataset_v5\train\labels\sewage_000826.txt,0,1
train,D:\Study Material\Sem VI\Projects\PBL2\RoadEye\dataset_crack\final_dataset_v5\train\images\sewage_000849.jpg,train/images/sewage_000849.jpg,D:\Study Material\Sem VI\Projects\PBL2\RoadEye\dataset_crack\final_dataset_v5\train\labels\sewage_000849.txt,0,1
train,D:\Study Material\Sem VI\Projects\PBL2\RoadEye\dataset_crack\final_dataset_v5\train\images\sewage_000883.jpg,train/images/sewage_000883.jpg,D:\Study Material\Sem VI\Projects\PBL2\RoadEye\dataset_crack\final_dataset_v5\train\labels\sewage_000883.txt,1,0
train,D:\Study Material\Sem VI\Projects\PBL2\RoadEye\dataset_crack\final_dataset_v5\train\images\sewage_000886.jpg,train/images/sewage_000886.jpg,D:\Study Material\Sem VI\Projects\PBL2\RoadEye\dataset_crack\final_dataset_v5\train\labels\sewage_000886.txt,4,1
train,D:\Study Material\Sem VI\Projects\PBL2\RoadEye\dataset_crack\final_dataset_v5\train\images\sewage_000896.jpg,train/images/sewage_000896.jpg,D:\Study Material\Sem VI\Projects\PBL2\RoadEye\dataset_crack\final_dataset_v5\train\labels\sewage_000896.txt,1,0
train,D:\Study Material\Sem VI\Projects\PBL2\RoadEye\dataset_crack\final_dataset_v5\train\images\sewage_000973.jpg,train/images/sewage_000973.jpg,D:\Study Material\Sem VI\Projects\PBL2\RoadEye\dataset_crack\final_dataset_v5\train\labels\sewage_000973.txt,1,0
train,D:\Study Material\Sem VI\Projects\PBL2\RoadEye\dataset_crack\final_dataset_v5\train\images\sewage_000977.jpg,train/images/sewage_000977.jpg,D:\Study Material\Sem VI\Projects\PBL2\RoadEye\dataset_crack\final_dataset_v5\train\labels\sewage_000977.txt,1,0
train,D:\Study Material\Sem VI\Projects\PBL2\RoadEye\dataset_crack\final_dataset_v5\train\images\sewage_000984.jpg,train/images/sewage_000984.jpg,D:\Study Material\Sem VI\Projects\PBL2\RoadEye\dataset_crack\final_dataset_v5\train\labels\sewage_000984.txt,2,0
train,D:\Study Material\Sem VI\Projects\PBL2\RoadEye\dataset_crack\final_dataset_v5\train\images\sewage_001015.jpg,train/images/sewage_001015.jpg,D:\Study Material\Sem VI\Projects\PBL2\RoadEye\dataset_crack\final_dataset_v5\train\labels\sewage_001015.txt,1,0
train,D:\Study Material\Sem VI\Projects\PBL2\RoadEye\dataset_crack\final_dataset_v5\train\images\sewage_001065.jpg,train/images/sewage_001065.jpg,D:\Study Material\Sem VI\Projects\PBL2\RoadEye\dataset_crack\final_dataset_v5\train\labels\sewage_001065.txt,1,0
train,D:\Study Material\Sem VI\Projects\PBL2\RoadEye\dataset_crack\final_dataset_v5\train\images\sewage_001071.jpg,train/images/sewage_001071.jpg,D:\Study Material\Sem VI\Projects\PBL2\RoadEye\dataset_crack\final_dataset_v5\train\labels\sewage_001071.txt,1,1
train,D:\Study Material\Sem VI\Projects\PBL2\RoadEye\dataset_crack\final_dataset_v5\train\images\sewage_001077.jpg,train/images/sewage_001077.jpg,D:\Study Material\Sem VI\Projects\PBL2\RoadEye\dataset_crack\final_dataset_v5\train\labels\sewage_001077.txt,0,1
train,D:\Study Material\Sem VI\Projects\PBL2\RoadEye\dataset_crack\final_dataset_v5\train\images\sewage_001083.jpg,train/images/sewage_001083.jpg,D:\Study Material\Sem VI\Projects\PBL2\RoadEye\dataset_crack\final_dataset_v5\train\labels\sewage_001083.txt,0,1
train,D:\Study Material\Sem VI\Projects\PBL2\RoadEye\dataset_crack\final_dataset_v5\train\images\sewage_001098.jpg,train/images/sewage_001098.jpg,D:\Study Material\Sem VI\Projects\PBL2\RoadEye\dataset_crack\final_dataset_v5\train\labels\sewage_001098.txt,1,1
train,D:\Study Material\Sem VI\Projects\PBL2\RoadEye\dataset_crack\final_dataset_v5\train\images\sewage_001117.jpg,train/images/sewage_001117.jpg,D:\Study Material\Sem VI\Projects\PBL2\RoadEye\dataset_crack\final_dataset_v5\train\labels\sewage_001117.txt,0,1
train,D:\Study Material\Sem VI\Projects\PBL2\RoadEye\dataset_crack\final_dataset_v5\train\images\sewage_001121.jpg,train/images/sewage_001121.jpg,D:\Study Material\Sem VI\Projects\PBL2\RoadEye\dataset_crack\final_dataset_v5\train\labels\sewage_001121.txt,1,2
train,D:\Study Material\Sem VI\Projects\PBL2\RoadEye\dataset_crack\final_dataset_v5\train\images\sewage_001128.jpg,train/images/sewage_001128.jpg,D:\Study Material\Sem VI\Projects\PBL2\RoadEye\dataset_crack\final_dataset_v5\train\labels\sewage_001128.txt,2,0
train,D:\Study Material\Sem VI\Projects\PBL2\RoadEye\dataset_crack\final_dataset_v5\train\images\sewage_001135.jpg,train/images/sewage_001135.jpg,D:\Study Material\Sem VI\Projects\PBL2\RoadEye\dataset_crack\final_dataset_v5\train\labels\sewage_001135.txt,1,0
train,D:\Study Material\Sem VI\Projects\PBL2\RoadEye\dataset_crack\final_dataset_v5\train\images\sewage_001175.jpg,train/images/sewage_001175.jpg,D:\Study Material\Sem VI\Projects\PBL2\RoadEye\dataset_crack\final_dataset_v5\train\labels\sewage_001175.txt,0,1
train,D:\Study Material\Sem VI\Projects\PBL2\RoadEye\dataset_crack\final_dataset_v5\train\images\sewage_001181.jpg,train/images/sewage_001181.jpg,D:\Study Material\Sem VI\Projects\PBL2\RoadEye\dataset_crack\final_dataset_v5\train\labels\sewage_001181.txt,1,2
train,D:\Study Material\Sem VI\Projects\PBL2\RoadEye\dataset_crack\final_dataset_v5\train\images\sewage_001194.jpg,train/images/sewage_001194.jpg,D:\Study Material\Sem VI\Projects\PBL2\RoadEye\dataset_crack\final_dataset_v5\train\labels\sewage_001194.txt,0,1
train,D:\Study Material\Sem VI\Projects\PBL2\RoadEye\dataset_crack\final_dataset_v5\train\images\sewage_001207.jpg,train/images/sewage_001207.jpg,D:\Study Material\Sem VI\Projects\PBL2\RoadEye\dataset_crack\final_dataset_v5\train\labels\sewage_001207.txt,1,0
train,D:\Study Material\Sem VI\Projects\PBL2\RoadEye\dataset_crack\final_dataset_v5\train\images\sewage_001208.jpg,train/images/sewage_001208.jpg,D:\Study Material\Sem VI\Projects\PBL2\RoadEye\dataset_crack\final_dataset_v5\train\labels\sewage_001208.txt,2,0
train,D:\Study Material\Sem VI\Projects\PBL2\RoadEye\dataset_crack\final_dataset_v5\train\images\sewage_001217.jpg,train/images/sewage_001217.jpg,D:\Study Material\Sem VI\Projects\PBL2\RoadEye\dataset_crack\final_dataset_v5\train\labels\sewage_001217.txt,0,2
train,D:\Study Material\Sem VI\Projects\PBL2\RoadEye\dataset_crack\final_dataset_v5\train\images\sewage_001229.jpg,train/images/sewage_001229.jpg,D:\Study Material\Sem VI\Projects\PBL2\RoadEye\dataset_crack\final_dataset_v5\train\labels\sewage_001229.txt,1,0
train,D:\Study Material\Sem VI\Projects\PBL2\RoadEye\dataset_crack\final_dataset_v5\train\images\sewage_001248.jpg,train/images/sewage_001248.jpg,D:\Study Material\Sem VI\Projects\PBL2\RoadEye\dataset_crack\final_dataset_v5\train\labels\sewage_001248.txt,2,1
train,D:\Study Material\Sem VI\Projects\PBL2\RoadEye\dataset_crack\final_dataset_v5\train\images\sewage_001268.jpg,train/images/sewage_001268.jpg,D:\Study Material\Sem VI\Projects\PBL2\RoadEye\dataset_crack\final_dataset_v5\train\labels\sewage_001268.txt,3,5
train,D:\Study Material\Sem VI\Projects\PBL2\RoadEye\dataset_crack\final_dataset_v5\train\images\sewage_001274.jpg,train/images/sewage_001274.jpg,D:\Study Material\Sem VI\Projects\PBL2\RoadEye\dataset_crack\final_dataset_v5\train\labels\sewage_001274.txt,1,0
train,D:\Study Material\Sem VI\Projects\PBL2\RoadEye\dataset_crack\final_dataset_v5\train\images\sewage_001283.jpg,train/images/sewage_001283.jpg,D:\Study Material\Sem VI\Projects\PBL2\RoadEye\dataset_crack\final_dataset_v5\train\labels\sewage_001283.txt,2,2
train,D:\Study Material\Sem VI\Projects\PBL2\RoadEye\dataset_crack\final_dataset_v5\train\images\sewage_001284.jpg,train/images/sewage_001284.jpg,D:\Study Material\Sem VI\Projects\PBL2\RoadEye\dataset_crack\final_dataset_v5\train\labels\sewage_001284.txt,0,1
train,D:\Study Material\Sem VI\Projects\PBL2\RoadEye\dataset_crack\final_dataset_v5\train\images\sewage_001301.jpg,train/images/sewage_001301.jpg,D:\Study Material\Sem VI\Projects\PBL2\RoadEye\dataset_crack\final_dataset_v5\train\labels\sewage_001301.txt,1,0
train,D:\Study Material\Sem VI\Projects\PBL2\RoadEye\dataset_crack\final_dataset_v5\train\images\sewage_001327.jpg,train/images/sewage_001327.jpg,D:\Study Material\Sem VI\Projects\PBL2\RoadEye\dataset_crack\final_dataset_v5\train\labels\sewage_001327.txt,0,1
train,D:\Study Material\Sem VI\Projects\PBL2\RoadEye\dataset_crack\final_dataset_v5\train\images\sewage_001361.jpg,train/images/sewage_001361.jpg,D:\Study Material\Sem VI\Projects\PBL2\RoadEye\dataset_crack\final_dataset_v5\train\labels\sewage_001361.txt,2,0
train,D:\Study Material\Sem VI\Projects\PBL2\RoadEye\dataset_crack\final_dataset_v5\train\images\sewage_001387.jpg,train/images/sewage_001387.jpg,D:\Study Material\Sem VI\Projects\PBL2\RoadEye\dataset_crack\final_dataset_v5\train\labels\sewage_001387.txt,2,1
train,D:\Study Material\Sem VI\Projects\PBL2\RoadEye\dataset_crack\final_dataset_v5\train\images\sewage_001389.jpg,train/images/sewage_001389.jpg,D:\Study Material\Sem VI\Projects\PBL2\RoadEye\dataset_crack\final_dataset_v5\train\labels\sewage_001389.txt,0,2
train,D:\Study Material\Sem VI\Projects\PBL2\RoadEye\dataset_crack\final_dataset_v5\train\images\sewage_001420.jpg,train/images/sewage_001420.jpg,D:\Study Material\Sem VI\Projects\PBL2\RoadEye\dataset_crack\final_dataset_v5\train\labels\sewage_001420.txt,2,1
train,D:\Study Material\Sem VI\Projects\PBL2\RoadEye\dataset_crack\final_dataset_v5\train\images\sewage_001447.jpg,train/images/sewage_001447.jpg,D:\Study Material\Sem VI\Projects\PBL2\RoadEye\dataset_crack\final_dataset_v5\train\labels\sewage_001447.txt,1,0
train,D:\Study Material\Sem VI\Projects\PBL2\RoadEye\dataset_crack\final_dataset_v5\train\images\sewage_001452.jpg,train/images/sewage_001452.jpg,D:\Study Material\Sem VI\Projects\PBL2\RoadEye\dataset_crack\final_dataset_v5\train\labels\sewage_001452.txt,1,0
train,D:\Study Material\Sem VI\Projects\PBL2\RoadEye\dataset_crack\final_dataset_v5\train\images\sewage_001457.jpg,train/images/sewage_001457.jpg,D:\Study Material\Sem VI\Projects\PBL2\RoadEye\dataset_crack\final_dataset_v5\train\labels\sewage_001457.txt,1,0
train,D:\Study Material\Sem VI\Projects\PBL2\RoadEye\dataset_crack\final_dataset_v5\train\images\sewage_001460.jpg,train/images/sewage_001460.jpg,D:\Study Material\Sem VI\Projects\PBL2\RoadEye\dataset_crack\final_dataset_v5\train\labels\sewage_001460.txt,3,2
train,D:\Study Material\Sem VI\Projects\PBL2\RoadEye\dataset_crack\final_dataset_v5\train\images\sewage_001466.jpg,train/images/sewage_001466.jpg,D:\Study Material\Sem VI\Projects\PBL2\RoadEye\dataset_crack\final_dataset_v5\train\labels\sewage_001466.txt,2,0
train,D:\Study Material\Sem VI\Projects\PBL2\RoadEye\dataset_crack\final_dataset_v5\train\images\sewage_001500.jpg,train/images/sewage_001500.jpg,D:\Study Material\Sem VI\Projects\PBL2\RoadEye\dataset_crack\final_dataset_v5\train\labels\sewage_001500.txt,1,1
train,D:\Study Material\Sem VI\Projects\PBL2\RoadEye\dataset_crack\final_dataset_v5\train\images\sewage_001507.jpg,train/images/sewage_001507.jpg,D:\Study Material\Sem VI\Projects\PBL2\RoadEye\dataset_crack\final_dataset_v5\train\labels\sewage_001507.txt,0,1
train,D:\Study Material\Sem VI\Projects\PBL2\RoadEye\dataset_crack\final_dataset_v5\train\images\sewage_001535.jpg,train/images/sewage_001535.jpg,D:\Study Material\Sem VI\Projects\PBL2\RoadEye\dataset_crack\final_dataset_v5\train\labels\sewage_001535.txt,1,0
train,D:\Study Material\Sem VI\Projects\PBL2\RoadEye\dataset_crack\final_dataset_v5\train\images\sewage_001555.jpg,train/images/sewage_001555.jpg,D:\Study Material\Sem VI\Projects\PBL2\RoadEye\dataset_crack\final_dataset_v5\train\labels\sewage_001555.txt,0,2
train,D:\Study Material\Sem VI\Projects\PBL2\RoadEye\dataset_crack\final_dataset_v5\train\images\sewage_001571.jpg,train/images/sewage_001571.jpg,D:\Study Material\Sem VI\Projects\PBL2\RoadEye\dataset_crack\final_dataset_v5\train\labels\sewage_001571.txt,2,0
train,D:\Study Material\Sem VI\Projects\PBL2\RoadEye\dataset_crack\final_dataset_v5\train\images\sewage_001580.jpg,train/images/sewage_001580.jpg,D:\Study Material\Sem VI\Projects\PBL2\RoadEye\dataset_crack\final_dataset_v5\train\labels\sewage_001580.txt,1,0
train,D:\Study Material\Sem VI\Projects\PBL2\RoadEye\dataset_crack\final_dataset_v5\train\images\sewage_001588.jpg,train/images/sewage_001588.jpg,D:\Study Material\Sem VI\Projects\PBL2\RoadEye\dataset_crack\final_dataset_v5\train\labels\sewage_001588.txt,0,1
train,D:\Study Material\Sem VI\Projects\PBL2\RoadEye\dataset_crack\final_dataset_v5\train\images\sewage_001601.jpg,train/images/sewage_001601.jpg,D:\Study Material\Sem VI\Projects\PBL2\RoadEye\dataset_crack\final_dataset_v5\train\labels\sewage_001601.txt,2,1
train,D:\Study Material\Sem VI\Projects\PBL2\RoadEye\dataset_crack\final_dataset_v5\train\images\sewage_001618.jpg,train/images/sewage_001618.jpg,D:\Study Material\Sem VI\Projects\PBL2\RoadEye\dataset_crack\final_dataset_v5\train\labels\sewage_001618.txt,1,0
train,D:\Study Material\Sem VI\Projects\PBL2\RoadEye\dataset_crack\final_dataset_v5\train\images\sewage_001625.jpg,train/images/sewage_001625.jpg,D:\Study Material\Sem VI\Projects\PBL2\RoadEye\dataset_crack\final_dataset_v5\train\labels\sewage_001625.txt,1,0
train,D:\Study Material\Sem VI\Projects\PBL2\RoadEye\dataset_crack\final_dataset_v5\train\images\sewage_001644.jpg,train/images/sewage_001644.jpg,D:\Study Material\Sem VI\Projects\PBL2\RoadEye\dataset_crack\final_dataset_v5\train\labels\sewage_001644.txt,1,0
train,D:\Study Material\Sem VI\Projects\PBL2\RoadEye\dataset_crack\final_dataset_v5\train\images\sewage_001671.jpg,train/images/sewage_001671.jpg,D:\Study Material\Sem VI\Projects\PBL2\RoadEye\dataset_crack\final_dataset_v5\train\labels\sewage_001671.txt,2,1
train,D:\Study Material\Sem VI\Projects\PBL2\RoadEye\dataset_crack\final_dataset_v5\train\images\sewage_001675.jpg,train/images/sewage_001675.jpg,D:\Study Material\Sem VI\Projects\PBL2\RoadEye\dataset_crack\final_dataset_v5\train\labels\sewage_001675.txt,2,0
train,D:\Study Material\Sem VI\Projects\PBL2\RoadEye\dataset_crack\final_dataset_v5\train\images\sewage_001680.jpg,train/images/sewage_001680.jpg,D:\Study Material\Sem VI\Projects\PBL2\RoadEye\dataset_crack\final_dataset_v5\train\labels\sewage_001680.txt,4,1
train,D:\Study Material\Sem VI\Projects\PBL2\RoadEye\dataset_crack\final_dataset_v5\train\images\sewage_001698.jpg,train/images/sewage_001698.jpg,D:\Study Material\Sem VI\Projects\PBL2\RoadEye\dataset_crack\final_dataset_v5\train\labels\sewage_001698.txt,1,0
train,D:\Study Material\Sem VI\Projects\PBL2\RoadEye\dataset_crack\final_dataset_v5\train\images\sewage_001752.jpg,train/images/sewage_001752.jpg,D:\Study Material\Sem VI\Projects\PBL2\RoadEye\dataset_crack\final_dataset_v5\train\labels\sewage_001752.txt,1,0
train,D:\Study Material\Sem VI\Projects\PBL2\RoadEye\dataset_crack\final_dataset_v5\train\images\sewage_001762.jpg,train/images/sewage_001762.jpg,D:\Study Material\Sem VI\Projects\PBL2\RoadEye\dataset_crack\final_dataset_v5\train\labels\sewage_001762.txt,2,4
train,D:\Study Material\Sem VI\Projects\PBL2\RoadEye\dataset_crack\final_dataset_v5\train\images\sewage_001780.jpg,train/images/sewage_001780.jpg,D:\Study Material\Sem VI\Projects\PBL2\RoadEye\dataset_crack\final_dataset_v5\train\labels\sewage_001780.txt,1,1
train,D:\Study Material\Sem VI\Projects\PBL2\RoadEye\dataset_crack\final_dataset_v5\train\images\sewage_001790.jpg,train/images/sewage_001790.jpg,D:\Study Material\Sem VI\Projects\PBL2\RoadEye\dataset_crack\final_dataset_v5\train\labels\sewage_001790.txt,1,2
train,D:\Study Material\Sem VI\Projects\PBL2\RoadEye\dataset_crack\final_dataset_v5\train\images\sewage_001804.jpg,train/images/sewage_001804.jpg,D:\Study Material\Sem VI\Projects\PBL2\RoadEye\dataset_crack\final_dataset_v5\train\labels\sewage_001804.txt,1,0
train,D:\Study Material\Sem VI\Projects\PBL2\RoadEye\dataset_crack\final_dataset_v5\train\images\sewage_001824.jpg,train/images/sewage_001824.jpg,D:\Study Material\Sem VI\Projects\PBL2\RoadEye\dataset_crack\final_dataset_v5\train\labels\sewage_001824.txt,1,1
train,D:\Study Material\Sem VI\Projects\PBL2\RoadEye\dataset_crack\final_dataset_v5\train\images\sewage_001828.jpg,train/images/sewage_001828.jpg,D:\Study Material\Sem VI\Projects\PBL2\RoadEye\dataset_crack\final_dataset_v5\train\labels\sewage_001828.txt,1,1
train,D:\Study Material\Sem VI\Projects\PBL2\RoadEye\dataset_crack\final_dataset_v5\train\images\sewage_001832.jpg,train/images/sewage_001832.jpg,D:\Study Material\Sem VI\Projects\PBL2\RoadEye\dataset_crack\final_dataset_v5\train\labels\sewage_001832.txt,0,1
train,D:\Study Material\Sem VI\Projects\PBL2\RoadEye\dataset_crack\final_dataset_v5\train\images\sewage_001901.jpg,train/images/sewage_001901.jpg,D:\Study Material\Sem VI\Projects\PBL2\RoadEye\dataset_crack\final_dataset_v5\train\labels\sewage_001901.txt,1,0
train,D:\Study Material\Sem VI\Projects\PBL2\RoadEye\dataset_crack\final_dataset_v5\train\images\sewage_001909.jpg,train/images/sewage_001909.jpg,D:\Study Material\Sem VI\Projects\PBL2\RoadEye\dataset_crack\final_dataset_v5\train\labels\sewage_001909.txt,1,0
train,D:\Study Material\Sem VI\Projects\PBL2\RoadEye\dataset_crack\final_dataset_v5\train\images\sewage_001923.jpg,train/images/sewage_001923.jpg,D:\Study Material\Sem VI\Projects\PBL2\RoadEye\dataset_crack\final_dataset_v5\train\labels\sewage_001923.txt,0,1
train,D:\Study Material\Sem VI\Projects\PBL2\RoadEye\dataset_crack\final_dataset_v5\train\images\sewage_001933.jpg,train/images/sewage_001933.jpg,D:\Study Material\Sem VI\Projects\PBL2\RoadEye\dataset_crack\final_dataset_v5\train\labels\sewage_001933.txt,2,2
train,D:\Study Material\Sem VI\Projects\PBL2\RoadEye\dataset_crack\final_dataset_v5\train\images\sewage_001965.jpg,train/images/sewage_001965.jpg,D:\Study Material\Sem VI\Projects\PBL2\RoadEye\dataset_crack\final_dataset_v5\train\labels\sewage_001965.txt,1,0
train,D:\Study Material\Sem VI\Projects\PBL2\RoadEye\dataset_crack\final_dataset_v5\train\images\sewage_001969.jpg,train/images/sewage_001969.jpg,D:\Study Material\Sem VI\Projects\PBL2\RoadEye\dataset_crack\final_dataset_v5\train\labels\sewage_001969.txt,1,0
train,D:\Study Material\Sem VI\Projects\PBL2\RoadEye\dataset_crack\final_dataset_v5\train\images\sewage_001982.jpg,train/images/sewage_001982.jpg,D:\Study Material\Sem VI\Projects\PBL2\RoadEye\dataset_crack\final_dataset_v5\train\labels\sewage_001982.txt,1,1
train,D:\Study Material\Sem VI\Projects\PBL2\RoadEye\dataset_crack\final_dataset_v5\train\images\sewage_002035.jpg,train/images/sewage_002035.jpg,D:\Study Material\Sem VI\Projects\PBL2\RoadEye\dataset_crack\final_dataset_v5\train\labels\sewage_002035.txt,0,1
train,D:\Study Material\Sem VI\Projects\PBL2\RoadEye\dataset_crack\final_dataset_v5\train\images\sewage_002041.jpg,train/images/sewage_002041.jpg,D:\Study Material\Sem VI\Projects\PBL2\RoadEye\dataset_crack\final_dataset_v5\train\labels\sewage_002041.txt,1,0
train,D:\Study Material\Sem VI\Projects\PBL2\RoadEye\dataset_crack\final_dataset_v5\train\images\sewage_002042.jpg,train/images/sewage_002042.jpg,D:\Study Material\Sem VI\Projects\PBL2\RoadEye\dataset_crack\final_dataset_v5\train\labels\sewage_002042.txt,1,1
train,D:\Study Material\Sem VI\Projects\PBL2\RoadEye\dataset_crack\final_dataset_v5\train\images\sewage_002044.jpg,train/images/sewage_002044.jpg,D:\Study Material\Sem VI\Projects\PBL2\RoadEye\dataset_crack\final_dataset_v5\train\labels\sewage_002044.txt,1,1
train,D:\Study Material\Sem VI\Projects\PBL2\RoadEye\dataset_crack\final_dataset_v5\train\images\sewage_002057.jpg,train/images/sewage_002057.jpg,D:\Study Material\Sem VI\Projects\PBL2\RoadEye\dataset_crack\final_dataset_v5\train\labels\sewage_002057.txt,1,0
train,D:\Study Material\Sem VI\Projects\PBL2\RoadEye\dataset_crack\final_dataset_v5\train\images\sewage_002101.jpg,train/images/sewage_002101.jpg,D:\Study Material\Sem VI\Projects\PBL2\RoadEye\dataset_crack\final_dataset_v5\train\labels\sewage_002101.txt,1,2
train,D:\Study Material\Sem VI\Projects\PBL2\RoadEye\dataset_crack\final_dataset_v5\train\images\sewage_002140.jpg,train/images/sewage_002140.jpg,D:\Study Material\Sem VI\Projects\PBL2\RoadEye\dataset_crack\final_dataset_v5\train\labels\sewage_002140.txt,0,1
train,D:\Study Material\Sem VI\Projects\PBL2\RoadEye\dataset_crack\final_dataset_v5\train\images\sewage_002149.jpg,train/images/sewage_002149.jpg,D:\Study Material\Sem VI\Projects\PBL2\RoadEye\dataset_crack\final_dataset_v5\train\labels\sewage_002149.txt,1,0
train,D:\Study Material\Sem VI\Projects\PBL2\RoadEye\dataset_crack\final_dataset_v5\train\images\sewage_002152.jpg,train/images/sewage_002152.jpg,D:\Study Material\Sem VI\Projects\PBL2\RoadEye\dataset_crack\final_dataset_v5\train\labels\sewage_002152.txt,1,0
train,D:\Study Material\Sem VI\Projects\PBL2\RoadEye\dataset_crack\final_dataset_v5\train\images\sewage_002179.jpg,train/images/sewage_002179.jpg,D:\Study Material\Sem VI\Projects\PBL2\RoadEye\dataset_crack\final_dataset_v5\train\labels\sewage_002179.txt,1,0
train,D:\Study Material\Sem VI\Projects\PBL2\RoadEye\dataset_crack\final_dataset_v5\train\images\sewage_002193.jpg,train/images/sewage_002193.jpg,D:\Study Material\Sem VI\Projects\PBL2\RoadEye\dataset_crack\final_dataset_v5\train\labels\sewage_002193.txt,1,0
train,D:\Study Material\Sem VI\Projects\PBL2\RoadEye\dataset_crack\final_dataset_v5\train\images\sewage_002235.jpg,train/images/sewage_002235.jpg,D:\Study Material\Sem VI\Projects\PBL2\RoadEye\dataset_crack\final_dataset_v5\train\labels\sewage_002235.txt,4,2
train,D:\Study Material\Sem VI\Projects\PBL2\RoadEye\dataset_crack\final_dataset_v5\train\images\sewage_002285.jpg,train/images/sewage_002285.jpg,D:\Study Material\Sem VI\Projects\PBL2\RoadEye\dataset_crack\final_dataset_v5\train\labels\sewage_002285.txt,0,1
train,D:\Study Material\Sem VI\Projects\PBL2\RoadEye\dataset_crack\final_dataset_v5\train\images\sewage_002356.jpg,train/images/sewage_002356.jpg,D:\Study Material\Sem VI\Projects\PBL2\RoadEye\dataset_crack\final_dataset_v5\train\labels\sewage_002356.txt,1,1
train,D:\Study Material\Sem VI\Projects\PBL2\RoadEye\dataset_crack\final_dataset_v5\train\images\sewage_002369.jpg,train/images/sewage_002369.jpg,D:\Study Material\Sem VI\Projects\PBL2\RoadEye\dataset_crack\final_dataset_v5\train\labels\sewage_002369.txt,0,2
train,D:\Study Material\Sem VI\Projects\PBL2\RoadEye\dataset_crack\final_dataset_v5\train\images\sewage_002396.jpg,train/images/sewage_002396.jpg,D:\Study Material\Sem VI\Projects\PBL2\RoadEye\dataset_crack\final_dataset_v5\train\labels\sewage_002396.txt,1,1
train,D:\Study Material\Sem VI\Projects\PBL2\RoadEye\dataset_crack\final_dataset_v5\train\images\sewage_002401.jpg,train/images/sewage_002401.jpg,D:\Study Material\Sem VI\Projects\PBL2\RoadEye\dataset_crack\final_dataset_v5\train\labels\sewage_002401.txt,1,2
train,D:\Study Material\Sem VI\Projects\PBL2\RoadEye\dataset_crack\final_dataset_v5\train\images\sewage_002428.jpg,train/images/sewage_002428.jpg,D:\Study Material\Sem VI\Projects\PBL2\RoadEye\dataset_crack\final_dataset_v5\train\labels\sewage_002428.txt,0,1
train,D:\Study Material\Sem VI\Projects\PBL2\RoadEye\dataset_crack\final_dataset_v5\train\images\sewage_002459.jpg,train/images/sewage_002459.jpg,D:\Study Material\Sem VI\Projects\PBL2\RoadEye\dataset_crack\final_dataset_v5\train\labels\sewage_002459.txt,1,0
train,D:\Study Material\Sem VI\Projects\PBL2\RoadEye\dataset_crack\final_dataset_v5\train\images\sewage_002467.jpg,train/images/sewage_002467.jpg,D:\Study Material\Sem VI\Projects\PBL2\RoadEye\dataset_crack\final_dataset_v5\train\labels\sewage_002467.txt,1,1
train,D:\Study Material\Sem VI\Projects\PBL2\RoadEye\dataset_crack\final_dataset_v5\train\images\sewage_002470.jpg,train/images/sewage_002470.jpg,D:\Study Material\Sem VI\Projects\PBL2\RoadEye\dataset_crack\final_dataset_v5\train\labels\sewage_002470.txt,0,1
train,D:\Study Material\Sem VI\Projects\PBL2\RoadEye\dataset_crack\final_dataset_v5\train\images\sewage_002510.jpg,train/images/sewage_002510.jpg,D:\Study Material\Sem VI\Projects\PBL2\RoadEye\dataset_crack\final_dataset_v5\train\labels\sewage_002510.txt,0,1
train,D:\Study Material\Sem VI\Projects\PBL2\RoadEye\dataset_crack\final_dataset_v5\train\images\sewage_002525.jpg,train/images/sewage_002525.jpg,D:\Study Material\Sem VI\Projects\PBL2\RoadEye\dataset_crack\final_dataset_v5\train\labels\sewage_002525.txt,1,1
train,D:\Study Material\Sem VI\Projects\PBL2\RoadEye\dataset_crack\final_dataset_v5\train\images\sewage_002534.jpg,train/images/sewage_002534.jpg,D:\Study Material\Sem VI\Projects\PBL2\RoadEye\dataset_crack\final_dataset_v5\train\labels\sewage_002534.txt,0,1
train,D:\Study Material\Sem VI\Projects\PBL2\RoadEye\dataset_crack\final_dataset_v5\train\images\sewage_002568.jpg,train/images/sewage_002568.jpg,D:\Study Material\Sem VI\Projects\PBL2\RoadEye\dataset_crack\final_dataset_v5\train\labels\sewage_002568.txt,0,1
train,D:\Study Material\Sem VI\Projects\PBL2\RoadEye\dataset_crack\final_dataset_v5\train\images\sewage_002620.jpg,train/images/sewage_002620.jpg,D:\Study Material\Sem VI\Projects\PBL2\RoadEye\dataset_crack\final_dataset_v5\train\labels\sewage_002620.txt,0,1
train,D:\Study Material\Sem VI\Projects\PBL2\RoadEye\dataset_crack\final_dataset_v5\train\images\sewage_002625.jpg,train/images/sewage_002625.jpg,D:\Study Material\Sem VI\Projects\PBL2\RoadEye\dataset_crack\final_dataset_v5\train\labels\sewage_002625.txt,1,0
train,D:\Study Material\Sem VI\Projects\PBL2\RoadEye\dataset_crack\final_dataset_v5\train\images\sewage_002636.jpg,train/images/sewage_002636.jpg,D:\Study Material\Sem VI\Projects\PBL2\RoadEye\dataset_crack\final_dataset_v5\train\labels\sewage_002636.txt,0,3
train,D:\Study Material\Sem VI\Projects\PBL2\RoadEye\dataset_crack\final_dataset_v5\train\images\sewage_002678.jpg,train/images/sewage_002678.jpg,D:\Study Material\Sem VI\Projects\PBL2\RoadEye\dataset_crack\final_dataset_v5\train\labels\sewage_002678.txt,2,0
train,D:\Study Material\Sem VI\Projects\PBL2\RoadEye\dataset_crack\final_dataset_v5\train\images\sewage_002728.jpg,train/images/sewage_002728.jpg,D:\Study Material\Sem VI\Projects\PBL2\RoadEye\dataset_crack\final_dataset_v5\train\labels\sewage_002728.txt,2,1
train,D:\Study Material\Sem VI\Projects\PBL2\RoadEye\dataset_crack\final_dataset_v5\train\images\sewage_002733.jpg,train/images/sewage_002733.jpg,D:\Study Material\Sem VI\Projects\PBL2\RoadEye\dataset_crack\final_dataset_v5\train\labels\sewage_002733.txt,2,0
train,D:\Study Material\Sem VI\Projects\PBL2\RoadEye\dataset_crack\final_dataset_v5\train\images\sewage_002734.jpg,train/images/sewage_002734.jpg,D:\Study Material\Sem VI\Projects\PBL2\RoadEye\dataset_crack\final_dataset_v5\train\labels\sewage_002734.txt,2,0
train,D:\Study Material\Sem VI\Projects\PBL2\RoadEye\dataset_crack\final_dataset_v5\train\images\sewage_002780.jpg,train/images/sewage_002780.jpg,D:\Study Material\Sem VI\Projects\PBL2\RoadEye\dataset_crack\final_dataset_v5\train\labels\sewage_002780.txt,3,0
train,D:\Study Material\Sem VI\Projects\PBL2\RoadEye\dataset_crack\final_dataset_v5\train\images\sewage_002787.jpg,train/images/sewage_002787.jpg,D:\Study Material\Sem VI\Projects\PBL2\RoadEye\dataset_crack\final_dataset_v5\train\labels\sewage_002787.txt,1,2
train,D:\Study Material\Sem VI\Projects\PBL2\RoadEye\dataset_crack\final_dataset_v5\train\images\sewage_002802.jpg,train/images/sewage_002802.jpg,D:\Study Material\Sem VI\Projects\PBL2\RoadEye\dataset_crack\final_dataset_v5\train\labels\sewage_002802.txt,0,1
train,D:\Study Material\Sem VI\Projects\PBL2\RoadEye\dataset_crack\final_dataset_v5\train\images\sewage_002839.jpg,train/images/sewage_002839.jpg,D:\Study Material\Sem VI\Projects\PBL2\RoadEye\dataset_crack\final_dataset_v5\train\labels\sewage_002839.txt,0,1
train,D:\Study Material\Sem VI\Projects\PBL2\RoadEye\dataset_crack\final_dataset_v5\train\images\sewage_002864.jpg,train/images/sewage_002864.jpg,D:\Study Material\Sem VI\Projects\PBL2\RoadEye\dataset_crack\final_dataset_v5\train\labels\sewage_002864.txt,4,1
train,D:\Study Material\Sem VI\Projects\PBL2\RoadEye\dataset_crack\final_dataset_v5\train\images\sewage_002870.jpg,train/images/sewage_002870.jpg,D:\Study Material\Sem VI\Projects\PBL2\RoadEye\dataset_crack\final_dataset_v5\train\labels\sewage_002870.txt,3,0
train,D:\Study Material\Sem VI\Projects\PBL2\RoadEye\dataset_crack\final_dataset_v5\train\images\sewage_002879.jpg,train/images/sewage_002879.jpg,D:\Study Material\Sem VI\Projects\PBL2\RoadEye\dataset_crack\final_dataset_v5\train\labels\sewage_002879.txt,2,0
train,D:\Study Material\Sem VI\Projects\PBL2\RoadEye\dataset_crack\final_dataset_v5\train\images\sewage_002887.jpg,train/images/sewage_002887.jpg,D:\Study Material\Sem VI\Projects\PBL2\RoadEye\dataset_crack\final_dataset_v5\train\labels\sewage_002887.txt,1,1
train,D:\Study Material\Sem VI\Projects\PBL2\RoadEye\dataset_crack\final_dataset_v5\train\images\sewage_002928.jpg,train/images/sewage_002928.jpg,D:\Study Material\Sem VI\Projects\PBL2\RoadEye\dataset_crack\final_dataset_v5\train\labels\sewage_002928.txt,1,0
train,D:\Study Material\Sem VI\Projects\PBL2\RoadEye\dataset_crack\final_dataset_v5\train\images\sewage_002947.jpg,train/images/sewage_002947.jpg,D:\Study Material\Sem VI\Projects\PBL2\RoadEye\dataset_crack\final_dataset_v5\train\labels\sewage_002947.txt,2,0
train,D:\Study Material\Sem VI\Projects\PBL2\RoadEye\dataset_crack\final_dataset_v5\train\images\sewage_002972.jpg,train/images/sewage_002972.jpg,D:\Study Material\Sem VI\Projects\PBL2\RoadEye\dataset_crack\final_dataset_v5\train\labels\sewage_002972.txt,2,0
train,D:\Study Material\Sem VI\Projects\PBL2\RoadEye\dataset_crack\final_dataset_v5\train\images\sewage_002974.jpg,train/images/sewage_002974.jpg,D:\Study Material\Sem VI\Projects\PBL2\RoadEye\dataset_crack\final_dataset_v5\train\labels\sewage_002974.txt,1,0
train,D:\Study Material\Sem VI\Projects\PBL2\RoadEye\dataset_crack\final_dataset_v5\train\images\sewage_003040.jpg,train/images/sewage_003040.jpg,D:\Study Material\Sem VI\Projects\PBL2\RoadEye\dataset_crack\final_dataset_v5\train\labels\sewage_003040.txt,1,0
train,D:\Study Material\Sem VI\Projects\PBL2\RoadEye\dataset_crack\final_dataset_v5\train\images\sewage_003041.jpg,train/images/sewage_003041.jpg,D:\Study Material\Sem VI\Projects\PBL2\RoadEye\dataset_crack\final_dataset_v5\train\labels\sewage_003041.txt,1,0
train,D:\Study Material\Sem VI\Projects\PBL2\RoadEye\dataset_crack\final_dataset_v5\train\images\sewage_003043.jpg,train/images/sewage_003043.jpg,D:\Study Material\Sem VI\Projects\PBL2\RoadEye\dataset_crack\final_dataset_v5\train\labels\sewage_003043.txt,0,1
train,D:\Study Material\Sem VI\Projects\PBL2\RoadEye\dataset_crack\final_dataset_v5\train\images\sewage_003047.jpg,train/images/sewage_003047.jpg,D:\Study Material\Sem VI\Projects\PBL2\RoadEye\dataset_crack\final_dataset_v5\train\labels\sewage_003047.txt,1,1
train,D:\Study Material\Sem VI\Projects\PBL2\RoadEye\dataset_crack\final_dataset_v5\train\images\sewage_003060.jpg,train/images/sewage_003060.jpg,D:\Study Material\Sem VI\Projects\PBL2\RoadEye\dataset_crack\final_dataset_v5\train\labels\sewage_003060.txt,2,2
train,D:\Study Material\Sem VI\Projects\PBL2\RoadEye\dataset_crack\final_dataset_v5\train\images\sewage_003066.jpg,train/images/sewage_003066.jpg,D:\Study Material\Sem VI\Projects\PBL2\RoadEye\dataset_crack\final_dataset_v5\train\labels\sewage_003066.txt,2,0
train,D:\Study Material\Sem VI\Projects\PBL2\RoadEye\dataset_crack\final_dataset_v5\train\images\sewage_003070.jpg,train/images/sewage_003070.jpg,D:\Study Material\Sem VI\Projects\PBL2\RoadEye\dataset_crack\final_dataset_v5\train\labels\sewage_003070.txt,1,0
train,D:\Study Material\Sem VI\Projects\PBL2\RoadEye\dataset_crack\final_dataset_v5\train\images\sewage_003076.jpg,train/images/sewage_003076.jpg,D:\Study Material\Sem VI\Projects\PBL2\RoadEye\dataset_crack\final_dataset_v5\train\labels\sewage_003076.txt,0,1
train,D:\Study Material\Sem VI\Projects\PBL2\RoadEye\dataset_crack\final_dataset_v5\train\images\sewage_003105.jpg,train/images/sewage_003105.jpg,D:\Study Material\Sem VI\Projects\PBL2\RoadEye\dataset_crack\final_dataset_v5\train\labels\sewage_003105.txt,1,1
train,D:\Study Material\Sem VI\Projects\PBL2\RoadEye\dataset_crack\final_dataset_v5\train\images\sewage_003113.jpg,train/images/sewage_003113.jpg,D:\Study Material\Sem VI\Projects\PBL2\RoadEye\dataset_crack\final_dataset_v5\train\labels\sewage_003113.txt,1,0
train,D:\Study Material\Sem VI\Projects\PBL2\RoadEye\dataset_crack\final_dataset_v5\train\images\sewage_003135.jpg,train/images/sewage_003135.jpg,D:\Study Material\Sem VI\Projects\PBL2\RoadEye\dataset_crack\final_dataset_v5\train\labels\sewage_003135.txt,0,1
train,D:\Study Material\Sem VI\Projects\PBL2\RoadEye\dataset_crack\final_dataset_v5\train\images\sewage_003166.jpg,train/images/sewage_003166.jpg,D:\Study Material\Sem VI\Projects\PBL2\RoadEye\dataset_crack\final_dataset_v5\train\labels\sewage_003166.txt,0,1
train,D:\Study Material\Sem VI\Projects\PBL2\RoadEye\dataset_crack\final_dataset_v5\train\images\sewage_003171.jpg,train/images/sewage_003171.jpg,D:\Study Material\Sem VI\Projects\PBL2\RoadEye\dataset_crack\final_dataset_v5\train\labels\sewage_003171.txt,1,0
train,D:\Study Material\Sem VI\Projects\PBL2\RoadEye\dataset_crack\final_dataset_v5\train\images\sewage_003172.jpg,train/images/sewage_003172.jpg,D:\Study Material\Sem VI\Projects\PBL2\RoadEye\dataset_crack\final_dataset_v5\train\labels\sewage_003172.txt,1,2
train,D:\Study Material\Sem VI\Projects\PBL2\RoadEye\dataset_crack\final_dataset_v5\train\images\sewage_003197.jpg,train/images/sewage_003197.jpg,D:\Study Material\Sem VI\Projects\PBL2\RoadEye\dataset_crack\final_dataset_v5\train\labels\sewage_003197.txt,1,0
train,D:\Study Material\Sem VI\Projects\PBL2\RoadEye\dataset_crack\final_dataset_v5\train\images\sewage_003198.jpg,train/images/sewage_003198.jpg,D:\Study Material\Sem VI\Projects\PBL2\RoadEye\dataset_crack\final_dataset_v5\train\labels\sewage_003198.txt,0,1
train,D:\Study Material\Sem VI\Projects\PBL2\RoadEye\dataset_crack\final_dataset_v5\train\images\sewage_003220.jpg,train/images/sewage_003220.jpg,D:\Study Material\Sem VI\Projects\PBL2\RoadEye\dataset_crack\final_dataset_v5\train\labels\sewage_003220.txt,1,0
train,D:\Study Material\Sem VI\Projects\PBL2\RoadEye\dataset_crack\final_dataset_v5\train\images\sewage_003244.jpg,train/images/sewage_003244.jpg,D:\Study Material\Sem VI\Projects\PBL2\RoadEye\dataset_crack\final_dataset_v5\train\labels\sewage_003244.txt,1,1
train,D:\Study Material\Sem VI\Projects\PBL2\RoadEye\dataset_crack\final_dataset_v5\train\images\sewage_003249.jpg,train/images/sewage_003249.jpg,D:\Study Material\Sem VI\Projects\PBL2\RoadEye\dataset_crack\final_dataset_v5\train\labels\sewage_003249.txt,2,0
train,D:\Study Material\Sem VI\Projects\PBL2\RoadEye\dataset_crack\final_dataset_v5\train\images\sewage_003268.jpg,train/images/sewage_003268.jpg,D:\Study Material\Sem VI\Projects\PBL2\RoadEye\dataset_crack\final_dataset_v5\train\labels\sewage_003268.txt,1,0
train,D:\Study Material\Sem VI\Projects\PBL2\RoadEye\dataset_crack\final_dataset_v5\train\images\sewage_003275.jpg,train/images/sewage_003275.jpg,D:\Study Material\Sem VI\Projects\PBL2\RoadEye\dataset_crack\final_dataset_v5\train\labels\sewage_003275.txt,4,2
train,D:\Study Material\Sem VI\Projects\PBL2\RoadEye\dataset_crack\final_dataset_v5\train\images\sewage_003277.jpg,train/images/sewage_003277.jpg,D:\Study Material\Sem VI\Projects\PBL2\RoadEye\dataset_crack\final_dataset_v5\train\labels\sewage_003277.txt,2,0
train,D:\Study Material\Sem VI\Projects\PBL2\RoadEye\dataset_crack\final_dataset_v5\train\images\sewage_003285.jpg,train/images/sewage_003285.jpg,D:\Study Material\Sem VI\Projects\PBL2\RoadEye\dataset_crack\final_dataset_v5\train\labels\sewage_003285.txt,1,1
train,D:\Study Material\Sem VI\Projects\PBL2\RoadEye\dataset_crack\final_dataset_v5\train\images\sewage_003305.jpg,train/images/sewage_003305.jpg,D:\Study Material\Sem VI\Projects\PBL2\RoadEye\dataset_crack\final_dataset_v5\train\labels\sewage_003305.txt,1,0
train,D:\Study Material\Sem VI\Projects\PBL2\RoadEye\dataset_crack\final_dataset_v5\train\images\sewage_003316.jpg,train/images/sewage_003316.jpg,D:\Study Material\Sem VI\Projects\PBL2\RoadEye\dataset_crack\final_dataset_v5\train\labels\sewage_003316.txt,1,1
train,D:\Study Material\Sem VI\Projects\PBL2\RoadEye\dataset_crack\final_dataset_v5\train\images\sewage_003329.jpg,train/images/sewage_003329.jpg,D:\Study Material\Sem VI\Projects\PBL2\RoadEye\dataset_crack\final_dataset_v5\train\labels\sewage_003329.txt,1,0
train,D:\Study Material\Sem VI\Projects\PBL2\RoadEye\dataset_crack\final_dataset_v5\train\images\sewage_003345.jpg,train/images/sewage_003345.jpg,D:\Study Material\Sem VI\Projects\PBL2\RoadEye\dataset_crack\final_dataset_v5\train\labels\sewage_003345.txt,0,1
train,D:\Study Material\Sem VI\Projects\PBL2\RoadEye\dataset_crack\final_dataset_v5\train\images\sewage_003354.jpg,train/images/sewage_003354.jpg,D:\Study Material\Sem VI\Projects\PBL2\RoadEye\dataset_crack\final_dataset_v5\train\labels\sewage_003354.txt,2,0
train,D:\Study Material\Sem VI\Projects\PBL2\RoadEye\dataset_crack\final_dataset_v5\train\images\sewage_003357.jpg,train/images/sewage_003357.jpg,D:\Study Material\Sem VI\Projects\PBL2\RoadEye\dataset_crack\final_dataset_v5\train\labels\sewage_003357.txt,0,1
train,D:\Study Material\Sem VI\Projects\PBL2\RoadEye\dataset_crack\final_dataset_v5\train\images\sewage_003365.jpg,train/images/sewage_003365.jpg,D:\Study Material\Sem VI\Projects\PBL2\RoadEye\dataset_crack\final_dataset_v5\train\labels\sewage_003365.txt,1,2
train,D:\Study Material\Sem VI\Projects\PBL2\RoadEye\dataset_crack\final_dataset_v5\train\images\sewage_003375.jpg,train/images/sewage_003375.jpg,D:\Study Material\Sem VI\Projects\PBL2\RoadEye\dataset_crack\final_dataset_v5\train\labels\sewage_003375.txt,1,1
train,D:\Study Material\Sem VI\Projects\PBL2\RoadEye\dataset_crack\final_dataset_v5\train\images\sewage_003380.jpg,train/images/sewage_003380.jpg,D:\Study Material\Sem VI\Projects\PBL2\RoadEye\dataset_crack\final_dataset_v5\train\labels\sewage_003380.txt,1,1
train,D:\Study Material\Sem VI\Projects\PBL2\RoadEye\dataset_crack\final_dataset_v5\train\images\sewage_003382.jpg,train/images/sewage_003382.jpg,D:\Study Material\Sem VI\Projects\PBL2\RoadEye\dataset_crack\final_dataset_v5\train\labels\sewage_003382.txt,1,1
train,D:\Study Material\Sem VI\Projects\PBL2\RoadEye\dataset_crack\final_dataset_v5\train\images\sewage_003401.jpg,train/images/sewage_003401.jpg,D:\Study Material\Sem VI\Projects\PBL2\RoadEye\dataset_crack\final_dataset_v5\train\labels\sewage_003401.txt,2,0
train,D:\Study Material\Sem VI\Projects\PBL2\RoadEye\dataset_crack\final_dataset_v5\train\images\sewage_003406.jpg,train/images/sewage_003406.jpg,D:\Study Material\Sem VI\Projects\PBL2\RoadEye\dataset_crack\final_dataset_v5\train\labels\sewage_003406.txt,1,0
train,D:\Study Material\Sem VI\Projects\PBL2\RoadEye\dataset_crack\final_dataset_v5\train\images\sewage_003426.jpg,train/images/sewage_003426.jpg,D:\Study Material\Sem VI\Projects\PBL2\RoadEye\dataset_crack\final_dataset_v5\train\labels\sewage_003426.txt,1,0
train,D:\Study Material\Sem VI\Projects\PBL2\RoadEye\dataset_crack\final_dataset_v5\train\images\sewage_003448.jpg,train/images/sewage_003448.jpg,D:\Study Material\Sem VI\Projects\PBL2\RoadEye\dataset_crack\final_dataset_v5\train\labels\sewage_003448.txt,0,1
train,D:\Study Material\Sem VI\Projects\PBL2\RoadEye\dataset_crack\final_dataset_v5\train\images\sewage_003510.jpg,train/images/sewage_003510.jpg,D:\Study Material\Sem VI\Projects\PBL2\RoadEye\dataset_crack\final_dataset_v5\train\labels\sewage_003510.txt,2,0
train,D:\Study Material\Sem VI\Projects\PBL2\RoadEye\dataset_crack\final_dataset_v5\train\images\sewage_003533.jpg,train/images/sewage_003533.jpg,D:\Study Material\Sem VI\Projects\PBL2\RoadEye\dataset_crack\final_dataset_v5\train\labels\sewage_003533.txt,1,1
train,D:\Study Material\Sem VI\Projects\PBL2\RoadEye\dataset_crack\final_dataset_v5\train\images\sewage_003553.jpg,train/images/sewage_003553.jpg,D:\Study Material\Sem VI\Projects\PBL2\RoadEye\dataset_crack\final_dataset_v5\train\labels\sewage_003553.txt,1,0
train,D:\Study Material\Sem VI\Projects\PBL2\RoadEye\dataset_crack\final_dataset_v5\train\images\sewage_003562.jpg,train/images/sewage_003562.jpg,D:\Study Material\Sem VI\Projects\PBL2\RoadEye\dataset_crack\final_dataset_v5\train\labels\sewage_003562.txt,2,2
train,D:\Study Material\Sem VI\Projects\PBL2\RoadEye\dataset_crack\final_dataset_v5\train\images\sewage_003566.jpg,train/images/sewage_003566.jpg,D:\Study Material\Sem VI\Projects\PBL2\RoadEye\dataset_crack\final_dataset_v5\train\labels\sewage_003566.txt,1,1
train,D:\Study Material\Sem VI\Projects\PBL2\RoadEye\dataset_crack\final_dataset_v5\train\images\sewage_003595.jpg,train/images/sewage_003595.jpg,D:\Study Material\Sem VI\Projects\PBL2\RoadEye\dataset_crack\final_dataset_v5\train\labels\sewage_003595.txt,1,1
train,D:\Study Material\Sem VI\Projects\PBL2\RoadEye\dataset_crack\final_dataset_v5\train\images\sewage_003596.jpg,train/images/sewage_003596.jpg,D:\Study Material\Sem VI\Projects\PBL2\RoadEye\dataset_crack\final_dataset_v5\train\labels\sewage_003596.txt,2,0
train,D:\Study Material\Sem VI\Projects\PBL2\RoadEye\dataset_crack\final_dataset_v5\train\images\sewage_003614.jpg,train/images/sewage_003614.jpg,D:\Study Material\Sem VI\Projects\PBL2\RoadEye\dataset_crack\final_dataset_v5\train\labels\sewage_003614.txt,0,1
train,D:\Study Material\Sem VI\Projects\PBL2\RoadEye\dataset_crack\final_dataset_v5\train\images\sewage_003629.jpg,train/images/sewage_003629.jpg,D:\Study Material\Sem VI\Projects\PBL2\RoadEye\dataset_crack\final_dataset_v5\train\labels\sewage_003629.txt,2,0
train,D:\Study Material\Sem VI\Projects\PBL2\RoadEye\dataset_crack\final_dataset_v5\train\images\sewage_003632.jpg,train/images/sewage_003632.jpg,D:\Study Material\Sem VI\Projects\PBL2\RoadEye\dataset_crack\final_dataset_v5\train\labels\sewage_003632.txt,1,0
train,D:\Study Material\Sem VI\Projects\PBL2\RoadEye\dataset_crack\final_dataset_v5\train\images\sewage_003646.jpg,train/images/sewage_003646.jpg,D:\Study Material\Sem VI\Projects\PBL2\RoadEye\dataset_crack\final_dataset_v5\train\labels\sewage_003646.txt,1,1
train,D:\Study Material\Sem VI\Projects\PBL2\RoadEye\dataset_crack\final_dataset_v5\train\images\sewage_003647.jpg,train/images/sewage_003647.jpg,D:\Study Material\Sem VI\Projects\PBL2\RoadEye\dataset_crack\final_dataset_v5\train\labels\sewage_003647.txt,3,1
train,D:\Study Material\Sem VI\Projects\PBL2\RoadEye\dataset_crack\final_dataset_v5\train\images\sewage_003653.jpg,train/images/sewage_003653.jpg,D:\Study Material\Sem VI\Projects\PBL2\RoadEye\dataset_crack\final_dataset_v5\train\labels\sewage_003653.txt,1,1
train,D:\Study Material\Sem VI\Projects\PBL2\RoadEye\dataset_crack\final_dataset_v5\train\images\sewage_003654.jpg,train/images/sewage_003654.jpg,D:\Study Material\Sem VI\Projects\PBL2\RoadEye\dataset_crack\final_dataset_v5\train\labels\sewage_003654.txt,0,2
train,D:\Study Material\Sem VI\Projects\PBL2\RoadEye\dataset_crack\final_dataset_v5\train\images\sewage_003686.jpg,train/images/sewage_003686.jpg,D:\Study Material\Sem VI\Projects\PBL2\RoadEye\dataset_crack\final_dataset_v5\train\labels\sewage_003686.txt,1,0
train,D:\Study Material\Sem VI\Projects\PBL2\RoadEye\dataset_crack\final_dataset_v5\train\images\sewage_003689.jpg,train/images/sewage_003689.jpg,D:\Study Material\Sem VI\Projects\PBL2\RoadEye\dataset_crack\final_dataset_v5\train\labels\sewage_003689.txt,1,2
train,D:\Study Material\Sem VI\Projects\PBL2\RoadEye\dataset_crack\final_dataset_v5\train\images\sewage_003718.jpg,train/images/sewage_003718.jpg,D:\Study Material\Sem VI\Projects\PBL2\RoadEye\dataset_crack\final_dataset_v5\train\labels\sewage_003718.txt,0,1
train,D:\Study Material\Sem VI\Projects\PBL2\RoadEye\dataset_crack\final_dataset_v5\train\images\sewage_003719.jpg,train/images/sewage_003719.jpg,D:\Study Material\Sem VI\Projects\PBL2\RoadEye\dataset_crack\final_dataset_v5\train\labels\sewage_003719.txt,2,1
train,D:\Study Material\Sem VI\Projects\PBL2\RoadEye\dataset_crack\final_dataset_v5\train\images\sewage_003735.jpg,train/images/sewage_003735.jpg,D:\Study Material\Sem VI\Projects\PBL2\RoadEye\dataset_crack\final_dataset_v5\train\labels\sewage_003735.txt,2,0
train,D:\Study Material\Sem VI\Projects\PBL2\RoadEye\dataset_crack\final_dataset_v5\train\images\sewage_003757.jpg,train/images/sewage_003757.jpg,D:\Study Material\Sem VI\Projects\PBL2\RoadEye\dataset_crack\final_dataset_v5\train\labels\sewage_003757.txt,0,1
train,D:\Study Material\Sem VI\Projects\PBL2\RoadEye\dataset_crack\final_dataset_v5\train\images\sewage_003773.jpg,train/images/sewage_003773.jpg,D:\Study Material\Sem VI\Projects\PBL2\RoadEye\dataset_crack\final_dataset_v5\train\labels\sewage_003773.txt,1,0
train,D:\Study Material\Sem VI\Projects\PBL2\RoadEye\dataset_crack\final_dataset_v5\train\images\sewage_003775.jpg,train/images/sewage_003775.jpg,D:\Study Material\Sem VI\Projects\PBL2\RoadEye\dataset_crack\final_dataset_v5\train\labels\sewage_003775.txt,0,1
train,D:\Study Material\Sem VI\Projects\PBL2\RoadEye\dataset_crack\final_dataset_v5\train\images\sewage_003794.jpg,train/images/sewage_003794.jpg,D:\Study Material\Sem VI\Projects\PBL2\RoadEye\dataset_crack\final_dataset_v5\train\labels\sewage_003794.txt,1,1
train,D:\Study Material\Sem VI\Projects\PBL2\RoadEye\dataset_crack\final_dataset_v5\train\images\sewage_003817.jpg,train/images/sewage_003817.jpg,D:\Study Material\Sem VI\Projects\PBL2\RoadEye\dataset_crack\final_dataset_v5\train\labels\sewage_003817.txt,0,1
train,D:\Study Material\Sem VI\Projects\PBL2\RoadEye\dataset_crack\final_dataset_v5\train\images\sewage_003827.jpg,train/images/sewage_003827.jpg,D:\Study Material\Sem VI\Projects\PBL2\RoadEye\dataset_crack\final_dataset_v5\train\labels\sewage_003827.txt,2,1
train,D:\Study Material\Sem VI\Projects\PBL2\RoadEye\dataset_crack\final_dataset_v5\train\images\sewage_003859.jpg,train/images/sewage_003859.jpg,D:\Study Material\Sem VI\Projects\PBL2\RoadEye\dataset_crack\final_dataset_v5\train\labels\sewage_003859.txt,3,0
train,D:\Study Material\Sem VI\Projects\PBL2\RoadEye\dataset_crack\final_dataset_v5\train\images\sewage_003873.jpg,train/images/sewage_003873.jpg,D:\Study Material\Sem VI\Projects\PBL2\RoadEye\dataset_crack\final_dataset_v5\train\labels\sewage_003873.txt,1,0
train,D:\Study Material\Sem VI\Projects\PBL2\RoadEye\dataset_crack\final_dataset_v5\train\images\sewage_003879.jpg,train/images/sewage_003879.jpg,D:\Study Material\Sem VI\Projects\PBL2\RoadEye\dataset_crack\final_dataset_v5\train\labels\sewage_003879.txt,1,1
train,D:\Study Material\Sem VI\Projects\PBL2\RoadEye\dataset_crack\final_dataset_v5\train\images\sewage_003909.jpg,train/images/sewage_003909.jpg,D:\Study Material\Sem VI\Projects\PBL2\RoadEye\dataset_crack\final_dataset_v5\train\labels\sewage_003909.txt,0,1
train,D:\Study Material\Sem VI\Projects\PBL2\RoadEye\dataset_crack\final_dataset_v5\train\images\sewage_003944.jpg,train/images/sewage_003944.jpg,D:\Study Material\Sem VI\Projects\PBL2\RoadEye\dataset_crack\final_dataset_v5\train\labels\sewage_003944.txt,2,1
train,D:\Study Material\Sem VI\Projects\PBL2\RoadEye\dataset_crack\final_dataset_v5\train\images\sewage_003945.jpg,train/images/sewage_003945.jpg,D:\Study Material\Sem VI\Projects\PBL2\RoadEye\dataset_crack\final_dataset_v5\train\labels\sewage_003945.txt,1,0
train,D:\Study Material\Sem VI\Projects\PBL2\RoadEye\dataset_crack\final_dataset_v5\train\images\sewage_003952.jpg,train/images/sewage_003952.jpg,D:\Study Material\Sem VI\Projects\PBL2\RoadEye\dataset_crack\final_dataset_v5\train\labels\sewage_003952.txt,1,0
train,D:\Study Material\Sem VI\Projects\PBL2\RoadEye\dataset_crack\final_dataset_v5\train\images\sewage_003954.jpg,train/images/sewage_003954.jpg,D:\Study Material\Sem VI\Projects\PBL2\RoadEye\dataset_crack\final_dataset_v5\train\labels\sewage_003954.txt,0,2
train,D:\Study Material\Sem VI\Projects\PBL2\RoadEye\dataset_crack\final_dataset_v5\train\images\sewage_003997.jpg,train/images/sewage_003997.jpg,D:\Study Material\Sem VI\Projects\PBL2\RoadEye\dataset_crack\final_dataset_v5\train\labels\sewage_003997.txt,0,1
train,D:\Study Material\Sem VI\Projects\PBL2\RoadEye\dataset_crack\final_dataset_v5\train\images\sewage_004026.jpg,train/images/sewage_004026.jpg,D:\Study Material\Sem VI\Projects\PBL2\RoadEye\dataset_crack\final_dataset_v5\train\labels\sewage_004026.txt,0,1
train,D:\Study Material\Sem VI\Projects\PBL2\RoadEye\dataset_crack\final_dataset_v5\train\images\sewage_004059.jpg,train/images/sewage_004059.jpg,D:\Study Material\Sem VI\Projects\PBL2\RoadEye\dataset_crack\final_dataset_v5\train\labels\sewage_004059.txt,1,0
train,D:\Study Material\Sem VI\Projects\PBL2\RoadEye\dataset_crack\final_dataset_v5\train\images\sewage_004079.jpg,train/images/sewage_004079.jpg,D:\Study Material\Sem VI\Projects\PBL2\RoadEye\dataset_crack\final_dataset_v5\train\labels\sewage_004079.txt,0,1
train,D:\Study Material\Sem VI\Projects\PBL2\RoadEye\dataset_crack\final_dataset_v5\train\images\sewage_004088.jpg,train/images/sewage_004088.jpg,D:\Study Material\Sem VI\Projects\PBL2\RoadEye\dataset_crack\final_dataset_v5\train\labels\sewage_004088.txt,3,0
train,D:\Study Material\Sem VI\Projects\PBL2\RoadEye\dataset_crack\final_dataset_v5\train\images\sewage_004118.jpg,train/images/sewage_004118.jpg,D:\Study Material\Sem VI\Projects\PBL2\RoadEye\dataset_crack\final_dataset_v5\train\labels\sewage_004118.txt,2,1
train,D:\Study Material\Sem VI\Projects\PBL2\RoadEye\dataset_crack\final_dataset_v5\train\images\sewage_004124.jpg,train/images/sewage_004124.jpg,D:\Study Material\Sem VI\Projects\PBL2\RoadEye\dataset_crack\final_dataset_v5\train\labels\sewage_004124.txt,2,2
train,D:\Study Material\Sem VI\Projects\PBL2\RoadEye\dataset_crack\final_dataset_v5\train\images\sewage_004135.jpg,train/images/sewage_004135.jpg,D:\Study Material\Sem VI\Projects\PBL2\RoadEye\dataset_crack\final_dataset_v5\train\labels\sewage_004135.txt,2,0
train,D:\Study Material\Sem VI\Projects\PBL2\RoadEye\dataset_crack\final_dataset_v5\train\images\sewage_004153.jpg,train/images/sewage_004153.jpg,D:\Study Material\Sem VI\Projects\PBL2\RoadEye\dataset_crack\final_dataset_v5\train\labels\sewage_004153.txt,2,2
train,D:\Study Material\Sem VI\Projects\PBL2\RoadEye\dataset_crack\final_dataset_v5\train\images\sewage_004156.jpg,train/images/sewage_004156.jpg,D:\Study Material\Sem VI\Projects\PBL2\RoadEye\dataset_crack\final_dataset_v5\train\labels\sewage_004156.txt,1,2
train,D:\Study Material\Sem VI\Projects\PBL2\RoadEye\dataset_crack\final_dataset_v5\train\images\sewage_004191.jpg,train/images/sewage_004191.jpg,D:\Study Material\Sem VI\Projects\PBL2\RoadEye\dataset_crack\final_dataset_v5\train\labels\sewage_004191.txt,4,1
train,D:\Study Material\Sem VI\Projects\PBL2\RoadEye\dataset_crack\final_dataset_v5\train\images\sewage_004214.jpg,train/images/sewage_004214.jpg,D:\Study Material\Sem VI\Projects\PBL2\RoadEye\dataset_crack\final_dataset_v5\train\labels\sewage_004214.txt,0,1
train,D:\Study Material\Sem VI\Projects\PBL2\RoadEye\dataset_crack\final_dataset_v5\train\images\sewage_004221.jpg,train/images/sewage_004221.jpg,D:\Study Material\Sem VI\Projects\PBL2\RoadEye\dataset_crack\final_dataset_v5\train\labels\sewage_004221.txt,2,0
train,D:\Study Material\Sem VI\Projects\PBL2\RoadEye\dataset_crack\final_dataset_v5\train\images\sewage_004226.jpg,train/images/sewage_004226.jpg,D:\Study Material\Sem VI\Projects\PBL2\RoadEye\dataset_crack\final_dataset_v5\train\labels\sewage_004226.txt,2,0
train,D:\Study Material\Sem VI\Projects\PBL2\RoadEye\dataset_crack\final_dataset_v5\train\images\sewage_004254.jpg,train/images/sewage_004254.jpg,D:\Study Material\Sem VI\Projects\PBL2\RoadEye\dataset_crack\final_dataset_v5\train\labels\sewage_004254.txt,1,0
train,D:\Study Material\Sem VI\Projects\PBL2\RoadEye\dataset_crack\final_dataset_v5\train\images\sewage_004255.jpg,train/images/sewage_004255.jpg,D:\Study Material\Sem VI\Projects\PBL2\RoadEye\dataset_crack\final_dataset_v5\train\labels\sewage_004255.txt,0,2
train,D:\Study Material\Sem VI\Projects\PBL2\RoadEye\dataset_crack\final_dataset_v5\train\images\sewage_004273.jpg,train/images/sewage_004273.jpg,D:\Study Material\Sem VI\Projects\PBL2\RoadEye\dataset_crack\final_dataset_v5\train\labels\sewage_004273.txt,1,0
train,D:\Study Material\Sem VI\Projects\PBL2\RoadEye\dataset_crack\final_dataset_v5\train\images\sewage_004309.jpg,train/images/sewage_004309.jpg,D:\Study Material\Sem VI\Projects\PBL2\RoadEye\dataset_crack\final_dataset_v5\train\labels\sewage_004309.txt,2,1
train,D:\Study Material\Sem VI\Projects\PBL2\RoadEye\dataset_crack\final_dataset_v5\train\images\sewage_004341.jpg,train/images/sewage_004341.jpg,D:\Study Material\Sem VI\Projects\PBL2\RoadEye\dataset_crack\final_dataset_v5\train\labels\sewage_004341.txt,1,0
train,D:\Study Material\Sem VI\Projects\PBL2\RoadEye\dataset_crack\final_dataset_v5\train\images\sewage_004355.jpg,train/images/sewage_004355.jpg,D:\Study Material\Sem VI\Projects\PBL2\RoadEye\dataset_crack\final_dataset_v5\train\labels\sewage_004355.txt,4,1
train,D:\Study Material\Sem VI\Projects\PBL2\RoadEye\dataset_crack\final_dataset_v5\train\images\sewage_004362.jpg,train/images/sewage_004362.jpg,D:\Study Material\Sem VI\Projects\PBL2\RoadEye\dataset_crack\final_dataset_v5\train\labels\sewage_004362.txt,2,1
train,D:\Study Material\Sem VI\Projects\PBL2\RoadEye\dataset_crack\final_dataset_v5\train\images\sewage_004382.jpg,train/images/sewage_004382.jpg,D:\Study Material\Sem VI\Projects\PBL2\RoadEye\dataset_crack\final_dataset_v5\train\labels\sewage_004382.txt,1,1
train,D:\Study Material\Sem VI\Projects\PBL2\RoadEye\dataset_crack\final_dataset_v5\train\images\sewage_004385.jpg,train/images/sewage_004385.jpg,D:\Study Material\Sem VI\Projects\PBL2\RoadEye\dataset_crack\final_dataset_v5\train\labels\sewage_004385.txt,1,1
train,D:\Study Material\Sem VI\Projects\PBL2\RoadEye\dataset_crack\final_dataset_v5\train\images\sewage_004395.jpg,train/images/sewage_004395.jpg,D:\Study Material\Sem VI\Projects\PBL2\RoadEye\dataset_crack\final_dataset_v5\train\labels\sewage_004395.txt,0,1
train,D:\Study Material\Sem VI\Projects\PBL2\RoadEye\dataset_crack\final_dataset_v5\train\images\sewage_004398.jpg,train/images/sewage_004398.jpg,D:\Study Material\Sem VI\Projects\PBL2\RoadEye\dataset_crack\final_dataset_v5\train\labels\sewage_004398.txt,1,0
train,D:\Study Material\Sem VI\Projects\PBL2\RoadEye\dataset_crack\final_dataset_v5\train\images\sewage_004413.jpg,train/images/sewage_004413.jpg,D:\Study Material\Sem VI\Projects\PBL2\RoadEye\dataset_crack\final_dataset_v5\train\labels\sewage_004413.txt,1,0
train,D:\Study Material\Sem VI\Projects\PBL2\RoadEye\dataset_crack\final_dataset_v5\train\images\sewage_004414.jpg,train/images/sewage_004414.jpg,D:\Study Material\Sem VI\Projects\PBL2\RoadEye\dataset_crack\final_dataset_v5\train\labels\sewage_004414.txt,1,0
train,D:\Study Material\Sem VI\Projects\PBL2\RoadEye\dataset_crack\final_dataset_v5\train\images\sewage_004421.jpg,train/images/sewage_004421.jpg,D:\Study Material\Sem VI\Projects\PBL2\RoadEye\dataset_crack\final_dataset_v5\train\labels\sewage_004421.txt,3,3
train,D:\Study Material\Sem VI\Projects\PBL2\RoadEye\dataset_crack\final_dataset_v5\train\images\sewage_004448.jpg,train/images/sewage_004448.jpg,D:\Study Material\Sem VI\Projects\PBL2\RoadEye\dataset_crack\final_dataset_v5\train\labels\sewage_004448.txt,0,1
train,D:\Study Material\Sem VI\Projects\PBL2\RoadEye\dataset_crack\final_dataset_v5\train\images\sewage_004463.jpg,train/images/sewage_004463.jpg,D:\Study Material\Sem VI\Projects\PBL2\RoadEye\dataset_crack\final_dataset_v5\train\labels\sewage_004463.txt,1,2
train,D:\Study Material\Sem VI\Projects\PBL2\RoadEye\dataset_crack\final_dataset_v5\train\images\sewage_004476.jpg,train/images/sewage_004476.jpg,D:\Study Material\Sem VI\Projects\PBL2\RoadEye\dataset_crack\final_dataset_v5\train\labels\sewage_004476.txt,1,0
train,D:\Study Material\Sem VI\Projects\PBL2\RoadEye\dataset_crack\final_dataset_v5\train\images\sewage_004478.jpg,train/images/sewage_004478.jpg,D:\Study Material\Sem VI\Projects\PBL2\RoadEye\dataset_crack\final_dataset_v5\train\labels\sewage_004478.txt,1,2
train,D:\Study Material\Sem VI\Projects\PBL2\RoadEye\dataset_crack\final_dataset_v5\train\images\sewage_004484.jpg,train/images/sewage_004484.jpg,D:\Study Material\Sem VI\Projects\PBL2\RoadEye\dataset_crack\final_dataset_v5\train\labels\sewage_004484.txt,1,0
train,D:\Study Material\Sem VI\Projects\PBL2\RoadEye\dataset_crack\final_dataset_v5\train\images\sewage_004498.jpg,train/images/sewage_004498.jpg,D:\Study Material\Sem VI\Projects\PBL2\RoadEye\dataset_crack\final_dataset_v5\train\labels\sewage_004498.txt,4,1
train,D:\Study Material\Sem VI\Projects\PBL2\RoadEye\dataset_crack\final_dataset_v5\train\images\sewage_004516.jpg,train/images/sewage_004516.jpg,D:\Study Material\Sem VI\Projects\PBL2\RoadEye\dataset_crack\final_dataset_v5\train\labels\sewage_004516.txt,1,0
train,D:\Study Material\Sem VI\Projects\PBL2\RoadEye\dataset_crack\final_dataset_v5\train\images\sewage_004524.jpg,train/images/sewage_004524.jpg,D:\Study Material\Sem VI\Projects\PBL2\RoadEye\dataset_crack\final_dataset_v5\train\labels\sewage_004524.txt,0,2
train,D:\Study Material\Sem VI\Projects\PBL2\RoadEye\dataset_crack\final_dataset_v5\train\images\sewage_004541.jpg,train/images/sewage_004541.jpg,D:\Study Material\Sem VI\Projects\PBL2\RoadEye\dataset_crack\final_dataset_v5\train\labels\sewage_004541.txt,1,0
train,D:\Study Material\Sem VI\Projects\PBL2\RoadEye\dataset_crack\final_dataset_v5\train\images\sewage_004544.jpg,train/images/sewage_004544.jpg,D:\Study Material\Sem VI\Projects\PBL2\RoadEye\dataset_crack\final_dataset_v5\train\labels\sewage_004544.txt,1,2
train,D:\Study Material\Sem VI\Projects\PBL2\RoadEye\dataset_crack\final_dataset_v5\train\images\sewage_004578.jpg,train/images/sewage_004578.jpg,D:\Study Material\Sem VI\Projects\PBL2\RoadEye\dataset_crack\final_dataset_v5\train\labels\sewage_004578.txt,6,1
train,D:\Study Material\Sem VI\Projects\PBL2\RoadEye\dataset_crack\final_dataset_v5\train\images\sewage_004614.jpg,train/images/sewage_004614.jpg,D:\Study Material\Sem VI\Projects\PBL2\RoadEye\dataset_crack\final_dataset_v5\train\labels\sewage_004614.txt,1,0
train,D:\Study Material\Sem VI\Projects\PBL2\RoadEye\dataset_crack\final_dataset_v5\train\images\sewage_004619.jpg,train/images/sewage_004619.jpg,D:\Study Material\Sem VI\Projects\PBL2\RoadEye\dataset_crack\final_dataset_v5\train\labels\sewage_004619.txt,1,0
train,D:\Study Material\Sem VI\Projects\PBL2\RoadEye\dataset_crack\final_dataset_v5\train\images\sewage_004624.jpg,train/images/sewage_004624.jpg,D:\Study Material\Sem VI\Projects\PBL2\RoadEye\dataset_crack\final_dataset_v5\train\labels\sewage_004624.txt,5,1
train,D:\Study Material\Sem VI\Projects\PBL2\RoadEye\dataset_crack\final_dataset_v5\train\images\sewage_004625.jpg,train/images/sewage_004625.jpg,D:\Study Material\Sem VI\Projects\PBL2\RoadEye\dataset_crack\final_dataset_v5\train\labels\sewage_004625.txt,1,0
train,D:\Study Material\Sem VI\Projects\PBL2\RoadEye\dataset_crack\final_dataset_v5\train\images\sewage_004657.jpg,train/images/sewage_004657.jpg,D:\Study Material\Sem VI\Projects\PBL2\RoadEye\dataset_crack\final_dataset_v5\train\labels\sewage_004657.txt,1,0
train,D:\Study Material\Sem VI\Projects\PBL2\RoadEye\dataset_crack\final_dataset_v5\train\images\sewage_004663.jpg,train/images/sewage_004663.jpg,D:\Study Material\Sem VI\Projects\PBL2\RoadEye\dataset_crack\final_dataset_v5\train\labels\sewage_004663.txt,1,0
train,D:\Study Material\Sem VI\Projects\PBL2\RoadEye\dataset_crack\final_dataset_v5\train\images\sewage_004683.jpg,train/images/sewage_004683.jpg,D:\Study Material\Sem VI\Projects\PBL2\RoadEye\dataset_crack\final_dataset_v5\train\labels\sewage_004683.txt,1,0
train,D:\Study Material\Sem VI\Projects\PBL2\RoadEye\dataset_crack\final_dataset_v5\train\images\sewage_004684.jpg,train/images/sewage_004684.jpg,D:\Study Material\Sem VI\Projects\PBL2\RoadEye\dataset_crack\final_dataset_v5\train\labels\sewage_004684.txt,1,1
train,D:\Study Material\Sem VI\Projects\PBL2\RoadEye\dataset_crack\final_dataset_v5\train\images\sewage_004699.jpg,train/images/sewage_004699.jpg,D:\Study Material\Sem VI\Projects\PBL2\RoadEye\dataset_crack\final_dataset_v5\train\labels\sewage_004699.txt,1,0
train,D:\Study Material\Sem VI\Projects\PBL2\RoadEye\dataset_crack\final_dataset_v5\train\images\sewage_004723.jpg,train/images/sewage_004723.jpg,D:\Study Material\Sem VI\Projects\PBL2\RoadEye\dataset_crack\final_dataset_v5\train\labels\sewage_004723.txt,0,1
train,D:\Study Material\Sem VI\Projects\PBL2\RoadEye\dataset_crack\final_dataset_v5\train\images\sewage_004745.jpg,train/images/sewage_004745.jpg,D:\Study Material\Sem VI\Projects\PBL2\RoadEye\dataset_crack\final_dataset_v5\train\labels\sewage_004745.txt,2,1
train,D:\Study Material\Sem VI\Projects\PBL2\RoadEye\dataset_crack\final_dataset_v5\train\images\sewage_004748.jpg,train/images/sewage_004748.jpg,D:\Study Material\Sem VI\Projects\PBL2\RoadEye\dataset_crack\final_dataset_v5\train\labels\sewage_004748.txt,2,1
train,D:\Study Material\Sem VI\Projects\PBL2\RoadEye\dataset_crack\final_dataset_v5\train\images\sewage_004765.jpg,train/images/sewage_004765.jpg,D:\Study Material\Sem VI\Projects\PBL2\RoadEye\dataset_crack\final_dataset_v5\train\labels\sewage_004765.txt,1,1
train,D:\Study Material\Sem VI\Projects\PBL2\RoadEye\dataset_crack\final_dataset_v5\train\images\sewage_004815.jpg,train/images/sewage_004815.jpg,D:\Study Material\Sem VI\Projects\PBL2\RoadEye\dataset_crack\final_dataset_v5\train\labels\sewage_004815.txt,0,1
train,D:\Study Material\Sem VI\Projects\PBL2\RoadEye\dataset_crack\final_dataset_v5\train\images\sewage_004829.jpg,train/images/sewage_004829.jpg,D:\Study Material\Sem VI\Projects\PBL2\RoadEye\dataset_crack\final_dataset_v5\train\labels\sewage_004829.txt,1,0
train,D:\Study Material\Sem VI\Projects\PBL2\RoadEye\dataset_crack\final_dataset_v5\train\images\sewage_004831.jpg,train/images/sewage_004831.jpg,D:\Study Material\Sem VI\Projects\PBL2\RoadEye\dataset_crack\final_dataset_v5\train\labels\sewage_004831.txt,2,1
train,D:\Study Material\Sem VI\Projects\PBL2\RoadEye\dataset_crack\final_dataset_v5\train\images\sewage_004838.jpg,train/images/sewage_004838.jpg,D:\Study Material\Sem VI\Projects\PBL2\RoadEye\dataset_crack\final_dataset_v5\train\labels\sewage_004838.txt,2,1
train,D:\Study Material\Sem VI\Projects\PBL2\RoadEye\dataset_crack\final_dataset_v5\train\images\sewage_004864.jpg,train/images/sewage_004864.jpg,D:\Study Material\Sem VI\Projects\PBL2\RoadEye\dataset_crack\final_dataset_v5\train\labels\sewage_004864.txt,1,0
train,D:\Study Material\Sem VI\Projects\PBL2\RoadEye\dataset_crack\final_dataset_v5\train\images\sewage_004941.jpg,train/images/sewage_004941.jpg,D:\Study Material\Sem VI\Projects\PBL2\RoadEye\dataset_crack\final_dataset_v5\train\labels\sewage_004941.txt,1,0
train,D:\Study Material\Sem VI\Projects\PBL2\RoadEye\dataset_crack\final_dataset_v5\train\images\sewage_004946.jpg,train/images/sewage_004946.jpg,D:\Study Material\Sem VI\Projects\PBL2\RoadEye\dataset_crack\final_dataset_v5\train\labels\sewage_004946.txt,1,0
train,D:\Study Material\Sem VI\Projects\PBL2\RoadEye\dataset_crack\final_dataset_v5\train\images\sewage_004952.jpg,train/images/sewage_004952.jpg,D:\Study Material\Sem VI\Projects\PBL2\RoadEye\dataset_crack\final_dataset_v5\train\labels\sewage_004952.txt,2,0
train,D:\Study Material\Sem VI\Projects\PBL2\RoadEye\dataset_crack\final_dataset_v5\train\images\sewage_004954.jpg,train/images/sewage_004954.jpg,D:\Study Material\Sem VI\Projects\PBL2\RoadEye\dataset_crack\final_dataset_v5\train\labels\sewage_004954.txt,2,0
train,D:\Study Material\Sem VI\Projects\PBL2\RoadEye\dataset_crack\final_dataset_v5\train\images\sewage_004996.jpg,train/images/sewage_004996.jpg,D:\Study Material\Sem VI\Projects\PBL2\RoadEye\dataset_crack\final_dataset_v5\train\labels\sewage_004996.txt,1,0
train,D:\Study Material\Sem VI\Projects\PBL2\RoadEye\dataset_crack\final_dataset_v5\train\images\sewage_005002.jpg,train/images/sewage_005002.jpg,D:\Study Material\Sem VI\Projects\PBL2\RoadEye\dataset_crack\final_dataset_v5\train\labels\sewage_005002.txt,0,2
train,D:\Study Material\Sem VI\Projects\PBL2\RoadEye\dataset_crack\final_dataset_v5\train\images\sewage_005005.jpg,train/images/sewage_005005.jpg,D:\Study Material\Sem VI\Projects\PBL2\RoadEye\dataset_crack\final_dataset_v5\train\labels\sewage_005005.txt,2,0
train,D:\Study Material\Sem VI\Projects\PBL2\RoadEye\dataset_crack\final_dataset_v5\train\images\sewage_005014.jpg,train/images/sewage_005014.jpg,D:\Study Material\Sem VI\Projects\PBL2\RoadEye\dataset_crack\final_dataset_v5\train\labels\sewage_005014.txt,1,0
train,D:\Study Material\Sem VI\Projects\PBL2\RoadEye\dataset_crack\final_dataset_v5\train\images\sewage_005021.jpg,train/images/sewage_005021.jpg,D:\Study Material\Sem VI\Projects\PBL2\RoadEye\dataset_crack\final_dataset_v5\train\labels\sewage_005021.txt,1,3
train,D:\Study Material\Sem VI\Projects\PBL2\RoadEye\dataset_crack\final_dataset_v5\train\images\sewage_005024.jpg,train/images/sewage_005024.jpg,D:\Study Material\Sem VI\Projects\PBL2\RoadEye\dataset_crack\final_dataset_v5\train\labels\sewage_005024.txt,1,0
train,D:\Study Material\Sem VI\Projects\PBL2\RoadEye\dataset_crack\final_dataset_v5\train\images\sewage_005032.jpg,train/images/sewage_005032.jpg,D:\Study Material\Sem VI\Projects\PBL2\RoadEye\dataset_crack\final_dataset_v5\train\labels\sewage_005032.txt,1,1
train,D:\Study Material\Sem VI\Projects\PBL2\RoadEye\dataset_crack\final_dataset_v5\train\images\sewage_005041.jpg,train/images/sewage_005041.jpg,D:\Study Material\Sem VI\Projects\PBL2\RoadEye\dataset_crack\final_dataset_v5\train\labels\sewage_005041.txt,1,0
train,D:\Study Material\Sem VI\Projects\PBL2\RoadEye\dataset_crack\final_dataset_v5\train\images\sewage_005046.jpg,train/images/sewage_005046.jpg,D:\Study Material\Sem VI\Projects\PBL2\RoadEye\dataset_crack\final_dataset_v5\train\labels\sewage_005046.txt,1,0
train,D:\Study Material\Sem VI\Projects\PBL2\RoadEye\dataset_crack\final_dataset_v5\train\images\sewage_005069.jpg,train/images/sewage_005069.jpg,D:\Study Material\Sem VI\Projects\PBL2\RoadEye\dataset_crack\final_dataset_v5\train\labels\sewage_005069.txt,0,2
train,D:\Study Material\Sem VI\Projects\PBL2\RoadEye\dataset_crack\final_dataset_v5\train\images\sewage_005077.jpg,train/images/sewage_005077.jpg,D:\Study Material\Sem VI\Projects\PBL2\RoadEye\dataset_crack\final_dataset_v5\train\labels\sewage_005077.txt,2,0
train,D:\Study Material\Sem VI\Projects\PBL2\RoadEye\dataset_crack\final_dataset_v5\train\images\sewage_005082.jpg,train/images/sewage_005082.jpg,D:\Study Material\Sem VI\Projects\PBL2\RoadEye\dataset_crack\final_dataset_v5\train\labels\sewage_005082.txt,3,0
train,D:\Study Material\Sem VI\Projects\PBL2\RoadEye\dataset_crack\final_dataset_v5\train\images\sewage_005094.jpg,train/images/sewage_005094.jpg,D:\Study Material\Sem VI\Projects\PBL2\RoadEye\dataset_crack\final_dataset_v5\train\labels\sewage_005094.txt,0,1
train,D:\Study Material\Sem VI\Projects\PBL2\RoadEye\dataset_crack\final_dataset_v5\train\images\sewage_005108.jpg,train/images/sewage_005108.jpg,D:\Study Material\Sem VI\Projects\PBL2\RoadEye\dataset_crack\final_dataset_v5\train\labels\sewage_005108.txt,0,1
train,D:\Study Material\Sem VI\Projects\PBL2\RoadEye\dataset_crack\final_dataset_v5\train\images\sewage_005141.jpg,train/images/sewage_005141.jpg,D:\Study Material\Sem VI\Projects\PBL2\RoadEye\dataset_crack\final_dataset_v5\train\labels\sewage_005141.txt,1,0
train,D:\Study Material\Sem VI\Projects\PBL2\RoadEye\dataset_crack\final_dataset_v5\train\images\sewage_005169.jpg,train/images/sewage_005169.jpg,D:\Study Material\Sem VI\Projects\PBL2\RoadEye\dataset_crack\final_dataset_v5\train\labels\sewage_005169.txt,1,0
train,D:\Study Material\Sem VI\Projects\PBL2\RoadEye\dataset_crack\final_dataset_v5\train\images\sewage_005186.jpg,train/images/sewage_005186.jpg,D:\Study Material\Sem VI\Projects\PBL2\RoadEye\dataset_crack\final_dataset_v5\train\labels\sewage_005186.txt,1,2
train,D:\Study Material\Sem VI\Projects\PBL2\RoadEye\dataset_crack\final_dataset_v5\train\images\sewage_005206.jpg,train/images/sewage_005206.jpg,D:\Study Material\Sem VI\Projects\PBL2\RoadEye\dataset_crack\final_dataset_v5\train\labels\sewage_005206.txt,3,0
train,D:\Study Material\Sem VI\Projects\PBL2\RoadEye\dataset_crack\final_dataset_v5\train\images\sewage_005305.jpg,train/images/sewage_005305.jpg,D:\Study Material\Sem VI\Projects\PBL2\RoadEye\dataset_crack\final_dataset_v5\train\labels\sewage_005305.txt,0,1
train,D:\Study Material\Sem VI\Projects\PBL2\RoadEye\dataset_crack\final_dataset_v5\train\images\sewage_005313.jpg,train/images/sewage_005313.jpg,D:\Study Material\Sem VI\Projects\PBL2\RoadEye\dataset_crack\final_dataset_v5\train\labels\sewage_005313.txt,2,0
train,D:\Study Material\Sem VI\Projects\PBL2\RoadEye\dataset_crack\final_dataset_v5\train\images\sewage_005316.jpg,train/images/sewage_005316.jpg,D:\Study Material\Sem VI\Projects\PBL2\RoadEye\dataset_crack\final_dataset_v5\train\labels\sewage_005316.txt,0,2
train,D:\Study Material\Sem VI\Projects\PBL2\RoadEye\dataset_crack\final_dataset_v5\train\images\sewage_005325.jpg,train/images/sewage_005325.jpg,D:\Study Material\Sem VI\Projects\PBL2\RoadEye\dataset_crack\final_dataset_v5\train\labels\sewage_005325.txt,2,1
train,D:\Study Material\Sem VI\Projects\PBL2\RoadEye\dataset_crack\final_dataset_v5\train\images\sewage_005333.jpg,train/images/sewage_005333.jpg,D:\Study Material\Sem VI\Projects\PBL2\RoadEye\dataset_crack\final_dataset_v5\train\labels\sewage_005333.txt,0,2
train,D:\Study Material\Sem VI\Projects\PBL2\RoadEye\dataset_crack\final_dataset_v5\train\images\sewage_005374.jpg,train/images/sewage_005374.jpg,D:\Study Material\Sem VI\Projects\PBL2\RoadEye\dataset_crack\final_dataset_v5\train\labels\sewage_005374.txt,1,1
train,D:\Study Material\Sem VI\Projects\PBL2\RoadEye\dataset_crack\final_dataset_v5\train\images\sewage_005395.jpg,train/images/sewage_005395.jpg,D:\Study Material\Sem VI\Projects\PBL2\RoadEye\dataset_crack\final_dataset_v5\train\labels\sewage_005395.txt,1,3
train,D:\Study Material\Sem VI\Projects\PBL2\RoadEye\dataset_crack\final_dataset_v5\train\images\sewage_005412.jpg,train/images/sewage_005412.jpg,D:\Study Material\Sem VI\Projects\PBL2\RoadEye\dataset_crack\final_dataset_v5\train\labels\sewage_005412.txt,2,1
train,D:\Study Material\Sem VI\Projects\PBL2\RoadEye\dataset_crack\final_dataset_v5\train\images\sewage_005419.jpg,train/images/sewage_005419.jpg,D:\Study Material\Sem VI\Projects\PBL2\RoadEye\dataset_crack\final_dataset_v5\train\labels\sewage_005419.txt,0,1
train,D:\Study Material\Sem VI\Projects\PBL2\RoadEye\dataset_crack\final_dataset_v5\train\images\sewage_005421.jpg,train/images/sewage_005421.jpg,D:\Study Material\Sem VI\Projects\PBL2\RoadEye\dataset_crack\final_dataset_v5\train\labels\sewage_005421.txt,1,0
train,D:\Study Material\Sem VI\Projects\PBL2\RoadEye\dataset_crack\final_dataset_v5\train\images\sewage_005424.jpg,train/images/sewage_005424.jpg,D:\Study Material\Sem VI\Projects\PBL2\RoadEye\dataset_crack\final_dataset_v5\train\labels\sewage_005424.txt,0,1
train,D:\Study Material\Sem VI\Projects\PBL2\RoadEye\dataset_crack\final_dataset_v5\train\images\sewage_005436.jpg,train/images/sewage_005436.jpg,D:\Study Material\Sem VI\Projects\PBL2\RoadEye\dataset_crack\final_dataset_v5\train\labels\sewage_005436.txt,2,0
train,D:\Study Material\Sem VI\Projects\PBL2\RoadEye\dataset_crack\final_dataset_v5\train\images\sewage_005451.jpg,train/images/sewage_005451.jpg,D:\Study Material\Sem VI\Projects\PBL2\RoadEye\dataset_crack\final_dataset_v5\train\labels\sewage_005451.txt,1,0
train,D:\Study Material\Sem VI\Projects\PBL2\RoadEye\dataset_crack\final_dataset_v5\train\images\sewage_005456.jpg,train/images/sewage_005456.jpg,D:\Study Material\Sem VI\Projects\PBL2\RoadEye\dataset_crack\final_dataset_v5\train\labels\sewage_005456.txt,0,3
train,D:\Study Material\Sem VI\Projects\PBL2\RoadEye\dataset_crack\final_dataset_v5\train\images\sewage_005462.jpg,train/images/sewage_005462.jpg,D:\Study Material\Sem VI\Projects\PBL2\RoadEye\dataset_crack\final_dataset_v5\train\labels\sewage_005462.txt,2,0
train,D:\Study Material\Sem VI\Projects\PBL2\RoadEye\dataset_crack\final_dataset_v5\train\images\sewage_005484.jpg,train/images/sewage_005484.jpg,D:\Study Material\Sem VI\Projects\PBL2\RoadEye\dataset_crack\final_dataset_v5\train\labels\sewage_005484.txt,1,0
train,D:\Study Material\Sem VI\Projects\PBL2\RoadEye\dataset_crack\final_dataset_v5\train\images\sewage_005494.jpg,train/images/sewage_005494.jpg,D:\Study Material\Sem VI\Projects\PBL2\RoadEye\dataset_crack\final_dataset_v5\train\labels\sewage_005494.txt,2,0
train,D:\Study Material\Sem VI\Projects\PBL2\RoadEye\dataset_crack\final_dataset_v5\train\images\sewage_005506.jpg,train/images/sewage_005506.jpg,D:\Study Material\Sem VI\Projects\PBL2\RoadEye\dataset_crack\final_dataset_v5\train\labels\sewage_005506.txt,0,1
train,D:\Study Material\Sem VI\Projects\PBL2\RoadEye\dataset_crack\final_dataset_v5\train\images\sewage_005508.jpg,train/images/sewage_005508.jpg,D:\Study Material\Sem VI\Projects\PBL2\RoadEye\dataset_crack\final_dataset_v5\train\labels\sewage_005508.txt,1,0
train,D:\Study Material\Sem VI\Projects\PBL2\RoadEye\dataset_crack\final_dataset_v5\train\images\sewage_005515.jpg,train/images/sewage_005515.jpg,D:\Study Material\Sem VI\Projects\PBL2\RoadEye\dataset_crack\final_dataset_v5\train\labels\sewage_005515.txt,1,0
train,D:\Study Material\Sem VI\Projects\PBL2\RoadEye\dataset_crack\final_dataset_v5\train\images\sewage_005530.jpg,train/images/sewage_005530.jpg,D:\Study Material\Sem VI\Projects\PBL2\RoadEye\dataset_crack\final_dataset_v5\train\labels\sewage_005530.txt,1,0
train,D:\Study Material\Sem VI\Projects\PBL2\RoadEye\dataset_crack\final_dataset_v5\train\images\sewage_005555.jpg,train/images/sewage_005555.jpg,D:\Study Material\Sem VI\Projects\PBL2\RoadEye\dataset_crack\final_dataset_v5\train\labels\sewage_005555.txt,1,3
train,D:\Study Material\Sem VI\Projects\PBL2\RoadEye\dataset_crack\final_dataset_v5\train\images\sewage_005568.jpg,train/images/sewage_005568.jpg,D:\Study Material\Sem VI\Projects\PBL2\RoadEye\dataset_crack\final_dataset_v5\train\labels\sewage_005568.txt,1,0
train,D:\Study Material\Sem VI\Projects\PBL2\RoadEye\dataset_crack\final_dataset_v5\train\images\sewage_005582.jpg,train/images/sewage_005582.jpg,D:\Study Material\Sem VI\Projects\PBL2\RoadEye\dataset_crack\final_dataset_v5\train\labels\sewage_005582.txt,1,2
train,D:\Study Material\Sem VI\Projects\PBL2\RoadEye\dataset_crack\final_dataset_v5\train\images\sewage_005591.jpg,train/images/sewage_005591.jpg,D:\Study Material\Sem VI\Projects\PBL2\RoadEye\dataset_crack\final_dataset_v5\train\labels\sewage_005591.txt,2,1
train,D:\Study Material\Sem VI\Projects\PBL2\RoadEye\dataset_crack\final_dataset_v5\train\images\sewage_005592.jpg,train/images/sewage_005592.jpg,D:\Study Material\Sem VI\Projects\PBL2\RoadEye\dataset_crack\final_dataset_v5\train\labels\sewage_005592.txt,2,0
train,D:\Study Material\Sem VI\Projects\PBL2\RoadEye\dataset_crack\final_dataset_v5\train\images\sewage_005595.jpg,train/images/sewage_005595.jpg,D:\Study Material\Sem VI\Projects\PBL2\RoadEye\dataset_crack\final_dataset_v5\train\labels\sewage_005595.txt,2,0
train,D:\Study Material\Sem VI\Projects\PBL2\RoadEye\dataset_crack\final_dataset_v5\train\images\sewage_005626.jpg,train/images/sewage_005626.jpg,D:\Study Material\Sem VI\Projects\PBL2\RoadEye\dataset_crack\final_dataset_v5\train\labels\sewage_005626.txt,1,1
train,D:\Study Material\Sem VI\Projects\PBL2\RoadEye\dataset_crack\final_dataset_v5\train\images\sewage_005638.jpg,train/images/sewage_005638.jpg,D:\Study Material\Sem VI\Projects\PBL2\RoadEye\dataset_crack\final_dataset_v5\train\labels\sewage_005638.txt,2,1
train,D:\Study Material\Sem VI\Projects\PBL2\RoadEye\dataset_crack\final_dataset_v5\train\images\sewage_005653.jpg,train/images/sewage_005653.jpg,D:\Study Material\Sem VI\Projects\PBL2\RoadEye\dataset_crack\final_dataset_v5\train\labels\sewage_005653.txt,1,1
train,D:\Study Material\Sem VI\Projects\PBL2\RoadEye\dataset_crack\final_dataset_v5\train\images\sewage_005691.jpg,train/images/sewage_005691.jpg,D:\Study Material\Sem VI\Projects\PBL2\RoadEye\dataset_crack\final_dataset_v5\train\labels\sewage_005691.txt,1,0
train,D:\Study Material\Sem VI\Projects\PBL2\RoadEye\dataset_crack\final_dataset_v5\train\images\sewage_005692.jpg,train/images/sewage_005692.jpg,D:\Study Material\Sem VI\Projects\PBL2\RoadEye\dataset_crack\final_dataset_v5\train\labels\sewage_005692.txt,0,1
train,D:\Study Material\Sem VI\Projects\PBL2\RoadEye\dataset_crack\final_dataset_v5\train\images\sewage_005740.jpg,train/images/sewage_005740.jpg,D:\Study Material\Sem VI\Projects\PBL2\RoadEye\dataset_crack\final_dataset_v5\train\labels\sewage_005740.txt,0,1
train,D:\Study Material\Sem VI\Projects\PBL2\RoadEye\dataset_crack\final_dataset_v5\train\images\sewage_005781.jpg,train/images/sewage_005781.jpg,D:\Study Material\Sem VI\Projects\PBL2\RoadEye\dataset_crack\final_dataset_v5\train\labels\sewage_005781.txt,1,0
train,D:\Study Material\Sem VI\Projects\PBL2\RoadEye\dataset_crack\final_dataset_v5\train\images\sewage_005824.jpg,train/images/sewage_005824.jpg,D:\Study Material\Sem VI\Projects\PBL2\RoadEye\dataset_crack\final_dataset_v5\train\labels\sewage_005824.txt,1,1
train,D:\Study Material\Sem VI\Projects\PBL2\RoadEye\dataset_crack\final_dataset_v5\train\images\sewage_005834.jpg,train/images/sewage_005834.jpg,D:\Study Material\Sem VI\Projects\PBL2\RoadEye\dataset_crack\final_dataset_v5\train\labels\sewage_005834.txt,0,1
train,D:\Study Material\Sem VI\Projects\PBL2\RoadEye\dataset_crack\final_dataset_v5\train\images\sewage_005867.jpg,train/images/sewage_005867.jpg,D:\Study Material\Sem VI\Projects\PBL2\RoadEye\dataset_crack\final_dataset_v5\train\labels\sewage_005867.txt,2,3
train,D:\Study Material\Sem VI\Projects\PBL2\RoadEye\dataset_crack\final_dataset_v5\train\images\sewage_005915.jpg,train/images/sewage_005915.jpg,D:\Study Material\Sem VI\Projects\PBL2\RoadEye\dataset_crack\final_dataset_v5\train\labels\sewage_005915.txt,0,2
train,D:\Study Material\Sem VI\Projects\PBL2\RoadEye\dataset_crack\final_dataset_v5\train\images\sewage_005928.jpg,train/images/sewage_005928.jpg,D:\Study Material\Sem VI\Projects\PBL2\RoadEye\dataset_crack\final_dataset_v5\train\labels\sewage_005928.txt,2,0
train,D:\Study Material\Sem VI\Projects\PBL2\RoadEye\dataset_crack\final_dataset_v5\train\images\sewage_005980.jpg,train/images/sewage_005980.jpg,D:\Study Material\Sem VI\Projects\PBL2\RoadEye\dataset_crack\final_dataset_v5\train\labels\sewage_005980.txt,1,0
train,D:\Study Material\Sem VI\Projects\PBL2\RoadEye\dataset_crack\final_dataset_v5\train\images\sewage_005985.jpg,train/images/sewage_005985.jpg,D:\Study Material\Sem VI\Projects\PBL2\RoadEye\dataset_crack\final_dataset_v5\train\labels\sewage_005985.txt,0,1
train,D:\Study Material\Sem VI\Projects\PBL2\RoadEye\dataset_crack\final_dataset_v5\train\images\sewage_006014.jpg,train/images/sewage_006014.jpg,D:\Study Material\Sem VI\Projects\PBL2\RoadEye\dataset_crack\final_dataset_v5\train\labels\sewage_006014.txt,1,0
train,D:\Study Material\Sem VI\Projects\PBL2\RoadEye\dataset_crack\final_dataset_v5\train\images\sewage_006031.jpg,train/images/sewage_006031.jpg,D:\Study Material\Sem VI\Projects\PBL2\RoadEye\dataset_crack\final_dataset_v5\train\labels\sewage_006031.txt,0,1
train,D:\Study Material\Sem VI\Projects\PBL2\RoadEye\dataset_crack\final_dataset_v5\train\images\sewage_006044.jpg,train/images/sewage_006044.jpg,D:\Study Material\Sem VI\Projects\PBL2\RoadEye\dataset_crack\final_dataset_v5\train\labels\sewage_006044.txt,1,0
train,D:\Study Material\Sem VI\Projects\PBL2\RoadEye\dataset_crack\final_dataset_v5\train\images\sewage_006047.jpg,train/images/sewage_006047.jpg,D:\Study Material\Sem VI\Projects\PBL2\RoadEye\dataset_crack\final_dataset_v5\train\labels\sewage_006047.txt,1,0
train,D:\Study Material\Sem VI\Projects\PBL2\RoadEye\dataset_crack\final_dataset_v5\train\images\sewage_006054.jpg,train/images/sewage_006054.jpg,D:\Study Material\Sem VI\Projects\PBL2\RoadEye\dataset_crack\final_dataset_v5\train\labels\sewage_006054.txt,0,1
train,D:\Study Material\Sem VI\Projects\PBL2\RoadEye\dataset_crack\final_dataset_v5\train\images\sewage_006069.jpg,train/images/sewage_006069.jpg,D:\Study Material\Sem VI\Projects\PBL2\RoadEye\dataset_crack\final_dataset_v5\train\labels\sewage_006069.txt,1,1
train,D:\Study Material\Sem VI\Projects\PBL2\RoadEye\dataset_crack\final_dataset_v5\train\images\sewage_006122.jpg,train/images/sewage_006122.jpg,D:\Study Material\Sem VI\Projects\PBL2\RoadEye\dataset_crack\final_dataset_v5\train\labels\sewage_006122.txt,0,1
train,D:\Study Material\Sem VI\Projects\PBL2\RoadEye\dataset_crack\final_dataset_v5\train\images\sewage_006135.jpg,train/images/sewage_006135.jpg,D:\Study Material\Sem VI\Projects\PBL2\RoadEye\dataset_crack\final_dataset_v5\train\labels\sewage_006135.txt,1,0
train,D:\Study Material\Sem VI\Projects\PBL2\RoadEye\dataset_crack\final_dataset_v5\train\images\sewage_006175.jpg,train/images/sewage_006175.jpg,D:\Study Material\Sem VI\Projects\PBL2\RoadEye\dataset_crack\final_dataset_v5\train\labels\sewage_006175.txt,0,1
train,D:\Study Material\Sem VI\Projects\PBL2\RoadEye\dataset_crack\final_dataset_v5\train\images\sewage_006194.jpg,train/images/sewage_006194.jpg,D:\Study Material\Sem VI\Projects\PBL2\RoadEye\dataset_crack\final_dataset_v5\train\labels\sewage_006194.txt,0,1
train,D:\Study Material\Sem VI\Projects\PBL2\RoadEye\dataset_crack\final_dataset_v5\train\images\sewage_006197.jpg,train/images/sewage_006197.jpg,D:\Study Material\Sem VI\Projects\PBL2\RoadEye\dataset_crack\final_dataset_v5\train\labels\sewage_006197.txt,1,1
train,D:\Study Material\Sem VI\Projects\PBL2\RoadEye\dataset_crack\final_dataset_v5\train\images\sewage_006206.jpg,train/images/sewage_006206.jpg,D:\Study Material\Sem VI\Projects\PBL2\RoadEye\dataset_crack\final_dataset_v5\train\labels\sewage_006206.txt,2,2
train,D:\Study Material\Sem VI\Projects\PBL2\RoadEye\dataset_crack\final_dataset_v5\train\images\sewage_006231.jpg,train/images/sewage_006231.jpg,D:\Study Material\Sem VI\Projects\PBL2\RoadEye\dataset_crack\final_dataset_v5\train\labels\sewage_006231.txt,0,1
train,D:\Study Material\Sem VI\Projects\PBL2\RoadEye\dataset_crack\final_dataset_v5\train\images\sewage_006281.jpg,train/images/sewage_006281.jpg,D:\Study Material\Sem VI\Projects\PBL2\RoadEye\dataset_crack\final_dataset_v5\train\labels\sewage_006281.txt,2,0
train,D:\Study Material\Sem VI\Projects\PBL2\RoadEye\dataset_crack\final_dataset_v5\train\images\sewage_006294.jpg,train/images/sewage_006294.jpg,D:\Study Material\Sem VI\Projects\PBL2\RoadEye\dataset_crack\final_dataset_v5\train\labels\sewage_006294.txt,0,1
train,D:\Study Material\Sem VI\Projects\PBL2\RoadEye\dataset_crack\final_dataset_v5\train\images\sewage_006307.jpg,train/images/sewage_006307.jpg,D:\Study Material\Sem VI\Projects\PBL2\RoadEye\dataset_crack\final_dataset_v5\train\labels\sewage_006307.txt,3,0
train,D:\Study Material\Sem VI\Projects\PBL2\RoadEye\dataset_crack\final_dataset_v5\train\images\sewage_006311.jpg,train/images/sewage_006311.jpg,D:\Study Material\Sem VI\Projects\PBL2\RoadEye\dataset_crack\final_dataset_v5\train\labels\sewage_006311.txt,0,1
train,D:\Study Material\Sem VI\Projects\PBL2\RoadEye\dataset_crack\final_dataset_v5\train\images\sewage_006312.jpg,train/images/sewage_006312.jpg,D:\Study Material\Sem VI\Projects\PBL2\RoadEye\dataset_crack\final_dataset_v5\train\labels\sewage_006312.txt,0,1
train,D:\Study Material\Sem VI\Projects\PBL2\RoadEye\dataset_crack\final_dataset_v5\train\images\sewage_006324.jpg,train/images/sewage_006324.jpg,D:\Study Material\Sem VI\Projects\PBL2\RoadEye\dataset_crack\final_dataset_v5\train\labels\sewage_006324.txt,0,1
train,D:\Study Material\Sem VI\Projects\PBL2\RoadEye\dataset_crack\final_dataset_v5\train\images\sewage_006385.jpg,train/images/sewage_006385.jpg,D:\Study Material\Sem VI\Projects\PBL2\RoadEye\dataset_crack\final_dataset_v5\train\labels\sewage_006385.txt,2,1
train,D:\Study Material\Sem VI\Projects\PBL2\RoadEye\dataset_crack\final_dataset_v5\train\images\sewage_006403.jpg,train/images/sewage_006403.jpg,D:\Study Material\Sem VI\Projects\PBL2\RoadEye\dataset_crack\final_dataset_v5\train\labels\sewage_006403.txt,1,0
train,D:\Study Material\Sem VI\Projects\PBL2\RoadEye\dataset_crack\final_dataset_v5\train\images\sewage_006405.jpg,train/images/sewage_006405.jpg,D:\Study Material\Sem VI\Projects\PBL2\RoadEye\dataset_crack\final_dataset_v5\train\labels\sewage_006405.txt,2,1
train,D:\Study Material\Sem VI\Projects\PBL2\RoadEye\dataset_crack\final_dataset_v5\train\images\sewage_006415.jpg,train/images/sewage_006415.jpg,D:\Study Material\Sem VI\Projects\PBL2\RoadEye\dataset_crack\final_dataset_v5\train\labels\sewage_006415.txt,0,2
train,D:\Study Material\Sem VI\Projects\PBL2\RoadEye\dataset_crack\final_dataset_v5\train\images\sewage_006420.jpg,train/images/sewage_006420.jpg,D:\Study Material\Sem VI\Projects\PBL2\RoadEye\dataset_crack\final_dataset_v5\train\labels\sewage_006420.txt,1,2
train,D:\Study Material\Sem VI\Projects\PBL2\RoadEye\dataset_crack\final_dataset_v5\train\images\sewage_006423.jpg,train/images/sewage_006423.jpg,D:\Study Material\Sem VI\Projects\PBL2\RoadEye\dataset_crack\final_dataset_v5\train\labels\sewage_006423.txt,0,1
train,D:\Study Material\Sem VI\Projects\PBL2\RoadEye\dataset_crack\final_dataset_v5\train\images\sewage_006446.jpg,train/images/sewage_006446.jpg,D:\Study Material\Sem VI\Projects\PBL2\RoadEye\dataset_crack\final_dataset_v5\train\labels\sewage_006446.txt,2,1
train,D:\Study Material\Sem VI\Projects\PBL2\RoadEye\dataset_crack\final_dataset_v5\train\images\sewage_006469.jpg,train/images/sewage_006469.jpg,D:\Study Material\Sem VI\Projects\PBL2\RoadEye\dataset_crack\final_dataset_v5\train\labels\sewage_006469.txt,0,1
train,D:\Study Material\Sem VI\Projects\PBL2\RoadEye\dataset_crack\final_dataset_v5\train\images\sewage_006544.jpg,train/images/sewage_006544.jpg,D:\Study Material\Sem VI\Projects\PBL2\RoadEye\dataset_crack\final_dataset_v5\train\labels\sewage_006544.txt,0,1
train,D:\Study Material\Sem VI\Projects\PBL2\RoadEye\dataset_crack\final_dataset_v5\train\images\sewage_006557.jpg,train/images/sewage_006557.jpg,D:\Study Material\Sem VI\Projects\PBL2\RoadEye\dataset_crack\final_dataset_v5\train\labels\sewage_006557.txt,0,1
train,D:\Study Material\Sem VI\Projects\PBL2\RoadEye\dataset_crack\final_dataset_v5\train\images\sewage_006566.jpg,train/images/sewage_006566.jpg,D:\Study Material\Sem VI\Projects\PBL2\RoadEye\dataset_crack\final_dataset_v5\train\labels\sewage_006566.txt,0,2
train,D:\Study Material\Sem VI\Projects\PBL2\RoadEye\dataset_crack\final_dataset_v5\train\images\sewage_006568.jpg,train/images/sewage_006568.jpg,D:\Study Material\Sem VI\Projects\PBL2\RoadEye\dataset_crack\final_dataset_v5\train\labels\sewage_006568.txt,2,1
train,D:\Study Material\Sem VI\Projects\PBL2\RoadEye\dataset_crack\final_dataset_v5\train\images\sewage_006569.jpg,train/images/sewage_006569.jpg,D:\Study Material\Sem VI\Projects\PBL2\RoadEye\dataset_crack\final_dataset_v5\train\labels\sewage_006569.txt,1,0
train,D:\Study Material\Sem VI\Projects\PBL2\RoadEye\dataset_crack\final_dataset_v5\train\images\sewage_006570.jpg,train/images/sewage_006570.jpg,D:\Study Material\Sem VI\Projects\PBL2\RoadEye\dataset_crack\final_dataset_v5\train\labels\sewage_006570.txt,1,0
train,D:\Study Material\Sem VI\Projects\PBL2\RoadEye\dataset_crack\final_dataset_v5\train\images\sewage_006607.jpg,train/images/sewage_006607.jpg,D:\Study Material\Sem VI\Projects\PBL2\RoadEye\dataset_crack\final_dataset_v5\train\labels\sewage_006607.txt,1,1
train,D:\Study Material\Sem VI\Projects\PBL2\RoadEye\dataset_crack\final_dataset_v5\train\images\sewage_006619.jpg,train/images/sewage_006619.jpg,D:\Study Material\Sem VI\Projects\PBL2\RoadEye\dataset_crack\final_dataset_v5\train\labels\sewage_006619.txt,2,0
train,D:\Study Material\Sem VI\Projects\PBL2\RoadEye\dataset_crack\final_dataset_v5\train\images\sewage_006624.jpg,train/images/sewage_006624.jpg,D:\Study Material\Sem VI\Projects\PBL2\RoadEye\dataset_crack\final_dataset_v5\train\labels\sewage_006624.txt,1,2
train,D:\Study Material\Sem VI\Projects\PBL2\RoadEye\dataset_crack\final_dataset_v5\train\images\sewage_006630.jpg,train/images/sewage_006630.jpg,D:\Study Material\Sem VI\Projects\PBL2\RoadEye\dataset_crack\final_dataset_v5\train\labels\sewage_006630.txt,1,0
train,D:\Study Material\Sem VI\Projects\PBL2\RoadEye\dataset_crack\final_dataset_v5\train\images\sewage_006651.jpg,train/images/sewage_006651.jpg,D:\Study Material\Sem VI\Projects\PBL2\RoadEye\dataset_crack\final_dataset_v5\train\labels\sewage_006651.txt,2,1
train,D:\Study Material\Sem VI\Projects\PBL2\RoadEye\dataset_crack\final_dataset_v5\train\images\sewage_006659.jpg,train/images/sewage_006659.jpg,D:\Study Material\Sem VI\Projects\PBL2\RoadEye\dataset_crack\final_dataset_v5\train\labels\sewage_006659.txt,0,1
train,D:\Study Material\Sem VI\Projects\PBL2\RoadEye\dataset_crack\final_dataset_v5\train\images\sewage_006660.jpg,train/images/sewage_006660.jpg,D:\Study Material\Sem VI\Projects\PBL2\RoadEye\dataset_crack\final_dataset_v5\train\labels\sewage_006660.txt,1,0
train,D:\Study Material\Sem VI\Projects\PBL2\RoadEye\dataset_crack\final_dataset_v5\train\images\sewage_006661.jpg,train/images/sewage_006661.jpg,D:\Study Material\Sem VI\Projects\PBL2\RoadEye\dataset_crack\final_dataset_v5\train\labels\sewage_006661.txt,0,1
train,D:\Study Material\Sem VI\Projects\PBL2\RoadEye\dataset_crack\final_dataset_v5\train\images\sewage_006705.jpg,train/images/sewage_006705.jpg,D:\Study Material\Sem VI\Projects\PBL2\RoadEye\dataset_crack\final_dataset_v5\train\labels\sewage_006705.txt,1,0
train,D:\Study Material\Sem VI\Projects\PBL2\RoadEye\dataset_crack\final_dataset_v5\train\images\sewage_006706.jpg,train/images/sewage_006706.jpg,D:\Study Material\Sem VI\Projects\PBL2\RoadEye\dataset_crack\final_dataset_v5\train\labels\sewage_006706.txt,0,1
train,D:\Study Material\Sem VI\Projects\PBL2\RoadEye\dataset_crack\final_dataset_v5\train\images\sewage_006743.jpg,train/images/sewage_006743.jpg,D:\Study Material\Sem VI\Projects\PBL2\RoadEye\dataset_crack\final_dataset_v5\train\labels\sewage_006743.txt,1,2
train,D:\Study Material\Sem VI\Projects\PBL2\RoadEye\dataset_crack\final_dataset_v5\train\images\sewage_006764.jpg,train/images/sewage_006764.jpg,D:\Study Material\Sem VI\Projects\PBL2\RoadEye\dataset_crack\final_dataset_v5\train\labels\sewage_006764.txt,1,0
train,D:\Study Material\Sem VI\Projects\PBL2\RoadEye\dataset_crack\final_dataset_v5\train\images\sewage_006791.jpg,train/images/sewage_006791.jpg,D:\Study Material\Sem VI\Projects\PBL2\RoadEye\dataset_crack\final_dataset_v5\train\labels\sewage_006791.txt,1,1
train,D:\Study Material\Sem VI\Projects\PBL2\RoadEye\dataset_crack\final_dataset_v5\train\images\sewage_006793.jpg,train/images/sewage_006793.jpg,D:\Study Material\Sem VI\Projects\PBL2\RoadEye\dataset_crack\final_dataset_v5\train\labels\sewage_006793.txt,2,0
train,D:\Study Material\Sem VI\Projects\PBL2\RoadEye\dataset_crack\final_dataset_v5\train\images\sewage_006837.jpg,train/images/sewage_006837.jpg,D:\Study Material\Sem VI\Projects\PBL2\RoadEye\dataset_crack\final_dataset_v5\train\labels\sewage_006837.txt,2,2
train,D:\Study Material\Sem VI\Projects\PBL2\RoadEye\dataset_crack\final_dataset_v5\train\images\sewage_006852.jpg,train/images/sewage_006852.jpg,D:\Study Material\Sem VI\Projects\PBL2\RoadEye\dataset_crack\final_dataset_v5\train\labels\sewage_006852.txt,0,1
train,D:\Study Material\Sem VI\Projects\PBL2\RoadEye\dataset_crack\final_dataset_v5\train\images\sewage_006861.jpg,train/images/sewage_006861.jpg,D:\Study Material\Sem VI\Projects\PBL2\RoadEye\dataset_crack\final_dataset_v5\train\labels\sewage_006861.txt,0,1
train,D:\Study Material\Sem VI\Projects\PBL2\RoadEye\dataset_crack\final_dataset_v5\train\images\sewage_006862.jpg,train/images/sewage_006862.jpg,D:\Study Material\Sem VI\Projects\PBL2\RoadEye\dataset_crack\final_dataset_v5\train\labels\sewage_006862.txt,2,1
train,D:\Study Material\Sem VI\Projects\PBL2\RoadEye\dataset_crack\final_dataset_v5\train\images\sewage_006882.jpg,train/images/sewage_006882.jpg,D:\Study Material\Sem VI\Projects\PBL2\RoadEye\dataset_crack\final_dataset_v5\train\labels\sewage_006882.txt,1,0
train,D:\Study Material\Sem VI\Projects\PBL2\RoadEye\dataset_crack\final_dataset_v5\train\images\sewage_006890.jpg,train/images/sewage_006890.jpg,D:\Study Material\Sem VI\Projects\PBL2\RoadEye\dataset_crack\final_dataset_v5\train\labels\sewage_006890.txt,0,3
train,D:\Study Material\Sem VI\Projects\PBL2\RoadEye\dataset_crack\final_dataset_v5\train\images\sewage_006896.jpg,train/images/sewage_006896.jpg,D:\Study Material\Sem VI\Projects\PBL2\RoadEye\dataset_crack\final_dataset_v5\train\labels\sewage_006896.txt,1,0
train,D:\Study Material\Sem VI\Projects\PBL2\RoadEye\dataset_crack\final_dataset_v5\train\images\sewage_006911.jpg,train/images/sewage_006911.jpg,D:\Study Material\Sem VI\Projects\PBL2\RoadEye\dataset_crack\final_dataset_v5\train\labels\sewage_006911.txt,1,0
train,D:\Study Material\Sem VI\Projects\PBL2\RoadEye\dataset_crack\final_dataset_v5\train\images\sewage_006946.jpg,train/images/sewage_006946.jpg,D:\Study Material\Sem VI\Projects\PBL2\RoadEye\dataset_crack\final_dataset_v5\train\labels\sewage_006946.txt,2,1
train,D:\Study Material\Sem VI\Projects\PBL2\RoadEye\dataset_crack\final_dataset_v5\train\images\sewage_006947.jpg,train/images/sewage_006947.jpg,D:\Study Material\Sem VI\Projects\PBL2\RoadEye\dataset_crack\final_dataset_v5\train\labels\sewage_006947.txt,1,0
train,D:\Study Material\Sem VI\Projects\PBL2\RoadEye\dataset_crack\final_dataset_v5\train\images\sewage_006952.jpg,train/images/sewage_006952.jpg,D:\Study Material\Sem VI\Projects\PBL2\RoadEye\dataset_crack\final_dataset_v5\train\labels\sewage_006952.txt,3,1
train,D:\Study Material\Sem VI\Projects\PBL2\RoadEye\dataset_crack\final_dataset_v5\train\images\sewage_006965.jpg,train/images/sewage_006965.jpg,D:\Study Material\Sem VI\Projects\PBL2\RoadEye\dataset_crack\final_dataset_v5\train\labels\sewage_006965.txt,3,0
train,D:\Study Material\Sem VI\Projects\PBL2\RoadEye\dataset_crack\final_dataset_v5\train\images\sewage_006987.jpg,train/images/sewage_006987.jpg,D:\Study Material\Sem VI\Projects\PBL2\RoadEye\dataset_crack\final_dataset_v5\train\labels\sewage_006987.txt,1,0
train,D:\Study Material\Sem VI\Projects\PBL2\RoadEye\dataset_crack\final_dataset_v5\train\images\sewage_006988.jpg,train/images/sewage_006988.jpg,D:\Study Material\Sem VI\Projects\PBL2\RoadEye\dataset_crack\final_dataset_v5\train\labels\sewage_006988.txt,4,1
train,D:\Study Material\Sem VI\Projects\PBL2\RoadEye\dataset_crack\final_dataset_v5\train\images\sewage_007015.jpg,train/images/sewage_007015.jpg,D:\Study Material\Sem VI\Projects\PBL2\RoadEye\dataset_crack\final_dataset_v5\train\labels\sewage_007015.txt,1,1
train,D:\Study Material\Sem VI\Projects\PBL2\RoadEye\dataset_crack\final_dataset_v5\train\images\sewage_007032.jpg,train/images/sewage_007032.jpg,D:\Study Material\Sem VI\Projects\PBL2\RoadEye\dataset_crack\final_dataset_v5\train\labels\sewage_007032.txt,1,1
train,D:\Study Material\Sem VI\Projects\PBL2\RoadEye\dataset_crack\final_dataset_v5\train\images\sewage_007033.jpg,train/images/sewage_007033.jpg,D:\Study Material\Sem VI\Projects\PBL2\RoadEye\dataset_crack\final_dataset_v5\train\labels\sewage_007033.txt,1,0
train,D:\Study Material\Sem VI\Projects\PBL2\RoadEye\dataset_crack\final_dataset_v5\train\images\sewage_007040.jpg,train/images/sewage_007040.jpg,D:\Study Material\Sem VI\Projects\PBL2\RoadEye\dataset_crack\final_dataset_v5\train\labels\sewage_007040.txt,1,0
train,D:\Study Material\Sem VI\Projects\PBL2\RoadEye\dataset_crack\final_dataset_v5\train\images\sewage_007057.jpg,train/images/sewage_007057.jpg,D:\Study Material\Sem VI\Projects\PBL2\RoadEye\dataset_crack\final_dataset_v5\train\labels\sewage_007057.txt,0,2
train,D:\Study Material\Sem VI\Projects\PBL2\RoadEye\dataset_crack\final_dataset_v5\train\images\sewage_007068.jpg,train/images/sewage_007068.jpg,D:\Study Material\Sem VI\Projects\PBL2\RoadEye\dataset_crack\final_dataset_v5\train\labels\sewage_007068.txt,1,1
train,D:\Study Material\Sem VI\Projects\PBL2\RoadEye\dataset_crack\final_dataset_v5\train\images\sewage_007112.jpg,train/images/sewage_007112.jpg,D:\Study Material\Sem VI\Projects\PBL2\RoadEye\dataset_crack\final_dataset_v5\train\labels\sewage_007112.txt,0,1
train,D:\Study Material\Sem VI\Projects\PBL2\RoadEye\dataset_crack\final_dataset_v5\train\images\sewage_007122.jpg,train/images/sewage_007122.jpg,D:\Study Material\Sem VI\Projects\PBL2\RoadEye\dataset_crack\final_dataset_v5\train\labels\sewage_007122.txt,0,1
train,D:\Study Material\Sem VI\Projects\PBL2\RoadEye\dataset_crack\final_dataset_v5\train\images\sewage_007129.jpg,train/images/sewage_007129.jpg,D:\Study Material\Sem VI\Projects\PBL2\RoadEye\dataset_crack\final_dataset_v5\train\labels\sewage_007129.txt,1,1
train,D:\Study Material\Sem VI\Projects\PBL2\RoadEye\dataset_crack\final_dataset_v5\train\images\sewage_007137.jpg,train/images/sewage_007137.jpg,D:\Study Material\Sem VI\Projects\PBL2\RoadEye\dataset_crack\final_dataset_v5\train\labels\sewage_007137.txt,1,0
train,D:\Study Material\Sem VI\Projects\PBL2\RoadEye\dataset_crack\final_dataset_v5\train\images\sewage_007158.jpg,train/images/sewage_007158.jpg,D:\Study Material\Sem VI\Projects\PBL2\RoadEye\dataset_crack\final_dataset_v5\train\labels\sewage_007158.txt,1,1
train,D:\Study Material\Sem VI\Projects\PBL2\RoadEye\dataset_crack\final_dataset_v5\train\images\sewage_007180.jpg,train/images/sewage_007180.jpg,D:\Study Material\Sem VI\Projects\PBL2\RoadEye\dataset_crack\final_dataset_v5\train\labels\sewage_007180.txt,1,1
train,D:\Study Material\Sem VI\Projects\PBL2\RoadEye\dataset_crack\final_dataset_v5\train\images\sewage_007310.jpg,train/images/sewage_007310.jpg,D:\Study Material\Sem VI\Projects\PBL2\RoadEye\dataset_crack\final_dataset_v5\train\labels\sewage_007310.txt,1,0
train,D:\Study Material\Sem VI\Projects\PBL2\RoadEye\dataset_crack\final_dataset_v5\train\images\sewage_007311.jpg,train/images/sewage_007311.jpg,D:\Study Material\Sem VI\Projects\PBL2\RoadEye\dataset_crack\final_dataset_v5\train\labels\sewage_007311.txt,1,0
train,D:\Study Material\Sem VI\Projects\PBL2\RoadEye\dataset_crack\final_dataset_v5\train\images\sewage_007315.jpg,train/images/sewage_007315.jpg,D:\Study Material\Sem VI\Projects\PBL2\RoadEye\dataset_crack\final_dataset_v5\train\labels\sewage_007315.txt,1,0
train,D:\Study Material\Sem VI\Projects\PBL2\RoadEye\dataset_crack\final_dataset_v5\train\images\sewage_007367.jpg,train/images/sewage_007367.jpg,D:\Study Material\Sem VI\Projects\PBL2\RoadEye\dataset_crack\final_dataset_v5\train\labels\sewage_007367.txt,1,0
train,D:\Study Material\Sem VI\Projects\PBL2\RoadEye\dataset_crack\final_dataset_v5\train\images\sewage_007390.jpg,train/images/sewage_007390.jpg,D:\Study Material\Sem VI\Projects\PBL2\RoadEye\dataset_crack\final_dataset_v5\train\labels\sewage_007390.txt,0,1
train,D:\Study Material\Sem VI\Projects\PBL2\RoadEye\dataset_crack\final_dataset_v5\train\images\sewage_007404.jpg,train/images/sewage_007404.jpg,D:\Study Material\Sem VI\Projects\PBL2\RoadEye\dataset_crack\final_dataset_v5\train\labels\sewage_007404.txt,1,0
train,D:\Study Material\Sem VI\Projects\PBL2\RoadEye\dataset_crack\final_dataset_v5\train\images\sewage_007431.jpg,train/images/sewage_007431.jpg,D:\Study Material\Sem VI\Projects\PBL2\RoadEye\dataset_crack\final_dataset_v5\train\labels\sewage_007431.txt,2,0
train,D:\Study Material\Sem VI\Projects\PBL2\RoadEye\dataset_crack\final_dataset_v5\train\images\sewage_007438.jpg,train/images/sewage_007438.jpg,D:\Study Material\Sem VI\Projects\PBL2\RoadEye\dataset_crack\final_dataset_v5\train\labels\sewage_007438.txt,1,0
train,D:\Study Material\Sem VI\Projects\PBL2\RoadEye\dataset_crack\final_dataset_v5\train\images\sewage_007505.jpg,train/images/sewage_007505.jpg,D:\Study Material\Sem VI\Projects\PBL2\RoadEye\dataset_crack\final_dataset_v5\train\labels\sewage_007505.txt,1,1
train,D:\Study Material\Sem VI\Projects\PBL2\RoadEye\dataset_crack\final_dataset_v5\train\images\sewage_007512.jpg,train/images/sewage_007512.jpg,D:\Study Material\Sem VI\Projects\PBL2\RoadEye\dataset_crack\final_dataset_v5\train\labels\sewage_007512.txt,1,0
train,D:\Study Material\Sem VI\Projects\PBL2\RoadEye\dataset_crack\final_dataset_v5\train\images\sewage_007526.jpg,train/images/sewage_007526.jpg,D:\Study Material\Sem VI\Projects\PBL2\RoadEye\dataset_crack\final_dataset_v5\train\labels\sewage_007526.txt,0,1
train,D:\Study Material\Sem VI\Projects\PBL2\RoadEye\dataset_crack\final_dataset_v5\train\images\sewage_007537.jpg,train/images/sewage_007537.jpg,D:\Study Material\Sem VI\Projects\PBL2\RoadEye\dataset_crack\final_dataset_v5\train\labels\sewage_007537.txt,1,1
train,D:\Study Material\Sem VI\Projects\PBL2\RoadEye\dataset_crack\final_dataset_v5\train\images\sewage_007546.jpg,train/images/sewage_007546.jpg,D:\Study Material\Sem VI\Projects\PBL2\RoadEye\dataset_crack\final_dataset_v5\train\labels\sewage_007546.txt,0,1
train,D:\Study Material\Sem VI\Projects\PBL2\RoadEye\dataset_crack\final_dataset_v5\train\images\sewage_007553.jpg,train/images/sewage_007553.jpg,D:\Study Material\Sem VI\Projects\PBL2\RoadEye\dataset_crack\final_dataset_v5\train\labels\sewage_007553.txt,1,0
train,D:\Study Material\Sem VI\Projects\PBL2\RoadEye\dataset_crack\final_dataset_v5\train\images\sewage_007574.jpg,train/images/sewage_007574.jpg,D:\Study Material\Sem VI\Projects\PBL2\RoadEye\dataset_crack\final_dataset_v5\train\labels\sewage_007574.txt,1,1
train,D:\Study Material\Sem VI\Projects\PBL2\RoadEye\dataset_crack\final_dataset_v5\train\images\sewage_007604.jpg,train/images/sewage_007604.jpg,D:\Study Material\Sem VI\Projects\PBL2\RoadEye\dataset_crack\final_dataset_v5\train\labels\sewage_007604.txt,2,0
train,D:\Study Material\Sem VI\Projects\PBL2\RoadEye\dataset_crack\final_dataset_v5\train\images\sewage_007628.jpg,train/images/sewage_007628.jpg,D:\Study Material\Sem VI\Projects\PBL2\RoadEye\dataset_crack\final_dataset_v5\train\labels\sewage_007628.txt,1,0
train,D:\Study Material\Sem VI\Projects\PBL2\RoadEye\dataset_crack\final_dataset_v5\train\images\sewage_007649.jpg,train/images/sewage_007649.jpg,D:\Study Material\Sem VI\Projects\PBL2\RoadEye\dataset_crack\final_dataset_v5\train\labels\sewage_007649.txt,1,0
train,D:\Study Material\Sem VI\Projects\PBL2\RoadEye\dataset_crack\final_dataset_v5\train\images\sewage_007650.jpg,train/images/sewage_007650.jpg,D:\Study Material\Sem VI\Projects\PBL2\RoadEye\dataset_crack\final_dataset_v5\train\labels\sewage_007650.txt,2,0
train,D:\Study Material\Sem VI\Projects\PBL2\RoadEye\dataset_crack\final_dataset_v5\train\images\sewage_007701.jpg,train/images/sewage_007701.jpg,D:\Study Material\Sem VI\Projects\PBL2\RoadEye\dataset_crack\final_dataset_v5\train\labels\sewage_007701.txt,0,2
train,D:\Study Material\Sem VI\Projects\PBL2\RoadEye\dataset_crack\final_dataset_v5\train\images\sewage_007815.jpg,train/images/sewage_007815.jpg,D:\Study Material\Sem VI\Projects\PBL2\RoadEye\dataset_crack\final_dataset_v5\train\labels\sewage_007815.txt,1,0
train,D:\Study Material\Sem VI\Projects\PBL2\RoadEye\dataset_crack\final_dataset_v5\train\images\sewage_007820.jpg,train/images/sewage_007820.jpg,D:\Study Material\Sem VI\Projects\PBL2\RoadEye\dataset_crack\final_dataset_v5\train\labels\sewage_007820.txt,1,0
train,D:\Study Material\Sem VI\Projects\PBL2\RoadEye\dataset_crack\final_dataset_v5\train\images\sewage_007831.jpg,train/images/sewage_007831.jpg,D:\Study Material\Sem VI\Projects\PBL2\RoadEye\dataset_crack\final_dataset_v5\train\labels\sewage_007831.txt,2,1
train,D:\Study Material\Sem VI\Projects\PBL2\RoadEye\dataset_crack\final_dataset_v5\train\images\sewage_007853.jpg,train/images/sewage_007853.jpg,D:\Study Material\Sem VI\Projects\PBL2\RoadEye\dataset_crack\final_dataset_v5\train\labels\sewage_007853.txt,1,0
train,D:\Study Material\Sem VI\Projects\PBL2\RoadEye\dataset_crack\final_dataset_v5\train\images\sewage_007861.jpg,train/images/sewage_007861.jpg,D:\Study Material\Sem VI\Projects\PBL2\RoadEye\dataset_crack\final_dataset_v5\train\labels\sewage_007861.txt,0,1
train,D:\Study Material\Sem VI\Projects\PBL2\RoadEye\dataset_crack\final_dataset_v5\train\images\sewage_007867.jpg,train/images/sewage_007867.jpg,D:\Study Material\Sem VI\Projects\PBL2\RoadEye\dataset_crack\final_dataset_v5\train\labels\sewage_007867.txt,2,0
train,D:\Study Material\Sem VI\Projects\PBL2\RoadEye\dataset_crack\final_dataset_v5\train\images\sewage_007877.jpg,train/images/sewage_007877.jpg,D:\Study Material\Sem VI\Projects\PBL2\RoadEye\dataset_crack\final_dataset_v5\train\labels\sewage_007877.txt,4,1
train,D:\Study Material\Sem VI\Projects\PBL2\RoadEye\dataset_crack\final_dataset_v5\train\images\sewage_007881.jpg,train/images/sewage_007881.jpg,D:\Study Material\Sem VI\Projects\PBL2\RoadEye\dataset_crack\final_dataset_v5\train\labels\sewage_007881.txt,0,2
train,D:\Study Material\Sem VI\Projects\PBL2\RoadEye\dataset_crack\final_dataset_v5\train\images\sewage_007945.jpg,train/images/sewage_007945.jpg,D:\Study Material\Sem VI\Projects\PBL2\RoadEye\dataset_crack\final_dataset_v5\train\labels\sewage_007945.txt,0,1
train,D:\Study Material\Sem VI\Projects\PBL2\RoadEye\dataset_crack\final_dataset_v5\train\images\sewage_007946.jpg,train/images/sewage_007946.jpg,D:\Study Material\Sem VI\Projects\PBL2\RoadEye\dataset_crack\final_dataset_v5\train\labels\sewage_007946.txt,1,1
train,D:\Study Material\Sem VI\Projects\PBL2\RoadEye\dataset_crack\final_dataset_v5\train\images\sewage_007969.jpg,train/images/sewage_007969.jpg,D:\Study Material\Sem VI\Projects\PBL2\RoadEye\dataset_crack\final_dataset_v5\train\labels\sewage_007969.txt,1,0
train,D:\Study Material\Sem VI\Projects\PBL2\RoadEye\dataset_crack\final_dataset_v5\train\images\sewage_007986.jpg,train/images/sewage_007986.jpg,D:\Study Material\Sem VI\Projects\PBL2\RoadEye\dataset_crack\final_dataset_v5\train\labels\sewage_007986.txt,4,0
train,D:\Study Material\Sem VI\Projects\PBL2\RoadEye\dataset_crack\final_dataset_v5\train\images\sewage_008001.jpg,train/images/sewage_008001.jpg,D:\Study Material\Sem VI\Projects\PBL2\RoadEye\dataset_crack\final_dataset_v5\train\labels\sewage_008001.txt,0,1
train,D:\Study Material\Sem VI\Projects\PBL2\RoadEye\dataset_crack\final_dataset_v5\train\images\sewage_008007.jpg,train/images/sewage_008007.jpg,D:\Study Material\Sem VI\Projects\PBL2\RoadEye\dataset_crack\final_dataset_v5\train\labels\sewage_008007.txt,1,0
train,D:\Study Material\Sem VI\Projects\PBL2\RoadEye\dataset_crack\final_dataset_v5\train\images\sewage_008032.jpg,train/images/sewage_008032.jpg,D:\Study Material\Sem VI\Projects\PBL2\RoadEye\dataset_crack\final_dataset_v5\train\labels\sewage_008032.txt,1,0
train,D:\Study Material\Sem VI\Projects\PBL2\RoadEye\dataset_crack\final_dataset_v5\train\images\sewage_008048.jpg,train/images/sewage_008048.jpg,D:\Study Material\Sem VI\Projects\PBL2\RoadEye\dataset_crack\final_dataset_v5\train\labels\sewage_008048.txt,0,1
train,D:\Study Material\Sem VI\Projects\PBL2\RoadEye\dataset_crack\final_dataset_v5\train\images\sewage_008065.jpg,train/images/sewage_008065.jpg,D:\Study Material\Sem VI\Projects\PBL2\RoadEye\dataset_crack\final_dataset_v5\train\labels\sewage_008065.txt,1,1
train,D:\Study Material\Sem VI\Projects\PBL2\RoadEye\dataset_crack\final_dataset_v5\train\images\sewage_008075.jpg,train/images/sewage_008075.jpg,D:\Study Material\Sem VI\Projects\PBL2\RoadEye\dataset_crack\final_dataset_v5\train\labels\sewage_008075.txt,1,0
train,D:\Study Material\Sem VI\Projects\PBL2\RoadEye\dataset_crack\final_dataset_v5\train\images\sewage_008097.jpg,train/images/sewage_008097.jpg,D:\Study Material\Sem VI\Projects\PBL2\RoadEye\dataset_crack\final_dataset_v5\train\labels\sewage_008097.txt,0,1
train,D:\Study Material\Sem VI\Projects\PBL2\RoadEye\dataset_crack\final_dataset_v5\train\images\sewage_008116.jpg,train/images/sewage_008116.jpg,D:\Study Material\Sem VI\Projects\PBL2\RoadEye\dataset_crack\final_dataset_v5\train\labels\sewage_008116.txt,1,0
train,D:\Study Material\Sem VI\Projects\PBL2\RoadEye\dataset_crack\final_dataset_v5\train\images\sewage_008174.jpg,train/images/sewage_008174.jpg,D:\Study Material\Sem VI\Projects\PBL2\RoadEye\dataset_crack\final_dataset_v5\train\labels\sewage_008174.txt,1,0
train,D:\Study Material\Sem VI\Projects\PBL2\RoadEye\dataset_crack\final_dataset_v5\train\images\sewage_008261.jpg,train/images/sewage_008261.jpg,D:\Study Material\Sem VI\Projects\PBL2\RoadEye\dataset_crack\final_dataset_v5\train\labels\sewage_008261.txt,2,0
train,D:\Study Material\Sem VI\Projects\PBL2\RoadEye\dataset_crack\final_dataset_v5\train\images\sewage_008277.jpg,train/images/sewage_008277.jpg,D:\Study Material\Sem VI\Projects\PBL2\RoadEye\dataset_crack\final_dataset_v5\train\labels\sewage_008277.txt,1,3
train,D:\Study Material\Sem VI\Projects\PBL2\RoadEye\dataset_crack\final_dataset_v5\train\images\sewage_008283.jpg,train/images/sewage_008283.jpg,D:\Study Material\Sem VI\Projects\PBL2\RoadEye\dataset_crack\final_dataset_v5\train\labels\sewage_008283.txt,1,2
train,D:\Study Material\Sem VI\Projects\PBL2\RoadEye\dataset_crack\final_dataset_v5\train\images\sewage_008297.jpg,train/images/sewage_008297.jpg,D:\Study Material\Sem VI\Projects\PBL2\RoadEye\dataset_crack\final_dataset_v5\train\labels\sewage_008297.txt,2,1
train,D:\Study Material\Sem VI\Projects\PBL2\RoadEye\dataset_crack\final_dataset_v5\train\images\sewage_008307.jpg,train/images/sewage_008307.jpg,D:\Study Material\Sem VI\Projects\PBL2\RoadEye\dataset_crack\final_dataset_v5\train\labels\sewage_008307.txt,1,1
train,D:\Study Material\Sem VI\Projects\PBL2\RoadEye\dataset_crack\final_dataset_v5\train\images\sewage_008345.jpg,train/images/sewage_008345.jpg,D:\Study Material\Sem VI\Projects\PBL2\RoadEye\dataset_crack\final_dataset_v5\train\labels\sewage_008345.txt,2,0
train,D:\Study Material\Sem VI\Projects\PBL2\RoadEye\dataset_crack\final_dataset_v5\train\images\sewage_008350.jpg,train/images/sewage_008350.jpg,D:\Study Material\Sem VI\Projects\PBL2\RoadEye\dataset_crack\final_dataset_v5\train\labels\sewage_008350.txt,1,1
train,D:\Study Material\Sem VI\Projects\PBL2\RoadEye\dataset_crack\final_dataset_v5\train\images\sewage_008378.jpg,train/images/sewage_008378.jpg,D:\Study Material\Sem VI\Projects\PBL2\RoadEye\dataset_crack\final_dataset_v5\train\labels\sewage_008378.txt,1,2
train,D:\Study Material\Sem VI\Projects\PBL2\RoadEye\dataset_crack\final_dataset_v5\train\images\sewage_008382.jpg,train/images/sewage_008382.jpg,D:\Study Material\Sem VI\Projects\PBL2\RoadEye\dataset_crack\final_dataset_v5\train\labels\sewage_008382.txt,2,0
train,D:\Study Material\Sem VI\Projects\PBL2\RoadEye\dataset_crack\final_dataset_v5\train\images\sewage_008403.jpg,train/images/sewage_008403.jpg,D:\Study Material\Sem VI\Projects\PBL2\RoadEye\dataset_crack\final_dataset_v5\train\labels\sewage_008403.txt,2,0
train,D:\Study Material\Sem VI\Projects\PBL2\RoadEye\dataset_crack\final_dataset_v5\train\images\sewage_008413.jpg,train/images/sewage_008413.jpg,D:\Study Material\Sem VI\Projects\PBL2\RoadEye\dataset_crack\final_dataset_v5\train\labels\sewage_008413.txt,2,0
train,D:\Study Material\Sem VI\Projects\PBL2\RoadEye\dataset_crack\final_dataset_v5\train\images\sewage_008421.jpg,train/images/sewage_008421.jpg,D:\Study Material\Sem VI\Projects\PBL2\RoadEye\dataset_crack\final_dataset_v5\train\labels\sewage_008421.txt,0,2
train,D:\Study Material\Sem VI\Projects\PBL2\RoadEye\dataset_crack\final_dataset_v5\train\images\sewage_008422.jpg,train/images/sewage_008422.jpg,D:\Study Material\Sem VI\Projects\PBL2\RoadEye\dataset_crack\final_dataset_v5\train\labels\sewage_008422.txt,0,1
train,D:\Study Material\Sem VI\Projects\PBL2\RoadEye\dataset_crack\final_dataset_v5\train\images\sewage_008465.jpg,train/images/sewage_008465.jpg,D:\Study Material\Sem VI\Projects\PBL2\RoadEye\dataset_crack\final_dataset_v5\train\labels\sewage_008465.txt,1,0
train,D:\Study Material\Sem VI\Projects\PBL2\RoadEye\dataset_crack\final_dataset_v5\train\images\sewage_008483.jpg,train/images/sewage_008483.jpg,D:\Study Material\Sem VI\Projects\PBL2\RoadEye\dataset_crack\final_dataset_v5\train\labels\sewage_008483.txt,1,0
train,D:\Study Material\Sem VI\Projects\PBL2\RoadEye\dataset_crack\final_dataset_v5\train\images\sewage_008491.jpg,train/images/sewage_008491.jpg,D:\Study Material\Sem VI\Projects\PBL2\RoadEye\dataset_crack\final_dataset_v5\train\labels\sewage_008491.txt,1,1
train,D:\Study Material\Sem VI\Projects\PBL2\RoadEye\dataset_crack\final_dataset_v5\train\images\sewage_008509.jpg,train/images/sewage_008509.jpg,D:\Study Material\Sem VI\Projects\PBL2\RoadEye\dataset_crack\final_dataset_v5\train\labels\sewage_008509.txt,1,2
train,D:\Study Material\Sem VI\Projects\PBL2\RoadEye\dataset_crack\final_dataset_v5\train\images\sewage_008539.jpg,train/images/sewage_008539.jpg,D:\Study Material\Sem VI\Projects\PBL2\RoadEye\dataset_crack\final_dataset_v5\train\labels\sewage_008539.txt,1,2
train,D:\Study Material\Sem VI\Projects\PBL2\RoadEye\dataset_crack\final_dataset_v5\train\images\sewage_008552.jpg,train/images/sewage_008552.jpg,D:\Study Material\Sem VI\Projects\PBL2\RoadEye\dataset_crack\final_dataset_v5\train\labels\sewage_008552.txt,1,0
train,D:\Study Material\Sem VI\Projects\PBL2\RoadEye\dataset_crack\final_dataset_v5\train\images\sewage_008573.jpg,train/images/sewage_008573.jpg,D:\Study Material\Sem VI\Projects\PBL2\RoadEye\dataset_crack\final_dataset_v5\train\labels\sewage_008573.txt,1,0
train,D:\Study Material\Sem VI\Projects\PBL2\RoadEye\dataset_crack\final_dataset_v5\train\images\sewage_008576.jpg,train/images/sewage_008576.jpg,D:\Study Material\Sem VI\Projects\PBL2\RoadEye\dataset_crack\final_dataset_v5\train\labels\sewage_008576.txt,4,3
train,D:\Study Material\Sem VI\Projects\PBL2\RoadEye\dataset_crack\final_dataset_v5\train\images\sewage_008591.jpg,train/images/sewage_008591.jpg,D:\Study Material\Sem VI\Projects\PBL2\RoadEye\dataset_crack\final_dataset_v5\train\labels\sewage_008591.txt,0,3
train,D:\Study Material\Sem VI\Projects\PBL2\RoadEye\dataset_crack\final_dataset_v5\train\images\sewage_008599.jpg,train/images/sewage_008599.jpg,D:\Study Material\Sem VI\Projects\PBL2\RoadEye\dataset_crack\final_dataset_v5\train\labels\sewage_008599.txt,1,1
train,D:\Study Material\Sem VI\Projects\PBL2\RoadEye\dataset_crack\final_dataset_v5\train\images\sewage_008615.jpg,train/images/sewage_008615.jpg,D:\Study Material\Sem VI\Projects\PBL2\RoadEye\dataset_crack\final_dataset_v5\train\labels\sewage_008615.txt,1,0
train,D:\Study Material\Sem VI\Projects\PBL2\RoadEye\dataset_crack\final_dataset_v5\train\images\sewage_008630.jpg,train/images/sewage_008630.jpg,D:\Study Material\Sem VI\Projects\PBL2\RoadEye\dataset_crack\final_dataset_v5\train\labels\sewage_008630.txt,1,0
train,D:\Study Material\Sem VI\Projects\PBL2\RoadEye\dataset_crack\final_dataset_v5\train\images\sewage_008636.jpg,train/images/sewage_008636.jpg,D:\Study Material\Sem VI\Projects\PBL2\RoadEye\dataset_crack\final_dataset_v5\train\labels\sewage_008636.txt,0,1
train,D:\Study Material\Sem VI\Projects\PBL2\RoadEye\dataset_crack\final_dataset_v5\train\images\sewage_008647.jpg,train/images/sewage_008647.jpg,D:\Study Material\Sem VI\Projects\PBL2\RoadEye\dataset_crack\final_dataset_v5\train\labels\sewage_008647.txt,1,0
train,D:\Study Material\Sem VI\Projects\PBL2\RoadEye\dataset_crack\final_dataset_v5\train\images\sewage_008648.jpg,train/images/sewage_008648.jpg,D:\Study Material\Sem VI\Projects\PBL2\RoadEye\dataset_crack\final_dataset_v5\train\labels\sewage_008648.txt,2,1
train,D:\Study Material\Sem VI\Projects\PBL2\RoadEye\dataset_crack\final_dataset_v5\train\images\sewage_008663.jpg,train/images/sewage_008663.jpg,D:\Study Material\Sem VI\Projects\PBL2\RoadEye\dataset_crack\final_dataset_v5\train\labels\sewage_008663.txt,2,0
train,D:\Study Material\Sem VI\Projects\PBL2\RoadEye\dataset_crack\final_dataset_v5\train\images\sewage_008677.jpg,train/images/sewage_008677.jpg,D:\Study Material\Sem VI\Projects\PBL2\RoadEye\dataset_crack\final_dataset_v5\train\labels\sewage_008677.txt,1,3
train,D:\Study Material\Sem VI\Projects\PBL2\RoadEye\dataset_crack\final_dataset_v5\train\images\sewage_008681.jpg,train/images/sewage_008681.jpg,D:\Study Material\Sem VI\Projects\PBL2\RoadEye\dataset_crack\final_dataset_v5\train\labels\sewage_008681.txt,3,3
train,D:\Study Material\Sem VI\Projects\PBL2\RoadEye\dataset_crack\final_dataset_v5\train\images\sewage_008686.jpg,train/images/sewage_008686.jpg,D:\Study Material\Sem VI\Projects\PBL2\RoadEye\dataset_crack\final_dataset_v5\train\labels\sewage_008686.txt,2,1
train,D:\Study Material\Sem VI\Projects\PBL2\RoadEye\dataset_crack\final_dataset_v5\train\images\sewage_008697.jpg,train/images/sewage_008697.jpg,D:\Study Material\Sem VI\Projects\PBL2\RoadEye\dataset_crack\final_dataset_v5\train\labels\sewage_008697.txt,1,1
train,D:\Study Material\Sem VI\Projects\PBL2\RoadEye\dataset_crack\final_dataset_v5\train\images\sewage_008742.jpg,train/images/sewage_008742.jpg,D:\Study Material\Sem VI\Projects\PBL2\RoadEye\dataset_crack\final_dataset_v5\train\labels\sewage_008742.txt,1,0
train,D:\Study Material\Sem VI\Projects\PBL2\RoadEye\dataset_crack\final_dataset_v5\train\images\sewage_008764.jpg,train/images/sewage_008764.jpg,D:\Study Material\Sem VI\Projects\PBL2\RoadEye\dataset_crack\final_dataset_v5\train\labels\sewage_008764.txt,1,1
train,D:\Study Material\Sem VI\Projects\PBL2\RoadEye\dataset_crack\final_dataset_v5\train\images\sewage_008766.jpg,train/images/sewage_008766.jpg,D:\Study Material\Sem VI\Projects\PBL2\RoadEye\dataset_crack\final_dataset_v5\train\labels\sewage_008766.txt,0,2
train,D:\Study Material\Sem VI\Projects\PBL2\RoadEye\dataset_crack\final_dataset_v5\train\images\sewage_008824.jpg,train/images/sewage_008824.jpg,D:\Study Material\Sem VI\Projects\PBL2\RoadEye\dataset_crack\final_dataset_v5\train\labels\sewage_008824.txt,1,1
train,D:\Study Material\Sem VI\Projects\PBL2\RoadEye\dataset_crack\final_dataset_v5\train\images\sewage_008842.jpg,train/images/sewage_008842.jpg,D:\Study Material\Sem VI\Projects\PBL2\RoadEye\dataset_crack\final_dataset_v5\train\labels\sewage_008842.txt,2,0
train,D:\Study Material\Sem VI\Projects\PBL2\RoadEye\dataset_crack\final_dataset_v5\train\images\sewage_008870.jpg,train/images/sewage_008870.jpg,D:\Study Material\Sem VI\Projects\PBL2\RoadEye\dataset_crack\final_dataset_v5\train\labels\sewage_008870.txt,2,1
train,D:\Study Material\Sem VI\Projects\PBL2\RoadEye\dataset_crack\final_dataset_v5\train\images\sewage_008872.jpg,train/images/sewage_008872.jpg,D:\Study Material\Sem VI\Projects\PBL2\RoadEye\dataset_crack\final_dataset_v5\train\labels\sewage_008872.txt,1,0
train,D:\Study Material\Sem VI\Projects\PBL2\RoadEye\dataset_crack\final_dataset_v5\train\images\sewage_008882.jpg,train/images/sewage_008882.jpg,D:\Study Material\Sem VI\Projects\PBL2\RoadEye\dataset_crack\final_dataset_v5\train\labels\sewage_008882.txt,1,0
train,D:\Study Material\Sem VI\Projects\PBL2\RoadEye\dataset_crack\final_dataset_v5\train\images\sewage_008889.jpg,train/images/sewage_008889.jpg,D:\Study Material\Sem VI\Projects\PBL2\RoadEye\dataset_crack\final_dataset_v5\train\labels\sewage_008889.txt,3,0
train,D:\Study Material\Sem VI\Projects\PBL2\RoadEye\dataset_crack\final_dataset_v5\train\images\sewage_008890.jpg,train/images/sewage_008890.jpg,D:\Study Material\Sem VI\Projects\PBL2\RoadEye\dataset_crack\final_dataset_v5\train\labels\sewage_008890.txt,2,0
train,D:\Study Material\Sem VI\Projects\PBL2\RoadEye\dataset_crack\final_dataset_v5\train\images\sewage_008899.jpg,train/images/sewage_008899.jpg,D:\Study Material\Sem VI\Projects\PBL2\RoadEye\dataset_crack\final_dataset_v5\train\labels\sewage_008899.txt,2,0
train,D:\Study Material\Sem VI\Projects\PBL2\RoadEye\dataset_crack\final_dataset_v5\train\images\sewage_008904.jpg,train/images/sewage_008904.jpg,D:\Study Material\Sem VI\Projects\PBL2\RoadEye\dataset_crack\final_dataset_v5\train\labels\sewage_008904.txt,1,1
train,D:\Study Material\Sem VI\Projects\PBL2\RoadEye\dataset_crack\final_dataset_v5\train\images\sewage_008920.jpg,train/images/sewage_008920.jpg,D:\Study Material\Sem VI\Projects\PBL2\RoadEye\dataset_crack\final_dataset_v5\train\labels\sewage_008920.txt,1,1
train,D:\Study Material\Sem VI\Projects\PBL2\RoadEye\dataset_crack\final_dataset_v5\train\images\sewage_008937.jpg,train/images/sewage_008937.jpg,D:\Study Material\Sem VI\Projects\PBL2\RoadEye\dataset_crack\final_dataset_v5\train\labels\sewage_008937.txt,1,0
train,D:\Study Material\Sem VI\Projects\PBL2\RoadEye\dataset_crack\final_dataset_v5\train\images\sewage_008949.jpg,train/images/sewage_008949.jpg,D:\Study Material\Sem VI\Projects\PBL2\RoadEye\dataset_crack\final_dataset_v5\train\labels\sewage_008949.txt,2,2
train,D:\Study Material\Sem VI\Projects\PBL2\RoadEye\dataset_crack\final_dataset_v5\train\images\sewage_008953.jpg,train/images/sewage_008953.jpg,D:\Study Material\Sem VI\Projects\PBL2\RoadEye\dataset_crack\final_dataset_v5\train\labels\sewage_008953.txt,2,0
train,D:\Study Material\Sem VI\Projects\PBL2\RoadEye\dataset_crack\final_dataset_v5\train\images\sewage_008955.jpg,train/images/sewage_008955.jpg,D:\Study Material\Sem VI\Projects\PBL2\RoadEye\dataset_crack\final_dataset_v5\train\labels\sewage_008955.txt,1,0
train,D:\Study Material\Sem VI\Projects\PBL2\RoadEye\dataset_crack\final_dataset_v5\train\images\sewage_008975.jpg,train/images/sewage_008975.jpg,D:\Study Material\Sem VI\Projects\PBL2\RoadEye\dataset_crack\final_dataset_v5\train\labels\sewage_008975.txt,1,0
train,D:\Study Material\Sem VI\Projects\PBL2\RoadEye\dataset_crack\final_dataset_v5\train\images\sewage_009015.jpg,train/images/sewage_009015.jpg,D:\Study Material\Sem VI\Projects\PBL2\RoadEye\dataset_crack\final_dataset_v5\train\labels\sewage_009015.txt,2,1
train,D:\Study Material\Sem VI\Projects\PBL2\RoadEye\dataset_crack\final_dataset_v5\train\images\sewage_009026.jpg,train/images/sewage_009026.jpg,D:\Study Material\Sem VI\Projects\PBL2\RoadEye\dataset_crack\final_dataset_v5\train\labels\sewage_009026.txt,0,1
train,D:\Study Material\Sem VI\Projects\PBL2\RoadEye\dataset_crack\final_dataset_v5\train\images\sewage_009095.jpg,train/images/sewage_009095.jpg,D:\Study Material\Sem VI\Projects\PBL2\RoadEye\dataset_crack\final_dataset_v5\train\labels\sewage_009095.txt,3,1
train,D:\Study Material\Sem VI\Projects\PBL2\RoadEye\dataset_crack\final_dataset_v5\train\images\sewage_009106.jpg,train/images/sewage_009106.jpg,D:\Study Material\Sem VI\Projects\PBL2\RoadEye\dataset_crack\final_dataset_v5\train\labels\sewage_009106.txt,1,0
train,D:\Study Material\Sem VI\Projects\PBL2\RoadEye\dataset_crack\final_dataset_v5\train\images\sewage_009118.jpg,train/images/sewage_009118.jpg,D:\Study Material\Sem VI\Projects\PBL2\RoadEye\dataset_crack\final_dataset_v5\train\labels\sewage_009118.txt,0,2
train,D:\Study Material\Sem VI\Projects\PBL2\RoadEye\dataset_crack\final_dataset_v5\train\images\sewage_009121.jpg,train/images/sewage_009121.jpg,D:\Study Material\Sem VI\Projects\PBL2\RoadEye\dataset_crack\final_dataset_v5\train\labels\sewage_009121.txt,1,1
train,D:\Study Material\Sem VI\Projects\PBL2\RoadEye\dataset_crack\final_dataset_v5\train\images\sewage_009150.jpg,train/images/sewage_009150.jpg,D:\Study Material\Sem VI\Projects\PBL2\RoadEye\dataset_crack\final_dataset_v5\train\labels\sewage_009150.txt,1,1
train,D:\Study Material\Sem VI\Projects\PBL2\RoadEye\dataset_crack\final_dataset_v5\train\images\sewage_009181.jpg,train/images/sewage_009181.jpg,D:\Study Material\Sem VI\Projects\PBL2\RoadEye\dataset_crack\final_dataset_v5\train\labels\sewage_009181.txt,1,0
train,D:\Study Material\Sem VI\Projects\PBL2\RoadEye\dataset_crack\final_dataset_v5\train\images\sewage_009205.jpg,train/images/sewage_009205.jpg,D:\Study Material\Sem VI\Projects\PBL2\RoadEye\dataset_crack\final_dataset_v5\train\labels\sewage_009205.txt,1,0
train,D:\Study Material\Sem VI\Projects\PBL2\RoadEye\dataset_crack\final_dataset_v5\train\images\sewage_009209.jpg,train/images/sewage_009209.jpg,D:\Study Material\Sem VI\Projects\PBL2\RoadEye\dataset_crack\final_dataset_v5\train\labels\sewage_009209.txt,0,1
train,D:\Study Material\Sem VI\Projects\PBL2\RoadEye\dataset_crack\final_dataset_v5\train\images\sewage_009213.jpg,train/images/sewage_009213.jpg,D:\Study Material\Sem VI\Projects\PBL2\RoadEye\dataset_crack\final_dataset_v5\train\labels\sewage_009213.txt,1,0
train,D:\Study Material\Sem VI\Projects\PBL2\RoadEye\dataset_crack\final_dataset_v5\train\images\sewage_009230.jpg,train/images/sewage_009230.jpg,D:\Study Material\Sem VI\Projects\PBL2\RoadEye\dataset_crack\final_dataset_v5\train\labels\sewage_009230.txt,2,0
train,D:\Study Material\Sem VI\Projects\PBL2\RoadEye\dataset_crack\final_dataset_v5\train\images\sewage_009261.jpg,train/images/sewage_009261.jpg,D:\Study Material\Sem VI\Projects\PBL2\RoadEye\dataset_crack\final_dataset_v5\train\labels\sewage_009261.txt,3,2
train,D:\Study Material\Sem VI\Projects\PBL2\RoadEye\dataset_crack\final_dataset_v5\train\images\sewage_009278.jpg,train/images/sewage_009278.jpg,D:\Study Material\Sem VI\Projects\PBL2\RoadEye\dataset_crack\final_dataset_v5\train\labels\sewage_009278.txt,1,1
train,D:\Study Material\Sem VI\Projects\PBL2\RoadEye\dataset_crack\final_dataset_v5\train\images\sewage_009310.jpg,train/images/sewage_009310.jpg,D:\Study Material\Sem VI\Projects\PBL2\RoadEye\dataset_crack\final_dataset_v5\train\labels\sewage_009310.txt,0,2
train,D:\Study Material\Sem VI\Projects\PBL2\RoadEye\dataset_crack\final_dataset_v5\train\images\sewage_009320.jpg,train/images/sewage_009320.jpg,D:\Study Material\Sem VI\Projects\PBL2\RoadEye\dataset_crack\final_dataset_v5\train\labels\sewage_009320.txt,0,1
train,D:\Study Material\Sem VI\Projects\PBL2\RoadEye\dataset_crack\final_dataset_v5\train\images\sewage_009334.jpg,train/images/sewage_009334.jpg,D:\Study Material\Sem VI\Projects\PBL2\RoadEye\dataset_crack\final_dataset_v5\train\labels\sewage_009334.txt,1,1
train,D:\Study Material\Sem VI\Projects\PBL2\RoadEye\dataset_crack\final_dataset_v5\train\images\sewage_009345.jpg,train/images/sewage_009345.jpg,D:\Study Material\Sem VI\Projects\PBL2\RoadEye\dataset_crack\final_dataset_v5\train\labels\sewage_009345.txt,1,1
train,D:\Study Material\Sem VI\Projects\PBL2\RoadEye\dataset_crack\final_dataset_v5\train\images\sewage_009350.jpg,train/images/sewage_009350.jpg,D:\Study Material\Sem VI\Projects\PBL2\RoadEye\dataset_crack\final_dataset_v5\train\labels\sewage_009350.txt,2,3
train,D:\Study Material\Sem VI\Projects\PBL2\RoadEye\dataset_crack\final_dataset_v5\train\images\sewage_009354.jpg,train/images/sewage_009354.jpg,D:\Study Material\Sem VI\Projects\PBL2\RoadEye\dataset_crack\final_dataset_v5\train\labels\sewage_009354.txt,2,2
train,D:\Study Material\Sem VI\Projects\PBL2\RoadEye\dataset_crack\final_dataset_v5\train\images\sewage_009356.jpg,train/images/sewage_009356.jpg,D:\Study Material\Sem VI\Projects\PBL2\RoadEye\dataset_crack\final_dataset_v5\train\labels\sewage_009356.txt,2,0
train,D:\Study Material\Sem VI\Projects\PBL2\RoadEye\dataset_crack\final_dataset_v5\train\images\sewage_009367.jpg,train/images/sewage_009367.jpg,D:\Study Material\Sem VI\Projects\PBL2\RoadEye\dataset_crack\final_dataset_v5\train\labels\sewage_009367.txt,0,1
train,D:\Study Material\Sem VI\Projects\PBL2\RoadEye\dataset_crack\final_dataset_v5\train\images\sewage_009388.jpg,train/images/sewage_009388.jpg,D:\Study Material\Sem VI\Projects\PBL2\RoadEye\dataset_crack\final_dataset_v5\train\labels\sewage_009388.txt,1,0
train,D:\Study Material\Sem VI\Projects\PBL2\RoadEye\dataset_crack\final_dataset_v5\train\images\sewage_009442.jpg,train/images/sewage_009442.jpg,D:\Study Material\Sem VI\Projects\PBL2\RoadEye\dataset_crack\final_dataset_v5\train\labels\sewage_009442.txt,1,0
train,D:\Study Material\Sem VI\Projects\PBL2\RoadEye\dataset_crack\final_dataset_v5\train\images\sewage_009457.jpg,train/images/sewage_009457.jpg,D:\Study Material\Sem VI\Projects\PBL2\RoadEye\dataset_crack\final_dataset_v5\train\labels\sewage_009457.txt,1,0
train,D:\Study Material\Sem VI\Projects\PBL2\RoadEye\dataset_crack\final_dataset_v5\train\images\sewage_009466.jpg,train/images/sewage_009466.jpg,D:\Study Material\Sem VI\Projects\PBL2\RoadEye\dataset_crack\final_dataset_v5\train\labels\sewage_009466.txt,2,1
train,D:\Study Material\Sem VI\Projects\PBL2\RoadEye\dataset_crack\final_dataset_v5\train\images\sewage_009467.jpg,train/images/sewage_009467.jpg,D:\Study Material\Sem VI\Projects\PBL2\RoadEye\dataset_crack\final_dataset_v5\train\labels\sewage_009467.txt,7,3
train,D:\Study Material\Sem VI\Projects\PBL2\RoadEye\dataset_crack\final_dataset_v5\train\images\sewage_009566.jpg,train/images/sewage_009566.jpg,D:\Study Material\Sem VI\Projects\PBL2\RoadEye\dataset_crack\final_dataset_v5\train\labels\sewage_009566.txt,3,0
train,D:\Study Material\Sem VI\Projects\PBL2\RoadEye\dataset_crack\final_dataset_v5\train\images\sewage_009567.jpg,train/images/sewage_009567.jpg,D:\Study Material\Sem VI\Projects\PBL2\RoadEye\dataset_crack\final_dataset_v5\train\labels\sewage_009567.txt,1,0
train,D:\Study Material\Sem VI\Projects\PBL2\RoadEye\dataset_crack\final_dataset_v5\train\images\sewage_009579.jpg,train/images/sewage_009579.jpg,D:\Study Material\Sem VI\Projects\PBL2\RoadEye\dataset_crack\final_dataset_v5\train\labels\sewage_009579.txt,2,0
train,D:\Study Material\Sem VI\Projects\PBL2\RoadEye\dataset_crack\final_dataset_v5\train\images\sewage_009589.jpg,train/images/sewage_009589.jpg,D:\Study Material\Sem VI\Projects\PBL2\RoadEye\dataset_crack\final_dataset_v5\train\labels\sewage_009589.txt,1,0
train,D:\Study Material\Sem VI\Projects\PBL2\RoadEye\dataset_crack\final_dataset_v5\train\images\sewage_009590.jpg,train/images/sewage_009590.jpg,D:\Study Material\Sem VI\Projects\PBL2\RoadEye\dataset_crack\final_dataset_v5\train\labels\sewage_009590.txt,0,2
train,D:\Study Material\Sem VI\Projects\PBL2\RoadEye\dataset_crack\final_dataset_v5\train\images\sewage_009610.jpg,train/images/sewage_009610.jpg,D:\Study Material\Sem VI\Projects\PBL2\RoadEye\dataset_crack\final_dataset_v5\train\labels\sewage_009610.txt,2,1
train,D:\Study Material\Sem VI\Projects\PBL2\RoadEye\dataset_crack\final_dataset_v5\train\images\sewage_009623.jpg,train/images/sewage_009623.jpg,D:\Study Material\Sem VI\Projects\PBL2\RoadEye\dataset_crack\final_dataset_v5\train\labels\sewage_009623.txt,1,0
train,D:\Study Material\Sem VI\Projects\PBL2\RoadEye\dataset_crack\final_dataset_v5\train\images\sewage_009631.jpg,train/images/sewage_009631.jpg,D:\Study Material\Sem VI\Projects\PBL2\RoadEye\dataset_crack\final_dataset_v5\train\labels\sewage_009631.txt,1,1
train,D:\Study Material\Sem VI\Projects\PBL2\RoadEye\dataset_crack\final_dataset_v5\train\images\sewage_009652.jpg,train/images/sewage_009652.jpg,D:\Study Material\Sem VI\Projects\PBL2\RoadEye\dataset_crack\final_dataset_v5\train\labels\sewage_009652.txt,1,0
train,D:\Study Material\Sem VI\Projects\PBL2\RoadEye\dataset_crack\final_dataset_v5\train\images\sewage_009661.jpg,train/images/sewage_009661.jpg,D:\Study Material\Sem VI\Projects\PBL2\RoadEye\dataset_crack\final_dataset_v5\train\labels\sewage_009661.txt,1,0
train,D:\Study Material\Sem VI\Projects\PBL2\RoadEye\dataset_crack\final_dataset_v5\train\images\sewage_009678.jpg,train/images/sewage_009678.jpg,D:\Study Material\Sem VI\Projects\PBL2\RoadEye\dataset_crack\final_dataset_v5\train\labels\sewage_009678.txt,1,0
train,D:\Study Material\Sem VI\Projects\PBL2\RoadEye\dataset_crack\final_dataset_v5\train\images\sewage_009704.jpg,train/images/sewage_009704.jpg,D:\Study Material\Sem VI\Projects\PBL2\RoadEye\dataset_crack\final_dataset_v5\train\labels\sewage_009704.txt,2,2
train,D:\Study Material\Sem VI\Projects\PBL2\RoadEye\dataset_crack\final_dataset_v5\train\images\sewage_009709.jpg,train/images/sewage_009709.jpg,D:\Study Material\Sem VI\Projects\PBL2\RoadEye\dataset_crack\final_dataset_v5\train\labels\sewage_009709.txt,6,0
train,D:\Study Material\Sem VI\Projects\PBL2\RoadEye\dataset_crack\final_dataset_v5\train\images\sewage_009729.jpg,train/images/sewage_009729.jpg,D:\Study Material\Sem VI\Projects\PBL2\RoadEye\dataset_crack\final_dataset_v5\train\labels\sewage_009729.txt,2,4
train,D:\Study Material\Sem VI\Projects\PBL2\RoadEye\dataset_crack\final_dataset_v5\train\images\sewage_009732.jpg,train/images/sewage_009732.jpg,D:\Study Material\Sem VI\Projects\PBL2\RoadEye\dataset_crack\final_dataset_v5\train\labels\sewage_009732.txt,0,1
train,D:\Study Material\Sem VI\Projects\PBL2\RoadEye\dataset_crack\final_dataset_v5\train\images\sewage_009754.jpg,train/images/sewage_009754.jpg,D:\Study Material\Sem VI\Projects\PBL2\RoadEye\dataset_crack\final_dataset_v5\train\labels\sewage_009754.txt,2,1
train,D:\Study Material\Sem VI\Projects\PBL2\RoadEye\dataset_crack\final_dataset_v5\train\images\sewage_009788.jpg,train/images/sewage_009788.jpg,D:\Study Material\Sem VI\Projects\PBL2\RoadEye\dataset_crack\final_dataset_v5\train\labels\sewage_009788.txt,2,0
train,D:\Study Material\Sem VI\Projects\PBL2\RoadEye\dataset_crack\final_dataset_v5\train\images\sewage_009794.jpg,train/images/sewage_009794.jpg,D:\Study Material\Sem VI\Projects\PBL2\RoadEye\dataset_crack\final_dataset_v5\train\labels\sewage_009794.txt,1,1
train,D:\Study Material\Sem VI\Projects\PBL2\RoadEye\dataset_crack\final_dataset_v5\train\images\sewage_009810.jpg,train/images/sewage_009810.jpg,D:\Study Material\Sem VI\Projects\PBL2\RoadEye\dataset_crack\final_dataset_v5\train\labels\sewage_009810.txt,1,0
train,D:\Study Material\Sem VI\Projects\PBL2\RoadEye\dataset_crack\final_dataset_v5\train\images\sewage_009821.jpg,train/images/sewage_009821.jpg,D:\Study Material\Sem VI\Projects\PBL2\RoadEye\dataset_crack\final_dataset_v5\train\labels\sewage_009821.txt,0,1
train,D:\Study Material\Sem VI\Projects\PBL2\RoadEye\dataset_crack\final_dataset_v5\train\images\sewage_009837.jpg,train/images/sewage_009837.jpg,D:\Study Material\Sem VI\Projects\PBL2\RoadEye\dataset_crack\final_dataset_v5\train\labels\sewage_009837.txt,1,0
train,D:\Study Material\Sem VI\Projects\PBL2\RoadEye\dataset_crack\final_dataset_v5\train\images\sewage_009847.jpg,train/images/sewage_009847.jpg,D:\Study Material\Sem VI\Projects\PBL2\RoadEye\dataset_crack\final_dataset_v5\train\labels\sewage_009847.txt,1,0
train,D:\Study Material\Sem VI\Projects\PBL2\RoadEye\dataset_crack\final_dataset_v5\train\images\sewage_009879.jpg,train/images/sewage_009879.jpg,D:\Study Material\Sem VI\Projects\PBL2\RoadEye\dataset_crack\final_dataset_v5\train\labels\sewage_009879.txt,0,1
train,D:\Study Material\Sem VI\Projects\PBL2\RoadEye\dataset_crack\final_dataset_v5\train\images\sewage_009882.jpg,train/images/sewage_009882.jpg,D:\Study Material\Sem VI\Projects\PBL2\RoadEye\dataset_crack\final_dataset_v5\train\labels\sewage_009882.txt,1,0
train,D:\Study Material\Sem VI\Projects\PBL2\RoadEye\dataset_crack\final_dataset_v5\train\images\sewage_009924.jpg,train/images/sewage_009924.jpg,D:\Study Material\Sem VI\Projects\PBL2\RoadEye\dataset_crack\final_dataset_v5\train\labels\sewage_009924.txt,1,2
train,D:\Study Material\Sem VI\Projects\PBL2\RoadEye\dataset_crack\final_dataset_v5\train\images\sewage_009950.jpg,train/images/sewage_009950.jpg,D:\Study Material\Sem VI\Projects\PBL2\RoadEye\dataset_crack\final_dataset_v5\train\labels\sewage_009950.txt,2,0
train,D:\Study Material\Sem VI\Projects\PBL2\RoadEye\dataset_crack\final_dataset_v5\train\images\sewage_009954.jpg,train/images/sewage_009954.jpg,D:\Study Material\Sem VI\Projects\PBL2\RoadEye\dataset_crack\final_dataset_v5\train\labels\sewage_009954.txt,0,1
train,D:\Study Material\Sem VI\Projects\PBL2\RoadEye\dataset_crack\final_dataset_v5\train\images\sewage_009956.jpg,train/images/sewage_009956.jpg,D:\Study Material\Sem VI\Projects\PBL2\RoadEye\dataset_crack\final_dataset_v5\train\labels\sewage_009956.txt,0,1
train,D:\Study Material\Sem VI\Projects\PBL2\RoadEye\dataset_crack\final_dataset_v5\train\images\sewage_009968.jpg,train/images/sewage_009968.jpg,D:\Study Material\Sem VI\Projects\PBL2\RoadEye\dataset_crack\final_dataset_v5\train\labels\sewage_009968.txt,2,1
train,D:\Study Material\Sem VI\Projects\PBL2\RoadEye\dataset_crack\final_dataset_v5\train\images\sewage_009986.jpg,train/images/sewage_009986.jpg,D:\Study Material\Sem VI\Projects\PBL2\RoadEye\dataset_crack\final_dataset_v5\train\labels\sewage_009986.txt,2,0
train,D:\Study Material\Sem VI\Projects\PBL2\RoadEye\dataset_crack\final_dataset_v5\train\images\sewage_009987.jpg,train/images/sewage_009987.jpg,D:\Study Material\Sem VI\Projects\PBL2\RoadEye\dataset_crack\final_dataset_v5\train\labels\sewage_009987.txt,1,0
train,D:\Study Material\Sem VI\Projects\PBL2\RoadEye\dataset_crack\final_dataset_v5\train\images\sewage_010006.jpg,train/images/sewage_010006.jpg,D:\Study Material\Sem VI\Projects\PBL2\RoadEye\dataset_crack\final_dataset_v5\train\labels\sewage_010006.txt,2,0
train,D:\Study Material\Sem VI\Projects\PBL2\RoadEye\dataset_crack\final_dataset_v5\train\images\sewage_010030.jpg,train/images/sewage_010030.jpg,D:\Study Material\Sem VI\Projects\PBL2\RoadEye\dataset_crack\final_dataset_v5\train\labels\sewage_010030.txt,1,1
train,D:\Study Material\Sem VI\Projects\PBL2\RoadEye\dataset_crack\final_dataset_v5\train\images\sewage_010037.jpg,train/images/sewage_010037.jpg,D:\Study Material\Sem VI\Projects\PBL2\RoadEye\dataset_crack\final_dataset_v5\train\labels\sewage_010037.txt,1,0
train,D:\Study Material\Sem VI\Projects\PBL2\RoadEye\dataset_crack\final_dataset_v5\train\images\sewage_010043.jpg,train/images/sewage_010043.jpg,D:\Study Material\Sem VI\Projects\PBL2\RoadEye\dataset_crack\final_dataset_v5\train\labels\sewage_010043.txt,2,0
train,D:\Study Material\Sem VI\Projects\PBL2\RoadEye\dataset_crack\final_dataset_v5\train\images\sewage_010044.jpg,train/images/sewage_010044.jpg,D:\Study Material\Sem VI\Projects\PBL2\RoadEye\dataset_crack\final_dataset_v5\train\labels\sewage_010044.txt,1,1
train,D:\Study Material\Sem VI\Projects\PBL2\RoadEye\dataset_crack\final_dataset_v5\train\images\sewage_010045.jpg,train/images/sewage_010045.jpg,D:\Study Material\Sem VI\Projects\PBL2\RoadEye\dataset_crack\final_dataset_v5\train\labels\sewage_010045.txt,1,1
train,D:\Study Material\Sem VI\Projects\PBL2\RoadEye\dataset_crack\final_dataset_v5\train\images\sewage_010082.jpg,train/images/sewage_010082.jpg,D:\Study Material\Sem VI\Projects\PBL2\RoadEye\dataset_crack\final_dataset_v5\train\labels\sewage_010082.txt,4,2
train,D:\Study Material\Sem VI\Projects\PBL2\RoadEye\dataset_crack\final_dataset_v5\train\images\sewage_010084.jpg,train/images/sewage_010084.jpg,D:\Study Material\Sem VI\Projects\PBL2\RoadEye\dataset_crack\final_dataset_v5\train\labels\sewage_010084.txt,0,1
train,D:\Study Material\Sem VI\Projects\PBL2\RoadEye\dataset_crack\final_dataset_v5\train\images\sewage_010086.jpg,train/images/sewage_010086.jpg,D:\Study Material\Sem VI\Projects\PBL2\RoadEye\dataset_crack\final_dataset_v5\train\labels\sewage_010086.txt,1,1
train,D:\Study Material\Sem VI\Projects\PBL2\RoadEye\dataset_crack\final_dataset_v5\train\images\sewage_010095.jpg,train/images/sewage_010095.jpg,D:\Study Material\Sem VI\Projects\PBL2\RoadEye\dataset_crack\final_dataset_v5\train\labels\sewage_010095.txt,0,1
train,D:\Study Material\Sem VI\Projects\PBL2\RoadEye\dataset_crack\final_dataset_v5\train\images\sewage_010120.jpg,train/images/sewage_010120.jpg,D:\Study Material\Sem VI\Projects\PBL2\RoadEye\dataset_crack\final_dataset_v5\train\labels\sewage_010120.txt,1,0
train,D:\Study Material\Sem VI\Projects\PBL2\RoadEye\dataset_crack\final_dataset_v5\train\images\sewage_010126.jpg,train/images/sewage_010126.jpg,D:\Study Material\Sem VI\Projects\PBL2\RoadEye\dataset_crack\final_dataset_v5\train\labels\sewage_010126.txt,1,0
train,D:\Study Material\Sem VI\Projects\PBL2\RoadEye\dataset_crack\final_dataset_v5\train\images\sewage_010128.jpg,train/images/sewage_010128.jpg,D:\Study Material\Sem VI\Projects\PBL2\RoadEye\dataset_crack\final_dataset_v5\train\labels\sewage_010128.txt,3,0
train,D:\Study Material\Sem VI\Projects\PBL2\RoadEye\dataset_crack\final_dataset_v5\train\images\sewage_010139.jpg,train/images/sewage_010139.jpg,D:\Study Material\Sem VI\Projects\PBL2\RoadEye\dataset_crack\final_dataset_v5\train\labels\sewage_010139.txt,1,0
train,D:\Study Material\Sem VI\Projects\PBL2\RoadEye\dataset_crack\final_dataset_v5\train\images\sewage_010173.jpg,train/images/sewage_010173.jpg,D:\Study Material\Sem VI\Projects\PBL2\RoadEye\dataset_crack\final_dataset_v5\train\labels\sewage_010173.txt,1,1
train,D:\Study Material\Sem VI\Projects\PBL2\RoadEye\dataset_crack\final_dataset_v5\train\images\sewage_010182.jpg,train/images/sewage_010182.jpg,D:\Study Material\Sem VI\Projects\PBL2\RoadEye\dataset_crack\final_dataset_v5\train\labels\sewage_010182.txt,2,1
train,D:\Study Material\Sem VI\Projects\PBL2\RoadEye\dataset_crack\final_dataset_v5\train\images\sewage_010183.jpg,train/images/sewage_010183.jpg,D:\Study Material\Sem VI\Projects\PBL2\RoadEye\dataset_crack\final_dataset_v5\train\labels\sewage_010183.txt,0,1
train,D:\Study Material\Sem VI\Projects\PBL2\RoadEye\dataset_crack\final_dataset_v5\train\images\sewage_010185.jpg,train/images/sewage_010185.jpg,D:\Study Material\Sem VI\Projects\PBL2\RoadEye\dataset_crack\final_dataset_v5\train\labels\sewage_010185.txt,1,0
train,D:\Study Material\Sem VI\Projects\PBL2\RoadEye\dataset_crack\final_dataset_v5\train\images\sewage_010225.jpg,train/images/sewage_010225.jpg,D:\Study Material\Sem VI\Projects\PBL2\RoadEye\dataset_crack\final_dataset_v5\train\labels\sewage_010225.txt,1,0
train,D:\Study Material\Sem VI\Projects\PBL2\RoadEye\dataset_crack\final_dataset_v5\train\images\sewage_010232.jpg,train/images/sewage_010232.jpg,D:\Study Material\Sem VI\Projects\PBL2\RoadEye\dataset_crack\final_dataset_v5\train\labels\sewage_010232.txt,0,1
train,D:\Study Material\Sem VI\Projects\PBL2\RoadEye\dataset_crack\final_dataset_v5\train\images\sewage_010255.jpg,train/images/sewage_010255.jpg,D:\Study Material\Sem VI\Projects\PBL2\RoadEye\dataset_crack\final_dataset_v5\train\labels\sewage_010255.txt,3,0
train,D:\Study Material\Sem VI\Projects\PBL2\RoadEye\dataset_crack\final_dataset_v5\train\images\sewage_010282.jpg,train/images/sewage_010282.jpg,D:\Study Material\Sem VI\Projects\PBL2\RoadEye\dataset_crack\final_dataset_v5\train\labels\sewage_010282.txt,1,0
train,D:\Study Material\Sem VI\Projects\PBL2\RoadEye\dataset_crack\final_dataset_v5\train\images\sewage_010289.jpg,train/images/sewage_010289.jpg,D:\Study Material\Sem VI\Projects\PBL2\RoadEye\dataset_crack\final_dataset_v5\train\labels\sewage_010289.txt,1,0
train,D:\Study Material\Sem VI\Projects\PBL2\RoadEye\dataset_crack\final_dataset_v5\train\images\sewage_010291.jpg,train/images/sewage_010291.jpg,D:\Study Material\Sem VI\Projects\PBL2\RoadEye\dataset_crack\final_dataset_v5\train\labels\sewage_010291.txt,1,2
train,D:\Study Material\Sem VI\Projects\PBL2\RoadEye\dataset_crack\final_dataset_v5\train\images\sewage_010297.jpg,train/images/sewage_010297.jpg,D:\Study Material\Sem VI\Projects\PBL2\RoadEye\dataset_crack\final_dataset_v5\train\labels\sewage_010297.txt,1,0
train,D:\Study Material\Sem VI\Projects\PBL2\RoadEye\dataset_crack\final_dataset_v5\train\images\sewage_010318.jpg,train/images/sewage_010318.jpg,D:\Study Material\Sem VI\Projects\PBL2\RoadEye\dataset_crack\final_dataset_v5\train\labels\sewage_010318.txt,0,1
train,D:\Study Material\Sem VI\Projects\PBL2\RoadEye\dataset_crack\final_dataset_v5\train\images\sewage_010326.jpg,train/images/sewage_010326.jpg,D:\Study Material\Sem VI\Projects\PBL2\RoadEye\dataset_crack\final_dataset_v5\train\labels\sewage_010326.txt,2,0
train,D:\Study Material\Sem VI\Projects\PBL2\RoadEye\dataset_crack\final_dataset_v5\train\images\sewage_010356.jpg,train/images/sewage_010356.jpg,D:\Study Material\Sem VI\Projects\PBL2\RoadEye\dataset_crack\final_dataset_v5\train\labels\sewage_010356.txt,2,2
train,D:\Study Material\Sem VI\Projects\PBL2\RoadEye\dataset_crack\final_dataset_v5\train\images\sewage_010410.jpg,train/images/sewage_010410.jpg,D:\Study Material\Sem VI\Projects\PBL2\RoadEye\dataset_crack\final_dataset_v5\train\labels\sewage_010410.txt,0,1
train,D:\Study Material\Sem VI\Projects\PBL2\RoadEye\dataset_crack\final_dataset_v5\train\images\sewage_010442.jpg,train/images/sewage_010442.jpg,D:\Study Material\Sem VI\Projects\PBL2\RoadEye\dataset_crack\final_dataset_v5\train\labels\sewage_010442.txt,1,1
train,D:\Study Material\Sem VI\Projects\PBL2\RoadEye\dataset_crack\final_dataset_v5\train\images\sewage_010463.jpg,train/images/sewage_010463.jpg,D:\Study Material\Sem VI\Projects\PBL2\RoadEye\dataset_crack\final_dataset_v5\train\labels\sewage_010463.txt,0,1
train,D:\Study Material\Sem VI\Projects\PBL2\RoadEye\dataset_crack\final_dataset_v5\train\images\sewage_010476.jpg,train/images/sewage_010476.jpg,D:\Study Material\Sem VI\Projects\PBL2\RoadEye\dataset_crack\final_dataset_v5\train\labels\sewage_010476.txt,1,0
train,D:\Study Material\Sem VI\Projects\PBL2\RoadEye\dataset_crack\final_dataset_v5\train\images\sewage_010491.jpg,train/images/sewage_010491.jpg,D:\Study Material\Sem VI\Projects\PBL2\RoadEye\dataset_crack\final_dataset_v5\train\labels\sewage_010491.txt,0,1
train,D:\Study Material\Sem VI\Projects\PBL2\RoadEye\dataset_crack\final_dataset_v5\train\images\sewage_010527.jpg,train/images/sewage_010527.jpg,D:\Study Material\Sem VI\Projects\PBL2\RoadEye\dataset_crack\final_dataset_v5\train\labels\sewage_010527.txt,1,0
train,D:\Study Material\Sem VI\Projects\PBL2\RoadEye\dataset_crack\final_dataset_v5\train\images\sewage_010541.jpg,train/images/sewage_010541.jpg,D:\Study Material\Sem VI\Projects\PBL2\RoadEye\dataset_crack\final_dataset_v5\train\labels\sewage_010541.txt,1,0
train,D:\Study Material\Sem VI\Projects\PBL2\RoadEye\dataset_crack\final_dataset_v5\train\images\sewage_010570.jpg,train/images/sewage_010570.jpg,D:\Study Material\Sem VI\Projects\PBL2\RoadEye\dataset_crack\final_dataset_v5\train\labels\sewage_010570.txt,1,0
train,D:\Study Material\Sem VI\Projects\PBL2\RoadEye\dataset_crack\final_dataset_v5\train\images\sewage_010572.jpg,train/images/sewage_010572.jpg,D:\Study Material\Sem VI\Projects\PBL2\RoadEye\dataset_crack\final_dataset_v5\train\labels\sewage_010572.txt,1,0
train,D:\Study Material\Sem VI\Projects\PBL2\RoadEye\dataset_crack\final_dataset_v5\train\images\sewage_010575.jpg,train/images/sewage_010575.jpg,D:\Study Material\Sem VI\Projects\PBL2\RoadEye\dataset_crack\final_dataset_v5\train\labels\sewage_010575.txt,1,0
train,D:\Study Material\Sem VI\Projects\PBL2\RoadEye\dataset_crack\final_dataset_v5\train\images\sewage_010587.jpg,train/images/sewage_010587.jpg,D:\Study Material\Sem VI\Projects\PBL2\RoadEye\dataset_crack\final_dataset_v5\train\labels\sewage_010587.txt,1,0
train,D:\Study Material\Sem VI\Projects\PBL2\RoadEye\dataset_crack\final_dataset_v5\train\images\sewage_010589.jpg,train/images/sewage_010589.jpg,D:\Study Material\Sem VI\Projects\PBL2\RoadEye\dataset_crack\final_dataset_v5\train\labels\sewage_010589.txt,2,0
train,D:\Study Material\Sem VI\Projects\PBL2\RoadEye\dataset_crack\final_dataset_v5\train\images\sewage_010590.jpg,train/images/sewage_010590.jpg,D:\Study Material\Sem VI\Projects\PBL2\RoadEye\dataset_crack\final_dataset_v5\train\labels\sewage_010590.txt,2,0
train,D:\Study Material\Sem VI\Projects\PBL2\RoadEye\dataset_crack\final_dataset_v5\train\images\sewage_010648.jpg,train/images/sewage_010648.jpg,D:\Study Material\Sem VI\Projects\PBL2\RoadEye\dataset_crack\final_dataset_v5\train\labels\sewage_010648.txt,1,0
train,D:\Study Material\Sem VI\Projects\PBL2\RoadEye\dataset_crack\final_dataset_v5\train\images\sewage_010664.jpg,train/images/sewage_010664.jpg,D:\Study Material\Sem VI\Projects\PBL2\RoadEye\dataset_crack\final_dataset_v5\train\labels\sewage_010664.txt,0,2
train,D:\Study Material\Sem VI\Projects\PBL2\RoadEye\dataset_crack\final_dataset_v5\train\images\sewage_010681.jpg,train/images/sewage_010681.jpg,D:\Study Material\Sem VI\Projects\PBL2\RoadEye\dataset_crack\final_dataset_v5\train\labels\sewage_010681.txt,2,0
train,D:\Study Material\Sem VI\Projects\PBL2\RoadEye\dataset_crack\final_dataset_v5\train\images\sewage_010684.jpg,train/images/sewage_010684.jpg,D:\Study Material\Sem VI\Projects\PBL2\RoadEye\dataset_crack\final_dataset_v5\train\labels\sewage_010684.txt,2,0
train,D:\Study Material\Sem VI\Projects\PBL2\RoadEye\dataset_crack\final_dataset_v5\train\images\sewage_010687.jpg,train/images/sewage_010687.jpg,D:\Study Material\Sem VI\Projects\PBL2\RoadEye\dataset_crack\final_dataset_v5\train\labels\sewage_010687.txt,1,0
train,D:\Study Material\Sem VI\Projects\PBL2\RoadEye\dataset_crack\final_dataset_v5\train\images\sewage_010727.jpg,train/images/sewage_010727.jpg,D:\Study Material\Sem VI\Projects\PBL2\RoadEye\dataset_crack\final_dataset_v5\train\labels\sewage_010727.txt,1,0
train,D:\Study Material\Sem VI\Projects\PBL2\RoadEye\dataset_crack\final_dataset_v5\train\images\sewage_010743.jpg,train/images/sewage_010743.jpg,D:\Study Material\Sem VI\Projects\PBL2\RoadEye\dataset_crack\final_dataset_v5\train\labels\sewage_010743.txt,2,0
train,D:\Study Material\Sem VI\Projects\PBL2\RoadEye\dataset_crack\final_dataset_v5\train\images\sewage_010744.jpg,train/images/sewage_010744.jpg,D:\Study Material\Sem VI\Projects\PBL2\RoadEye\dataset_crack\final_dataset_v5\train\labels\sewage_010744.txt,1,1
train,D:\Study Material\Sem VI\Projects\PBL2\RoadEye\dataset_crack\final_dataset_v5\train\images\sewage_010766.jpg,train/images/sewage_010766.jpg,D:\Study Material\Sem VI\Projects\PBL2\RoadEye\dataset_crack\final_dataset_v5\train\labels\sewage_010766.txt,1,1
train,D:\Study Material\Sem VI\Projects\PBL2\RoadEye\dataset_crack\final_dataset_v5\train\images\sewage_010785.jpg,train/images/sewage_010785.jpg,D:\Study Material\Sem VI\Projects\PBL2\RoadEye\dataset_crack\final_dataset_v5\train\labels\sewage_010785.txt,2,1
train,D:\Study Material\Sem VI\Projects\PBL2\RoadEye\dataset_crack\final_dataset_v5\train\images\sewage_010801.jpg,train/images/sewage_010801.jpg,D:\Study Material\Sem VI\Projects\PBL2\RoadEye\dataset_crack\final_dataset_v5\train\labels\sewage_010801.txt,1,0
train,D:\Study Material\Sem VI\Projects\PBL2\RoadEye\dataset_crack\final_dataset_v5\train\images\sewage_010806.jpg,train/images/sewage_010806.jpg,D:\Study Material\Sem VI\Projects\PBL2\RoadEye\dataset_crack\final_dataset_v5\train\labels\sewage_010806.txt,0,1
train,D:\Study Material\Sem VI\Projects\PBL2\RoadEye\dataset_crack\final_dataset_v5\train\images\sewage_010822.jpg,train/images/sewage_010822.jpg,D:\Study Material\Sem VI\Projects\PBL2\RoadEye\dataset_crack\final_dataset_v5\train\labels\sewage_010822.txt,1,1
train,D:\Study Material\Sem VI\Projects\PBL2\RoadEye\dataset_crack\final_dataset_v5\train\images\sewage_010860.jpg,train/images/sewage_010860.jpg,D:\Study Material\Sem VI\Projects\PBL2\RoadEye\dataset_crack\final_dataset_v5\train\labels\sewage_010860.txt,2,2
train,D:\Study Material\Sem VI\Projects\PBL2\RoadEye\dataset_crack\final_dataset_v5\train\images\sewage_010893.jpg,train/images/sewage_010893.jpg,D:\Study Material\Sem VI\Projects\PBL2\RoadEye\dataset_crack\final_dataset_v5\train\labels\sewage_010893.txt,1,1
train,D:\Study Material\Sem VI\Projects\PBL2\RoadEye\dataset_crack\final_dataset_v5\train\images\sewage_010896.jpg,train/images/sewage_010896.jpg,D:\Study Material\Sem VI\Projects\PBL2\RoadEye\dataset_crack\final_dataset_v5\train\labels\sewage_010896.txt,0,1
train,D:\Study Material\Sem VI\Projects\PBL2\RoadEye\dataset_crack\final_dataset_v5\train\images\sewage_010897.jpg,train/images/sewage_010897.jpg,D:\Study Material\Sem VI\Projects\PBL2\RoadEye\dataset_crack\final_dataset_v5\train\labels\sewage_010897.txt,4,2
train,D:\Study Material\Sem VI\Projects\PBL2\RoadEye\dataset_crack\final_dataset_v5\train\images\sewage_010931.jpg,train/images/sewage_010931.jpg,D:\Study Material\Sem VI\Projects\PBL2\RoadEye\dataset_crack\final_dataset_v5\train\labels\sewage_010931.txt,2,1
train,D:\Study Material\Sem VI\Projects\PBL2\RoadEye\dataset_crack\final_dataset_v5\train\images\sewage_010936.jpg,train/images/sewage_010936.jpg,D:\Study Material\Sem VI\Projects\PBL2\RoadEye\dataset_crack\final_dataset_v5\train\labels\sewage_010936.txt,2,0
train,D:\Study Material\Sem VI\Projects\PBL2\RoadEye\dataset_crack\final_dataset_v5\train\images\sewage_010955.jpg,train/images/sewage_010955.jpg,D:\Study Material\Sem VI\Projects\PBL2\RoadEye\dataset_crack\final_dataset_v5\train\labels\sewage_010955.txt,1,0
train,D:\Study Material\Sem VI\Projects\PBL2\RoadEye\dataset_crack\final_dataset_v5\train\images\sewage_010959.jpg,train/images/sewage_010959.jpg,D:\Study Material\Sem VI\Projects\PBL2\RoadEye\dataset_crack\final_dataset_v5\train\labels\sewage_010959.txt,1,0
train,D:\Study Material\Sem VI\Projects\PBL2\RoadEye\dataset_crack\final_dataset_v5\train\images\sewage_010992.jpg,train/images/sewage_010992.jpg,D:\Study Material\Sem VI\Projects\PBL2\RoadEye\dataset_crack\final_dataset_v5\train\labels\sewage_010992.txt,0,1
train,D:\Study Material\Sem VI\Projects\PBL2\RoadEye\dataset_crack\final_dataset_v5\train\images\sewage_011030.jpg,train/images/sewage_011030.jpg,D:\Study Material\Sem VI\Projects\PBL2\RoadEye\dataset_crack\final_dataset_v5\train\labels\sewage_011030.txt,2,4
train,D:\Study Material\Sem VI\Projects\PBL2\RoadEye\dataset_crack\final_dataset_v5\train\images\sewage_011036.jpg,train/images/sewage_011036.jpg,D:\Study Material\Sem VI\Projects\PBL2\RoadEye\dataset_crack\final_dataset_v5\train\labels\sewage_011036.txt,2,0
train,D:\Study Material\Sem VI\Projects\PBL2\RoadEye\dataset_crack\final_dataset_v5\train\images\sewage_011049.jpg,train/images/sewage_011049.jpg,D:\Study Material\Sem VI\Projects\PBL2\RoadEye\dataset_crack\final_dataset_v5\train\labels\sewage_011049.txt,1,1
train,D:\Study Material\Sem VI\Projects\PBL2\RoadEye\dataset_crack\final_dataset_v5\train\images\sewage_011098.jpg,train/images/sewage_011098.jpg,D:\Study Material\Sem VI\Projects\PBL2\RoadEye\dataset_crack\final_dataset_v5\train\labels\sewage_011098.txt,4,0
train,D:\Study Material\Sem VI\Projects\PBL2\RoadEye\dataset_crack\final_dataset_v5\train\images\sewage_011129.jpg,train/images/sewage_011129.jpg,D:\Study Material\Sem VI\Projects\PBL2\RoadEye\dataset_crack\final_dataset_v5\train\labels\sewage_011129.txt,0,1
train,D:\Study Material\Sem VI\Projects\PBL2\RoadEye\dataset_crack\final_dataset_v5\train\images\sewage_011157.jpg,train/images/sewage_011157.jpg,D:\Study Material\Sem VI\Projects\PBL2\RoadEye\dataset_crack\final_dataset_v5\train\labels\sewage_011157.txt,0,1
train,D:\Study Material\Sem VI\Projects\PBL2\RoadEye\dataset_crack\final_dataset_v5\train\images\sewage_011162.jpg,train/images/sewage_011162.jpg,D:\Study Material\Sem VI\Projects\PBL2\RoadEye\dataset_crack\final_dataset_v5\train\labels\sewage_011162.txt,1,0
train,D:\Study Material\Sem VI\Projects\PBL2\RoadEye\dataset_crack\final_dataset_v5\train\images\sewage_011175.jpg,train/images/sewage_011175.jpg,D:\Study Material\Sem VI\Projects\PBL2\RoadEye\dataset_crack\final_dataset_v5\train\labels\sewage_011175.txt,1,0
train,D:\Study Material\Sem VI\Projects\PBL2\RoadEye\dataset_crack\final_dataset_v5\train\images\sewage_011182.jpg,train/images/sewage_011182.jpg,D:\Study Material\Sem VI\Projects\PBL2\RoadEye\dataset_crack\final_dataset_v5\train\labels\sewage_011182.txt,1,1
train,D:\Study Material\Sem VI\Projects\PBL2\RoadEye\dataset_crack\final_dataset_v5\train\images\sewage_011183.jpg,train/images/sewage_011183.jpg,D:\Study Material\Sem VI\Projects\PBL2\RoadEye\dataset_crack\final_dataset_v5\train\labels\sewage_011183.txt,0,1
train,D:\Study Material\Sem VI\Projects\PBL2\RoadEye\dataset_crack\final_dataset_v5\train\images\sewage_011184.jpg,train/images/sewage_011184.jpg,D:\Study Material\Sem VI\Projects\PBL2\RoadEye\dataset_crack\final_dataset_v5\train\labels\sewage_011184.txt,2,0
train,D:\Study Material\Sem VI\Projects\PBL2\RoadEye\dataset_crack\final_dataset_v5\train\images\sewage_011190.jpg,train/images/sewage_011190.jpg,D:\Study Material\Sem VI\Projects\PBL2\RoadEye\dataset_crack\final_dataset_v5\train\labels\sewage_011190.txt,1,1
train,D:\Study Material\Sem VI\Projects\PBL2\RoadEye\dataset_crack\final_dataset_v5\train\images\sewage_011235.jpg,train/images/sewage_011235.jpg,D:\Study Material\Sem VI\Projects\PBL2\RoadEye\dataset_crack\final_dataset_v5\train\labels\sewage_011235.txt,1,1
train,D:\Study Material\Sem VI\Projects\PBL2\RoadEye\dataset_crack\final_dataset_v5\train\images\sewage_011252.jpg,train/images/sewage_011252.jpg,D:\Study Material\Sem VI\Projects\PBL2\RoadEye\dataset_crack\final_dataset_v5\train\labels\sewage_011252.txt,2,1
train,D:\Study Material\Sem VI\Projects\PBL2\RoadEye\dataset_crack\final_dataset_v5\train\images\sewage_011273.jpg,train/images/sewage_011273.jpg,D:\Study Material\Sem VI\Projects\PBL2\RoadEye\dataset_crack\final_dataset_v5\train\labels\sewage_011273.txt,1,1
train,D:\Study Material\Sem VI\Projects\PBL2\RoadEye\dataset_crack\final_dataset_v5\train\images\sewage_011316.jpg,train/images/sewage_011316.jpg,D:\Study Material\Sem VI\Projects\PBL2\RoadEye\dataset_crack\final_dataset_v5\train\labels\sewage_011316.txt,0,1
train,D:\Study Material\Sem VI\Projects\PBL2\RoadEye\dataset_crack\final_dataset_v5\train\images\sewage_011348.jpg,train/images/sewage_011348.jpg,D:\Study Material\Sem VI\Projects\PBL2\RoadEye\dataset_crack\final_dataset_v5\train\labels\sewage_011348.txt,1,0
train,D:\Study Material\Sem VI\Projects\PBL2\RoadEye\dataset_crack\final_dataset_v5\train\images\sewage_011397.jpg,train/images/sewage_011397.jpg,D:\Study Material\Sem VI\Projects\PBL2\RoadEye\dataset_crack\final_dataset_v5\train\labels\sewage_011397.txt,4,4
train,D:\Study Material\Sem VI\Projects\PBL2\RoadEye\dataset_crack\final_dataset_v5\train\images\sewage_011427.jpg,train/images/sewage_011427.jpg,D:\Study Material\Sem VI\Projects\PBL2\RoadEye\dataset_crack\final_dataset_v5\train\labels\sewage_011427.txt,1,0
train,D:\Study Material\Sem VI\Projects\PBL2\RoadEye\dataset_crack\final_dataset_v5\train\images\sewage_011434.jpg,train/images/sewage_011434.jpg,D:\Study Material\Sem VI\Projects\PBL2\RoadEye\dataset_crack\final_dataset_v5\train\labels\sewage_011434.txt,0,2
train,D:\Study Material\Sem VI\Projects\PBL2\RoadEye\dataset_crack\final_dataset_v5\train\images\sewage_011446.jpg,train/images/sewage_011446.jpg,D:\Study Material\Sem VI\Projects\PBL2\RoadEye\dataset_crack\final_dataset_v5\train\labels\sewage_011446.txt,1,0
train,D:\Study Material\Sem VI\Projects\PBL2\RoadEye\dataset_crack\final_dataset_v5\train\images\sewage_011454.jpg,train/images/sewage_011454.jpg,D:\Study Material\Sem VI\Projects\PBL2\RoadEye\dataset_crack\final_dataset_v5\train\labels\sewage_011454.txt,2,4
train,D:\Study Material\Sem VI\Projects\PBL2\RoadEye\dataset_crack\final_dataset_v5\train\images\sewage_011467.jpg,train/images/sewage_011467.jpg,D:\Study Material\Sem VI\Projects\PBL2\RoadEye\dataset_crack\final_dataset_v5\train\labels\sewage_011467.txt,0,1
train,D:\Study Material\Sem VI\Projects\PBL2\RoadEye\dataset_crack\final_dataset_v5\train\images\sewage_011479.jpg,train/images/sewage_011479.jpg,D:\Study Material\Sem VI\Projects\PBL2\RoadEye\dataset_crack\final_dataset_v5\train\labels\sewage_011479.txt,1,0
train,D:\Study Material\Sem VI\Projects\PBL2\RoadEye\dataset_crack\final_dataset_v5\train\images\sewage_011521.jpg,train/images/sewage_011521.jpg,D:\Study Material\Sem VI\Projects\PBL2\RoadEye\dataset_crack\final_dataset_v5\train\labels\sewage_011521.txt,3,0
train,D:\Study Material\Sem VI\Projects\PBL2\RoadEye\dataset_crack\final_dataset_v5\train\images\sewage_011533.jpg,train/images/sewage_011533.jpg,D:\Study Material\Sem VI\Projects\PBL2\RoadEye\dataset_crack\final_dataset_v5\train\labels\sewage_011533.txt,1,0
train,D:\Study Material\Sem VI\Projects\PBL2\RoadEye\dataset_crack\final_dataset_v5\train\images\sewage_011537.jpg,train/images/sewage_011537.jpg,D:\Study Material\Sem VI\Projects\PBL2\RoadEye\dataset_crack\final_dataset_v5\train\labels\sewage_011537.txt,1,0
train,D:\Study Material\Sem VI\Projects\PBL2\RoadEye\dataset_crack\final_dataset_v5\train\images\sewage_011562.jpg,train/images/sewage_011562.jpg,D:\Study Material\Sem VI\Projects\PBL2\RoadEye\dataset_crack\final_dataset_v5\train\labels\sewage_011562.txt,0,2
train,D:\Study Material\Sem VI\Projects\PBL2\RoadEye\dataset_crack\final_dataset_v5\train\images\sewage_011568.jpg,train/images/sewage_011568.jpg,D:\Study Material\Sem VI\Projects\PBL2\RoadEye\dataset_crack\final_dataset_v5\train\labels\sewage_011568.txt,0,1
train,D:\Study Material\Sem VI\Projects\PBL2\RoadEye\dataset_crack\final_dataset_v5\train\images\sewage_011570.jpg,train/images/sewage_011570.jpg,D:\Study Material\Sem VI\Projects\PBL2\RoadEye\dataset_crack\final_dataset_v5\train\labels\sewage_011570.txt,0,1
train,D:\Study Material\Sem VI\Projects\PBL2\RoadEye\dataset_crack\final_dataset_v5\train\images\sewage_011580.jpg,train/images/sewage_011580.jpg,D:\Study Material\Sem VI\Projects\PBL2\RoadEye\dataset_crack\final_dataset_v5\train\labels\sewage_011580.txt,2,2
train,D:\Study Material\Sem VI\Projects\PBL2\RoadEye\dataset_crack\final_dataset_v5\train\images\sewage_011587.jpg,train/images/sewage_011587.jpg,D:\Study Material\Sem VI\Projects\PBL2\RoadEye\dataset_crack\final_dataset_v5\train\labels\sewage_011587.txt,0,1
train,D:\Study Material\Sem VI\Projects\PBL2\RoadEye\dataset_crack\final_dataset_v5\train\images\sewage_011633.jpg,train/images/sewage_011633.jpg,D:\Study Material\Sem VI\Projects\PBL2\RoadEye\dataset_crack\final_dataset_v5\train\labels\sewage_011633.txt,0,1
train,D:\Study Material\Sem VI\Projects\PBL2\RoadEye\dataset_crack\final_dataset_v5\train\images\sewage_011637.jpg,train/images/sewage_011637.jpg,D:\Study Material\Sem VI\Projects\PBL2\RoadEye\dataset_crack\final_dataset_v5\train\labels\sewage_011637.txt,2,1
train,D:\Study Material\Sem VI\Projects\PBL2\RoadEye\dataset_crack\final_dataset_v5\train\images\sewage_011647.jpg,train/images/sewage_011647.jpg,D:\Study Material\Sem VI\Projects\PBL2\RoadEye\dataset_crack\final_dataset_v5\train\labels\sewage_011647.txt,1,0
train,D:\Study Material\Sem VI\Projects\PBL2\RoadEye\dataset_crack\final_dataset_v5\train\images\sewage_011658.jpg,train/images/sewage_011658.jpg,D:\Study Material\Sem VI\Projects\PBL2\RoadEye\dataset_crack\final_dataset_v5\train\labels\sewage_011658.txt,2,3
train,D:\Study Material\Sem VI\Projects\PBL2\RoadEye\dataset_crack\final_dataset_v5\train\images\sewage_011669.jpg,train/images/sewage_011669.jpg,D:\Study Material\Sem VI\Projects\PBL2\RoadEye\dataset_crack\final_dataset_v5\train\labels\sewage_011669.txt,0,1
train,D:\Study Material\Sem VI\Projects\PBL2\RoadEye\dataset_crack\final_dataset_v5\train\images\sewage_011676.jpg,train/images/sewage_011676.jpg,D:\Study Material\Sem VI\Projects\PBL2\RoadEye\dataset_crack\final_dataset_v5\train\labels\sewage_011676.txt,2,0
train,D:\Study Material\Sem VI\Projects\PBL2\RoadEye\dataset_crack\final_dataset_v5\train\images\sewage_011682.jpg,train/images/sewage_011682.jpg,D:\Study Material\Sem VI\Projects\PBL2\RoadEye\dataset_crack\final_dataset_v5\train\labels\sewage_011682.txt,1,0
train,D:\Study Material\Sem VI\Projects\PBL2\RoadEye\dataset_crack\final_dataset_v5\train\images\sewage_011695.jpg,train/images/sewage_011695.jpg,D:\Study Material\Sem VI\Projects\PBL2\RoadEye\dataset_crack\final_dataset_v5\train\labels\sewage_011695.txt,1,2
train,D:\Study Material\Sem VI\Projects\PBL2\RoadEye\dataset_crack\final_dataset_v5\train\images\sewage_011696.jpg,train/images/sewage_011696.jpg,D:\Study Material\Sem VI\Projects\PBL2\RoadEye\dataset_crack\final_dataset_v5\train\labels\sewage_011696.txt,2,0
train,D:\Study Material\Sem VI\Projects\PBL2\RoadEye\dataset_crack\final_dataset_v5\train\images\sewage_011761.jpg,train/images/sewage_011761.jpg,D:\Study Material\Sem VI\Projects\PBL2\RoadEye\dataset_crack\final_dataset_v5\train\labels\sewage_011761.txt,1,1
train,D:\Study Material\Sem VI\Projects\PBL2\RoadEye\dataset_crack\final_dataset_v5\train\images\sewage_011776.jpg,train/images/sewage_011776.jpg,D:\Study Material\Sem VI\Projects\PBL2\RoadEye\dataset_crack\final_dataset_v5\train\labels\sewage_011776.txt,1,1
train,D:\Study Material\Sem VI\Projects\PBL2\RoadEye\dataset_crack\final_dataset_v5\train\images\sewage_011785.jpg,train/images/sewage_011785.jpg,D:\Study Material\Sem VI\Projects\PBL2\RoadEye\dataset_crack\final_dataset_v5\train\labels\sewage_011785.txt,0,1
train,D:\Study Material\Sem VI\Projects\PBL2\RoadEye\dataset_crack\final_dataset_v5\train\images\sewage_011795.jpg,train/images/sewage_011795.jpg,D:\Study Material\Sem VI\Projects\PBL2\RoadEye\dataset_crack\final_dataset_v5\train\labels\sewage_011795.txt,2,0
train,D:\Study Material\Sem VI\Projects\PBL2\RoadEye\dataset_crack\final_dataset_v5\train\images\sewage_011826.jpg,train/images/sewage_011826.jpg,D:\Study Material\Sem VI\Projects\PBL2\RoadEye\dataset_crack\final_dataset_v5\train\labels\sewage_011826.txt,0,3
train,D:\Study Material\Sem VI\Projects\PBL2\RoadEye\dataset_crack\final_dataset_v5\train\images\sewage_011845.jpg,train/images/sewage_011845.jpg,D:\Study Material\Sem VI\Projects\PBL2\RoadEye\dataset_crack\final_dataset_v5\train\labels\sewage_011845.txt,2,0
train,D:\Study Material\Sem VI\Projects\PBL2\RoadEye\dataset_crack\final_dataset_v5\train\images\sewage_011894.jpg,train/images/sewage_011894.jpg,D:\Study Material\Sem VI\Projects\PBL2\RoadEye\dataset_crack\final_dataset_v5\train\labels\sewage_011894.txt,0,1
train,D:\Study Material\Sem VI\Projects\PBL2\RoadEye\dataset_crack\final_dataset_v5\train\images\sewage_011936.jpg,train/images/sewage_011936.jpg,D:\Study Material\Sem VI\Projects\PBL2\RoadEye\dataset_crack\final_dataset_v5\train\labels\sewage_011936.txt,2,1
train,D:\Study Material\Sem VI\Projects\PBL2\RoadEye\dataset_crack\final_dataset_v5\train\images\sewage_011973.jpg,train/images/sewage_011973.jpg,D:\Study Material\Sem VI\Projects\PBL2\RoadEye\dataset_crack\final_dataset_v5\train\labels\sewage_011973.txt,1,0
train,D:\Study Material\Sem VI\Projects\PBL2\RoadEye\dataset_crack\final_dataset_v5\train\images\sewage_012018.jpg,train/images/sewage_012018.jpg,D:\Study Material\Sem VI\Projects\PBL2\RoadEye\dataset_crack\final_dataset_v5\train\labels\sewage_012018.txt,1,0
train,D:\Study Material\Sem VI\Projects\PBL2\RoadEye\dataset_crack\final_dataset_v5\train\images\sewage_012030.jpg,train/images/sewage_012030.jpg,D:\Study Material\Sem VI\Projects\PBL2\RoadEye\dataset_crack\final_dataset_v5\train\labels\sewage_012030.txt,0,1
train,D:\Study Material\Sem VI\Projects\PBL2\RoadEye\dataset_crack\final_dataset_v5\train\images\sewage_012073.jpg,train/images/sewage_012073.jpg,D:\Study Material\Sem VI\Projects\PBL2\RoadEye\dataset_crack\final_dataset_v5\train\labels\sewage_012073.txt,1,0
train,D:\Study Material\Sem VI\Projects\PBL2\RoadEye\dataset_crack\final_dataset_v5\train\images\sewage_012111.jpg,train/images/sewage_012111.jpg,D:\Study Material\Sem VI\Projects\PBL2\RoadEye\dataset_crack\final_dataset_v5\train\labels\sewage_012111.txt,1,0
train,D:\Study Material\Sem VI\Projects\PBL2\RoadEye\dataset_crack\final_dataset_v5\train\images\sewage_012138.jpg,train/images/sewage_012138.jpg,D:\Study Material\Sem VI\Projects\PBL2\RoadEye\dataset_crack\final_dataset_v5\train\labels\sewage_012138.txt,0,1
train,D:\Study Material\Sem VI\Projects\PBL2\RoadEye\dataset_crack\final_dataset_v5\train\images\sewage_012141.jpg,train/images/sewage_012141.jpg,D:\Study Material\Sem VI\Projects\PBL2\RoadEye\dataset_crack\final_dataset_v5\train\labels\sewage_012141.txt,2,0
train,D:\Study Material\Sem VI\Projects\PBL2\RoadEye\dataset_crack\final_dataset_v5\train\images\sewage_012187.jpg,train/images/sewage_012187.jpg,D:\Study Material\Sem VI\Projects\PBL2\RoadEye\dataset_crack\final_dataset_v5\train\labels\sewage_012187.txt,1,0
train,D:\Study Material\Sem VI\Projects\PBL2\RoadEye\dataset_crack\final_dataset_v5\train\images\sewage_012191.jpg,train/images/sewage_012191.jpg,D:\Study Material\Sem VI\Projects\PBL2\RoadEye\dataset_crack\final_dataset_v5\train\labels\sewage_012191.txt,2,2
train,D:\Study Material\Sem VI\Projects\PBL2\RoadEye\dataset_crack\final_dataset_v5\train\images\sewage_012199.jpg,train/images/sewage_012199.jpg,D:\Study Material\Sem VI\Projects\PBL2\RoadEye\dataset_crack\final_dataset_v5\train\labels\sewage_012199.txt,1,0
train,D:\Study Material\Sem VI\Projects\PBL2\RoadEye\dataset_crack\final_dataset_v5\train\images\sewage_012220.jpg,train/images/sewage_012220.jpg,D:\Study Material\Sem VI\Projects\PBL2\RoadEye\dataset_crack\final_dataset_v5\train\labels\sewage_012220.txt,1,0
train,D:\Study Material\Sem VI\Projects\PBL2\RoadEye\dataset_crack\final_dataset_v5\train\images\sewage_012240.jpg,train/images/sewage_012240.jpg,D:\Study Material\Sem VI\Projects\PBL2\RoadEye\dataset_crack\final_dataset_v5\train\labels\sewage_012240.txt,0,2
train,D:\Study Material\Sem VI\Projects\PBL2\RoadEye\dataset_crack\final_dataset_v5\train\images\sewage_012242.jpg,train/images/sewage_012242.jpg,D:\Study Material\Sem VI\Projects\PBL2\RoadEye\dataset_crack\final_dataset_v5\train\labels\sewage_012242.txt,1,0
train,D:\Study Material\Sem VI\Projects\PBL2\RoadEye\dataset_crack\final_dataset_v5\train\images\sewage_012264.jpg,train/images/sewage_012264.jpg,D:\Study Material\Sem VI\Projects\PBL2\RoadEye\dataset_crack\final_dataset_v5\train\labels\sewage_012264.txt,0,1
train,D:\Study Material\Sem VI\Projects\PBL2\RoadEye\dataset_crack\final_dataset_v5\train\images\sewage_012285.jpg,train/images/sewage_012285.jpg,D:\Study Material\Sem VI\Projects\PBL2\RoadEye\dataset_crack\final_dataset_v5\train\labels\sewage_012285.txt,1,0
train,D:\Study Material\Sem VI\Projects\PBL2\RoadEye\dataset_crack\final_dataset_v5\train\images\sewage_012292.jpg,train/images/sewage_012292.jpg,D:\Study Material\Sem VI\Projects\PBL2\RoadEye\dataset_crack\final_dataset_v5\train\labels\sewage_012292.txt,1,0
train,D:\Study Material\Sem VI\Projects\PBL2\RoadEye\dataset_crack\final_dataset_v5\train\images\sewage_012303.jpg,train/images/sewage_012303.jpg,D:\Study Material\Sem VI\Projects\PBL2\RoadEye\dataset_crack\final_dataset_v5\train\labels\sewage_012303.txt,1,0
train,D:\Study Material\Sem VI\Projects\PBL2\RoadEye\dataset_crack\final_dataset_v5\train\images\sewage_012324.jpg,train/images/sewage_012324.jpg,D:\Study Material\Sem VI\Projects\PBL2\RoadEye\dataset_crack\final_dataset_v5\train\labels\sewage_012324.txt,1,0
train,D:\Study Material\Sem VI\Projects\PBL2\RoadEye\dataset_crack\final_dataset_v5\train\images\sewage_012329.jpg,train/images/sewage_012329.jpg,D:\Study Material\Sem VI\Projects\PBL2\RoadEye\dataset_crack\final_dataset_v5\train\labels\sewage_012329.txt,1,0
train,D:\Study Material\Sem VI\Projects\PBL2\RoadEye\dataset_crack\final_dataset_v5\train\images\sewage_012348.jpg,train/images/sewage_012348.jpg,D:\Study Material\Sem VI\Projects\PBL2\RoadEye\dataset_crack\final_dataset_v5\train\labels\sewage_012348.txt,1,0
train,D:\Study Material\Sem VI\Projects\PBL2\RoadEye\dataset_crack\final_dataset_v5\train\images\sewage_012411.jpg,train/images/sewage_012411.jpg,D:\Study Material\Sem VI\Projects\PBL2\RoadEye\dataset_crack\final_dataset_v5\train\labels\sewage_012411.txt,1,0
train,D:\Study Material\Sem VI\Projects\PBL2\RoadEye\dataset_crack\final_dataset_v5\train\images\sewage_012420.jpg,train/images/sewage_012420.jpg,D:\Study Material\Sem VI\Projects\PBL2\RoadEye\dataset_crack\final_dataset_v5\train\labels\sewage_012420.txt,1,1
train,D:\Study Material\Sem VI\Projects\PBL2\RoadEye\dataset_crack\final_dataset_v5\train\images\sewage_012429.jpg,train/images/sewage_012429.jpg,D:\Study Material\Sem VI\Projects\PBL2\RoadEye\dataset_crack\final_dataset_v5\train\labels\sewage_012429.txt,0,1
train,D:\Study Material\Sem VI\Projects\PBL2\RoadEye\dataset_crack\final_dataset_v5\train\images\sewage_012438.jpg,train/images/sewage_012438.jpg,D:\Study Material\Sem VI\Projects\PBL2\RoadEye\dataset_crack\final_dataset_v5\train\labels\sewage_012438.txt,2,0
train,D:\Study Material\Sem VI\Projects\PBL2\RoadEye\dataset_crack\final_dataset_v5\train\images\sewage_012454.jpg,train/images/sewage_012454.jpg,D:\Study Material\Sem VI\Projects\PBL2\RoadEye\dataset_crack\final_dataset_v5\train\labels\sewage_012454.txt,0,1
train,D:\Study Material\Sem VI\Projects\PBL2\RoadEye\dataset_crack\final_dataset_v5\train\images\sewage_012472.jpg,train/images/sewage_012472.jpg,D:\Study Material\Sem VI\Projects\PBL2\RoadEye\dataset_crack\final_dataset_v5\train\labels\sewage_012472.txt,2,2
train,D:\Study Material\Sem VI\Projects\PBL2\RoadEye\dataset_crack\final_dataset_v5\train\images\sewage_012490.jpg,train/images/sewage_012490.jpg,D:\Study Material\Sem VI\Projects\PBL2\RoadEye\dataset_crack\final_dataset_v5\train\labels\sewage_012490.txt,1,1
train,D:\Study Material\Sem VI\Projects\PBL2\RoadEye\dataset_crack\final_dataset_v5\train\images\sewage_012506.jpg,train/images/sewage_012506.jpg,D:\Study Material\Sem VI\Projects\PBL2\RoadEye\dataset_crack\final_dataset_v5\train\labels\sewage_012506.txt,1,1
train,D:\Study Material\Sem VI\Projects\PBL2\RoadEye\dataset_crack\final_dataset_v5\train\images\sewage_012517.jpg,train/images/sewage_012517.jpg,D:\Study Material\Sem VI\Projects\PBL2\RoadEye\dataset_crack\final_dataset_v5\train\labels\sewage_012517.txt,1,2
train,D:\Study Material\Sem VI\Projects\PBL2\RoadEye\dataset_crack\final_dataset_v5\train\images\sewage_012528.jpg,train/images/sewage_012528.jpg,D:\Study Material\Sem VI\Projects\PBL2\RoadEye\dataset_crack\final_dataset_v5\train\labels\sewage_012528.txt,0,3
train,D:\Study Material\Sem VI\Projects\PBL2\RoadEye\dataset_crack\final_dataset_v5\train\images\sewage_012551.jpg,train/images/sewage_012551.jpg,D:\Study Material\Sem VI\Projects\PBL2\RoadEye\dataset_crack\final_dataset_v5\train\labels\sewage_012551.txt,1,1
train,D:\Study Material\Sem VI\Projects\PBL2\RoadEye\dataset_crack\final_dataset_v5\train\images\sewage_012582.jpg,train/images/sewage_012582.jpg,D:\Study Material\Sem VI\Projects\PBL2\RoadEye\dataset_crack\final_dataset_v5\train\labels\sewage_012582.txt,1,0
train,D:\Study Material\Sem VI\Projects\PBL2\RoadEye\dataset_crack\final_dataset_v5\train\images\sewage_012591.jpg,train/images/sewage_012591.jpg,D:\Study Material\Sem VI\Projects\PBL2\RoadEye\dataset_crack\final_dataset_v5\train\labels\sewage_012591.txt,2,0
train,D:\Study Material\Sem VI\Projects\PBL2\RoadEye\dataset_crack\final_dataset_v5\train\images\sewage_012619.jpg,train/images/sewage_012619.jpg,D:\Study Material\Sem VI\Projects\PBL2\RoadEye\dataset_crack\final_dataset_v5\train\labels\sewage_012619.txt,2,0
train,D:\Study Material\Sem VI\Projects\PBL2\RoadEye\dataset_crack\final_dataset_v5\train\images\sewage_012633.jpg,train/images/sewage_012633.jpg,D:\Study Material\Sem VI\Projects\PBL2\RoadEye\dataset_crack\final_dataset_v5\train\labels\sewage_012633.txt,1,1
train,D:\Study Material\Sem VI\Projects\PBL2\RoadEye\dataset_crack\final_dataset_v5\train\images\sewage_012665.jpg,train/images/sewage_012665.jpg,D:\Study Material\Sem VI\Projects\PBL2\RoadEye\dataset_crack\final_dataset_v5\train\labels\sewage_012665.txt,3,0
train,D:\Study Material\Sem VI\Projects\PBL2\RoadEye\dataset_crack\final_dataset_v5\train\images\sewage_012721.jpg,train/images/sewage_012721.jpg,D:\Study Material\Sem VI\Projects\PBL2\RoadEye\dataset_crack\final_dataset_v5\train\labels\sewage_012721.txt,1,1
train,D:\Study Material\Sem VI\Projects\PBL2\RoadEye\dataset_crack\final_dataset_v5\train\images\sewage_012757.jpg,train/images/sewage_012757.jpg,D:\Study Material\Sem VI\Projects\PBL2\RoadEye\dataset_crack\final_dataset_v5\train\labels\sewage_012757.txt,0,2
train,D:\Study Material\Sem VI\Projects\PBL2\RoadEye\dataset_crack\final_dataset_v5\train\images\sewage_012780.jpg,train/images/sewage_012780.jpg,D:\Study Material\Sem VI\Projects\PBL2\RoadEye\dataset_crack\final_dataset_v5\train\labels\sewage_012780.txt,0,1
train,D:\Study Material\Sem VI\Projects\PBL2\RoadEye\dataset_crack\final_dataset_v5\train\images\sewage_012811.jpg,train/images/sewage_012811.jpg,D:\Study Material\Sem VI\Projects\PBL2\RoadEye\dataset_crack\final_dataset_v5\train\labels\sewage_012811.txt,0,1
train,D:\Study Material\Sem VI\Projects\PBL2\RoadEye\dataset_crack\final_dataset_v5\train\images\sewage_012816.jpg,train/images/sewage_012816.jpg,D:\Study Material\Sem VI\Projects\PBL2\RoadEye\dataset_crack\final_dataset_v5\train\labels\sewage_012816.txt,1,1
train,D:\Study Material\Sem VI\Projects\PBL2\RoadEye\dataset_crack\final_dataset_v5\train\images\sewage_012819.jpg,train/images/sewage_012819.jpg,D:\Study Material\Sem VI\Projects\PBL2\RoadEye\dataset_crack\final_dataset_v5\train\labels\sewage_012819.txt,3,0
train,D:\Study Material\Sem VI\Projects\PBL2\RoadEye\dataset_crack\final_dataset_v5\train\images\sewage_012855.jpg,train/images/sewage_012855.jpg,D:\Study Material\Sem VI\Projects\PBL2\RoadEye\dataset_crack\final_dataset_v5\train\labels\sewage_012855.txt,0,1
train,D:\Study Material\Sem VI\Projects\PBL2\RoadEye\dataset_crack\final_dataset_v5\train\images\sewage_012856.jpg,train/images/sewage_012856.jpg,D:\Study Material\Sem VI\Projects\PBL2\RoadEye\dataset_crack\final_dataset_v5\train\labels\sewage_012856.txt,0,1
train,D:\Study Material\Sem VI\Projects\PBL2\RoadEye\dataset_crack\final_dataset_v5\train\images\sewage_012860.jpg,train/images/sewage_012860.jpg,D:\Study Material\Sem VI\Projects\PBL2\RoadEye\dataset_crack\final_dataset_v5\train\labels\sewage_012860.txt,1,0
train,D:\Study Material\Sem VI\Projects\PBL2\RoadEye\dataset_crack\final_dataset_v5\train\images\sewage_012864.jpg,train/images/sewage_012864.jpg,D:\Study Material\Sem VI\Projects\PBL2\RoadEye\dataset_crack\final_dataset_v5\train\labels\sewage_012864.txt,1,0
train,D:\Study Material\Sem VI\Projects\PBL2\RoadEye\dataset_crack\final_dataset_v5\train\images\sewage_defect_detection_000012.jpg,train/images/sewage_defect_detection_000012.jpg,D:\Study Material\Sem VI\Projects\PBL2\RoadEye\dataset_crack\final_dataset_v5\train\labels\sewage_defect_detection_000012.txt,1,2
train,D:\Study Material\Sem VI\Projects\PBL2\RoadEye\dataset_crack\final_dataset_v5\train\images\sewage_defect_detection_000014.jpg,train/images/sewage_defect_detection_000014.jpg,D:\Study Material\Sem VI\Projects\PBL2\RoadEye\dataset_crack\final_dataset_v5\train\labels\sewage_defect_detection_000014.txt,1,1
train,D:\Study Material\Sem VI\Projects\PBL2\RoadEye\dataset_crack\final_dataset_v5\train\images\sewage_defect_detection_000026.jpg,train/images/sewage_defect_detection_000026.jpg,D:\Study Material\Sem VI\Projects\PBL2\RoadEye\dataset_crack\final_dataset_v5\train\labels\sewage_defect_detection_000026.txt,2,4
train,D:\Study Material\Sem VI\Projects\PBL2\RoadEye\dataset_crack\final_dataset_v5\train\images\sewage_defect_detection_000046.jpg,train/images/sewage_defect_detection_000046.jpg,D:\Study Material\Sem VI\Projects\PBL2\RoadEye\dataset_crack\final_dataset_v5\train\labels\sewage_defect_detection_000046.txt,1,0
train,D:\Study Material\Sem VI\Projects\PBL2\RoadEye\dataset_crack\final_dataset_v5\train\images\sewage_defect_detection_000048.jpg,train/images/sewage_defect_detection_000048.jpg,D:\Study Material\Sem VI\Projects\PBL2\RoadEye\dataset_crack\final_dataset_v5\train\labels\sewage_defect_detection_000048.txt,1,0
train,D:\Study Material\Sem VI\Projects\PBL2\RoadEye\dataset_crack\final_dataset_v5\train\images\sewage_defect_detection_000105.jpg,train/images/sewage_defect_detection_000105.jpg,D:\Study Material\Sem VI\Projects\PBL2\RoadEye\dataset_crack\final_dataset_v5\train\labels\sewage_defect_detection_000105.txt,2,0
train,D:\Study Material\Sem VI\Projects\PBL2\RoadEye\dataset_crack\final_dataset_v5\train\images\sewage_defect_detection_000117.jpg,train/images/sewage_defect_detection_000117.jpg,D:\Study Material\Sem VI\Projects\PBL2\RoadEye\dataset_crack\final_dataset_v5\train\labels\sewage_defect_detection_000117.txt,1,0
train,D:\Study Material\Sem VI\Projects\PBL2\RoadEye\dataset_crack\final_dataset_v5\train\images\sewage_defect_detection_000220.jpg,train/images/sewage_defect_detection_000220.jpg,D:\Study Material\Sem VI\Projects\PBL2\RoadEye\dataset_crack\final_dataset_v5\train\labels\sewage_defect_detection_000220.txt,1,0
train,D:\Study Material\Sem VI\Projects\PBL2\RoadEye\dataset_crack\final_dataset_v5\train\images\sewage_defect_detection_000222.jpg,train/images/sewage_defect_detection_000222.jpg,D:\Study Material\Sem VI\Projects\PBL2\RoadEye\dataset_crack\final_dataset_v5\train\labels\sewage_defect_detection_000222.txt,1,2
train,D:\Study Material\Sem VI\Projects\PBL2\RoadEye\dataset_crack\final_dataset_v5\train\images\sewage_defect_detection_000223.jpg,train/images/sewage_defect_detection_000223.jpg,D:\Study Material\Sem VI\Projects\PBL2\RoadEye\dataset_crack\final_dataset_v5\train\labels\sewage_defect_detection_000223.txt,1,1
train,D:\Study Material\Sem VI\Projects\PBL2\RoadEye\dataset_crack\final_dataset_v5\train\images\sewage_defect_detection_000289.jpg,train/images/sewage_defect_detection_000289.jpg,D:\Study Material\Sem VI\Projects\PBL2\RoadEye\dataset_crack\final_dataset_v5\train\labels\sewage_defect_detection_000289.txt,3,6
train,D:\Study Material\Sem VI\Projects\PBL2\RoadEye\dataset_crack\final_dataset_v5\train\images\sewage_defect_detection_000297.jpg,train/images/sewage_defect_detection_000297.jpg,D:\Study Material\Sem VI\Projects\PBL2\RoadEye\dataset_crack\final_dataset_v5\train\labels\sewage_defect_detection_000297.txt,1,0
train,D:\Study Material\Sem VI\Projects\PBL2\RoadEye\dataset_crack\final_dataset_v5\train\images\sewage_defect_detection_000323.jpg,train/images/sewage_defect_detection_000323.jpg,D:\Study Material\Sem VI\Projects\PBL2\RoadEye\dataset_crack\final_dataset_v5\train\labels\sewage_defect_detection_000323.txt,1,0
train,D:\Study Material\Sem VI\Projects\PBL2\RoadEye\dataset_crack\final_dataset_v5\train\images\sewage_defect_detection_000325.jpg,train/images/sewage_defect_detection_000325.jpg,D:\Study Material\Sem VI\Projects\PBL2\RoadEye\dataset_crack\final_dataset_v5\train\labels\sewage_defect_detection_000325.txt,1,3
train,D:\Study Material\Sem VI\Projects\PBL2\RoadEye\dataset_crack\final_dataset_v5\train\images\sewage_defect_detection_000327.jpg,train/images/sewage_defect_detection_000327.jpg,D:\Study Material\Sem VI\Projects\PBL2\RoadEye\dataset_crack\final_dataset_v5\train\labels\sewage_defect_detection_000327.txt,2,0
train,D:\Study Material\Sem VI\Projects\PBL2\RoadEye\dataset_crack\final_dataset_v5\train\images\sewage_defect_detection_000341.jpg,train/images/sewage_defect_detection_000341.jpg,D:\Study Material\Sem VI\Projects\PBL2\RoadEye\dataset_crack\final_dataset_v5\train\labels\sewage_defect_detection_000341.txt,1,0
train,D:\Study Material\Sem VI\Projects\PBL2\RoadEye\dataset_crack\final_dataset_v5\train\images\sewage_defect_detection_000385.jpg,train/images/sewage_defect_detection_000385.jpg,D:\Study Material\Sem VI\Projects\PBL2\RoadEye\dataset_crack\final_dataset_v5\train\labels\sewage_defect_detection_000385.txt,0,2
train,D:\Study Material\Sem VI\Projects\PBL2\RoadEye\dataset_crack\final_dataset_v5\train\images\sewage_defect_detection_000390.jpg,train/images/sewage_defect_detection_000390.jpg,D:\Study Material\Sem VI\Projects\PBL2\RoadEye\dataset_crack\final_dataset_v5\train\labels\sewage_defect_detection_000390.txt,1,0
train,D:\Study Material\Sem VI\Projects\PBL2\RoadEye\dataset_crack\final_dataset_v5\train\images\sewage_defect_detection_000393.jpg,train/images/sewage_defect_detection_000393.jpg,D:\Study Material\Sem VI\Projects\PBL2\RoadEye\dataset_crack\final_dataset_v5\train\labels\sewage_defect_detection_000393.txt,2,0
train,D:\Study Material\Sem VI\Projects\PBL2\RoadEye\dataset_crack\final_dataset_v5\train\images\sewage_defect_detection_000395.jpg,train/images/sewage_defect_detection_000395.jpg,D:\Study Material\Sem VI\Projects\PBL2\RoadEye\dataset_crack\final_dataset_v5\train\labels\sewage_defect_detection_000395.txt,4,2
train,D:\Study Material\Sem VI\Projects\PBL2\RoadEye\dataset_crack\final_dataset_v5\train\images\sewage_defect_detection_000449.jpg,train/images/sewage_defect_detection_000449.jpg,D:\Study Material\Sem VI\Projects\PBL2\RoadEye\dataset_crack\final_dataset_v5\train\labels\sewage_defect_detection_000449.txt,1,0
train,D:\Study Material\Sem VI\Projects\PBL2\RoadEye\dataset_crack\final_dataset_v5\train\images\sewage_defect_detection_000554.jpg,train/images/sewage_defect_detection_000554.jpg,D:\Study Material\Sem VI\Projects\PBL2\RoadEye\dataset_crack\final_dataset_v5\train\labels\sewage_defect_detection_000554.txt,1,0
train,D:\Study Material\Sem VI\Projects\PBL2\RoadEye\dataset_crack\final_dataset_v5\train\images\sewage_defect_detection_000573.jpg,train/images/sewage_defect_detection_000573.jpg,D:\Study Material\Sem VI\Projects\PBL2\RoadEye\dataset_crack\final_dataset_v5\train\labels\sewage_defect_detection_000573.txt,1,0
train,D:\Study Material\Sem VI\Projects\PBL2\RoadEye\dataset_crack\final_dataset_v5\train\images\sewage_defect_detection_000674.jpg,train/images/sewage_defect_detection_000674.jpg,D:\Study Material\Sem VI\Projects\PBL2\RoadEye\dataset_crack\final_dataset_v5\train\labels\sewage_defect_detection_000674.txt,1,0
train,D:\Study Material\Sem VI\Projects\PBL2\RoadEye\dataset_crack\final_dataset_v5\train\images\sewage_defect_detection_000705.jpg,train/images/sewage_defect_detection_000705.jpg,D:\Study Material\Sem VI\Projects\PBL2\RoadEye\dataset_crack\final_dataset_v5\train\labels\sewage_defect_detection_000705.txt,1,0
train,D:\Study Material\Sem VI\Projects\PBL2\RoadEye\dataset_crack\final_dataset_v5\train\images\sewage_defect_detection_000768.jpg,train/images/sewage_defect_detection_000768.jpg,D:\Study Material\Sem VI\Projects\PBL2\RoadEye\dataset_crack\final_dataset_v5\train\labels\sewage_defect_detection_000768.txt,1,3
train,D:\Study Material\Sem VI\Projects\PBL2\RoadEye\dataset_crack\final_dataset_v5\train\images\sewage_defect_detection_000791.jpg,train/images/sewage_defect_detection_000791.jpg,D:\Study Material\Sem VI\Projects\PBL2\RoadEye\dataset_crack\final_dataset_v5\train\labels\sewage_defect_detection_000791.txt,2,0
train,D:\Study Material\Sem VI\Projects\PBL2\RoadEye\dataset_crack\final_dataset_v5\train\images\sewage_defect_detection_000851.jpg,train/images/sewage_defect_detection_000851.jpg,D:\Study Material\Sem VI\Projects\PBL2\RoadEye\dataset_crack\final_dataset_v5\train\labels\sewage_defect_detection_000851.txt,2,0
train,D:\Study Material\Sem VI\Projects\PBL2\RoadEye\dataset_crack\final_dataset_v5\train\images\sewage_defect_detection_000861.jpg,train/images/sewage_defect_detection_000861.jpg,D:\Study Material\Sem VI\Projects\PBL2\RoadEye\dataset_crack\final_dataset_v5\train\labels\sewage_defect_detection_000861.txt,1,0
train,D:\Study Material\Sem VI\Projects\PBL2\RoadEye\dataset_crack\final_dataset_v5\train\images\sewage_defect_detection_000898.jpg,train/images/sewage_defect_detection_000898.jpg,D:\Study Material\Sem VI\Projects\PBL2\RoadEye\dataset_crack\final_dataset_v5\train\labels\sewage_defect_detection_000898.txt,2,1
train,D:\Study Material\Sem VI\Projects\PBL2\RoadEye\dataset_crack\final_dataset_v5\train\images\sewage_defect_detection_000908.jpg,train/images/sewage_defect_detection_000908.jpg,D:\Study Material\Sem VI\Projects\PBL2\RoadEye\dataset_crack\final_dataset_v5\train\labels\sewage_defect_detection_000908.txt,2,0
train,D:\Study Material\Sem VI\Projects\PBL2\RoadEye\dataset_crack\final_dataset_v5\train\images\sewage_defect_detection_000931.jpg,train/images/sewage_defect_detection_000931.jpg,D:\Study Material\Sem VI\Projects\PBL2\RoadEye\dataset_crack\final_dataset_v5\train\labels\sewage_defect_detection_000931.txt,1,0
train,D:\Study Material\Sem VI\Projects\PBL2\RoadEye\dataset_crack\final_dataset_v5\train\images\sewage_defect_detection_000948.jpg,train/images/sewage_defect_detection_000948.jpg,D:\Study Material\Sem VI\Projects\PBL2\RoadEye\dataset_crack\final_dataset_v5\train\labels\sewage_defect_detection_000948.txt,1,1
train,D:\Study Material\Sem VI\Projects\PBL2\RoadEye\dataset_crack\final_dataset_v5\train\images\sewage_defect_detection_000968.jpg,train/images/sewage_defect_detection_000968.jpg,D:\Study Material\Sem VI\Projects\PBL2\RoadEye\dataset_crack\final_dataset_v5\train\labels\sewage_defect_detection_000968.txt,3,0
train,D:\Study Material\Sem VI\Projects\PBL2\RoadEye\dataset_crack\final_dataset_v5\train\images\sewage_defect_detection_001007.jpg,train/images/sewage_defect_detection_001007.jpg,D:\Study Material\Sem VI\Projects\PBL2\RoadEye\dataset_crack\final_dataset_v5\train\labels\sewage_defect_detection_001007.txt,2,1
train,D:\Study Material\Sem VI\Projects\PBL2\RoadEye\dataset_crack\final_dataset_v5\train\images\sewage_defect_detection_001036.jpg,train/images/sewage_defect_detection_001036.jpg,D:\Study Material\Sem VI\Projects\PBL2\RoadEye\dataset_crack\final_dataset_v5\train\labels\sewage_defect_detection_001036.txt,2,1
train,D:\Study Material\Sem VI\Projects\PBL2\RoadEye\dataset_crack\final_dataset_v5\train\images\sewage_defect_detection_001052.jpg,train/images/sewage_defect_detection_001052.jpg,D:\Study Material\Sem VI\Projects\PBL2\RoadEye\dataset_crack\final_dataset_v5\train\labels\sewage_defect_detection_001052.txt,1,0
train,D:\Study Material\Sem VI\Projects\PBL2\RoadEye\dataset_crack\final_dataset_v5\train\images\sewage_defect_detection_001157.jpg,train/images/sewage_defect_detection_001157.jpg,D:\Study Material\Sem VI\Projects\PBL2\RoadEye\dataset_crack\final_dataset_v5\train\labels\sewage_defect_detection_001157.txt,3,0
train,D:\Study Material\Sem VI\Projects\PBL2\RoadEye\dataset_crack\final_dataset_v5\train\images\sewage_defect_detection_001190.jpg,train/images/sewage_defect_detection_001190.jpg,D:\Study Material\Sem VI\Projects\PBL2\RoadEye\dataset_crack\final_dataset_v5\train\labels\sewage_defect_detection_001190.txt,1,0
train,D:\Study Material\Sem VI\Projects\PBL2\RoadEye\dataset_crack\final_dataset_v5\train\images\sewage_defect_detection_001197.jpg,train/images/sewage_defect_detection_001197.jpg,D:\Study Material\Sem VI\Projects\PBL2\RoadEye\dataset_crack\final_dataset_v5\train\labels\sewage_defect_detection_001197.txt,3,0
train,D:\Study Material\Sem VI\Projects\PBL2\RoadEye\dataset_crack\final_dataset_v5\train\images\sewage_defect_detection_001270.jpg,train/images/sewage_defect_detection_001270.jpg,D:\Study Material\Sem VI\Projects\PBL2\RoadEye\dataset_crack\final_dataset_v5\train\labels\sewage_defect_detection_001270.txt,3,0
train,D:\Study Material\Sem VI\Projects\PBL2\RoadEye\dataset_crack\final_dataset_v5\train\images\sewage_defect_detection_001316.jpg,train/images/sewage_defect_detection_001316.jpg,D:\Study Material\Sem VI\Projects\PBL2\RoadEye\dataset_crack\final_dataset_v5\train\labels\sewage_defect_detection_001316.txt,2,1
train,D:\Study Material\Sem VI\Projects\PBL2\RoadEye\dataset_crack\final_dataset_v5\train\images\sewage_defect_detection_001324.jpg,train/images/sewage_defect_detection_001324.jpg,D:\Study Material\Sem VI\Projects\PBL2\RoadEye\dataset_crack\final_dataset_v5\train\labels\sewage_defect_detection_001324.txt,1,1
train,D:\Study Material\Sem VI\Projects\PBL2\RoadEye\dataset_crack\final_dataset_v5\train\images\sewage_defect_detection_001349.jpg,train/images/sewage_defect_detection_001349.jpg,D:\Study Material\Sem VI\Projects\PBL2\RoadEye\dataset_crack\final_dataset_v5\train\labels\sewage_defect_detection_001349.txt,1,0
train,D:\Study Material\Sem VI\Projects\PBL2\RoadEye\dataset_crack\final_dataset_v5\train\images\sewage_defect_detection_001356.jpg,train/images/sewage_defect_detection_001356.jpg,D:\Study Material\Sem VI\Projects\PBL2\RoadEye\dataset_crack\final_dataset_v5\train\labels\sewage_defect_detection_001356.txt,1,0
train,D:\Study Material\Sem VI\Projects\PBL2\RoadEye\dataset_crack\final_dataset_v5\train\images\sewage_defect_detection_001386.jpg,train/images/sewage_defect_detection_001386.jpg,D:\Study Material\Sem VI\Projects\PBL2\RoadEye\dataset_crack\final_dataset_v5\train\labels\sewage_defect_detection_001386.txt,1,1
train,D:\Study Material\Sem VI\Projects\PBL2\RoadEye\dataset_crack\final_dataset_v5\train\images\sewage_defect_detection_001431.jpg,train/images/sewage_defect_detection_001431.jpg,D:\Study Material\Sem VI\Projects\PBL2\RoadEye\dataset_crack\final_dataset_v5\train\labels\sewage_defect_detection_001431.txt,3,3
train,D:\Study Material\Sem VI\Projects\PBL2\RoadEye\dataset_crack\final_dataset_v5\train\images\sewage_defect_detection_001456.jpg,train/images/sewage_defect_detection_001456.jpg,D:\Study Material\Sem VI\Projects\PBL2\RoadEye\dataset_crack\final_dataset_v5\train\labels\sewage_defect_detection_001456.txt,2,0
train,D:\Study Material\Sem VI\Projects\PBL2\RoadEye\dataset_crack\final_dataset_v5\train\images\sewage_defect_detection_001484.jpg,train/images/sewage_defect_detection_001484.jpg,D:\Study Material\Sem VI\Projects\PBL2\RoadEye\dataset_crack\final_dataset_v5\train\labels\sewage_defect_detection_001484.txt,1,0
train,D:\Study Material\Sem VI\Projects\PBL2\RoadEye\dataset_crack\final_dataset_v5\train\images\sewage_defect_detection_001516.jpg,train/images/sewage_defect_detection_001516.jpg,D:\Study Material\Sem VI\Projects\PBL2\RoadEye\dataset_crack\final_dataset_v5\train\labels\sewage_defect_detection_001516.txt,1,1
train,D:\Study Material\Sem VI\Projects\PBL2\RoadEye\dataset_crack\final_dataset_v5\train\images\sewage_defect_detection_001576.jpg,train/images/sewage_defect_detection_001576.jpg,D:\Study Material\Sem VI\Projects\PBL2\RoadEye\dataset_crack\final_dataset_v5\train\labels\sewage_defect_detection_001576.txt,3,0
train,D:\Study Material\Sem VI\Projects\PBL2\RoadEye\dataset_crack\final_dataset_v5\train\images\sewage_defect_detection_001587.jpg,train/images/sewage_defect_detection_001587.jpg,D:\Study Material\Sem VI\Projects\PBL2\RoadEye\dataset_crack\final_dataset_v5\train\labels\sewage_defect_detection_001587.txt,3,2
train,D:\Study Material\Sem VI\Projects\PBL2\RoadEye\dataset_crack\final_dataset_v5\train\images\sewage_defect_detection_001594.jpg,train/images/sewage_defect_detection_001594.jpg,D:\Study Material\Sem VI\Projects\PBL2\RoadEye\dataset_crack\final_dataset_v5\train\labels\sewage_defect_detection_001594.txt,0,2
train,D:\Study Material\Sem VI\Projects\PBL2\RoadEye\dataset_crack\final_dataset_v5\train\images\sewage_defect_detection_001633.jpg,train/images/sewage_defect_detection_001633.jpg,D:\Study Material\Sem VI\Projects\PBL2\RoadEye\dataset_crack\final_dataset_v5\train\labels\sewage_defect_detection_001633.txt,3,1
train,D:\Study Material\Sem VI\Projects\PBL2\RoadEye\dataset_crack\final_dataset_v5\train\images\sewage_defect_detection_001692.jpg,train/images/sewage_defect_detection_001692.jpg,D:\Study Material\Sem VI\Projects\PBL2\RoadEye\dataset_crack\final_dataset_v5\train\labels\sewage_defect_detection_001692.txt,1,0
train,D:\Study Material\Sem VI\Projects\PBL2\RoadEye\dataset_crack\final_dataset_v5\train\images\sewage_defect_detection_001723.jpg,train/images/sewage_defect_detection_001723.jpg,D:\Study Material\Sem VI\Projects\PBL2\RoadEye\dataset_crack\final_dataset_v5\train\labels\sewage_defect_detection_001723.txt,0,1
train,D:\Study Material\Sem VI\Projects\PBL2\RoadEye\dataset_crack\final_dataset_v5\train\images\sewage_defect_detection_001751.jpg,train/images/sewage_defect_detection_001751.jpg,D:\Study Material\Sem VI\Projects\PBL2\RoadEye\dataset_crack\final_dataset_v5\train\labels\sewage_defect_detection_001751.txt,1,1
train,D:\Study Material\Sem VI\Projects\PBL2\RoadEye\dataset_crack\final_dataset_v5\train\images\sewage_defect_detection_001758.jpg,train/images/sewage_defect_detection_001758.jpg,D:\Study Material\Sem VI\Projects\PBL2\RoadEye\dataset_crack\final_dataset_v5\train\labels\sewage_defect_detection_001758.txt,1,0
train,D:\Study Material\Sem VI\Projects\PBL2\RoadEye\dataset_crack\final_dataset_v5\train\images\sewage_defect_detection_001763.jpg,train/images/sewage_defect_detection_001763.jpg,D:\Study Material\Sem VI\Projects\PBL2\RoadEye\dataset_crack\final_dataset_v5\train\labels\sewage_defect_detection_001763.txt,1,0
train,D:\Study Material\Sem VI\Projects\PBL2\RoadEye\dataset_crack\final_dataset_v5\train\images\sewage_defect_detection_001787.jpg,train/images/sewage_defect_detection_001787.jpg,D:\Study Material\Sem VI\Projects\PBL2\RoadEye\dataset_crack\final_dataset_v5\train\labels\sewage_defect_detection_001787.txt,2,0
train,D:\Study Material\Sem VI\Projects\PBL2\RoadEye\dataset_crack\final_dataset_v5\train\images\sewage_defect_detection_001844.jpg,train/images/sewage_defect_detection_001844.jpg,D:\Study Material\Sem VI\Projects\PBL2\RoadEye\dataset_crack\final_dataset_v5\train\labels\sewage_defect_detection_001844.txt,2,0
train,D:\Study Material\Sem VI\Projects\PBL2\RoadEye\dataset_crack\final_dataset_v5\train\images\sewage_defect_detection_001846.jpg,train/images/sewage_defect_detection_001846.jpg,D:\Study Material\Sem VI\Projects\PBL2\RoadEye\dataset_crack\final_dataset_v5\train\labels\sewage_defect_detection_001846.txt,2,0
train,D:\Study Material\Sem VI\Projects\PBL2\RoadEye\dataset_crack\final_dataset_v5\train\images\sewage_defect_detection_001858.jpg,train/images/sewage_defect_detection_001858.jpg,D:\Study Material\Sem VI\Projects\PBL2\RoadEye\dataset_crack\final_dataset_v5\train\labels\sewage_defect_detection_001858.txt,2,0
train,D:\Study Material\Sem VI\Projects\PBL2\RoadEye\dataset_crack\final_dataset_v5\train\images\sewage_defect_detection_001879.jpg,train/images/sewage_defect_detection_001879.jpg,D:\Study Material\Sem VI\Projects\PBL2\RoadEye\dataset_crack\final_dataset_v5\train\labels\sewage_defect_detection_001879.txt,1,1
train,D:\Study Material\Sem VI\Projects\PBL2\RoadEye\dataset_crack\final_dataset_v5\train\images\sewage_defect_detection_001881.jpg,train/images/sewage_defect_detection_001881.jpg,D:\Study Material\Sem VI\Projects\PBL2\RoadEye\dataset_crack\final_dataset_v5\train\labels\sewage_defect_detection_001881.txt,2,5
train,D:\Study Material\Sem VI\Projects\PBL2\RoadEye\dataset_crack\final_dataset_v5\train\images\sewage_defect_detection_001904.jpg,train/images/sewage_defect_detection_001904.jpg,D:\Study Material\Sem VI\Projects\PBL2\RoadEye\dataset_crack\final_dataset_v5\train\labels\sewage_defect_detection_001904.txt,2,0
train,D:\Study Material\Sem VI\Projects\PBL2\RoadEye\dataset_crack\final_dataset_v5\train\images\sewage_defect_detection_001913.jpg,train/images/sewage_defect_detection_001913.jpg,D:\Study Material\Sem VI\Projects\PBL2\RoadEye\dataset_crack\final_dataset_v5\train\labels\sewage_defect_detection_001913.txt,1,2
train,D:\Study Material\Sem VI\Projects\PBL2\RoadEye\dataset_crack\final_dataset_v5\train\images\sewage_defect_detection_001925.jpg,train/images/sewage_defect_detection_001925.jpg,D:\Study Material\Sem VI\Projects\PBL2\RoadEye\dataset_crack\final_dataset_v5\train\labels\sewage_defect_detection_001925.txt,1,0
train,D:\Study Material\Sem VI\Projects\PBL2\RoadEye\dataset_crack\final_dataset_v5\train\images\sewage_defect_detection_001927.jpg,train/images/sewage_defect_detection_001927.jpg,D:\Study Material\Sem VI\Projects\PBL2\RoadEye\dataset_crack\final_dataset_v5\train\labels\sewage_defect_detection_001927.txt,3,0
train,D:\Study Material\Sem VI\Projects\PBL2\RoadEye\dataset_crack\final_dataset_v5\train\images\sewage_defect_detection_001945.jpg,train/images/sewage_defect_detection_001945.jpg,D:\Study Material\Sem VI\Projects\PBL2\RoadEye\dataset_crack\final_dataset_v5\train\labels\sewage_defect_detection_001945.txt,1,0
train,D:\Study Material\Sem VI\Projects\PBL2\RoadEye\dataset_crack\final_dataset_v5\train\images\sewage_defect_detection_001953.jpg,train/images/sewage_defect_detection_001953.jpg,D:\Study Material\Sem VI\Projects\PBL2\RoadEye\dataset_crack\final_dataset_v5\train\labels\sewage_defect_detection_001953.txt,2,1
train,D:\Study Material\Sem VI\Projects\PBL2\RoadEye\dataset_crack\final_dataset_v5\train\images\sewage_defect_detection_001961.jpg,train/images/sewage_defect_detection_001961.jpg,D:\Study Material\Sem VI\Projects\PBL2\RoadEye\dataset_crack\final_dataset_v5\train\labels\sewage_defect_detection_001961.txt,1,0
train,D:\Study Material\Sem VI\Projects\PBL2\RoadEye\dataset_crack\final_dataset_v5\train\images\sewage_defect_detection_001963.jpg,train/images/sewage_defect_detection_001963.jpg,D:\Study Material\Sem VI\Projects\PBL2\RoadEye\dataset_crack\final_dataset_v5\train\labels\sewage_defect_detection_001963.txt,1,0
train,D:\Study Material\Sem VI\Projects\PBL2\RoadEye\dataset_crack\final_dataset_v5\train\images\sewage_defect_detection_001984.jpg,train/images/sewage_defect_detection_001984.jpg,D:\Study Material\Sem VI\Projects\PBL2\RoadEye\dataset_crack\final_dataset_v5\train\labels\sewage_defect_detection_001984.txt,1,0
train,D:\Study Material\Sem VI\Projects\PBL2\RoadEye\dataset_crack\final_dataset_v5\train\images\sewage_defect_detection_001993.jpg,train/images/sewage_defect_detection_001993.jpg,D:\Study Material\Sem VI\Projects\PBL2\RoadEye\dataset_crack\final_dataset_v5\train\labels\sewage_defect_detection_001993.txt,1,0
train,D:\Study Material\Sem VI\Projects\PBL2\RoadEye\dataset_crack\final_dataset_v5\train\images\sewage_defect_detection_001996.jpg,train/images/sewage_defect_detection_001996.jpg,D:\Study Material\Sem VI\Projects\PBL2\RoadEye\dataset_crack\final_dataset_v5\train\labels\sewage_defect_detection_001996.txt,2,0
train,D:\Study Material\Sem VI\Projects\PBL2\RoadEye\dataset_crack\final_dataset_v5\train\images\sewage_defect_detection_002001.jpg,train/images/sewage_defect_detection_002001.jpg,D:\Study Material\Sem VI\Projects\PBL2\RoadEye\dataset_crack\final_dataset_v5\train\labels\sewage_defect_detection_002001.txt,2,0
train,D:\Study Material\Sem VI\Projects\PBL2\RoadEye\dataset_crack\final_dataset_v5\train\images\sewage_defect_detection_002068.jpg,train/images/sewage_defect_detection_002068.jpg,D:\Study Material\Sem VI\Projects\PBL2\RoadEye\dataset_crack\final_dataset_v5\train\labels\sewage_defect_detection_002068.txt,2,0
train,D:\Study Material\Sem VI\Projects\PBL2\RoadEye\dataset_crack\final_dataset_v5\train\images\sewage_defect_detection_002073.jpg,train/images/sewage_defect_detection_002073.jpg,D:\Study Material\Sem VI\Projects\PBL2\RoadEye\dataset_crack\final_dataset_v5\train\labels\sewage_defect_detection_002073.txt,0,1
train,D:\Study Material\Sem VI\Projects\PBL2\RoadEye\dataset_crack\final_dataset_v5\train\images\sewage_defect_detection_002128.jpg,train/images/sewage_defect_detection_002128.jpg,D:\Study Material\Sem VI\Projects\PBL2\RoadEye\dataset_crack\final_dataset_v5\train\labels\sewage_defect_detection_002128.txt,1,3
train,D:\Study Material\Sem VI\Projects\PBL2\RoadEye\dataset_crack\final_dataset_v5\train\images\sewage_defect_detection_002133.jpg,train/images/sewage_defect_detection_002133.jpg,D:\Study Material\Sem VI\Projects\PBL2\RoadEye\dataset_crack\final_dataset_v5\train\labels\sewage_defect_detection_002133.txt,1,0
train,D:\Study Material\Sem VI\Projects\PBL2\RoadEye\dataset_crack\final_dataset_v5\train\images\sewage_defect_detection_002159.jpg,train/images/sewage_defect_detection_002159.jpg,D:\Study Material\Sem VI\Projects\PBL2\RoadEye\dataset_crack\final_dataset_v5\train\labels\sewage_defect_detection_002159.txt,2,0
train,D:\Study Material\Sem VI\Projects\PBL2\RoadEye\dataset_crack\final_dataset_v5\train\images\sewage_defect_detection_002175.jpg,train/images/sewage_defect_detection_002175.jpg,D:\Study Material\Sem VI\Projects\PBL2\RoadEye\dataset_crack\final_dataset_v5\train\labels\sewage_defect_detection_002175.txt,5,0
train,D:\Study Material\Sem VI\Projects\PBL2\RoadEye\dataset_crack\final_dataset_v5\train\images\sewage_defect_detection_002180.jpg,train/images/sewage_defect_detection_002180.jpg,D:\Study Material\Sem VI\Projects\PBL2\RoadEye\dataset_crack\final_dataset_v5\train\labels\sewage_defect_detection_002180.txt,1,0
train,D:\Study Material\Sem VI\Projects\PBL2\RoadEye\dataset_crack\final_dataset_v5\train\images\sewage_defect_detection_002190.jpg,train/images/sewage_defect_detection_002190.jpg,D:\Study Material\Sem VI\Projects\PBL2\RoadEye\dataset_crack\final_dataset_v5\train\labels\sewage_defect_detection_002190.txt,1,0
train,D:\Study Material\Sem VI\Projects\PBL2\RoadEye\dataset_crack\final_dataset_v5\train\images\sewage_defect_detection_002212.jpg,train/images/sewage_defect_detection_002212.jpg,D:\Study Material\Sem VI\Projects\PBL2\RoadEye\dataset_crack\final_dataset_v5\train\labels\sewage_defect_detection_002212.txt,1,0
train,D:\Study Material\Sem VI\Projects\PBL2\RoadEye\dataset_crack\final_dataset_v5\train\images\sewage_defect_detection_002219.jpg,train/images/sewage_defect_detection_002219.jpg,D:\Study Material\Sem VI\Projects\PBL2\RoadEye\dataset_crack\final_dataset_v5\train\labels\sewage_defect_detection_002219.txt,2,2
train,D:\Study Material\Sem VI\Projects\PBL2\RoadEye\dataset_crack\final_dataset_v5\train\images\sewage_defect_detection_002246.jpg,train/images/sewage_defect_detection_002246.jpg,D:\Study Material\Sem VI\Projects\PBL2\RoadEye\dataset_crack\final_dataset_v5\train\labels\sewage_defect_detection_002246.txt,1,0
train,D:\Study Material\Sem VI\Projects\PBL2\RoadEye\dataset_crack\final_dataset_v5\train\images\sewage_defect_detection_002296.jpg,train/images/sewage_defect_detection_002296.jpg,D:\Study Material\Sem VI\Projects\PBL2\RoadEye\dataset_crack\final_dataset_v5\train\labels\sewage_defect_detection_002296.txt,2,0
train,D:\Study Material\Sem VI\Projects\PBL2\RoadEye\dataset_crack\final_dataset_v5\train\images\sewage_defect_detection_002317.jpg,train/images/sewage_defect_detection_002317.jpg,D:\Study Material\Sem VI\Projects\PBL2\RoadEye\dataset_crack\final_dataset_v5\train\labels\sewage_defect_detection_002317.txt,1,1
train,D:\Study Material\Sem VI\Projects\PBL2\RoadEye\dataset_crack\final_dataset_v5\train\images\sewage_defect_detection_002339.jpg,train/images/sewage_defect_detection_002339.jpg,D:\Study Material\Sem VI\Projects\PBL2\RoadEye\dataset_crack\final_dataset_v5\train\labels\sewage_defect_detection_002339.txt,1,0
train,D:\Study Material\Sem VI\Projects\PBL2\RoadEye\dataset_crack\final_dataset_v5\train\images\sewage_defect_detection_002400.jpg,train/images/sewage_defect_detection_002400.jpg,D:\Study Material\Sem VI\Projects\PBL2\RoadEye\dataset_crack\final_dataset_v5\train\labels\sewage_defect_detection_002400.txt,2,0
train,D:\Study Material\Sem VI\Projects\PBL2\RoadEye\dataset_crack\final_dataset_v5\train\images\sewage_defect_detection_002439.jpg,train/images/sewage_defect_detection_002439.jpg,D:\Study Material\Sem VI\Projects\PBL2\RoadEye\dataset_crack\final_dataset_v5\train\labels\sewage_defect_detection_002439.txt,1,1
train,D:\Study Material\Sem VI\Projects\PBL2\RoadEye\dataset_crack\final_dataset_v5\train\images\sewage_defect_detection_002457.jpg,train/images/sewage_defect_detection_002457.jpg,D:\Study Material\Sem VI\Projects\PBL2\RoadEye\dataset_crack\final_dataset_v5\train\labels\sewage_defect_detection_002457.txt,2,0
train,D:\Study Material\Sem VI\Projects\PBL2\RoadEye\dataset_crack\final_dataset_v5\train\images\sewage_defect_detection_002474.jpg,train/images/sewage_defect_detection_002474.jpg,D:\Study Material\Sem VI\Projects\PBL2\RoadEye\dataset_crack\final_dataset_v5\train\labels\sewage_defect_detection_002474.txt,1,0
train,D:\Study Material\Sem VI\Projects\PBL2\RoadEye\dataset_crack\final_dataset_v5\train\images\sewage_defect_detection_002488.jpg,train/images/sewage_defect_detection_002488.jpg,D:\Study Material\Sem VI\Projects\PBL2\RoadEye\dataset_crack\final_dataset_v5\train\labels\sewage_defect_detection_002488.txt,3,0
train,D:\Study Material\Sem VI\Projects\PBL2\RoadEye\dataset_crack\final_dataset_v5\train\images\sewage_defect_detection_002497.jpg,train/images/sewage_defect_detection_002497.jpg,D:\Study Material\Sem VI\Projects\PBL2\RoadEye\dataset_crack\final_dataset_v5\train\labels\sewage_defect_detection_002497.txt,2,2
train,D:\Study Material\Sem VI\Projects\PBL2\RoadEye\dataset_crack\final_dataset_v5\train\images\sewage_defect_detection_002546.jpg,train/images/sewage_defect_detection_002546.jpg,D:\Study Material\Sem VI\Projects\PBL2\RoadEye\dataset_crack\final_dataset_v5\train\labels\sewage_defect_detection_002546.txt,2,0
train,D:\Study Material\Sem VI\Projects\PBL2\RoadEye\dataset_crack\final_dataset_v5\train\images\sewage_defect_detection_002554.jpg,train/images/sewage_defect_detection_002554.jpg,D:\Study Material\Sem VI\Projects\PBL2\RoadEye\dataset_crack\final_dataset_v5\train\labels\sewage_defect_detection_002554.txt,1,0
train,D:\Study Material\Sem VI\Projects\PBL2\RoadEye\dataset_crack\final_dataset_v5\train\images\sewage_defect_detection_002555.jpg,train/images/sewage_defect_detection_002555.jpg,D:\Study Material\Sem VI\Projects\PBL2\RoadEye\dataset_crack\final_dataset_v5\train\labels\sewage_defect_detection_002555.txt,0,1
train,D:\Study Material\Sem VI\Projects\PBL2\RoadEye\dataset_crack\final_dataset_v5\train\images\sewage_defect_detection_002585.jpg,train/images/sewage_defect_detection_002585.jpg,D:\Study Material\Sem VI\Projects\PBL2\RoadEye\dataset_crack\final_dataset_v5\train\labels\sewage_defect_detection_002585.txt,2,1
train,D:\Study Material\Sem VI\Projects\PBL2\RoadEye\dataset_crack\final_dataset_v5\train\images\sewage_defect_detection_002605.jpg,train/images/sewage_defect_detection_002605.jpg,D:\Study Material\Sem VI\Projects\PBL2\RoadEye\dataset_crack\final_dataset_v5\train\labels\sewage_defect_detection_002605.txt,2,1
train,D:\Study Material\Sem VI\Projects\PBL2\RoadEye\dataset_crack\final_dataset_v5\train\images\sewage_defect_detection_002615.jpg,train/images/sewage_defect_detection_002615.jpg,D:\Study Material\Sem VI\Projects\PBL2\RoadEye\dataset_crack\final_dataset_v5\train\labels\sewage_defect_detection_002615.txt,1,0
train,D:\Study Material\Sem VI\Projects\PBL2\RoadEye\dataset_crack\final_dataset_v5\train\images\sewage_defect_detection_002617.jpg,train/images/sewage_defect_detection_002617.jpg,D:\Study Material\Sem VI\Projects\PBL2\RoadEye\dataset_crack\final_dataset_v5\train\labels\sewage_defect_detection_002617.txt,1,0
train,D:\Study Material\Sem VI\Projects\PBL2\RoadEye\dataset_crack\final_dataset_v5\train\images\sewage_defect_detection_002629.jpg,train/images/sewage_defect_detection_002629.jpg,D:\Study Material\Sem VI\Projects\PBL2\RoadEye\dataset_crack\final_dataset_v5\train\labels\sewage_defect_detection_002629.txt,2,3
train,D:\Study Material\Sem VI\Projects\PBL2\RoadEye\dataset_crack\final_dataset_v5\train\images\sewage_defect_detection_002679.jpg,train/images/sewage_defect_detection_002679.jpg,D:\Study Material\Sem VI\Projects\PBL2\RoadEye\dataset_crack\final_dataset_v5\train\labels\sewage_defect_detection_002679.txt,2,0
train,D:\Study Material\Sem VI\Projects\PBL2\RoadEye\dataset_crack\final_dataset_v5\train\images\sewage_defect_detection_002680.jpg,train/images/sewage_defect_detection_002680.jpg,D:\Study Material\Sem VI\Projects\PBL2\RoadEye\dataset_crack\final_dataset_v5\train\labels\sewage_defect_detection_002680.txt,2,3
train,D:\Study Material\Sem VI\Projects\PBL2\RoadEye\dataset_crack\final_dataset_v5\train\images\sewage_defect_detection_002682.jpg,train/images/sewage_defect_detection_002682.jpg,D:\Study Material\Sem VI\Projects\PBL2\RoadEye\dataset_crack\final_dataset_v5\train\labels\sewage_defect_detection_002682.txt,0,1
train,D:\Study Material\Sem VI\Projects\PBL2\RoadEye\dataset_crack\final_dataset_v5\train\images\sewage_defect_detection_002731.jpg,train/images/sewage_defect_detection_002731.jpg,D:\Study Material\Sem VI\Projects\PBL2\RoadEye\dataset_crack\final_dataset_v5\train\labels\sewage_defect_detection_002731.txt,1,0
train,D:\Study Material\Sem VI\Projects\PBL2\RoadEye\dataset_crack\final_dataset_v5\train\images\sewage_defect_detection_002735.jpg,train/images/sewage_defect_detection_002735.jpg,D:\Study Material\Sem VI\Projects\PBL2\RoadEye\dataset_crack\final_dataset_v5\train\labels\sewage_defect_detection_002735.txt,4,0
train,D:\Study Material\Sem VI\Projects\PBL2\RoadEye\dataset_crack\final_dataset_v5\train\images\sewage_defect_detection_002760.jpg,train/images/sewage_defect_detection_002760.jpg,D:\Study Material\Sem VI\Projects\PBL2\RoadEye\dataset_crack\final_dataset_v5\train\labels\sewage_defect_detection_002760.txt,1,0
train,D:\Study Material\Sem VI\Projects\PBL2\RoadEye\dataset_crack\final_dataset_v5\train\images\sewage_defect_detection_002843.jpg,train/images/sewage_defect_detection_002843.jpg,D:\Study Material\Sem VI\Projects\PBL2\RoadEye\dataset_crack\final_dataset_v5\train\labels\sewage_defect_detection_002843.txt,1,0
train,D:\Study Material\Sem VI\Projects\PBL2\RoadEye\dataset_crack\final_dataset_v5\train\images\sewage_defect_detection_002846.jpg,train/images/sewage_defect_detection_002846.jpg,D:\Study Material\Sem VI\Projects\PBL2\RoadEye\dataset_crack\final_dataset_v5\train\labels\sewage_defect_detection_002846.txt,1,0
train,D:\Study Material\Sem VI\Projects\PBL2\RoadEye\dataset_crack\final_dataset_v5\train\images\sewage_defect_detection_002861.jpg,train/images/sewage_defect_detection_002861.jpg,D:\Study Material\Sem VI\Projects\PBL2\RoadEye\dataset_crack\final_dataset_v5\train\labels\sewage_defect_detection_002861.txt,1,0
train,D:\Study Material\Sem VI\Projects\PBL2\RoadEye\dataset_crack\final_dataset_v5\train\images\sewage_defect_detection_002895.jpg,train/images/sewage_defect_detection_002895.jpg,D:\Study Material\Sem VI\Projects\PBL2\RoadEye\dataset_crack\final_dataset_v5\train\labels\sewage_defect_detection_002895.txt,1,0
train,D:\Study Material\Sem VI\Projects\PBL2\RoadEye\dataset_crack\final_dataset_v5\train\images\sewage_defect_detection_002949.jpg,train/images/sewage_defect_detection_002949.jpg,D:\Study Material\Sem VI\Projects\PBL2\RoadEye\dataset_crack\final_dataset_v5\train\labels\sewage_defect_detection_002949.txt,1,0
train,D:\Study Material\Sem VI\Projects\PBL2\RoadEye\dataset_crack\final_dataset_v5\train\images\sewage_defect_detection_002975.jpg,train/images/sewage_defect_detection_002975.jpg,D:\Study Material\Sem VI\Projects\PBL2\RoadEye\dataset_crack\final_dataset_v5\train\labels\sewage_defect_detection_002975.txt,1,1
train,D:\Study Material\Sem VI\Projects\PBL2\RoadEye\dataset_crack\final_dataset_v5\train\images\sewage_defect_detection_002983.jpg,train/images/sewage_defect_detection_002983.jpg,D:\Study Material\Sem VI\Projects\PBL2\RoadEye\dataset_crack\final_dataset_v5\train\labels\sewage_defect_detection_002983.txt,1,0
train,D:\Study Material\Sem VI\Projects\PBL2\RoadEye\dataset_crack\final_dataset_v5\train\images\sewage_defect_detection_002984.jpg,train/images/sewage_defect_detection_002984.jpg,D:\Study Material\Sem VI\Projects\PBL2\RoadEye\dataset_crack\final_dataset_v5\train\labels\sewage_defect_detection_002984.txt,1,0
train,D:\Study Material\Sem VI\Projects\PBL2\RoadEye\dataset_crack\final_dataset_v5\train\images\sewage_defect_detection_002994.jpg,train/images/sewage_defect_detection_002994.jpg,D:\Study Material\Sem VI\Projects\PBL2\RoadEye\dataset_crack\final_dataset_v5\train\labels\sewage_defect_detection_002994.txt,1,7
train,D:\Study Material\Sem VI\Projects\PBL2\RoadEye\dataset_crack\final_dataset_v5\train\images\sewage_defect_detection_003009.jpg,train/images/sewage_defect_detection_003009.jpg,D:\Study Material\Sem VI\Projects\PBL2\RoadEye\dataset_crack\final_dataset_v5\train\labels\sewage_defect_detection_003009.txt,1,2
train,D:\Study Material\Sem VI\Projects\PBL2\RoadEye\dataset_crack\final_dataset_v5\train\images\sewage_defect_detection_003020.jpg,train/images/sewage_defect_detection_003020.jpg,D:\Study Material\Sem VI\Projects\PBL2\RoadEye\dataset_crack\final_dataset_v5\train\labels\sewage_defect_detection_003020.txt,1,0
train,D:\Study Material\Sem VI\Projects\PBL2\RoadEye\dataset_crack\final_dataset_v5\train\images\sewage_defect_detection_003034.jpg,train/images/sewage_defect_detection_003034.jpg,D:\Study Material\Sem VI\Projects\PBL2\RoadEye\dataset_crack\final_dataset_v5\train\labels\sewage_defect_detection_003034.txt,1,0
train,D:\Study Material\Sem VI\Projects\PBL2\RoadEye\dataset_crack\final_dataset_v5\train\images\sewage_defect_detection_003048.jpg,train/images/sewage_defect_detection_003048.jpg,D:\Study Material\Sem VI\Projects\PBL2\RoadEye\dataset_crack\final_dataset_v5\train\labels\sewage_defect_detection_003048.txt,2,0
train,D:\Study Material\Sem VI\Projects\PBL2\RoadEye\dataset_crack\final_dataset_v5\train\images\sewage_defect_detection_003058.jpg,train/images/sewage_defect_detection_003058.jpg,D:\Study Material\Sem VI\Projects\PBL2\RoadEye\dataset_crack\final_dataset_v5\train\labels\sewage_defect_detection_003058.txt,1,1
train,D:\Study Material\Sem VI\Projects\PBL2\RoadEye\dataset_crack\final_dataset_v5\train\images\sewage_defect_detection_003095.jpg,train/images/sewage_defect_detection_003095.jpg,D:\Study Material\Sem VI\Projects\PBL2\RoadEye\dataset_crack\final_dataset_v5\train\labels\sewage_defect_detection_003095.txt,1,0
train,D:\Study Material\Sem VI\Projects\PBL2\RoadEye\dataset_crack\final_dataset_v5\train\images\sewage_defect_detection_003115.jpg,train/images/sewage_defect_detection_003115.jpg,D:\Study Material\Sem VI\Projects\PBL2\RoadEye\dataset_crack\final_dataset_v5\train\labels\sewage_defect_detection_003115.txt,3,3
train,D:\Study Material\Sem VI\Projects\PBL2\RoadEye\dataset_crack\final_dataset_v5\train\images\sewage_defect_detection_003118.jpg,train/images/sewage_defect_detection_003118.jpg,D:\Study Material\Sem VI\Projects\PBL2\RoadEye\dataset_crack\final_dataset_v5\train\labels\sewage_defect_detection_003118.txt,3,0
train,D:\Study Material\Sem VI\Projects\PBL2\RoadEye\dataset_crack\final_dataset_v5\train\images\sewage_defect_detection_003124.jpg,train/images/sewage_defect_detection_003124.jpg,D:\Study Material\Sem VI\Projects\PBL2\RoadEye\dataset_crack\final_dataset_v5\train\labels\sewage_defect_detection_003124.txt,1,0
train,D:\Study Material\Sem VI\Projects\PBL2\RoadEye\dataset_crack\final_dataset_v5\train\images\sewage_defect_detection_003126.jpg,train/images/sewage_defect_detection_003126.jpg,D:\Study Material\Sem VI\Projects\PBL2\RoadEye\dataset_crack\final_dataset_v5\train\labels\sewage_defect_detection_003126.txt,2,1
train,D:\Study Material\Sem VI\Projects\PBL2\RoadEye\dataset_crack\final_dataset_v5\train\images\sewage_defect_detection_003182.jpg,train/images/sewage_defect_detection_003182.jpg,D:\Study Material\Sem VI\Projects\PBL2\RoadEye\dataset_crack\final_dataset_v5\train\labels\sewage_defect_detection_003182.txt,1,0
train,D:\Study Material\Sem VI\Projects\PBL2\RoadEye\dataset_crack\final_dataset_v5\train\images\sewage_defect_detection_003216.jpg,train/images/sewage_defect_detection_003216.jpg,D:\Study Material\Sem VI\Projects\PBL2\RoadEye\dataset_crack\final_dataset_v5\train\labels\sewage_defect_detection_003216.txt,1,0
train,D:\Study Material\Sem VI\Projects\PBL2\RoadEye\dataset_crack\final_dataset_v5\train\images\sewage_defect_detection_003233.jpg,train/images/sewage_defect_detection_003233.jpg,D:\Study Material\Sem VI\Projects\PBL2\RoadEye\dataset_crack\final_dataset_v5\train\labels\sewage_defect_detection_003233.txt,1,3
train,D:\Study Material\Sem VI\Projects\PBL2\RoadEye\dataset_crack\final_dataset_v5\train\images\sewage_defect_detection_003253.jpg,train/images/sewage_defect_detection_003253.jpg,D:\Study Material\Sem VI\Projects\PBL2\RoadEye\dataset_crack\final_dataset_v5\train\labels\sewage_defect_detection_003253.txt,3,1
train,D:\Study Material\Sem VI\Projects\PBL2\RoadEye\dataset_crack\final_dataset_v5\train\images\sewage_defect_detection_003262.jpg,train/images/sewage_defect_detection_003262.jpg,D:\Study Material\Sem VI\Projects\PBL2\RoadEye\dataset_crack\final_dataset_v5\train\labels\sewage_defect_detection_003262.txt,0,2
train,D:\Study Material\Sem VI\Projects\PBL2\RoadEye\dataset_crack\final_dataset_v5\train\images\sewage_defect_detection_003266.jpg,train/images/sewage_defect_detection_003266.jpg,D:\Study Material\Sem VI\Projects\PBL2\RoadEye\dataset_crack\final_dataset_v5\train\labels\sewage_defect_detection_003266.txt,4,1
train,D:\Study Material\Sem VI\Projects\PBL2\RoadEye\dataset_crack\final_dataset_v5\train\images\sewage_defect_detection_003289.jpg,train/images/sewage_defect_detection_003289.jpg,D:\Study Material\Sem VI\Projects\PBL2\RoadEye\dataset_crack\final_dataset_v5\train\labels\sewage_defect_detection_003289.txt,1,1
train,D:\Study Material\Sem VI\Projects\PBL2\RoadEye\dataset_crack\final_dataset_v5\train\images\sewage_defect_detection_003309.jpg,train/images/sewage_defect_detection_003309.jpg,D:\Study Material\Sem VI\Projects\PBL2\RoadEye\dataset_crack\final_dataset_v5\train\labels\sewage_defect_detection_003309.txt,2,0
train,D:\Study Material\Sem VI\Projects\PBL2\RoadEye\dataset_crack\final_dataset_v5\train\images\sewage_defect_detection_003411.jpg,train/images/sewage_defect_detection_003411.jpg,D:\Study Material\Sem VI\Projects\PBL2\RoadEye\dataset_crack\final_dataset_v5\train\labels\sewage_defect_detection_003411.txt,5,5
train,D:\Study Material\Sem VI\Projects\PBL2\RoadEye\dataset_crack\final_dataset_v5\train\images\sewage_defect_detection_003425.jpg,train/images/sewage_defect_detection_003425.jpg,D:\Study Material\Sem VI\Projects\PBL2\RoadEye\dataset_crack\final_dataset_v5\train\labels\sewage_defect_detection_003425.txt,1,0
train,D:\Study Material\Sem VI\Projects\PBL2\RoadEye\dataset_crack\final_dataset_v5\train\images\sewage_defect_detection_003436.jpg,train/images/sewage_defect_detection_003436.jpg,D:\Study Material\Sem VI\Projects\PBL2\RoadEye\dataset_crack\final_dataset_v5\train\labels\sewage_defect_detection_003436.txt,1,0
train,D:\Study Material\Sem VI\Projects\PBL2\RoadEye\dataset_crack\final_dataset_v5\train\images\sewage_defect_detection_003456.jpg,train/images/sewage_defect_detection_003456.jpg,D:\Study Material\Sem VI\Projects\PBL2\RoadEye\dataset_crack\final_dataset_v5\train\labels\sewage_defect_detection_003456.txt,3,1
train,D:\Study Material\Sem VI\Projects\PBL2\RoadEye\dataset_crack\final_dataset_v5\train\images\sewage_defect_detection_003459.jpg,train/images/sewage_defect_detection_003459.jpg,D:\Study Material\Sem VI\Projects\PBL2\RoadEye\dataset_crack\final_dataset_v5\train\labels\sewage_defect_detection_003459.txt,1,2
train,D:\Study Material\Sem VI\Projects\PBL2\RoadEye\dataset_crack\final_dataset_v5\train\images\sewage_defect_detection_003464.jpg,train/images/sewage_defect_detection_003464.jpg,D:\Study Material\Sem VI\Projects\PBL2\RoadEye\dataset_crack\final_dataset_v5\train\labels\sewage_defect_detection_003464.txt,0,1
train,D:\Study Material\Sem VI\Projects\PBL2\RoadEye\dataset_crack\final_dataset_v5\train\images\sewage_defect_detection_003469.jpg,train/images/sewage_defect_detection_003469.jpg,D:\Study Material\Sem VI\Projects\PBL2\RoadEye\dataset_crack\final_dataset_v5\train\labels\sewage_defect_detection_003469.txt,1,0
train,D:\Study Material\Sem VI\Projects\PBL2\RoadEye\dataset_crack\final_dataset_v5\train\images\sewage_defect_detection_003475.jpg,train/images/sewage_defect_detection_003475.jpg,D:\Study Material\Sem VI\Projects\PBL2\RoadEye\dataset_crack\final_dataset_v5\train\labels\sewage_defect_detection_003475.txt,2,0
train,D:\Study Material\Sem VI\Projects\PBL2\RoadEye\dataset_crack\final_dataset_v5\train\images\sewage_defect_detection_003488.jpg,train/images/sewage_defect_detection_003488.jpg,D:\Study Material\Sem VI\Projects\PBL2\RoadEye\dataset_crack\final_dataset_v5\train\labels\sewage_defect_detection_003488.txt,1,0
train,D:\Study Material\Sem VI\Projects\PBL2\RoadEye\dataset_crack\final_dataset_v5\train\images\sewage_defect_detection_003492.jpg,train/images/sewage_defect_detection_003492.jpg,D:\Study Material\Sem VI\Projects\PBL2\RoadEye\dataset_crack\final_dataset_v5\train\labels\sewage_defect_detection_003492.txt,1,0
train,D:\Study Material\Sem VI\Projects\PBL2\RoadEye\dataset_crack\final_dataset_v5\train\images\sewage_defect_detection_003504.jpg,train/images/sewage_defect_detection_003504.jpg,D:\Study Material\Sem VI\Projects\PBL2\RoadEye\dataset_crack\final_dataset_v5\train\labels\sewage_defect_detection_003504.txt,2,2
train,D:\Study Material\Sem VI\Projects\PBL2\RoadEye\dataset_crack\final_dataset_v5\train\images\sewage_defect_detection_003509.jpg,train/images/sewage_defect_detection_003509.jpg,D:\Study Material\Sem VI\Projects\PBL2\RoadEye\dataset_crack\final_dataset_v5\train\labels\sewage_defect_detection_003509.txt,0,1
train,D:\Study Material\Sem VI\Projects\PBL2\RoadEye\dataset_crack\final_dataset_v5\train\images\sewage_defect_detection_003522.jpg,train/images/sewage_defect_detection_003522.jpg,D:\Study Material\Sem VI\Projects\PBL2\RoadEye\dataset_crack\final_dataset_v5\train\labels\sewage_defect_detection_003522.txt,2,0
train,D:\Study Material\Sem VI\Projects\PBL2\RoadEye\dataset_crack\final_dataset_v5\train\images\sewage_defect_detection_003532.jpg,train/images/sewage_defect_detection_003532.jpg,D:\Study Material\Sem VI\Projects\PBL2\RoadEye\dataset_crack\final_dataset_v5\train\labels\sewage_defect_detection_003532.txt,1,0
train,D:\Study Material\Sem VI\Projects\PBL2\RoadEye\dataset_crack\final_dataset_v5\train\images\sewage_defect_detection_003557.jpg,train/images/sewage_defect_detection_003557.jpg,D:\Study Material\Sem VI\Projects\PBL2\RoadEye\dataset_crack\final_dataset_v5\train\labels\sewage_defect_detection_003557.txt,2,6
train,D:\Study Material\Sem VI\Projects\PBL2\RoadEye\dataset_crack\final_dataset_v5\train\images\sewage_defect_detection_003575.jpg,train/images/sewage_defect_detection_003575.jpg,D:\Study Material\Sem VI\Projects\PBL2\RoadEye\dataset_crack\final_dataset_v5\train\labels\sewage_defect_detection_003575.txt,2,0
train,D:\Study Material\Sem VI\Projects\PBL2\RoadEye\dataset_crack\final_dataset_v5\train\images\sewage_defect_detection_003588.jpg,train/images/sewage_defect_detection_003588.jpg,D:\Study Material\Sem VI\Projects\PBL2\RoadEye\dataset_crack\final_dataset_v5\train\labels\sewage_defect_detection_003588.txt,2,0
train,D:\Study Material\Sem VI\Projects\PBL2\RoadEye\dataset_crack\final_dataset_v5\train\images\sewage_defect_detection_003623.jpg,train/images/sewage_defect_detection_003623.jpg,D:\Study Material\Sem VI\Projects\PBL2\RoadEye\dataset_crack\final_dataset_v5\train\labels\sewage_defect_detection_003623.txt,1,0
train,D:\Study Material\Sem VI\Projects\PBL2\RoadEye\dataset_crack\final_dataset_v5\train\images\sewage_defect_detection_003738.jpg,train/images/sewage_defect_detection_003738.jpg,D:\Study Material\Sem VI\Projects\PBL2\RoadEye\dataset_crack\final_dataset_v5\train\labels\sewage_defect_detection_003738.txt,2,0
train,D:\Study Material\Sem VI\Projects\PBL2\RoadEye\dataset_crack\final_dataset_v5\train\images\sewage_defect_detection_003764.jpg,train/images/sewage_defect_detection_003764.jpg,D:\Study Material\Sem VI\Projects\PBL2\RoadEye\dataset_crack\final_dataset_v5\train\labels\sewage_defect_detection_003764.txt,1,2
train,D:\Study Material\Sem VI\Projects\PBL2\RoadEye\dataset_crack\final_dataset_v5\train\images\sewage_defect_detection_003765.jpg,train/images/sewage_defect_detection_003765.jpg,D:\Study Material\Sem VI\Projects\PBL2\RoadEye\dataset_crack\final_dataset_v5\train\labels\sewage_defect_detection_003765.txt,1,0
train,D:\Study Material\Sem VI\Projects\PBL2\RoadEye\dataset_crack\final_dataset_v5\train\images\sewage_defect_detection_003796.jpg,train/images/sewage_defect_detection_003796.jpg,D:\Study Material\Sem VI\Projects\PBL2\RoadEye\dataset_crack\final_dataset_v5\train\labels\sewage_defect_detection_003796.txt,1,0
train,D:\Study Material\Sem VI\Projects\PBL2\RoadEye\dataset_crack\final_dataset_v5\train\images\sewage_defect_detection_003825.jpg,train/images/sewage_defect_detection_003825.jpg,D:\Study Material\Sem VI\Projects\PBL2\RoadEye\dataset_crack\final_dataset_v5\train\labels\sewage_defect_detection_003825.txt,1,0
train,D:\Study Material\Sem VI\Projects\PBL2\RoadEye\dataset_crack\final_dataset_v5\train\images\sewage_defect_detection_003864.jpg,train/images/sewage_defect_detection_003864.jpg,D:\Study Material\Sem VI\Projects\PBL2\RoadEye\dataset_crack\final_dataset_v5\train\labels\sewage_defect_detection_003864.txt,1,0
train,D:\Study Material\Sem VI\Projects\PBL2\RoadEye\dataset_crack\final_dataset_v5\train\images\sewage_defect_detection_003889.jpg,train/images/sewage_defect_detection_003889.jpg,D:\Study Material\Sem VI\Projects\PBL2\RoadEye\dataset_crack\final_dataset_v5\train\labels\sewage_defect_detection_003889.txt,1,0
train,D:\Study Material\Sem VI\Projects\PBL2\RoadEye\dataset_crack\final_dataset_v5\train\images\sewage_defect_detection_003896.jpg,train/images/sewage_defect_detection_003896.jpg,D:\Study Material\Sem VI\Projects\PBL2\RoadEye\dataset_crack\final_dataset_v5\train\labels\sewage_defect_detection_003896.txt,1,0
train,D:\Study Material\Sem VI\Projects\PBL2\RoadEye\dataset_crack\final_dataset_v5\train\images\sewage_defect_detection_003941.jpg,train/images/sewage_defect_detection_003941.jpg,D:\Study Material\Sem VI\Projects\PBL2\RoadEye\dataset_crack\final_dataset_v5\train\labels\sewage_defect_detection_003941.txt,2,1
train,D:\Study Material\Sem VI\Projects\PBL2\RoadEye\dataset_crack\final_dataset_v5\train\images\sewage_defect_detection_003965.jpg,train/images/sewage_defect_detection_003965.jpg,D:\Study Material\Sem VI\Projects\PBL2\RoadEye\dataset_crack\final_dataset_v5\train\labels\sewage_defect_detection_003965.txt,1,2
train,D:\Study Material\Sem VI\Projects\PBL2\RoadEye\dataset_crack\final_dataset_v5\train\images\sewage_defect_detection_003996.jpg,train/images/sewage_defect_detection_003996.jpg,D:\Study Material\Sem VI\Projects\PBL2\RoadEye\dataset_crack\final_dataset_v5\train\labels\sewage_defect_detection_003996.txt,1,0
train,D:\Study Material\Sem VI\Projects\PBL2\RoadEye\dataset_crack\final_dataset_v5\train\images\sewage_defect_detection_004029.jpg,train/images/sewage_defect_detection_004029.jpg,D:\Study Material\Sem VI\Projects\PBL2\RoadEye\dataset_crack\final_dataset_v5\train\labels\sewage_defect_detection_004029.txt,2,0
train,D:\Study Material\Sem VI\Projects\PBL2\RoadEye\dataset_crack\final_dataset_v5\train\images\sewage_defect_detection_004038.jpg,train/images/sewage_defect_detection_004038.jpg,D:\Study Material\Sem VI\Projects\PBL2\RoadEye\dataset_crack\final_dataset_v5\train\labels\sewage_defect_detection_004038.txt,3,3
train,D:\Study Material\Sem VI\Projects\PBL2\RoadEye\dataset_crack\final_dataset_v5\train\images\sewage_defect_detection_004073.jpg,train/images/sewage_defect_detection_004073.jpg,D:\Study Material\Sem VI\Projects\PBL2\RoadEye\dataset_crack\final_dataset_v5\train\labels\sewage_defect_detection_004073.txt,2,1
train,D:\Study Material\Sem VI\Projects\PBL2\RoadEye\dataset_crack\final_dataset_v5\train\images\sewage_defect_detection_004081.jpg,train/images/sewage_defect_detection_004081.jpg,D:\Study Material\Sem VI\Projects\PBL2\RoadEye\dataset_crack\final_dataset_v5\train\labels\sewage_defect_detection_004081.txt,3,0
train,D:\Study Material\Sem VI\Projects\PBL2\RoadEye\dataset_crack\final_dataset_v5\train\images\sewage_defect_detection_004101.jpg,train/images/sewage_defect_detection_004101.jpg,D:\Study Material\Sem VI\Projects\PBL2\RoadEye\dataset_crack\final_dataset_v5\train\labels\sewage_defect_detection_004101.txt,3,3
train,D:\Study Material\Sem VI\Projects\PBL2\RoadEye\dataset_crack\final_dataset_v5\train\images\sewage_defect_detection_004144.jpg,train/images/sewage_defect_detection_004144.jpg,D:\Study Material\Sem VI\Projects\PBL2\RoadEye\dataset_crack\final_dataset_v5\train\labels\sewage_defect_detection_004144.txt,2,3
train,D:\Study Material\Sem VI\Projects\PBL2\RoadEye\dataset_crack\final_dataset_v5\train\images\sewage_defect_detection_004145.jpg,train/images/sewage_defect_detection_004145.jpg,D:\Study Material\Sem VI\Projects\PBL2\RoadEye\dataset_crack\final_dataset_v5\train\labels\sewage_defect_detection_004145.txt,1,0
train,D:\Study Material\Sem VI\Projects\PBL2\RoadEye\dataset_crack\final_dataset_v5\train\images\sewage_defect_detection_004157.jpg,train/images/sewage_defect_detection_004157.jpg,D:\Study Material\Sem VI\Projects\PBL2\RoadEye\dataset_crack\final_dataset_v5\train\labels\sewage_defect_detection_004157.txt,0,2
train,D:\Study Material\Sem VI\Projects\PBL2\RoadEye\dataset_crack\final_dataset_v5\train\images\sewage_defect_detection_004164.jpg,train/images/sewage_defect_detection_004164.jpg,D:\Study Material\Sem VI\Projects\PBL2\RoadEye\dataset_crack\final_dataset_v5\train\labels\sewage_defect_detection_004164.txt,2,1
train,D:\Study Material\Sem VI\Projects\PBL2\RoadEye\dataset_crack\final_dataset_v5\train\images\sewage_defect_detection_004168.jpg,train/images/sewage_defect_detection_004168.jpg,D:\Study Material\Sem VI\Projects\PBL2\RoadEye\dataset_crack\final_dataset_v5\train\labels\sewage_defect_detection_004168.txt,1,0
train,D:\Study Material\Sem VI\Projects\PBL2\RoadEye\dataset_crack\final_dataset_v5\train\images\sewage_defect_detection_004180.jpg,train/images/sewage_defect_detection_004180.jpg,D:\Study Material\Sem VI\Projects\PBL2\RoadEye\dataset_crack\final_dataset_v5\train\labels\sewage_defect_detection_004180.txt,1,0
train,D:\Study Material\Sem VI\Projects\PBL2\RoadEye\dataset_crack\final_dataset_v5\train\images\sewage_defect_detection_004203.jpg,train/images/sewage_defect_detection_004203.jpg,D:\Study Material\Sem VI\Projects\PBL2\RoadEye\dataset_crack\final_dataset_v5\train\labels\sewage_defect_detection_004203.txt,1,3
train,D:\Study Material\Sem VI\Projects\PBL2\RoadEye\dataset_crack\final_dataset_v5\train\images\sewage_defect_detection_004211.jpg,train/images/sewage_defect_detection_004211.jpg,D:\Study Material\Sem VI\Projects\PBL2\RoadEye\dataset_crack\final_dataset_v5\train\labels\sewage_defect_detection_004211.txt,1,3
train,D:\Study Material\Sem VI\Projects\PBL2\RoadEye\dataset_crack\final_dataset_v5\train\images\sewage_defect_detection_004213.jpg,train/images/sewage_defect_detection_004213.jpg,D:\Study Material\Sem VI\Projects\PBL2\RoadEye\dataset_crack\final_dataset_v5\train\labels\sewage_defect_detection_004213.txt,2,0
train,D:\Study Material\Sem VI\Projects\PBL2\RoadEye\dataset_crack\final_dataset_v5\train\images\sewage_defect_detection_004246.jpg,train/images/sewage_defect_detection_004246.jpg,D:\Study Material\Sem VI\Projects\PBL2\RoadEye\dataset_crack\final_dataset_v5\train\labels\sewage_defect_detection_004246.txt,1,1
train,D:\Study Material\Sem VI\Projects\PBL2\RoadEye\dataset_crack\final_dataset_v5\train\images\sewage_defect_detection_004256.jpg,train/images/sewage_defect_detection_004256.jpg,D:\Study Material\Sem VI\Projects\PBL2\RoadEye\dataset_crack\final_dataset_v5\train\labels\sewage_defect_detection_004256.txt,1,1
train,D:\Study Material\Sem VI\Projects\PBL2\RoadEye\dataset_crack\final_dataset_v5\train\images\sewage_defect_detection_004260.jpg,train/images/sewage_defect_detection_004260.jpg,D:\Study Material\Sem VI\Projects\PBL2\RoadEye\dataset_crack\final_dataset_v5\train\labels\sewage_defect_detection_004260.txt,2,2
train,D:\Study Material\Sem VI\Projects\PBL2\RoadEye\dataset_crack\final_dataset_v5\train\images\sewage_defect_detection_004288.jpg,train/images/sewage_defect_detection_004288.jpg,D:\Study Material\Sem VI\Projects\PBL2\RoadEye\dataset_crack\final_dataset_v5\train\labels\sewage_defect_detection_004288.txt,1,0
train,D:\Study Material\Sem VI\Projects\PBL2\RoadEye\dataset_crack\final_dataset_v5\train\images\sewage_defect_detection_004328.jpg,train/images/sewage_defect_detection_004328.jpg,D:\Study Material\Sem VI\Projects\PBL2\RoadEye\dataset_crack\final_dataset_v5\train\labels\sewage_defect_detection_004328.txt,0,1
train,D:\Study Material\Sem VI\Projects\PBL2\RoadEye\dataset_crack\final_dataset_v5\train\images\sewage_defect_detection_004337.jpg,train/images/sewage_defect_detection_004337.jpg,D:\Study Material\Sem VI\Projects\PBL2\RoadEye\dataset_crack\final_dataset_v5\train\labels\sewage_defect_detection_004337.txt,1,5
train,D:\Study Material\Sem VI\Projects\PBL2\RoadEye\dataset_crack\final_dataset_v5\train\images\sewage_defect_detection_004368.jpg,train/images/sewage_defect_detection_004368.jpg,D:\Study Material\Sem VI\Projects\PBL2\RoadEye\dataset_crack\final_dataset_v5\train\labels\sewage_defect_detection_004368.txt,1,2
train,D:\Study Material\Sem VI\Projects\PBL2\RoadEye\dataset_crack\final_dataset_v5\train\images\sewage_defect_detection_004377.jpg,train/images/sewage_defect_detection_004377.jpg,D:\Study Material\Sem VI\Projects\PBL2\RoadEye\dataset_crack\final_dataset_v5\train\labels\sewage_defect_detection_004377.txt,1,0
train,D:\Study Material\Sem VI\Projects\PBL2\RoadEye\dataset_crack\final_dataset_v5\train\images\sewage_defect_detection_004420.jpg,train/images/sewage_defect_detection_004420.jpg,D:\Study Material\Sem VI\Projects\PBL2\RoadEye\dataset_crack\final_dataset_v5\train\labels\sewage_defect_detection_004420.txt,2,0
train,D:\Study Material\Sem VI\Projects\PBL2\RoadEye\dataset_crack\final_dataset_v5\train\images\sewage_defect_detection_004432.jpg,train/images/sewage_defect_detection_004432.jpg,D:\Study Material\Sem VI\Projects\PBL2\RoadEye\dataset_crack\final_dataset_v5\train\labels\sewage_defect_detection_004432.txt,0,1
train,D:\Study Material\Sem VI\Projects\PBL2\RoadEye\dataset_crack\final_dataset_v5\train\images\sewage_defect_detection_004436.jpg,train/images/sewage_defect_detection_004436.jpg,D:\Study Material\Sem VI\Projects\PBL2\RoadEye\dataset_crack\final_dataset_v5\train\labels\sewage_defect_detection_004436.txt,1,0
train,D:\Study Material\Sem VI\Projects\PBL2\RoadEye\dataset_crack\final_dataset_v5\train\images\sewage_defect_detection_004458.jpg,train/images/sewage_defect_detection_004458.jpg,D:\Study Material\Sem VI\Projects\PBL2\RoadEye\dataset_crack\final_dataset_v5\train\labels\sewage_defect_detection_004458.txt,0,1
train,D:\Study Material\Sem VI\Projects\PBL2\RoadEye\dataset_crack\final_dataset_v5\train\images\sewage_defect_detection_004473.jpg,train/images/sewage_defect_detection_004473.jpg,D:\Study Material\Sem VI\Projects\PBL2\RoadEye\dataset_crack\final_dataset_v5\train\labels\sewage_defect_detection_004473.txt,1,0
train,D:\Study Material\Sem VI\Projects\PBL2\RoadEye\dataset_crack\final_dataset_v5\train\images\sewage_defect_detection_004486.jpg,train/images/sewage_defect_detection_004486.jpg,D:\Study Material\Sem VI\Projects\PBL2\RoadEye\dataset_crack\final_dataset_v5\train\labels\sewage_defect_detection_004486.txt,1,0
train,D:\Study Material\Sem VI\Projects\PBL2\RoadEye\dataset_crack\final_dataset_v5\train\images\sewage_defect_detection_004551.jpg,train/images/sewage_defect_detection_004551.jpg,D:\Study Material\Sem VI\Projects\PBL2\RoadEye\dataset_crack\final_dataset_v5\train\labels\sewage_defect_detection_004551.txt,1,1
train,D:\Study Material\Sem VI\Projects\PBL2\RoadEye\dataset_crack\final_dataset_v5\train\images\sewage_defect_detection_004567.jpg,train/images/sewage_defect_detection_004567.jpg,D:\Study Material\Sem VI\Projects\PBL2\RoadEye\dataset_crack\final_dataset_v5\train\labels\sewage_defect_detection_004567.txt,1,3
train,D:\Study Material\Sem VI\Projects\PBL2\RoadEye\dataset_crack\final_dataset_v5\train\images\sewage_defect_detection_004569.jpg,train/images/sewage_defect_detection_004569.jpg,D:\Study Material\Sem VI\Projects\PBL2\RoadEye\dataset_crack\final_dataset_v5\train\labels\sewage_defect_detection_004569.txt,1,2
train,D:\Study Material\Sem VI\Projects\PBL2\RoadEye\dataset_crack\final_dataset_v5\train\images\sewage_defect_detection_004623.jpg,train/images/sewage_defect_detection_004623.jpg,D:\Study Material\Sem VI\Projects\PBL2\RoadEye\dataset_crack\final_dataset_v5\train\labels\sewage_defect_detection_004623.txt,1,0
train,D:\Study Material\Sem VI\Projects\PBL2\RoadEye\dataset_crack\final_dataset_v5\train\images\sewage_defect_detection_004639.jpg,train/images/sewage_defect_detection_004639.jpg,D:\Study Material\Sem VI\Projects\PBL2\RoadEye\dataset_crack\final_dataset_v5\train\labels\sewage_defect_detection_004639.txt,1,0
train,D:\Study Material\Sem VI\Projects\PBL2\RoadEye\dataset_crack\final_dataset_v5\train\images\sewage_defect_detection_004669.jpg,train/images/sewage_defect_detection_004669.jpg,D:\Study Material\Sem VI\Projects\PBL2\RoadEye\dataset_crack\final_dataset_v5\train\labels\sewage_defect_detection_004669.txt,1,0
train,D:\Study Material\Sem VI\Projects\PBL2\RoadEye\dataset_crack\final_dataset_v5\train\images\sewage_defect_detection_004672.jpg,train/images/sewage_defect_detection_004672.jpg,D:\Study Material\Sem VI\Projects\PBL2\RoadEye\dataset_crack\final_dataset_v5\train\labels\sewage_defect_detection_004672.txt,3,0
train,D:\Study Material\Sem VI\Projects\PBL2\RoadEye\dataset_crack\final_dataset_v5\train\images\sewage_defect_detection_004673.jpg,train/images/sewage_defect_detection_004673.jpg,D:\Study Material\Sem VI\Projects\PBL2\RoadEye\dataset_crack\final_dataset_v5\train\labels\sewage_defect_detection_004673.txt,1,1
train,D:\Study Material\Sem VI\Projects\PBL2\RoadEye\dataset_crack\final_dataset_v5\train\images\sewage_defect_detection_004681.jpg,train/images/sewage_defect_detection_004681.jpg,D:\Study Material\Sem VI\Projects\PBL2\RoadEye\dataset_crack\final_dataset_v5\train\labels\sewage_defect_detection_004681.txt,3,0
train,D:\Study Material\Sem VI\Projects\PBL2\RoadEye\dataset_crack\final_dataset_v5\train\images\sewage_defect_detection_004703.jpg,train/images/sewage_defect_detection_004703.jpg,D:\Study Material\Sem VI\Projects\PBL2\RoadEye\dataset_crack\final_dataset_v5\train\labels\sewage_defect_detection_004703.txt,2,0
train,D:\Study Material\Sem VI\Projects\PBL2\RoadEye\dataset_crack\final_dataset_v5\train\images\sewage_defect_detection_004727.jpg,train/images/sewage_defect_detection_004727.jpg,D:\Study Material\Sem VI\Projects\PBL2\RoadEye\dataset_crack\final_dataset_v5\train\labels\sewage_defect_detection_004727.txt,1,0
train,D:\Study Material\Sem VI\Projects\PBL2\RoadEye\dataset_crack\final_dataset_v5\train\images\sewage_defect_detection_004740.jpg,train/images/sewage_defect_detection_004740.jpg,D:\Study Material\Sem VI\Projects\PBL2\RoadEye\dataset_crack\final_dataset_v5\train\labels\sewage_defect_detection_004740.txt,2,0
train,D:\Study Material\Sem VI\Projects\PBL2\RoadEye\dataset_crack\final_dataset_v5\train\images\sewage_defect_detection_004753.jpg,train/images/sewage_defect_detection_004753.jpg,D:\Study Material\Sem VI\Projects\PBL2\RoadEye\dataset_crack\final_dataset_v5\train\labels\sewage_defect_detection_004753.txt,1,0
train,D:\Study Material\Sem VI\Projects\PBL2\RoadEye\dataset_crack\final_dataset_v5\train\images\sewage_defect_detection_004756.jpg,train/images/sewage_defect_detection_004756.jpg,D:\Study Material\Sem VI\Projects\PBL2\RoadEye\dataset_crack\final_dataset_v5\train\labels\sewage_defect_detection_004756.txt,1,0
train,D:\Study Material\Sem VI\Projects\PBL2\RoadEye\dataset_crack\final_dataset_v5\train\images\sewage_defect_detection_004761.jpg,train/images/sewage_defect_detection_004761.jpg,D:\Study Material\Sem VI\Projects\PBL2\RoadEye\dataset_crack\final_dataset_v5\train\labels\sewage_defect_detection_004761.txt,1,0
train,D:\Study Material\Sem VI\Projects\PBL2\RoadEye\dataset_crack\final_dataset_v5\train\images\sewage_defect_detection_004762.jpg,train/images/sewage_defect_detection_004762.jpg,D:\Study Material\Sem VI\Projects\PBL2\RoadEye\dataset_crack\final_dataset_v5\train\labels\sewage_defect_detection_004762.txt,1,1
train,D:\Study Material\Sem VI\Projects\PBL2\RoadEye\dataset_crack\final_dataset_v5\train\images\sewage_defect_detection_004779.jpg,train/images/sewage_defect_detection_004779.jpg,D:\Study Material\Sem VI\Projects\PBL2\RoadEye\dataset_crack\final_dataset_v5\train\labels\sewage_defect_detection_004779.txt,1,1
train,D:\Study Material\Sem VI\Projects\PBL2\RoadEye\dataset_crack\final_dataset_v5\train\images\sewage_defect_detection_004799.jpg,train/images/sewage_defect_detection_004799.jpg,D:\Study Material\Sem VI\Projects\PBL2\RoadEye\dataset_crack\final_dataset_v5\train\labels\sewage_defect_detection_004799.txt,1,4
train,D:\Study Material\Sem VI\Projects\PBL2\RoadEye\dataset_crack\final_dataset_v5\train\images\sewage_defect_detection_004800.jpg,train/images/sewage_defect_detection_004800.jpg,D:\Study Material\Sem VI\Projects\PBL2\RoadEye\dataset_crack\final_dataset_v5\train\labels\sewage_defect_detection_004800.txt,1,0
train,D:\Study Material\Sem VI\Projects\PBL2\RoadEye\dataset_crack\final_dataset_v5\train\images\sewage_defect_detection_004813.jpg,train/images/sewage_defect_detection_004813.jpg,D:\Study Material\Sem VI\Projects\PBL2\RoadEye\dataset_crack\final_dataset_v5\train\labels\sewage_defect_detection_004813.txt,1,3
train,D:\Study Material\Sem VI\Projects\PBL2\RoadEye\dataset_crack\final_dataset_v5\train\images\sewage_defect_detection_004826.jpg,train/images/sewage_defect_detection_004826.jpg,D:\Study Material\Sem VI\Projects\PBL2\RoadEye\dataset_crack\final_dataset_v5\train\labels\sewage_defect_detection_004826.txt,2,1
train,D:\Study Material\Sem VI\Projects\PBL2\RoadEye\dataset_crack\final_dataset_v5\train\images\sewage_defect_detection_004857.jpg,train/images/sewage_defect_detection_004857.jpg,D:\Study Material\Sem VI\Projects\PBL2\RoadEye\dataset_crack\final_dataset_v5\train\labels\sewage_defect_detection_004857.txt,2,3
train,D:\Study Material\Sem VI\Projects\PBL2\RoadEye\dataset_crack\final_dataset_v5\train\images\sewage_defect_detection_004905.jpg,train/images/sewage_defect_detection_004905.jpg,D:\Study Material\Sem VI\Projects\PBL2\RoadEye\dataset_crack\final_dataset_v5\train\labels\sewage_defect_detection_004905.txt,2,1
train,D:\Study Material\Sem VI\Projects\PBL2\RoadEye\dataset_crack\final_dataset_v5\train\images\sewage_defect_detection_004960.jpg,train/images/sewage_defect_detection_004960.jpg,D:\Study Material\Sem VI\Projects\PBL2\RoadEye\dataset_crack\final_dataset_v5\train\labels\sewage_defect_detection_004960.txt,0,1
train,D:\Study Material\Sem VI\Projects\PBL2\RoadEye\dataset_crack\final_dataset_v5\train\images\sewage_defect_detection_004978.jpg,train/images/sewage_defect_detection_004978.jpg,D:\Study Material\Sem VI\Projects\PBL2\RoadEye\dataset_crack\final_dataset_v5\train\labels\sewage_defect_detection_004978.txt,1,1
train,D:\Study Material\Sem VI\Projects\PBL2\RoadEye\dataset_crack\final_dataset_v5\train\images\sewage_defect_detection_004980.jpg,train/images/sewage_defect_detection_004980.jpg,D:\Study Material\Sem VI\Projects\PBL2\RoadEye\dataset_crack\final_dataset_v5\train\labels\sewage_defect_detection_004980.txt,2,0
train,D:\Study Material\Sem VI\Projects\PBL2\RoadEye\dataset_crack\final_dataset_v5\train\images\sewage_defect_detection_004988.jpg,train/images/sewage_defect_detection_004988.jpg,D:\Study Material\Sem VI\Projects\PBL2\RoadEye\dataset_crack\final_dataset_v5\train\labels\sewage_defect_detection_004988.txt,1,2
train,D:\Study Material\Sem VI\Projects\PBL2\RoadEye\dataset_crack\final_dataset_v5\train\images\sewage_defect_detection_005001.jpg,train/images/sewage_defect_detection_005001.jpg,D:\Study Material\Sem VI\Projects\PBL2\RoadEye\dataset_crack\final_dataset_v5\train\labels\sewage_defect_detection_005001.txt,1,1
train,D:\Study Material\Sem VI\Projects\PBL2\RoadEye\dataset_crack\final_dataset_v5\train\images\sewage_defect_detection_005006.jpg,train/images/sewage_defect_detection_005006.jpg,D:\Study Material\Sem VI\Projects\PBL2\RoadEye\dataset_crack\final_dataset_v5\train\labels\sewage_defect_detection_005006.txt,1,2
train,D:\Study Material\Sem VI\Projects\PBL2\RoadEye\dataset_crack\final_dataset_v5\train\images\sewage_defect_detection_005017.jpg,train/images/sewage_defect_detection_005017.jpg,D:\Study Material\Sem VI\Projects\PBL2\RoadEye\dataset_crack\final_dataset_v5\train\labels\sewage_defect_detection_005017.txt,1,0
train,D:\Study Material\Sem VI\Projects\PBL2\RoadEye\dataset_crack\final_dataset_v5\train\images\sewage_defect_detection_005030.jpg,train/images/sewage_defect_detection_005030.jpg,D:\Study Material\Sem VI\Projects\PBL2\RoadEye\dataset_crack\final_dataset_v5\train\labels\sewage_defect_detection_005030.txt,2,0
train,D:\Study Material\Sem VI\Projects\PBL2\RoadEye\dataset_crack\final_dataset_v5\train\images\sewage_defect_detection_005054.jpg,train/images/sewage_defect_detection_005054.jpg,D:\Study Material\Sem VI\Projects\PBL2\RoadEye\dataset_crack\final_dataset_v5\train\labels\sewage_defect_detection_005054.txt,2,0
train,D:\Study Material\Sem VI\Projects\PBL2\RoadEye\dataset_crack\final_dataset_v5\train\images\sewage_defect_detection_005113.jpg,train/images/sewage_defect_detection_005113.jpg,D:\Study Material\Sem VI\Projects\PBL2\RoadEye\dataset_crack\final_dataset_v5\train\labels\sewage_defect_detection_005113.txt,1,0
train,D:\Study Material\Sem VI\Projects\PBL2\RoadEye\dataset_crack\final_dataset_v5\train\images\sewage_defect_detection_005194.jpg,train/images/sewage_defect_detection_005194.jpg,D:\Study Material\Sem VI\Projects\PBL2\RoadEye\dataset_crack\final_dataset_v5\train\labels\sewage_defect_detection_005194.txt,1,0
train,D:\Study Material\Sem VI\Projects\PBL2\RoadEye\dataset_crack\final_dataset_v5\train\images\sewage_defect_detection_005210.jpg,train/images/sewage_defect_detection_005210.jpg,D:\Study Material\Sem VI\Projects\PBL2\RoadEye\dataset_crack\final_dataset_v5\train\labels\sewage_defect_detection_005210.txt,1,0
train,D:\Study Material\Sem VI\Projects\PBL2\RoadEye\dataset_crack\final_dataset_v5\train\images\sewage_defect_detection_005242.jpg,train/images/sewage_defect_detection_005242.jpg,D:\Study Material\Sem VI\Projects\PBL2\RoadEye\dataset_crack\final_dataset_v5\train\labels\sewage_defect_detection_005242.txt,2,3
train,D:\Study Material\Sem VI\Projects\PBL2\RoadEye\dataset_crack\final_dataset_v5\train\images\sewage_defect_detection_005269.jpg,train/images/sewage_defect_detection_005269.jpg,D:\Study Material\Sem VI\Projects\PBL2\RoadEye\dataset_crack\final_dataset_v5\train\labels\sewage_defect_detection_005269.txt,1,1
train,D:\Study Material\Sem VI\Projects\PBL2\RoadEye\dataset_crack\final_dataset_v5\train\images\sewage_defect_detection_005282.jpg,train/images/sewage_defect_detection_005282.jpg,D:\Study Material\Sem VI\Projects\PBL2\RoadEye\dataset_crack\final_dataset_v5\train\labels\sewage_defect_detection_005282.txt,1,0
train,D:\Study Material\Sem VI\Projects\PBL2\RoadEye\dataset_crack\final_dataset_v5\train\images\sewage_defect_detection_005307.jpg,train/images/sewage_defect_detection_005307.jpg,D:\Study Material\Sem VI\Projects\PBL2\RoadEye\dataset_crack\final_dataset_v5\train\labels\sewage_defect_detection_005307.txt,1,0
train,D:\Study Material\Sem VI\Projects\PBL2\RoadEye\dataset_crack\final_dataset_v5\train\images\sewage_defect_detection_005322.jpg,train/images/sewage_defect_detection_005322.jpg,D:\Study Material\Sem VI\Projects\PBL2\RoadEye\dataset_crack\final_dataset_v5\train\labels\sewage_defect_detection_005322.txt,1,0
train,D:\Study Material\Sem VI\Projects\PBL2\RoadEye\dataset_crack\final_dataset_v5\train\images\sewage_defect_detection_005335.jpg,train/images/sewage_defect_detection_005335.jpg,D:\Study Material\Sem VI\Projects\PBL2\RoadEye\dataset_crack\final_dataset_v5\train\labels\sewage_defect_detection_005335.txt,1,1
train,D:\Study Material\Sem VI\Projects\PBL2\RoadEye\dataset_crack\final_dataset_v5\train\images\sewage_defect_detection_005392.jpg,train/images/sewage_defect_detection_005392.jpg,D:\Study Material\Sem VI\Projects\PBL2\RoadEye\dataset_crack\final_dataset_v5\train\labels\sewage_defect_detection_005392.txt,2,2
train,D:\Study Material\Sem VI\Projects\PBL2\RoadEye\dataset_crack\final_dataset_v5\train\images\sewage_defect_detection_005398.jpg,train/images/sewage_defect_detection_005398.jpg,D:\Study Material\Sem VI\Projects\PBL2\RoadEye\dataset_crack\final_dataset_v5\train\labels\sewage_defect_detection_005398.txt,1,0
train,D:\Study Material\Sem VI\Projects\PBL2\RoadEye\dataset_crack\final_dataset_v5\train\images\sewage_defect_detection_005425.jpg,train/images/sewage_defect_detection_005425.jpg,D:\Study Material\Sem VI\Projects\PBL2\RoadEye\dataset_crack\final_dataset_v5\train\labels\sewage_defect_detection_005425.txt,1,1
train,D:\Study Material\Sem VI\Projects\PBL2\RoadEye\dataset_crack\final_dataset_v5\train\images\sewage_defect_detection_005471.jpg,train/images/sewage_defect_detection_005471.jpg,D:\Study Material\Sem VI\Projects\PBL2\RoadEye\dataset_crack\final_dataset_v5\train\labels\sewage_defect_detection_005471.txt,1,0
train,D:\Study Material\Sem VI\Projects\PBL2\RoadEye\dataset_crack\final_dataset_v5\train\images\sewage_defect_detection_005472.jpg,train/images/sewage_defect_detection_005472.jpg,D:\Study Material\Sem VI\Projects\PBL2\RoadEye\dataset_crack\final_dataset_v5\train\labels\sewage_defect_detection_005472.txt,1,0
train,D:\Study Material\Sem VI\Projects\PBL2\RoadEye\dataset_crack\final_dataset_v5\train\images\sewage_defect_detection_005479.jpg,train/images/sewage_defect_detection_005479.jpg,D:\Study Material\Sem VI\Projects\PBL2\RoadEye\dataset_crack\final_dataset_v5\train\labels\sewage_defect_detection_005479.txt,1,1
train,D:\Study Material\Sem VI\Projects\PBL2\RoadEye\dataset_crack\final_dataset_v5\train\images\sewage_defect_detection_005495.jpg,train/images/sewage_defect_detection_005495.jpg,D:\Study Material\Sem VI\Projects\PBL2\RoadEye\dataset_crack\final_dataset_v5\train\labels\sewage_defect_detection_005495.txt,4,3
train,D:\Study Material\Sem VI\Projects\PBL2\RoadEye\dataset_crack\final_dataset_v5\train\images\sewage_defect_detection_005497.jpg,train/images/sewage_defect_detection_005497.jpg,D:\Study Material\Sem VI\Projects\PBL2\RoadEye\dataset_crack\final_dataset_v5\train\labels\sewage_defect_detection_005497.txt,2,0
train,D:\Study Material\Sem VI\Projects\PBL2\RoadEye\dataset_crack\final_dataset_v5\train\images\sewage_defect_detection_005522.jpg,train/images/sewage_defect_detection_005522.jpg,D:\Study Material\Sem VI\Projects\PBL2\RoadEye\dataset_crack\final_dataset_v5\train\labels\sewage_defect_detection_005522.txt,1,0
train,D:\Study Material\Sem VI\Projects\PBL2\RoadEye\dataset_crack\final_dataset_v5\train\images\sewage_defect_detection_005573.jpg,train/images/sewage_defect_detection_005573.jpg,D:\Study Material\Sem VI\Projects\PBL2\RoadEye\dataset_crack\final_dataset_v5\train\labels\sewage_defect_detection_005573.txt,1,0
train,D:\Study Material\Sem VI\Projects\PBL2\RoadEye\dataset_crack\final_dataset_v5\train\images\sewage_defect_detection_005601.jpg,train/images/sewage_defect_detection_005601.jpg,D:\Study Material\Sem VI\Projects\PBL2\RoadEye\dataset_crack\final_dataset_v5\train\labels\sewage_defect_detection_005601.txt,1,1
train,D:\Study Material\Sem VI\Projects\PBL2\RoadEye\dataset_crack\final_dataset_v5\train\images\sewage_defect_detection_005616.jpg,train/images/sewage_defect_detection_005616.jpg,D:\Study Material\Sem VI\Projects\PBL2\RoadEye\dataset_crack\final_dataset_v5\train\labels\sewage_defect_detection_005616.txt,2,0
train,D:\Study Material\Sem VI\Projects\PBL2\RoadEye\dataset_crack\final_dataset_v5\train\images\sewage_defect_detection_005662.jpg,train/images/sewage_defect_detection_005662.jpg,D:\Study Material\Sem VI\Projects\PBL2\RoadEye\dataset_crack\final_dataset_v5\train\labels\sewage_defect_detection_005662.txt,0,2
train,D:\Study Material\Sem VI\Projects\PBL2\RoadEye\dataset_crack\final_dataset_v5\train\images\sewage_defect_detection_005663.jpg,train/images/sewage_defect_detection_005663.jpg,D:\Study Material\Sem VI\Projects\PBL2\RoadEye\dataset_crack\final_dataset_v5\train\labels\sewage_defect_detection_005663.txt,2,0
train,D:\Study Material\Sem VI\Projects\PBL2\RoadEye\dataset_crack\final_dataset_v5\train\images\sewage_defect_detection_005700.jpg,train/images/sewage_defect_detection_005700.jpg,D:\Study Material\Sem VI\Projects\PBL2\RoadEye\dataset_crack\final_dataset_v5\train\labels\sewage_defect_detection_005700.txt,2,0
train,D:\Study Material\Sem VI\Projects\PBL2\RoadEye\dataset_crack\final_dataset_v5\train\images\sewage_defect_detection_005727.jpg,train/images/sewage_defect_detection_005727.jpg,D:\Study Material\Sem VI\Projects\PBL2\RoadEye\dataset_crack\final_dataset_v5\train\labels\sewage_defect_detection_005727.txt,3,0
train,D:\Study Material\Sem VI\Projects\PBL2\RoadEye\dataset_crack\final_dataset_v5\train\images\sewage_defect_detection_005800.jpg,train/images/sewage_defect_detection_005800.jpg,D:\Study Material\Sem VI\Projects\PBL2\RoadEye\dataset_crack\final_dataset_v5\train\labels\sewage_defect_detection_005800.txt,5,4
train,D:\Study Material\Sem VI\Projects\PBL2\RoadEye\dataset_crack\final_dataset_v5\train\images\sewage_defect_detection_005806.jpg,train/images/sewage_defect_detection_005806.jpg,D:\Study Material\Sem VI\Projects\PBL2\RoadEye\dataset_crack\final_dataset_v5\train\labels\sewage_defect_detection_005806.txt,1,0
train,D:\Study Material\Sem VI\Projects\PBL2\RoadEye\dataset_crack\final_dataset_v5\train\images\sewage_defect_detection_005811.jpg,train/images/sewage_defect_detection_005811.jpg,D:\Study Material\Sem VI\Projects\PBL2\RoadEye\dataset_crack\final_dataset_v5\train\labels\sewage_defect_detection_005811.txt,1,0
train,D:\Study Material\Sem VI\Projects\PBL2\RoadEye\dataset_crack\final_dataset_v5\train\images\sewage_defect_detection_005812.jpg,train/images/sewage_defect_detection_005812.jpg,D:\Study Material\Sem VI\Projects\PBL2\RoadEye\dataset_crack\final_dataset_v5\train\labels\sewage_defect_detection_005812.txt,1,2
train,D:\Study Material\Sem VI\Projects\PBL2\RoadEye\dataset_crack\final_dataset_v5\train\images\sewage_defect_detection_005861.jpg,train/images/sewage_defect_detection_005861.jpg,D:\Study Material\Sem VI\Projects\PBL2\RoadEye\dataset_crack\final_dataset_v5\train\labels\sewage_defect_detection_005861.txt,2,3
train,D:\Study Material\Sem VI\Projects\PBL2\RoadEye\dataset_crack\final_dataset_v5\train\images\sewage_defect_detection_005864.jpg,train/images/sewage_defect_detection_005864.jpg,D:\Study Material\Sem VI\Projects\PBL2\RoadEye\dataset_crack\final_dataset_v5\train\labels\sewage_defect_detection_005864.txt,2,0
train,D:\Study Material\Sem VI\Projects\PBL2\RoadEye\dataset_crack\final_dataset_v5\train\images\sewage_defect_detection_005875.jpg,train/images/sewage_defect_detection_005875.jpg,D:\Study Material\Sem VI\Projects\PBL2\RoadEye\dataset_crack\final_dataset_v5\train\labels\sewage_defect_detection_005875.txt,1,0
train,D:\Study Material\Sem VI\Projects\PBL2\RoadEye\dataset_crack\final_dataset_v5\train\images\sewage_defect_detection_005877.jpg,train/images/sewage_defect_detection_005877.jpg,D:\Study Material\Sem VI\Projects\PBL2\RoadEye\dataset_crack\final_dataset_v5\train\labels\sewage_defect_detection_005877.txt,1,2
train,D:\Study Material\Sem VI\Projects\PBL2\RoadEye\dataset_crack\final_dataset_v5\train\images\sewage_defect_detection_005904.jpg,train/images/sewage_defect_detection_005904.jpg,D:\Study Material\Sem VI\Projects\PBL2\RoadEye\dataset_crack\final_dataset_v5\train\labels\sewage_defect_detection_005904.txt,1,0
train,D:\Study Material\Sem VI\Projects\PBL2\RoadEye\dataset_crack\final_dataset_v5\train\images\sewage_defect_detection_005905.jpg,train/images/sewage_defect_detection_005905.jpg,D:\Study Material\Sem VI\Projects\PBL2\RoadEye\dataset_crack\final_dataset_v5\train\labels\sewage_defect_detection_005905.txt,1,0
train,D:\Study Material\Sem VI\Projects\PBL2\RoadEye\dataset_crack\final_dataset_v5\train\images\sewage_defect_detection_005944.jpg,train/images/sewage_defect_detection_005944.jpg,D:\Study Material\Sem VI\Projects\PBL2\RoadEye\dataset_crack\final_dataset_v5\train\labels\sewage_defect_detection_005944.txt,1,0
train,D:\Study Material\Sem VI\Projects\PBL2\RoadEye\dataset_crack\final_dataset_v5\train\images\sewage_defect_detection_005952.jpg,train/images/sewage_defect_detection_005952.jpg,D:\Study Material\Sem VI\Projects\PBL2\RoadEye\dataset_crack\final_dataset_v5\train\labels\sewage_defect_detection_005952.txt,1,0
train,D:\Study Material\Sem VI\Projects\PBL2\RoadEye\dataset_crack\final_dataset_v5\train\images\sewage_defect_detection_006053.jpg,train/images/sewage_defect_detection_006053.jpg,D:\Study Material\Sem VI\Projects\PBL2\RoadEye\dataset_crack\final_dataset_v5\train\labels\sewage_defect_detection_006053.txt,1,0
train,D:\Study Material\Sem VI\Projects\PBL2\RoadEye\dataset_crack\final_dataset_v5\train\images\sewage_defect_detection_006061.jpg,train/images/sewage_defect_detection_006061.jpg,D:\Study Material\Sem VI\Projects\PBL2\RoadEye\dataset_crack\final_dataset_v5\train\labels\sewage_defect_detection_006061.txt,2,1
train,D:\Study Material\Sem VI\Projects\PBL2\RoadEye\dataset_crack\final_dataset_v5\train\images\sewage_defect_detection_006062.jpg,train/images/sewage_defect_detection_006062.jpg,D:\Study Material\Sem VI\Projects\PBL2\RoadEye\dataset_crack\final_dataset_v5\train\labels\sewage_defect_detection_006062.txt,1,0
train,D:\Study Material\Sem VI\Projects\PBL2\RoadEye\dataset_crack\final_dataset_v5\train\images\sewage_defect_detection_006088.jpg,train/images/sewage_defect_detection_006088.jpg,D:\Study Material\Sem VI\Projects\PBL2\RoadEye\dataset_crack\final_dataset_v5\train\labels\sewage_defect_detection_006088.txt,1,1
train,D:\Study Material\Sem VI\Projects\PBL2\RoadEye\dataset_crack\final_dataset_v5\train\images\sewage_defect_detection_006120.jpg,train/images/sewage_defect_detection_006120.jpg,D:\Study Material\Sem VI\Projects\PBL2\RoadEye\dataset_crack\final_dataset_v5\train\labels\sewage_defect_detection_006120.txt,1,1
train,D:\Study Material\Sem VI\Projects\PBL2\RoadEye\dataset_crack\final_dataset_v5\train\images\sewage_defect_detection_006121.jpg,train/images/sewage_defect_detection_006121.jpg,D:\Study Material\Sem VI\Projects\PBL2\RoadEye\dataset_crack\final_dataset_v5\train\labels\sewage_defect_detection_006121.txt,2,2
train,D:\Study Material\Sem VI\Projects\PBL2\RoadEye\dataset_crack\final_dataset_v5\train\images\sewage_defect_detection_006179.jpg,train/images/sewage_defect_detection_006179.jpg,D:\Study Material\Sem VI\Projects\PBL2\RoadEye\dataset_crack\final_dataset_v5\train\labels\sewage_defect_detection_006179.txt,1,0
train,D:\Study Material\Sem VI\Projects\PBL2\RoadEye\dataset_crack\final_dataset_v5\train\images\sewage_defect_detection_006184.jpg,train/images/sewage_defect_detection_006184.jpg,D:\Study Material\Sem VI\Projects\PBL2\RoadEye\dataset_crack\final_dataset_v5\train\labels\sewage_defect_detection_006184.txt,0,7
train,D:\Study Material\Sem VI\Projects\PBL2\RoadEye\dataset_crack\final_dataset_v5\train\images\sewage_defect_detection_006202.jpg,train/images/sewage_defect_detection_006202.jpg,D:\Study Material\Sem VI\Projects\PBL2\RoadEye\dataset_crack\final_dataset_v5\train\labels\sewage_defect_detection_006202.txt,1,0
train,D:\Study Material\Sem VI\Projects\PBL2\RoadEye\dataset_crack\final_dataset_v5\train\images\sewage_defect_detection_006246.jpg,train/images/sewage_defect_detection_006246.jpg,D:\Study Material\Sem VI\Projects\PBL2\RoadEye\dataset_crack\final_dataset_v5\train\labels\sewage_defect_detection_006246.txt,1,0
train,D:\Study Material\Sem VI\Projects\PBL2\RoadEye\dataset_crack\final_dataset_v5\train\images\sewage_defect_detection_006248.jpg,train/images/sewage_defect_detection_006248.jpg,D:\Study Material\Sem VI\Projects\PBL2\RoadEye\dataset_crack\final_dataset_v5\train\labels\sewage_defect_detection_006248.txt,2,0
train,D:\Study Material\Sem VI\Projects\PBL2\RoadEye\dataset_crack\final_dataset_v5\train\images\sewage_defect_detection_006266.jpg,train/images/sewage_defect_detection_006266.jpg,D:\Study Material\Sem VI\Projects\PBL2\RoadEye\dataset_crack\final_dataset_v5\train\labels\sewage_defect_detection_006266.txt,1,2
train,D:\Study Material\Sem VI\Projects\PBL2\RoadEye\dataset_crack\final_dataset_v5\train\images\sewage_defect_detection_006327.jpg,train/images/sewage_defect_detection_006327.jpg,D:\Study Material\Sem VI\Projects\PBL2\RoadEye\dataset_crack\final_dataset_v5\train\labels\sewage_defect_detection_006327.txt,1,1
train,D:\Study Material\Sem VI\Projects\PBL2\RoadEye\dataset_crack\final_dataset_v5\train\images\sewage_defect_detection_006368.jpg,train/images/sewage_defect_detection_006368.jpg,D:\Study Material\Sem VI\Projects\PBL2\RoadEye\dataset_crack\final_dataset_v5\train\labels\sewage_defect_detection_006368.txt,1,0
train,D:\Study Material\Sem VI\Projects\PBL2\RoadEye\dataset_crack\final_dataset_v5\train\images\sewage_defect_detection_006383.jpg,train/images/sewage_defect_detection_006383.jpg,D:\Study Material\Sem VI\Projects\PBL2\RoadEye\dataset_crack\final_dataset_v5\train\labels\sewage_defect_detection_006383.txt,0,1
train,D:\Study Material\Sem VI\Projects\PBL2\RoadEye\dataset_crack\final_dataset_v5\train\images\sewage_defect_detection_006391.jpg,train/images/sewage_defect_detection_006391.jpg,D:\Study Material\Sem VI\Projects\PBL2\RoadEye\dataset_crack\final_dataset_v5\train\labels\sewage_defect_detection_006391.txt,1,3
train,D:\Study Material\Sem VI\Projects\PBL2\RoadEye\dataset_crack\final_dataset_v5\train\images\sewage_defect_detection_006428.jpg,train/images/sewage_defect_detection_006428.jpg,D:\Study Material\Sem VI\Projects\PBL2\RoadEye\dataset_crack\final_dataset_v5\train\labels\sewage_defect_detection_006428.txt,2,2
train,D:\Study Material\Sem VI\Projects\PBL2\RoadEye\dataset_crack\final_dataset_v5\train\images\sewage_defect_detection_006431.jpg,train/images/sewage_defect_detection_006431.jpg,D:\Study Material\Sem VI\Projects\PBL2\RoadEye\dataset_crack\final_dataset_v5\train\labels\sewage_defect_detection_006431.txt,1,0
train,D:\Study Material\Sem VI\Projects\PBL2\RoadEye\dataset_crack\final_dataset_v5\train\images\sewage_defect_detection_006444.jpg,train/images/sewage_defect_detection_006444.jpg,D:\Study Material\Sem VI\Projects\PBL2\RoadEye\dataset_crack\final_dataset_v5\train\labels\sewage_defect_detection_006444.txt,1,0
train,D:\Study Material\Sem VI\Projects\PBL2\RoadEye\dataset_crack\final_dataset_v5\train\images\sewage_defect_detection_006451.jpg,train/images/sewage_defect_detection_006451.jpg,D:\Study Material\Sem VI\Projects\PBL2\RoadEye\dataset_crack\final_dataset_v5\train\labels\sewage_defect_detection_006451.txt,4,4
train,D:\Study Material\Sem VI\Projects\PBL2\RoadEye\dataset_crack\final_dataset_v5\train\images\sewage_defect_detection_006474.jpg,train/images/sewage_defect_detection_006474.jpg,D:\Study Material\Sem VI\Projects\PBL2\RoadEye\dataset_crack\final_dataset_v5\train\labels\sewage_defect_detection_006474.txt,1,0
train,D:\Study Material\Sem VI\Projects\PBL2\RoadEye\dataset_crack\final_dataset_v5\train\images\sewage_defect_detection_006489.jpg,train/images/sewage_defect_detection_006489.jpg,D:\Study Material\Sem VI\Projects\PBL2\RoadEye\dataset_crack\final_dataset_v5\train\labels\sewage_defect_detection_006489.txt,1,1
train,D:\Study Material\Sem VI\Projects\PBL2\RoadEye\dataset_crack\final_dataset_v5\train\images\sewage_defect_detection_006534.jpg,train/images/sewage_defect_detection_006534.jpg,D:\Study Material\Sem VI\Projects\PBL2\RoadEye\dataset_crack\final_dataset_v5\train\labels\sewage_defect_detection_006534.txt,1,0
train,D:\Study Material\Sem VI\Projects\PBL2\RoadEye\dataset_crack\final_dataset_v5\train\images\sewage_defect_detection_006554.jpg,train/images/sewage_defect_detection_006554.jpg,D:\Study Material\Sem VI\Projects\PBL2\RoadEye\dataset_crack\final_dataset_v5\train\labels\sewage_defect_detection_006554.txt,0,2
train,D:\Study Material\Sem VI\Projects\PBL2\RoadEye\dataset_crack\final_dataset_v5\train\images\sewage_defect_detection_006565.jpg,train/images/sewage_defect_detection_006565.jpg,D:\Study Material\Sem VI\Projects\PBL2\RoadEye\dataset_crack\final_dataset_v5\train\labels\sewage_defect_detection_006565.txt,0,2
train,D:\Study Material\Sem VI\Projects\PBL2\RoadEye\dataset_crack\final_dataset_v5\train\images\sewage_defect_detection_006572.jpg,train/images/sewage_defect_detection_006572.jpg,D:\Study Material\Sem VI\Projects\PBL2\RoadEye\dataset_crack\final_dataset_v5\train\labels\sewage_defect_detection_006572.txt,2,0
train,D:\Study Material\Sem VI\Projects\PBL2\RoadEye\dataset_crack\final_dataset_v5\train\images\sewage_defect_detection_006593.jpg,train/images/sewage_defect_detection_006593.jpg,D:\Study Material\Sem VI\Projects\PBL2\RoadEye\dataset_crack\final_dataset_v5\train\labels\sewage_defect_detection_006593.txt,1,1
train,D:\Study Material\Sem VI\Projects\PBL2\RoadEye\dataset_crack\final_dataset_v5\train\images\sewage_defect_detection_006597.jpg,train/images/sewage_defect_detection_006597.jpg,D:\Study Material\Sem VI\Projects\PBL2\RoadEye\dataset_crack\final_dataset_v5\train\labels\sewage_defect_detection_006597.txt,2,3
train,D:\Study Material\Sem VI\Projects\PBL2\RoadEye\dataset_crack\final_dataset_v5\train\images\sewage_defect_detection_006645.jpg,train/images/sewage_defect_detection_006645.jpg,D:\Study Material\Sem VI\Projects\PBL2\RoadEye\dataset_crack\final_dataset_v5\train\labels\sewage_defect_detection_006645.txt,1,1
train,D:\Study Material\Sem VI\Projects\PBL2\RoadEye\dataset_crack\final_dataset_v5\train\images\sewage_defect_detection_006649.jpg,train/images/sewage_defect_detection_006649.jpg,D:\Study Material\Sem VI\Projects\PBL2\RoadEye\dataset_crack\final_dataset_v5\train\labels\sewage_defect_detection_006649.txt,0,1
train,D:\Study Material\Sem VI\Projects\PBL2\RoadEye\dataset_crack\final_dataset_v5\train\images\sewage_defect_detection_006677.jpg,train/images/sewage_defect_detection_006677.jpg,D:\Study Material\Sem VI\Projects\PBL2\RoadEye\dataset_crack\final_dataset_v5\train\labels\sewage_defect_detection_006677.txt,1,0
train,D:\Study Material\Sem VI\Projects\PBL2\RoadEye\dataset_crack\final_dataset_v5\train\images\sewage_defect_detection_006688.jpg,train/images/sewage_defect_detection_006688.jpg,D:\Study Material\Sem VI\Projects\PBL2\RoadEye\dataset_crack\final_dataset_v5\train\labels\sewage_defect_detection_006688.txt,1,0
train,D:\Study Material\Sem VI\Projects\PBL2\RoadEye\dataset_crack\final_dataset_v5\train\images\sewage_defect_detection_006776.jpg,train/images/sewage_defect_detection_006776.jpg,D:\Study Material\Sem VI\Projects\PBL2\RoadEye\dataset_crack\final_dataset_v5\train\labels\sewage_defect_detection_006776.txt,1,1
train,D:\Study Material\Sem VI\Projects\PBL2\RoadEye\dataset_crack\final_dataset_v5\train\images\sewage_defect_detection_006804.jpg,train/images/sewage_defect_detection_006804.jpg,D:\Study Material\Sem VI\Projects\PBL2\RoadEye\dataset_crack\final_dataset_v5\train\labels\sewage_defect_detection_006804.txt,2,2
train,D:\Study Material\Sem VI\Projects\PBL2\RoadEye\dataset_crack\final_dataset_v5\train\images\sewage_defect_detection_006849.jpg,train/images/sewage_defect_detection_006849.jpg,D:\Study Material\Sem VI\Projects\PBL2\RoadEye\dataset_crack\final_dataset_v5\train\labels\sewage_defect_detection_006849.txt,0,2
train,D:\Study Material\Sem VI\Projects\PBL2\RoadEye\dataset_crack\final_dataset_v5\train\images\sewage_defect_detection_006859.jpg,train/images/sewage_defect_detection_006859.jpg,D:\Study Material\Sem VI\Projects\PBL2\RoadEye\dataset_crack\final_dataset_v5\train\labels\sewage_defect_detection_006859.txt,0,1
train,D:\Study Material\Sem VI\Projects\PBL2\RoadEye\dataset_crack\final_dataset_v5\train\images\sewage_defect_detection_006864.jpg,train/images/sewage_defect_detection_006864.jpg,D:\Study Material\Sem VI\Projects\PBL2\RoadEye\dataset_crack\final_dataset_v5\train\labels\sewage_defect_detection_006864.txt,0,1
train,D:\Study Material\Sem VI\Projects\PBL2\RoadEye\dataset_crack\final_dataset_v5\train\images\sewage_defect_detection_006883.jpg,train/images/sewage_defect_detection_006883.jpg,D:\Study Material\Sem VI\Projects\PBL2\RoadEye\dataset_crack\final_dataset_v5\train\labels\sewage_defect_detection_006883.txt,3,2
train,D:\Study Material\Sem VI\Projects\PBL2\RoadEye\dataset_crack\final_dataset_v5\train\images\sewage_defect_detection_006887.jpg,train/images/sewage_defect_detection_006887.jpg,D:\Study Material\Sem VI\Projects\PBL2\RoadEye\dataset_crack\final_dataset_v5\train\labels\sewage_defect_detection_006887.txt,1,1
train,D:\Study Material\Sem VI\Projects\PBL2\RoadEye\dataset_crack\final_dataset_v5\train\images\sewage_defect_detection_006892.jpg,train/images/sewage_defect_detection_006892.jpg,D:\Study Material\Sem VI\Projects\PBL2\RoadEye\dataset_crack\final_dataset_v5\train\labels\sewage_defect_detection_006892.txt,1,0
train,D:\Study Material\Sem VI\Projects\PBL2\RoadEye\dataset_crack\final_dataset_v5\train\images\sewage_defect_detection_006910.jpg,train/images/sewage_defect_detection_006910.jpg,D:\Study Material\Sem VI\Projects\PBL2\RoadEye\dataset_crack\final_dataset_v5\train\labels\sewage_defect_detection_006910.txt,2,0
train,D:\Study Material\Sem VI\Projects\PBL2\RoadEye\dataset_crack\final_dataset_v5\train\images\sewage_defect_detection_006919.jpg,train/images/sewage_defect_detection_006919.jpg,D:\Study Material\Sem VI\Projects\PBL2\RoadEye\dataset_crack\final_dataset_v5\train\labels\sewage_defect_detection_006919.txt,2,1
train,D:\Study Material\Sem VI\Projects\PBL2\RoadEye\dataset_crack\final_dataset_v5\train\images\sewage_defect_detection_006979.jpg,train/images/sewage_defect_detection_006979.jpg,D:\Study Material\Sem VI\Projects\PBL2\RoadEye\dataset_crack\final_dataset_v5\train\labels\sewage_defect_detection_006979.txt,1,1
train,D:\Study Material\Sem VI\Projects\PBL2\RoadEye\dataset_crack\final_dataset_v5\train\images\sewage_defect_detection_006981.jpg,train/images/sewage_defect_detection_006981.jpg,D:\Study Material\Sem VI\Projects\PBL2\RoadEye\dataset_crack\final_dataset_v5\train\labels\sewage_defect_detection_006981.txt,1,0
train,D:\Study Material\Sem VI\Projects\PBL2\RoadEye\dataset_crack\final_dataset_v5\train\images\sewage_defect_detection_006985.jpg,train/images/sewage_defect_detection_006985.jpg,D:\Study Material\Sem VI\Projects\PBL2\RoadEye\dataset_crack\final_dataset_v5\train\labels\sewage_defect_detection_006985.txt,2,0
train,D:\Study Material\Sem VI\Projects\PBL2\RoadEye\dataset_crack\final_dataset_v5\train\images\sewage_defect_detection_006998.jpg,train/images/sewage_defect_detection_006998.jpg,D:\Study Material\Sem VI\Projects\PBL2\RoadEye\dataset_crack\final_dataset_v5\train\labels\sewage_defect_detection_006998.txt,3,0
train,D:\Study Material\Sem VI\Projects\PBL2\RoadEye\dataset_crack\final_dataset_v5\train\images\sewage_defect_detection_007002.jpg,train/images/sewage_defect_detection_007002.jpg,D:\Study Material\Sem VI\Projects\PBL2\RoadEye\dataset_crack\final_dataset_v5\train\labels\sewage_defect_detection_007002.txt,1,1
train,D:\Study Material\Sem VI\Projects\PBL2\RoadEye\dataset_crack\final_dataset_v5\train\images\sewage_defect_detection_007058.jpg,train/images/sewage_defect_detection_007058.jpg,D:\Study Material\Sem VI\Projects\PBL2\RoadEye\dataset_crack\final_dataset_v5\train\labels\sewage_defect_detection_007058.txt,1,1
train,D:\Study Material\Sem VI\Projects\PBL2\RoadEye\dataset_crack\final_dataset_v5\train\images\sewage_defect_detection_007081.jpg,train/images/sewage_defect_detection_007081.jpg,D:\Study Material\Sem VI\Projects\PBL2\RoadEye\dataset_crack\final_dataset_v5\train\labels\sewage_defect_detection_007081.txt,1,0
train,D:\Study Material\Sem VI\Projects\PBL2\RoadEye\dataset_crack\final_dataset_v5\train\images\sewage_defect_detection_007114.jpg,train/images/sewage_defect_detection_007114.jpg,D:\Study Material\Sem VI\Projects\PBL2\RoadEye\dataset_crack\final_dataset_v5\train\labels\sewage_defect_detection_007114.txt,2,0
train,D:\Study Material\Sem VI\Projects\PBL2\RoadEye\dataset_crack\final_dataset_v5\train\images\sewage_defect_detection_007165.jpg,train/images/sewage_defect_detection_007165.jpg,D:\Study Material\Sem VI\Projects\PBL2\RoadEye\dataset_crack\final_dataset_v5\train\labels\sewage_defect_detection_007165.txt,3,0
train,D:\Study Material\Sem VI\Projects\PBL2\RoadEye\dataset_crack\final_dataset_v5\train\images\sewage_defect_detection_007212.jpg,train/images/sewage_defect_detection_007212.jpg,D:\Study Material\Sem VI\Projects\PBL2\RoadEye\dataset_crack\final_dataset_v5\train\labels\sewage_defect_detection_007212.txt,1,0
train,D:\Study Material\Sem VI\Projects\PBL2\RoadEye\dataset_crack\final_dataset_v5\train\images\sewage_defect_detection_007242.jpg,train/images/sewage_defect_detection_007242.jpg,D:\Study Material\Sem VI\Projects\PBL2\RoadEye\dataset_crack\final_dataset_v5\train\labels\sewage_defect_detection_007242.txt,1,0
train,D:\Study Material\Sem VI\Projects\PBL2\RoadEye\dataset_crack\final_dataset_v5\train\images\sewage_defect_detection_007244.jpg,train/images/sewage_defect_detection_007244.jpg,D:\Study Material\Sem VI\Projects\PBL2\RoadEye\dataset_crack\final_dataset_v5\train\labels\sewage_defect_detection_007244.txt,1,0
train,D:\Study Material\Sem VI\Projects\PBL2\RoadEye\dataset_crack\final_dataset_v5\train\images\sewage_defect_detection_007280.jpg,train/images/sewage_defect_detection_007280.jpg,D:\Study Material\Sem VI\Projects\PBL2\RoadEye\dataset_crack\final_dataset_v5\train\labels\sewage_defect_detection_007280.txt,2,0
train,D:\Study Material\Sem VI\Projects\PBL2\RoadEye\dataset_crack\final_dataset_v5\train\images\sewage_defect_detection_007282.jpg,train/images/sewage_defect_detection_007282.jpg,D:\Study Material\Sem VI\Projects\PBL2\RoadEye\dataset_crack\final_dataset_v5\train\labels\sewage_defect_detection_007282.txt,2,0
train,D:\Study Material\Sem VI\Projects\PBL2\RoadEye\dataset_crack\final_dataset_v5\train\images\sewage_defect_detection_007309.jpg,train/images/sewage_defect_detection_007309.jpg,D:\Study Material\Sem VI\Projects\PBL2\RoadEye\dataset_crack\final_dataset_v5\train\labels\sewage_defect_detection_007309.txt,2,0
train,D:\Study Material\Sem VI\Projects\PBL2\RoadEye\dataset_crack\final_dataset_v5\train\images\sewage_defect_detection_007341.jpg,train/images/sewage_defect_detection_007341.jpg,D:\Study Material\Sem VI\Projects\PBL2\RoadEye\dataset_crack\final_dataset_v5\train\labels\sewage_defect_detection_007341.txt,2,4
train,D:\Study Material\Sem VI\Projects\PBL2\RoadEye\dataset_crack\final_dataset_v5\train\images\sewage_defect_detection_007353.jpg,train/images/sewage_defect_detection_007353.jpg,D:\Study Material\Sem VI\Projects\PBL2\RoadEye\dataset_crack\final_dataset_v5\train\labels\sewage_defect_detection_007353.txt,2,0
train,D:\Study Material\Sem VI\Projects\PBL2\RoadEye\dataset_crack\final_dataset_v5\train\images\sewage_defect_detection_007377.jpg,train/images/sewage_defect_detection_007377.jpg,D:\Study Material\Sem VI\Projects\PBL2\RoadEye\dataset_crack\final_dataset_v5\train\labels\sewage_defect_detection_007377.txt,1,0
train,D:\Study Material\Sem VI\Projects\PBL2\RoadEye\dataset_crack\final_dataset_v5\train\images\sewage_defect_detection_007382.jpg,train/images/sewage_defect_detection_007382.jpg,D:\Study Material\Sem VI\Projects\PBL2\RoadEye\dataset_crack\final_dataset_v5\train\labels\sewage_defect_detection_007382.txt,1,3
train,D:\Study Material\Sem VI\Projects\PBL2\RoadEye\dataset_crack\final_dataset_v5\train\images\sewage_defect_detection_007383.jpg,train/images/sewage_defect_detection_007383.jpg,D:\Study Material\Sem VI\Projects\PBL2\RoadEye\dataset_crack\final_dataset_v5\train\labels\sewage_defect_detection_007383.txt,0,1
train,D:\Study Material\Sem VI\Projects\PBL2\RoadEye\dataset_crack\final_dataset_v5\train\images\sewage_defect_detection_007427.jpg,train/images/sewage_defect_detection_007427.jpg,D:\Study Material\Sem VI\Projects\PBL2\RoadEye\dataset_crack\final_dataset_v5\train\labels\sewage_defect_detection_007427.txt,0,1
train,D:\Study Material\Sem VI\Projects\PBL2\RoadEye\dataset_crack\final_dataset_v5\train\images\sewage_defect_detection_007432.jpg,train/images/sewage_defect_detection_007432.jpg,D:\Study Material\Sem VI\Projects\PBL2\RoadEye\dataset_crack\final_dataset_v5\train\labels\sewage_defect_detection_007432.txt,1,1
train,D:\Study Material\Sem VI\Projects\PBL2\RoadEye\dataset_crack\final_dataset_v5\train\images\sewage_defect_detection_007433.jpg,train/images/sewage_defect_detection_007433.jpg,D:\Study Material\Sem VI\Projects\PBL2\RoadEye\dataset_crack\final_dataset_v5\train\labels\sewage_defect_detection_007433.txt,1,0
train,D:\Study Material\Sem VI\Projects\PBL2\RoadEye\dataset_crack\final_dataset_v5\train\images\sewage_defect_detection_007462.jpg,train/images/sewage_defect_detection_007462.jpg,D:\Study Material\Sem VI\Projects\PBL2\RoadEye\dataset_crack\final_dataset_v5\train\labels\sewage_defect_detection_007462.txt,2,0
train,D:\Study Material\Sem VI\Projects\PBL2\RoadEye\dataset_crack\final_dataset_v5\train\images\sewage_defect_detection_007488.jpg,train/images/sewage_defect_detection_007488.jpg,D:\Study Material\Sem VI\Projects\PBL2\RoadEye\dataset_crack\final_dataset_v5\train\labels\sewage_defect_detection_007488.txt,1,0
train,D:\Study Material\Sem VI\Projects\PBL2\RoadEye\dataset_crack\final_dataset_v5\train\images\sewage_defect_detection_007543.jpg,train/images/sewage_defect_detection_007543.jpg,D:\Study Material\Sem VI\Projects\PBL2\RoadEye\dataset_crack\final_dataset_v5\train\labels\sewage_defect_detection_007543.txt,1,0
train,D:\Study Material\Sem VI\Projects\PBL2\RoadEye\dataset_crack\final_dataset_v5\train\images\sewage_defect_detection_007580.jpg,train/images/sewage_defect_detection_007580.jpg,D:\Study Material\Sem VI\Projects\PBL2\RoadEye\dataset_crack\final_dataset_v5\train\labels\sewage_defect_detection_007580.txt,2,2
train,D:\Study Material\Sem VI\Projects\PBL2\RoadEye\dataset_crack\final_dataset_v5\train\images\sewage_defect_detection_007633.jpg,train/images/sewage_defect_detection_007633.jpg,D:\Study Material\Sem VI\Projects\PBL2\RoadEye\dataset_crack\final_dataset_v5\train\labels\sewage_defect_detection_007633.txt,1,1
train,D:\Study Material\Sem VI\Projects\PBL2\RoadEye\dataset_crack\final_dataset_v5\train\images\sewage_defect_detection_007666.jpg,train/images/sewage_defect_detection_007666.jpg,D:\Study Material\Sem VI\Projects\PBL2\RoadEye\dataset_crack\final_dataset_v5\train\labels\sewage_defect_detection_007666.txt,1,0
train,D:\Study Material\Sem VI\Projects\PBL2\RoadEye\dataset_crack\final_dataset_v5\train\images\sewage_defect_detection_007685.jpg,train/images/sewage_defect_detection_007685.jpg,D:\Study Material\Sem VI\Projects\PBL2\RoadEye\dataset_crack\final_dataset_v5\train\labels\sewage_defect_detection_007685.txt,0,1
train,D:\Study Material\Sem VI\Projects\PBL2\RoadEye\dataset_crack\final_dataset_v5\train\images\sewage_defect_detection_007713.jpg,train/images/sewage_defect_detection_007713.jpg,D:\Study Material\Sem VI\Projects\PBL2\RoadEye\dataset_crack\final_dataset_v5\train\labels\sewage_defect_detection_007713.txt,2,0
train,D:\Study Material\Sem VI\Projects\PBL2\RoadEye\dataset_crack\final_dataset_v5\train\images\sewage_defect_detection_007825.jpg,train/images/sewage_defect_detection_007825.jpg,D:\Study Material\Sem VI\Projects\PBL2\RoadEye\dataset_crack\final_dataset_v5\train\labels\sewage_defect_detection_007825.txt,1,0
train,D:\Study Material\Sem VI\Projects\PBL2\RoadEye\dataset_crack\final_dataset_v5\train\images\sewage_defect_detection_007865.jpg,train/images/sewage_defect_detection_007865.jpg,D:\Study Material\Sem VI\Projects\PBL2\RoadEye\dataset_crack\final_dataset_v5\train\labels\sewage_defect_detection_007865.txt,2,3
train,D:\Study Material\Sem VI\Projects\PBL2\RoadEye\dataset_crack\final_dataset_v5\train\images\sewage_defect_detection_007900.jpg,train/images/sewage_defect_detection_007900.jpg,D:\Study Material\Sem VI\Projects\PBL2\RoadEye\dataset_crack\final_dataset_v5\train\labels\sewage_defect_detection_007900.txt,2,0
train,D:\Study Material\Sem VI\Projects\PBL2\RoadEye\dataset_crack\final_dataset_v5\train\images\sewage_defect_detection_007902.jpg,train/images/sewage_defect_detection_007902.jpg,D:\Study Material\Sem VI\Projects\PBL2\RoadEye\dataset_crack\final_dataset_v5\train\labels\sewage_defect_detection_007902.txt,1,0
train,D:\Study Material\Sem VI\Projects\PBL2\RoadEye\dataset_crack\final_dataset_v5\train\images\sewage_defect_detection_007905.jpg,train/images/sewage_defect_detection_007905.jpg,D:\Study Material\Sem VI\Projects\PBL2\RoadEye\dataset_crack\final_dataset_v5\train\labels\sewage_defect_detection_007905.txt,1,0
train,D:\Study Material\Sem VI\Projects\PBL2\RoadEye\dataset_crack\final_dataset_v5\train\images\sewage_defect_detection_007920.jpg,train/images/sewage_defect_detection_007920.jpg,D:\Study Material\Sem VI\Projects\PBL2\RoadEye\dataset_crack\final_dataset_v5\train\labels\sewage_defect_detection_007920.txt,1,0
train,D:\Study Material\Sem VI\Projects\PBL2\RoadEye\dataset_crack\final_dataset_v5\train\images\sewage_defect_detection_007953.jpg,train/images/sewage_defect_detection_007953.jpg,D:\Study Material\Sem VI\Projects\PBL2\RoadEye\dataset_crack\final_dataset_v5\train\labels\sewage_defect_detection_007953.txt,1,1
train,D:\Study Material\Sem VI\Projects\PBL2\RoadEye\dataset_crack\final_dataset_v5\train\images\sewage_defect_detection_007964.jpg,train/images/sewage_defect_detection_007964.jpg,D:\Study Material\Sem VI\Projects\PBL2\RoadEye\dataset_crack\final_dataset_v5\train\labels\sewage_defect_detection_007964.txt,1,0
train,D:\Study Material\Sem VI\Projects\PBL2\RoadEye\dataset_crack\final_dataset_v5\train\images\sewage_defect_detection_007970.jpg,train/images/sewage_defect_detection_007970.jpg,D:\Study Material\Sem VI\Projects\PBL2\RoadEye\dataset_crack\final_dataset_v5\train\labels\sewage_defect_detection_007970.txt,1,0
train,D:\Study Material\Sem VI\Projects\PBL2\RoadEye\dataset_crack\final_dataset_v5\train\images\sewage_defect_detection_007995.jpg,train/images/sewage_defect_detection_007995.jpg,D:\Study Material\Sem VI\Projects\PBL2\RoadEye\dataset_crack\final_dataset_v5\train\labels\sewage_defect_detection_007995.txt,1,0
train,D:\Study Material\Sem VI\Projects\PBL2\RoadEye\dataset_crack\final_dataset_v5\train\images\sewage_defect_detection_008017.jpg,train/images/sewage_defect_detection_008017.jpg,D:\Study Material\Sem VI\Projects\PBL2\RoadEye\dataset_crack\final_dataset_v5\train\labels\sewage_defect_detection_008017.txt,0,1
train,D:\Study Material\Sem VI\Projects\PBL2\RoadEye\dataset_crack\final_dataset_v5\train\images\sewage_defect_detection_008023.jpg,train/images/sewage_defect_detection_008023.jpg,D:\Study Material\Sem VI\Projects\PBL2\RoadEye\dataset_crack\final_dataset_v5\train\labels\sewage_defect_detection_008023.txt,1,0
train,D:\Study Material\Sem VI\Projects\PBL2\RoadEye\dataset_crack\final_dataset_v5\train\images\sewage_defect_detection_008068.jpg,train/images/sewage_defect_detection_008068.jpg,D:\Study Material\Sem VI\Projects\PBL2\RoadEye\dataset_crack\final_dataset_v5\train\labels\sewage_defect_detection_008068.txt,1,0
train,D:\Study Material\Sem VI\Projects\PBL2\RoadEye\dataset_crack\final_dataset_v5\train\images\sewage_defect_detection_008139.jpg,train/images/sewage_defect_detection_008139.jpg,D:\Study Material\Sem VI\Projects\PBL2\RoadEye\dataset_crack\final_dataset_v5\train\labels\sewage_defect_detection_008139.txt,1,0
train,D:\Study Material\Sem VI\Projects\PBL2\RoadEye\dataset_crack\final_dataset_v5\train\images\sewage_defect_detection_008154.jpg,train/images/sewage_defect_detection_008154.jpg,D:\Study Material\Sem VI\Projects\PBL2\RoadEye\dataset_crack\final_dataset_v5\train\labels\sewage_defect_detection_008154.txt,2,0
train,D:\Study Material\Sem VI\Projects\PBL2\RoadEye\dataset_crack\final_dataset_v5\train\images\sewage_defect_detection_008164.jpg,train/images/sewage_defect_detection_008164.jpg,D:\Study Material\Sem VI\Projects\PBL2\RoadEye\dataset_crack\final_dataset_v5\train\labels\sewage_defect_detection_008164.txt,1,0
train,D:\Study Material\Sem VI\Projects\PBL2\RoadEye\dataset_crack\final_dataset_v5\train\images\sewage_defect_detection_008244.jpg,train/images/sewage_defect_detection_008244.jpg,D:\Study Material\Sem VI\Projects\PBL2\RoadEye\dataset_crack\final_dataset_v5\train\labels\sewage_defect_detection_008244.txt,1,0
train,D:\Study Material\Sem VI\Projects\PBL2\RoadEye\dataset_crack\final_dataset_v5\train\images\sewage_defect_detection_008260.jpg,train/images/sewage_defect_detection_008260.jpg,D:\Study Material\Sem VI\Projects\PBL2\RoadEye\dataset_crack\final_dataset_v5\train\labels\sewage_defect_detection_008260.txt,1,0
train,D:\Study Material\Sem VI\Projects\PBL2\RoadEye\dataset_crack\final_dataset_v5\train\images\sewage_defect_detection_008270.jpg,train/images/sewage_defect_detection_008270.jpg,D:\Study Material\Sem VI\Projects\PBL2\RoadEye\dataset_crack\final_dataset_v5\train\labels\sewage_defect_detection_008270.txt,2,2
train,D:\Study Material\Sem VI\Projects\PBL2\RoadEye\dataset_crack\final_dataset_v5\train\images\sewage_defect_detection_008335.jpg,train/images/sewage_defect_detection_008335.jpg,D:\Study Material\Sem VI\Projects\PBL2\RoadEye\dataset_crack\final_dataset_v5\train\labels\sewage_defect_detection_008335.txt,3,0
train,D:\Study Material\Sem VI\Projects\PBL2\RoadEye\dataset_crack\final_dataset_v5\train\images\sewage_defect_detection_008365.jpg,train/images/sewage_defect_detection_008365.jpg,D:\Study Material\Sem VI\Projects\PBL2\RoadEye\dataset_crack\final_dataset_v5\train\labels\sewage_defect_detection_008365.txt,1,0
train,D:\Study Material\Sem VI\Projects\PBL2\RoadEye\dataset_crack\final_dataset_v5\train\images\sewage_defect_detection_008392.jpg,train/images/sewage_defect_detection_008392.jpg,D:\Study Material\Sem VI\Projects\PBL2\RoadEye\dataset_crack\final_dataset_v5\train\labels\sewage_defect_detection_008392.txt,1,1
train,D:\Study Material\Sem VI\Projects\PBL2\RoadEye\dataset_crack\final_dataset_v5\train\images\sewage_defect_detection_008405.jpg,train/images/sewage_defect_detection_008405.jpg,D:\Study Material\Sem VI\Projects\PBL2\RoadEye\dataset_crack\final_dataset_v5\train\labels\sewage_defect_detection_008405.txt,1,2
train,D:\Study Material\Sem VI\Projects\PBL2\RoadEye\dataset_crack\final_dataset_v5\train\images\sewage_defect_detection_008479.jpg,train/images/sewage_defect_detection_008479.jpg,D:\Study Material\Sem VI\Projects\PBL2\RoadEye\dataset_crack\final_dataset_v5\train\labels\sewage_defect_detection_008479.txt,1,0
train,D:\Study Material\Sem VI\Projects\PBL2\RoadEye\dataset_crack\final_dataset_v5\train\images\sewage_defect_detection_008502.jpg,train/images/sewage_defect_detection_008502.jpg,D:\Study Material\Sem VI\Projects\PBL2\RoadEye\dataset_crack\final_dataset_v5\train\labels\sewage_defect_detection_008502.txt,2,2
train,D:\Study Material\Sem VI\Projects\PBL2\RoadEye\dataset_crack\final_dataset_v5\train\images\sewage_defect_detection_008537.jpg,train/images/sewage_defect_detection_008537.jpg,D:\Study Material\Sem VI\Projects\PBL2\RoadEye\dataset_crack\final_dataset_v5\train\labels\sewage_defect_detection_008537.txt,2,0
train,D:\Study Material\Sem VI\Projects\PBL2\RoadEye\dataset_crack\final_dataset_v5\train\images\sewage_defect_detection_008550.jpg,train/images/sewage_defect_detection_008550.jpg,D:\Study Material\Sem VI\Projects\PBL2\RoadEye\dataset_crack\final_dataset_v5\train\labels\sewage_defect_detection_008550.txt,1,0
train,D:\Study Material\Sem VI\Projects\PBL2\RoadEye\dataset_crack\final_dataset_v5\train\images\sewage_defect_detection_008558.jpg,train/images/sewage_defect_detection_008558.jpg,D:\Study Material\Sem VI\Projects\PBL2\RoadEye\dataset_crack\final_dataset_v5\train\labels\sewage_defect_detection_008558.txt,1,0
train,D:\Study Material\Sem VI\Projects\PBL2\RoadEye\dataset_crack\final_dataset_v5\train\images\sewage_defect_detection_008586.jpg,train/images/sewage_defect_detection_008586.jpg,D:\Study Material\Sem VI\Projects\PBL2\RoadEye\dataset_crack\final_dataset_v5\train\labels\sewage_defect_detection_008586.txt,4,1
train,D:\Study Material\Sem VI\Projects\PBL2\RoadEye\dataset_crack\final_dataset_v5\train\images\sewage_defect_detection_008611.jpg,train/images/sewage_defect_detection_008611.jpg,D:\Study Material\Sem VI\Projects\PBL2\RoadEye\dataset_crack\final_dataset_v5\train\labels\sewage_defect_detection_008611.txt,1,1
train,D:\Study Material\Sem VI\Projects\PBL2\RoadEye\dataset_crack\final_dataset_v5\train\images\sewage_defect_detection_008622.jpg,train/images/sewage_defect_detection_008622.jpg,D:\Study Material\Sem VI\Projects\PBL2\RoadEye\dataset_crack\final_dataset_v5\train\labels\sewage_defect_detection_008622.txt,5,1
train,D:\Study Material\Sem VI\Projects\PBL2\RoadEye\dataset_crack\final_dataset_v5\train\images\sewage_defect_detection_008725.jpg,train/images/sewage_defect_detection_008725.jpg,D:\Study Material\Sem VI\Projects\PBL2\RoadEye\dataset_crack\final_dataset_v5\train\labels\sewage_defect_detection_008725.txt,3,2
train,D:\Study Material\Sem VI\Projects\PBL2\RoadEye\dataset_crack\final_dataset_v5\train\images\sewage_defect_detection_008756.jpg,train/images/sewage_defect_detection_008756.jpg,D:\Study Material\Sem VI\Projects\PBL2\RoadEye\dataset_crack\final_dataset_v5\train\labels\sewage_defect_detection_008756.txt,3,0
train,D:\Study Material\Sem VI\Projects\PBL2\RoadEye\dataset_crack\final_dataset_v5\train\images\sewage_defect_detection_008772.jpg,train/images/sewage_defect_detection_008772.jpg,D:\Study Material\Sem VI\Projects\PBL2\RoadEye\dataset_crack\final_dataset_v5\train\labels\sewage_defect_detection_008772.txt,0,1
train,D:\Study Material\Sem VI\Projects\PBL2\RoadEye\dataset_crack\final_dataset_v5\train\images\sewage_defect_detection_008773.jpg,train/images/sewage_defect_detection_008773.jpg,D:\Study Material\Sem VI\Projects\PBL2\RoadEye\dataset_crack\final_dataset_v5\train\labels\sewage_defect_detection_008773.txt,1,1
train,D:\Study Material\Sem VI\Projects\PBL2\RoadEye\dataset_crack\final_dataset_v5\train\images\sewage_defect_detection_008788.jpg,train/images/sewage_defect_detection_008788.jpg,D:\Study Material\Sem VI\Projects\PBL2\RoadEye\dataset_crack\final_dataset_v5\train\labels\sewage_defect_detection_008788.txt,3,0
train,D:\Study Material\Sem VI\Projects\PBL2\RoadEye\dataset_crack\final_dataset_v5\train\images\sewage_defect_detection_008853.jpg,train/images/sewage_defect_detection_008853.jpg,D:\Study Material\Sem VI\Projects\PBL2\RoadEye\dataset_crack\final_dataset_v5\train\labels\sewage_defect_detection_008853.txt,3,1
train,D:\Study Material\Sem VI\Projects\PBL2\RoadEye\dataset_crack\final_dataset_v5\train\images\sewage_defect_detection_008869.jpg,train/images/sewage_defect_detection_008869.jpg,D:\Study Material\Sem VI\Projects\PBL2\RoadEye\dataset_crack\final_dataset_v5\train\labels\sewage_defect_detection_008869.txt,1,0
train,D:\Study Material\Sem VI\Projects\PBL2\RoadEye\dataset_crack\final_dataset_v5\train\images\sewage_defect_detection_008906.jpg,train/images/sewage_defect_detection_008906.jpg,D:\Study Material\Sem VI\Projects\PBL2\RoadEye\dataset_crack\final_dataset_v5\train\labels\sewage_defect_detection_008906.txt,1,0
train,D:\Study Material\Sem VI\Projects\PBL2\RoadEye\dataset_crack\final_dataset_v5\train\images\sewage_defect_detection_008946.jpg,train/images/sewage_defect_detection_008946.jpg,D:\Study Material\Sem VI\Projects\PBL2\RoadEye\dataset_crack\final_dataset_v5\train\labels\sewage_defect_detection_008946.txt,0,1
train,D:\Study Material\Sem VI\Projects\PBL2\RoadEye\dataset_crack\final_dataset_v5\train\images\sewage_defect_detection_008997.jpg,train/images/sewage_defect_detection_008997.jpg,D:\Study Material\Sem VI\Projects\PBL2\RoadEye\dataset_crack\final_dataset_v5\train\labels\sewage_defect_detection_008997.txt,1,0
train,D:\Study Material\Sem VI\Projects\PBL2\RoadEye\dataset_crack\final_dataset_v5\train\images\sewage_defect_detection_009001.jpg,train/images/sewage_defect_detection_009001.jpg,D:\Study Material\Sem VI\Projects\PBL2\RoadEye\dataset_crack\final_dataset_v5\train\labels\sewage_defect_detection_009001.txt,1,1
train,D:\Study Material\Sem VI\Projects\PBL2\RoadEye\dataset_crack\final_dataset_v5\train\images\sewage_defect_detection_009049.jpg,train/images/sewage_defect_detection_009049.jpg,D:\Study Material\Sem VI\Projects\PBL2\RoadEye\dataset_crack\final_dataset_v5\train\labels\sewage_defect_detection_009049.txt,2,1
train,D:\Study Material\Sem VI\Projects\PBL2\RoadEye\dataset_crack\final_dataset_v5\train\images\sewage_defect_detection_009067.jpg,train/images/sewage_defect_detection_009067.jpg,D:\Study Material\Sem VI\Projects\PBL2\RoadEye\dataset_crack\final_dataset_v5\train\labels\sewage_defect_detection_009067.txt,1,0
train,D:\Study Material\Sem VI\Projects\PBL2\RoadEye\dataset_crack\final_dataset_v5\train\images\sewage_defect_detection_009125.jpg,train/images/sewage_defect_detection_009125.jpg,D:\Study Material\Sem VI\Projects\PBL2\RoadEye\dataset_crack\final_dataset_v5\train\labels\sewage_defect_detection_009125.txt,2,0
train,D:\Study Material\Sem VI\Projects\PBL2\RoadEye\dataset_crack\final_dataset_v5\train\images\sewage_defect_detection_009204.jpg,train/images/sewage_defect_detection_009204.jpg,D:\Study Material\Sem VI\Projects\PBL2\RoadEye\dataset_crack\final_dataset_v5\train\labels\sewage_defect_detection_009204.txt,1,2
train,D:\Study Material\Sem VI\Projects\PBL2\RoadEye\dataset_crack\final_dataset_v5\train\images\sewage_defect_detection_009206.jpg,train/images/sewage_defect_detection_009206.jpg,D:\Study Material\Sem VI\Projects\PBL2\RoadEye\dataset_crack\final_dataset_v5\train\labels\sewage_defect_detection_009206.txt,1,2
train,D:\Study Material\Sem VI\Projects\PBL2\RoadEye\dataset_crack\final_dataset_v5\train\images\sewage_defect_detection_009252.jpg,train/images/sewage_defect_detection_009252.jpg,D:\Study Material\Sem VI\Projects\PBL2\RoadEye\dataset_crack\final_dataset_v5\train\labels\sewage_defect_detection_009252.txt,1,0
train,D:\Study Material\Sem VI\Projects\PBL2\RoadEye\dataset_crack\final_dataset_v5\train\images\sewage_defect_detection_009272.jpg,train/images/sewage_defect_detection_009272.jpg,D:\Study Material\Sem VI\Projects\PBL2\RoadEye\dataset_crack\final_dataset_v5\train\labels\sewage_defect_detection_009272.txt,1,2
train,D:\Study Material\Sem VI\Projects\PBL2\RoadEye\dataset_crack\final_dataset_v5\train\images\sewage_defect_detection_009308.jpg,train/images/sewage_defect_detection_009308.jpg,D:\Study Material\Sem VI\Projects\PBL2\RoadEye\dataset_crack\final_dataset_v5\train\labels\sewage_defect_detection_009308.txt,2,0
train,D:\Study Material\Sem VI\Projects\PBL2\RoadEye\dataset_crack\final_dataset_v5\train\images\sewage_defect_detection_009311.jpg,train/images/sewage_defect_detection_009311.jpg,D:\Study Material\Sem VI\Projects\PBL2\RoadEye\dataset_crack\final_dataset_v5\train\labels\sewage_defect_detection_009311.txt,2,0
train,D:\Study Material\Sem VI\Projects\PBL2\RoadEye\dataset_crack\final_dataset_v5\train\images\sewage_defect_detection_009322.jpg,train/images/sewage_defect_detection_009322.jpg,D:\Study Material\Sem VI\Projects\PBL2\RoadEye\dataset_crack\final_dataset_v5\train\labels\sewage_defect_detection_009322.txt,1,1
train,D:\Study Material\Sem VI\Projects\PBL2\RoadEye\dataset_crack\final_dataset_v5\train\images\sewage_defect_detection_009331.jpg,train/images/sewage_defect_detection_009331.jpg,D:\Study Material\Sem VI\Projects\PBL2\RoadEye\dataset_crack\final_dataset_v5\train\labels\sewage_defect_detection_009331.txt,2,1
train,D:\Study Material\Sem VI\Projects\PBL2\RoadEye\dataset_crack\final_dataset_v5\train\images\sewage_defect_detection_009343.jpg,train/images/sewage_defect_detection_009343.jpg,D:\Study Material\Sem VI\Projects\PBL2\RoadEye\dataset_crack\final_dataset_v5\train\labels\sewage_defect_detection_009343.txt,0,2
train,D:\Study Material\Sem VI\Projects\PBL2\RoadEye\dataset_crack\final_dataset_v5\train\images\sewage_defect_detection_009368.jpg,train/images/sewage_defect_detection_009368.jpg,D:\Study Material\Sem VI\Projects\PBL2\RoadEye\dataset_crack\final_dataset_v5\train\labels\sewage_defect_detection_009368.txt,2,0
train,D:\Study Material\Sem VI\Projects\PBL2\RoadEye\dataset_crack\final_dataset_v5\train\images\sewage_defect_detection_009429.jpg,train/images/sewage_defect_detection_009429.jpg,D:\Study Material\Sem VI\Projects\PBL2\RoadEye\dataset_crack\final_dataset_v5\train\labels\sewage_defect_detection_009429.txt,1,0
train,D:\Study Material\Sem VI\Projects\PBL2\RoadEye\dataset_crack\final_dataset_v5\train\images\sewage_defect_detection_009446.jpg,train/images/sewage_defect_detection_009446.jpg,D:\Study Material\Sem VI\Projects\PBL2\RoadEye\dataset_crack\final_dataset_v5\train\labels\sewage_defect_detection_009446.txt,1,0
train,D:\Study Material\Sem VI\Projects\PBL2\RoadEye\dataset_crack\final_dataset_v5\train\images\sewage_defect_detection_009620.jpg,train/images/sewage_defect_detection_009620.jpg,D:\Study Material\Sem VI\Projects\PBL2\RoadEye\dataset_crack\final_dataset_v5\train\labels\sewage_defect_detection_009620.txt,1,0
train,D:\Study Material\Sem VI\Projects\PBL2\RoadEye\dataset_crack\final_dataset_v5\train\images\sewage_defect_detection_009677.jpg,train/images/sewage_defect_detection_009677.jpg,D:\Study Material\Sem VI\Projects\PBL2\RoadEye\dataset_crack\final_dataset_v5\train\labels\sewage_defect_detection_009677.txt,1,0
train,D:\Study Material\Sem VI\Projects\PBL2\RoadEye\dataset_crack\final_dataset_v5\train\images\sewage_defect_detection_009683.jpg,train/images/sewage_defect_detection_009683.jpg,D:\Study Material\Sem VI\Projects\PBL2\RoadEye\dataset_crack\final_dataset_v5\train\labels\sewage_defect_detection_009683.txt,1,0
train,D:\Study Material\Sem VI\Projects\PBL2\RoadEye\dataset_crack\final_dataset_v5\train\images\sewage_defect_detection_009695.jpg,train/images/sewage_defect_detection_009695.jpg,D:\Study Material\Sem VI\Projects\PBL2\RoadEye\dataset_crack\final_dataset_v5\train\labels\sewage_defect_detection_009695.txt,3,1
train,D:\Study Material\Sem VI\Projects\PBL2\RoadEye\dataset_crack\final_dataset_v5\train\images\sewage_defect_detection_009706.jpg,train/images/sewage_defect_detection_009706.jpg,D:\Study Material\Sem VI\Projects\PBL2\RoadEye\dataset_crack\final_dataset_v5\train\labels\sewage_defect_detection_009706.txt,1,0
train,D:\Study Material\Sem VI\Projects\PBL2\RoadEye\dataset_crack\final_dataset_v5\train\images\sewage_defect_detection_009720.jpg,train/images/sewage_defect_detection_009720.jpg,D:\Study Material\Sem VI\Projects\PBL2\RoadEye\dataset_crack\final_dataset_v5\train\labels\sewage_defect_detection_009720.txt,1,1
train,D:\Study Material\Sem VI\Projects\PBL2\RoadEye\dataset_crack\final_dataset_v5\train\images\sewage_defect_detection_009730.jpg,train/images/sewage_defect_detection_009730.jpg,D:\Study Material\Sem VI\Projects\PBL2\RoadEye\dataset_crack\final_dataset_v5\train\labels\sewage_defect_detection_009730.txt,1,0
train,D:\Study Material\Sem VI\Projects\PBL2\RoadEye\dataset_crack\final_dataset_v5\train\images\sewage_defect_detection_009857.jpg,train/images/sewage_defect_detection_009857.jpg,D:\Study Material\Sem VI\Projects\PBL2\RoadEye\dataset_crack\final_dataset_v5\train\labels\sewage_defect_detection_009857.txt,1,0
train,D:\Study Material\Sem VI\Projects\PBL2\RoadEye\dataset_crack\final_dataset_v5\train\images\sewage_defect_detection_009883.jpg,train/images/sewage_defect_detection_009883.jpg,D:\Study Material\Sem VI\Projects\PBL2\RoadEye\dataset_crack\final_dataset_v5\train\labels\sewage_defect_detection_009883.txt,1,0
train,D:\Study Material\Sem VI\Projects\PBL2\RoadEye\dataset_crack\final_dataset_v5\train\images\sewage_defect_detection_009886.jpg,train/images/sewage_defect_detection_009886.jpg,D:\Study Material\Sem VI\Projects\PBL2\RoadEye\dataset_crack\final_dataset_v5\train\labels\sewage_defect_detection_009886.txt,2,0
train,D:\Study Material\Sem VI\Projects\PBL2\RoadEye\dataset_crack\final_dataset_v5\train\images\sewage_defect_detection_009888.jpg,train/images/sewage_defect_detection_009888.jpg,D:\Study Material\Sem VI\Projects\PBL2\RoadEye\dataset_crack\final_dataset_v5\train\labels\sewage_defect_detection_009888.txt,2,0
train,D:\Study Material\Sem VI\Projects\PBL2\RoadEye\dataset_crack\final_dataset_v5\train\images\sewage_defect_detection_009894.jpg,train/images/sewage_defect_detection_009894.jpg,D:\Study Material\Sem VI\Projects\PBL2\RoadEye\dataset_crack\final_dataset_v5\train\labels\sewage_defect_detection_009894.txt,4,2
train,D:\Study Material\Sem VI\Projects\PBL2\RoadEye\dataset_crack\final_dataset_v5\train\images\sewage_defect_detection_009900.jpg,train/images/sewage_defect_detection_009900.jpg,D:\Study Material\Sem VI\Projects\PBL2\RoadEye\dataset_crack\final_dataset_v5\train\labels\sewage_defect_detection_009900.txt,3,3
train,D:\Study Material\Sem VI\Projects\PBL2\RoadEye\dataset_crack\final_dataset_v5\train\images\sewage_defect_detection_009906.jpg,train/images/sewage_defect_detection_009906.jpg,D:\Study Material\Sem VI\Projects\PBL2\RoadEye\dataset_crack\final_dataset_v5\train\labels\sewage_defect_detection_009906.txt,2,0
train,D:\Study Material\Sem VI\Projects\PBL2\RoadEye\dataset_crack\final_dataset_v5\train\images\sewage_defect_detection_009916.jpg,train/images/sewage_defect_detection_009916.jpg,D:\Study Material\Sem VI\Projects\PBL2\RoadEye\dataset_crack\final_dataset_v5\train\labels\sewage_defect_detection_009916.txt,1,0
train,D:\Study Material\Sem VI\Projects\PBL2\RoadEye\dataset_crack\final_dataset_v5\train\images\sewage_defect_detection_009961.jpg,train/images/sewage_defect_detection_009961.jpg,D:\Study Material\Sem VI\Projects\PBL2\RoadEye\dataset_crack\final_dataset_v5\train\labels\sewage_defect_detection_009961.txt,1,0
train,D:\Study Material\Sem VI\Projects\PBL2\RoadEye\dataset_crack\final_dataset_v5\train\images\sewage_defect_detection_009966.jpg,train/images/sewage_defect_detection_009966.jpg,D:\Study Material\Sem VI\Projects\PBL2\RoadEye\dataset_crack\final_dataset_v5\train\labels\sewage_defect_detection_009966.txt,1,1
train,D:\Study Material\Sem VI\Projects\PBL2\RoadEye\dataset_crack\final_dataset_v5\train\images\sewage_defect_detection_009989.jpg,train/images/sewage_defect_detection_009989.jpg,D:\Study Material\Sem VI\Projects\PBL2\RoadEye\dataset_crack\final_dataset_v5\train\labels\sewage_defect_detection_009989.txt,2,2
train,D:\Study Material\Sem VI\Projects\PBL2\RoadEye\dataset_crack\final_dataset_v5\train\images\sewage_defect_detection_010005.jpg,train/images/sewage_defect_detection_010005.jpg,D:\Study Material\Sem VI\Projects\PBL2\RoadEye\dataset_crack\final_dataset_v5\train\labels\sewage_defect_detection_010005.txt,1,0
train,D:\Study Material\Sem VI\Projects\PBL2\RoadEye\dataset_crack\final_dataset_v5\train\images\sewage_defect_detection_010031.jpg,train/images/sewage_defect_detection_010031.jpg,D:\Study Material\Sem VI\Projects\PBL2\RoadEye\dataset_crack\final_dataset_v5\train\labels\sewage_defect_detection_010031.txt,2,0
train,D:\Study Material\Sem VI\Projects\PBL2\RoadEye\dataset_crack\final_dataset_v5\train\images\sewage_defect_detection_010038.jpg,train/images/sewage_defect_detection_010038.jpg,D:\Study Material\Sem VI\Projects\PBL2\RoadEye\dataset_crack\final_dataset_v5\train\labels\sewage_defect_detection_010038.txt,1,2
train,D:\Study Material\Sem VI\Projects\PBL2\RoadEye\dataset_crack\final_dataset_v5\train\images\sewage_defect_detection_010042.jpg,train/images/sewage_defect_detection_010042.jpg,D:\Study Material\Sem VI\Projects\PBL2\RoadEye\dataset_crack\final_dataset_v5\train\labels\sewage_defect_detection_010042.txt,2,0
train,D:\Study Material\Sem VI\Projects\PBL2\RoadEye\dataset_crack\final_dataset_v5\train\images\sewage_defect_detection_010060.jpg,train/images/sewage_defect_detection_010060.jpg,D:\Study Material\Sem VI\Projects\PBL2\RoadEye\dataset_crack\final_dataset_v5\train\labels\sewage_defect_detection_010060.txt,2,1
train,D:\Study Material\Sem VI\Projects\PBL2\RoadEye\dataset_crack\final_dataset_v5\train\images\sewage_defect_detection_010122.jpg,train/images/sewage_defect_detection_010122.jpg,D:\Study Material\Sem VI\Projects\PBL2\RoadEye\dataset_crack\final_dataset_v5\train\labels\sewage_defect_detection_010122.txt,1,0
train,D:\Study Material\Sem VI\Projects\PBL2\RoadEye\dataset_crack\final_dataset_v5\train\images\sewage_defect_detection_010228.jpg,train/images/sewage_defect_detection_010228.jpg,D:\Study Material\Sem VI\Projects\PBL2\RoadEye\dataset_crack\final_dataset_v5\train\labels\sewage_defect_detection_010228.txt,2,4
train,D:\Study Material\Sem VI\Projects\PBL2\RoadEye\dataset_crack\final_dataset_v5\train\images\sewage_defect_detection_010236.jpg,train/images/sewage_defect_detection_010236.jpg,D:\Study Material\Sem VI\Projects\PBL2\RoadEye\dataset_crack\final_dataset_v5\train\labels\sewage_defect_detection_010236.txt,1,0
train,D:\Study Material\Sem VI\Projects\PBL2\RoadEye\dataset_crack\final_dataset_v5\train\images\sewage_defect_detection_010274.jpg,train/images/sewage_defect_detection_010274.jpg,D:\Study Material\Sem VI\Projects\PBL2\RoadEye\dataset_crack\final_dataset_v5\train\labels\sewage_defect_detection_010274.txt,1,0
train,D:\Study Material\Sem VI\Projects\PBL2\RoadEye\dataset_crack\final_dataset_v5\train\images\sewage_defect_detection_010320.jpg,train/images/sewage_defect_detection_010320.jpg,D:\Study Material\Sem VI\Projects\PBL2\RoadEye\dataset_crack\final_dataset_v5\train\labels\sewage_defect_detection_010320.txt,1,0
train,D:\Study Material\Sem VI\Projects\PBL2\RoadEye\dataset_crack\final_dataset_v5\train\images\sewage_defect_detection_010392.jpg,train/images/sewage_defect_detection_010392.jpg,D:\Study Material\Sem VI\Projects\PBL2\RoadEye\dataset_crack\final_dataset_v5\train\labels\sewage_defect_detection_010392.txt,4,0
train,D:\Study Material\Sem VI\Projects\PBL2\RoadEye\dataset_crack\final_dataset_v5\train\images\sewage_defect_detection_010481.jpg,train/images/sewage_defect_detection_010481.jpg,D:\Study Material\Sem VI\Projects\PBL2\RoadEye\dataset_crack\final_dataset_v5\train\labels\sewage_defect_detection_010481.txt,1,0
train,D:\Study Material\Sem VI\Projects\PBL2\RoadEye\dataset_crack\final_dataset_v5\train\images\sewage_defect_detection_010492.jpg,train/images/sewage_defect_detection_010492.jpg,D:\Study Material\Sem VI\Projects\PBL2\RoadEye\dataset_crack\final_dataset_v5\train\labels\sewage_defect_detection_010492.txt,1,0
train,D:\Study Material\Sem VI\Projects\PBL2\RoadEye\dataset_crack\final_dataset_v5\train\images\sewage_defect_detection_010493.jpg,train/images/sewage_defect_detection_010493.jpg,D:\Study Material\Sem VI\Projects\PBL2\RoadEye\dataset_crack\final_dataset_v5\train\labels\sewage_defect_detection_010493.txt,2,0
train,D:\Study Material\Sem VI\Projects\PBL2\RoadEye\dataset_crack\final_dataset_v5\train\images\sewage_defect_detection_010522.jpg,train/images/sewage_defect_detection_010522.jpg,D:\Study Material\Sem VI\Projects\PBL2\RoadEye\dataset_crack\final_dataset_v5\train\labels\sewage_defect_detection_010522.txt,1,0
train,D:\Study Material\Sem VI\Projects\PBL2\RoadEye\dataset_crack\final_dataset_v5\train\images\sewage_defect_detection_010531.jpg,train/images/sewage_defect_detection_010531.jpg,D:\Study Material\Sem VI\Projects\PBL2\RoadEye\dataset_crack\final_dataset_v5\train\labels\sewage_defect_detection_010531.txt,1,2
train,D:\Study Material\Sem VI\Projects\PBL2\RoadEye\dataset_crack\final_dataset_v5\train\images\sewage_defect_detection_010532.jpg,train/images/sewage_defect_detection_010532.jpg,D:\Study Material\Sem VI\Projects\PBL2\RoadEye\dataset_crack\final_dataset_v5\train\labels\sewage_defect_detection_010532.txt,2,1
train,D:\Study Material\Sem VI\Projects\PBL2\RoadEye\dataset_crack\final_dataset_v5\train\images\sewage_defect_detection_010537.jpg,train/images/sewage_defect_detection_010537.jpg,D:\Study Material\Sem VI\Projects\PBL2\RoadEye\dataset_crack\final_dataset_v5\train\labels\sewage_defect_detection_010537.txt,2,0
train,D:\Study Material\Sem VI\Projects\PBL2\RoadEye\dataset_crack\final_dataset_v5\train\images\sewage_defect_detection_010546.jpg,train/images/sewage_defect_detection_010546.jpg,D:\Study Material\Sem VI\Projects\PBL2\RoadEye\dataset_crack\final_dataset_v5\train\labels\sewage_defect_detection_010546.txt,1,0
train,D:\Study Material\Sem VI\Projects\PBL2\RoadEye\dataset_crack\final_dataset_v5\train\images\sewage_defect_detection_010583.jpg,train/images/sewage_defect_detection_010583.jpg,D:\Study Material\Sem VI\Projects\PBL2\RoadEye\dataset_crack\final_dataset_v5\train\labels\sewage_defect_detection_010583.txt,1,1
train,D:\Study Material\Sem VI\Projects\PBL2\RoadEye\dataset_crack\final_dataset_v5\train\images\sewage_defect_detection_010593.jpg,train/images/sewage_defect_detection_010593.jpg,D:\Study Material\Sem VI\Projects\PBL2\RoadEye\dataset_crack\final_dataset_v5\train\labels\sewage_defect_detection_010593.txt,2,2
train,D:\Study Material\Sem VI\Projects\PBL2\RoadEye\dataset_crack\final_dataset_v5\train\images\sewage_defect_detection_010650.jpg,train/images/sewage_defect_detection_010650.jpg,D:\Study Material\Sem VI\Projects\PBL2\RoadEye\dataset_crack\final_dataset_v5\train\labels\sewage_defect_detection_010650.txt,1,1
train,D:\Study Material\Sem VI\Projects\PBL2\RoadEye\dataset_crack\final_dataset_v5\train\images\sewage_defect_detection_010668.jpg,train/images/sewage_defect_detection_010668.jpg,D:\Study Material\Sem VI\Projects\PBL2\RoadEye\dataset_crack\final_dataset_v5\train\labels\sewage_defect_detection_010668.txt,1,1
train,D:\Study Material\Sem VI\Projects\PBL2\RoadEye\dataset_crack\final_dataset_v5\train\images\sewage_defect_detection_010677.jpg,train/images/sewage_defect_detection_010677.jpg,D:\Study Material\Sem VI\Projects\PBL2\RoadEye\dataset_crack\final_dataset_v5\train\labels\sewage_defect_detection_010677.txt,1,0
train,D:\Study Material\Sem VI\Projects\PBL2\RoadEye\dataset_crack\final_dataset_v5\train\images\sewage_defect_detection_010697.jpg,train/images/sewage_defect_detection_010697.jpg,D:\Study Material\Sem VI\Projects\PBL2\RoadEye\dataset_crack\final_dataset_v5\train\labels\sewage_defect_detection_010697.txt,1,0
train,D:\Study Material\Sem VI\Projects\PBL2\RoadEye\dataset_crack\final_dataset_v5\train\images\sewage_defect_detection_010779.jpg,train/images/sewage_defect_detection_010779.jpg,D:\Study Material\Sem VI\Projects\PBL2\RoadEye\dataset_crack\final_dataset_v5\train\labels\sewage_defect_detection_010779.txt,2,0
train,D:\Study Material\Sem VI\Projects\PBL2\RoadEye\dataset_crack\final_dataset_v5\train\images\sewage_defect_detection_010839.jpg,train/images/sewage_defect_detection_010839.jpg,D:\Study Material\Sem VI\Projects\PBL2\RoadEye\dataset_crack\final_dataset_v5\train\labels\sewage_defect_detection_010839.txt,1,0
train,D:\Study Material\Sem VI\Projects\PBL2\RoadEye\dataset_crack\final_dataset_v5\train\images\sewage_defect_detection_010887.jpg,train/images/sewage_defect_detection_010887.jpg,D:\Study Material\Sem VI\Projects\PBL2\RoadEye\dataset_crack\final_dataset_v5\train\labels\sewage_defect_detection_010887.txt,1,0
train,D:\Study Material\Sem VI\Projects\PBL2\RoadEye\dataset_crack\final_dataset_v5\train\images\sewage_defect_detection_010908.jpg,train/images/sewage_defect_detection_010908.jpg,D:\Study Material\Sem VI\Projects\PBL2\RoadEye\dataset_crack\final_dataset_v5\train\labels\sewage_defect_detection_010908.txt,1,0
train,D:\Study Material\Sem VI\Projects\PBL2\RoadEye\dataset_crack\final_dataset_v5\train\images\sewage_defect_detection_010916.jpg,train/images/sewage_defect_detection_010916.jpg,D:\Study Material\Sem VI\Projects\PBL2\RoadEye\dataset_crack\final_dataset_v5\train\labels\sewage_defect_detection_010916.txt,1,0
train,D:\Study Material\Sem VI\Projects\PBL2\RoadEye\dataset_crack\final_dataset_v5\train\images\sewage_defect_detection_010920.jpg,train/images/sewage_defect_detection_010920.jpg,D:\Study Material\Sem VI\Projects\PBL2\RoadEye\dataset_crack\final_dataset_v5\train\labels\sewage_defect_detection_010920.txt,1,0
train,D:\Study Material\Sem VI\Projects\PBL2\RoadEye\dataset_crack\final_dataset_v5\train\images\sewage_defect_detection_010982.jpg,train/images/sewage_defect_detection_010982.jpg,D:\Study Material\Sem VI\Projects\PBL2\RoadEye\dataset_crack\final_dataset_v5\train\labels\sewage_defect_detection_010982.txt,1,0
train,D:\Study Material\Sem VI\Projects\PBL2\RoadEye\dataset_crack\final_dataset_v5\train\images\sewage_defect_detection_010983.jpg,train/images/sewage_defect_detection_010983.jpg,D:\Study Material\Sem VI\Projects\PBL2\RoadEye\dataset_crack\final_dataset_v5\train\labels\sewage_defect_detection_010983.txt,1,0
train,D:\Study Material\Sem VI\Projects\PBL2\RoadEye\dataset_crack\final_dataset_v5\train\images\sewage_defect_detection_010985.jpg,train/images/sewage_defect_detection_010985.jpg,D:\Study Material\Sem VI\Projects\PBL2\RoadEye\dataset_crack\final_dataset_v5\train\labels\sewage_defect_detection_010985.txt,1,0
train,D:\Study Material\Sem VI\Projects\PBL2\RoadEye\dataset_crack\final_dataset_v5\train\images\sewage_defect_detection_011015.jpg,train/images/sewage_defect_detection_011015.jpg,D:\Study Material\Sem VI\Projects\PBL2\RoadEye\dataset_crack\final_dataset_v5\train\labels\sewage_defect_detection_011015.txt,1,0
train,D:\Study Material\Sem VI\Projects\PBL2\RoadEye\dataset_crack\final_dataset_v5\train\images\sewage_defect_detection_011046.jpg,train/images/sewage_defect_detection_011046.jpg,D:\Study Material\Sem VI\Projects\PBL2\RoadEye\dataset_crack\final_dataset_v5\train\labels\sewage_defect_detection_011046.txt,5,2
train,D:\Study Material\Sem VI\Projects\PBL2\RoadEye\dataset_crack\final_dataset_v5\train\images\sewage_defect_detection_011052.jpg,train/images/sewage_defect_detection_011052.jpg,D:\Study Material\Sem VI\Projects\PBL2\RoadEye\dataset_crack\final_dataset_v5\train\labels\sewage_defect_detection_011052.txt,0,3
train,D:\Study Material\Sem VI\Projects\PBL2\RoadEye\dataset_crack\final_dataset_v5\train\images\sewage_defect_detection_011118.jpg,train/images/sewage_defect_detection_011118.jpg,D:\Study Material\Sem VI\Projects\PBL2\RoadEye\dataset_crack\final_dataset_v5\train\labels\sewage_defect_detection_011118.txt,1,0
train,D:\Study Material\Sem VI\Projects\PBL2\RoadEye\dataset_crack\final_dataset_v5\train\images\sewage_defect_detection_011134.jpg,train/images/sewage_defect_detection_011134.jpg,D:\Study Material\Sem VI\Projects\PBL2\RoadEye\dataset_crack\final_dataset_v5\train\labels\sewage_defect_detection_011134.txt,1,0
train,D:\Study Material\Sem VI\Projects\PBL2\RoadEye\dataset_crack\final_dataset_v5\train\images\sewage_defect_detection_011146.jpg,train/images/sewage_defect_detection_011146.jpg,D:\Study Material\Sem VI\Projects\PBL2\RoadEye\dataset_crack\final_dataset_v5\train\labels\sewage_defect_detection_011146.txt,0,2
train,D:\Study Material\Sem VI\Projects\PBL2\RoadEye\dataset_crack\final_dataset_v5\train\images\sewage_defect_detection_011195.jpg,train/images/sewage_defect_detection_011195.jpg,D:\Study Material\Sem VI\Projects\PBL2\RoadEye\dataset_crack\final_dataset_v5\train\labels\sewage_defect_detection_011195.txt,2,1
train,D:\Study Material\Sem VI\Projects\PBL2\RoadEye\dataset_crack\final_dataset_v5\train\images\sewage_defect_detection_011278.jpg,train/images/sewage_defect_detection_011278.jpg,D:\Study Material\Sem VI\Projects\PBL2\RoadEye\dataset_crack\final_dataset_v5\train\labels\sewage_defect_detection_011278.txt,1,0
train,D:\Study Material\Sem VI\Projects\PBL2\RoadEye\dataset_crack\final_dataset_v5\train\images\sewage_defect_detection_011374.jpg,train/images/sewage_defect_detection_011374.jpg,D:\Study Material\Sem VI\Projects\PBL2\RoadEye\dataset_crack\final_dataset_v5\train\labels\sewage_defect_detection_011374.txt,1,0
train,D:\Study Material\Sem VI\Projects\PBL2\RoadEye\dataset_crack\final_dataset_v5\train\images\sewage_defect_detection_011392.jpg,train/images/sewage_defect_detection_011392.jpg,D:\Study Material\Sem VI\Projects\PBL2\RoadEye\dataset_crack\final_dataset_v5\train\labels\sewage_defect_detection_011392.txt,2,0
train,D:\Study Material\Sem VI\Projects\PBL2\RoadEye\dataset_crack\final_dataset_v5\train\images\sewage_defect_detection_011414.jpg,train/images/sewage_defect_detection_011414.jpg,D:\Study Material\Sem VI\Projects\PBL2\RoadEye\dataset_crack\final_dataset_v5\train\labels\sewage_defect_detection_011414.txt,1,0
train,D:\Study Material\Sem VI\Projects\PBL2\RoadEye\dataset_crack\final_dataset_v5\train\images\sewage_defect_detection_011418.jpg,train/images/sewage_defect_detection_011418.jpg,D:\Study Material\Sem VI\Projects\PBL2\RoadEye\dataset_crack\final_dataset_v5\train\labels\sewage_defect_detection_011418.txt,1,0
train,D:\Study Material\Sem VI\Projects\PBL2\RoadEye\dataset_crack\final_dataset_v5\train\images\sewage_defect_detection_011443.jpg,train/images/sewage_defect_detection_011443.jpg,D:\Study Material\Sem VI\Projects\PBL2\RoadEye\dataset_crack\final_dataset_v5\train\labels\sewage_defect_detection_011443.txt,1,0
train,D:\Study Material\Sem VI\Projects\PBL2\RoadEye\dataset_crack\final_dataset_v5\train\images\sewage_defect_detection_011462.jpg,train/images/sewage_defect_detection_011462.jpg,D:\Study Material\Sem VI\Projects\PBL2\RoadEye\dataset_crack\final_dataset_v5\train\labels\sewage_defect_detection_011462.txt,1,0
train,D:\Study Material\Sem VI\Projects\PBL2\RoadEye\dataset_crack\final_dataset_v5\train\images\sewage_defect_detection_011481.jpg,train/images/sewage_defect_detection_011481.jpg,D:\Study Material\Sem VI\Projects\PBL2\RoadEye\dataset_crack\final_dataset_v5\train\labels\sewage_defect_detection_011481.txt,3,0
train,D:\Study Material\Sem VI\Projects\PBL2\RoadEye\dataset_crack\final_dataset_v5\train\images\sewage_defect_detection_011524.jpg,train/images/sewage_defect_detection_011524.jpg,D:\Study Material\Sem VI\Projects\PBL2\RoadEye\dataset_crack\final_dataset_v5\train\labels\sewage_defect_detection_011524.txt,1,0
train,D:\Study Material\Sem VI\Projects\PBL2\RoadEye\dataset_crack\final_dataset_v5\train\images\sewage_defect_detection_011576.jpg,train/images/sewage_defect_detection_011576.jpg,D:\Study Material\Sem VI\Projects\PBL2\RoadEye\dataset_crack\final_dataset_v5\train\labels\sewage_defect_detection_011576.txt,1,0
train,D:\Study Material\Sem VI\Projects\PBL2\RoadEye\dataset_crack\final_dataset_v5\train\images\sewage_defect_detection_011730.jpg,train/images/sewage_defect_detection_011730.jpg,D:\Study Material\Sem VI\Projects\PBL2\RoadEye\dataset_crack\final_dataset_v5\train\labels\sewage_defect_detection_011730.txt,1,0
train,D:\Study Material\Sem VI\Projects\PBL2\RoadEye\dataset_crack\final_dataset_v5\train\images\sewage_defect_detection_011779.jpg,train/images/sewage_defect_detection_011779.jpg,D:\Study Material\Sem VI\Projects\PBL2\RoadEye\dataset_crack\final_dataset_v5\train\labels\sewage_defect_detection_011779.txt,2,0
train,D:\Study Material\Sem VI\Projects\PBL2\RoadEye\dataset_crack\final_dataset_v5\train\images\sewage_defect_detection_011815.jpg,train/images/sewage_defect_detection_011815.jpg,D:\Study Material\Sem VI\Projects\PBL2\RoadEye\dataset_crack\final_dataset_v5\train\labels\sewage_defect_detection_011815.txt,1,0
train,D:\Study Material\Sem VI\Projects\PBL2\RoadEye\dataset_crack\final_dataset_v5\train\images\sewage_defect_detection_011832.jpg,train/images/sewage_defect_detection_011832.jpg,D:\Study Material\Sem VI\Projects\PBL2\RoadEye\dataset_crack\final_dataset_v5\train\labels\sewage_defect_detection_011832.txt,2,1
train,D:\Study Material\Sem VI\Projects\PBL2\RoadEye\dataset_crack\final_dataset_v5\train\images\sewage_defect_detection_011849.jpg,train/images/sewage_defect_detection_011849.jpg,D:\Study Material\Sem VI\Projects\PBL2\RoadEye\dataset_crack\final_dataset_v5\train\labels\sewage_defect_detection_011849.txt,1,0
train,D:\Study Material\Sem VI\Projects\PBL2\RoadEye\dataset_crack\final_dataset_v5\train\images\sewage_defect_detection_011863.jpg,train/images/sewage_defect_detection_011863.jpg,D:\Study Material\Sem VI\Projects\PBL2\RoadEye\dataset_crack\final_dataset_v5\train\labels\sewage_defect_detection_011863.txt,2,0
train,D:\Study Material\Sem VI\Projects\PBL2\RoadEye\dataset_crack\final_dataset_v5\train\images\sewage_defect_detection_011892.jpg,train/images/sewage_defect_detection_011892.jpg,D:\Study Material\Sem VI\Projects\PBL2\RoadEye\dataset_crack\final_dataset_v5\train\labels\sewage_defect_detection_011892.txt,1,3
train,D:\Study Material\Sem VI\Projects\PBL2\RoadEye\dataset_crack\final_dataset_v5\train\images\sewage_defect_detection_011908.jpg,train/images/sewage_defect_detection_011908.jpg,D:\Study Material\Sem VI\Projects\PBL2\RoadEye\dataset_crack\final_dataset_v5\train\labels\sewage_defect_detection_011908.txt,1,0
train,D:\Study Material\Sem VI\Projects\PBL2\RoadEye\dataset_crack\final_dataset_v5\train\images\sewage_defect_detection_011915.jpg,train/images/sewage_defect_detection_011915.jpg,D:\Study Material\Sem VI\Projects\PBL2\RoadEye\dataset_crack\final_dataset_v5\train\labels\sewage_defect_detection_011915.txt,1,3
train,D:\Study Material\Sem VI\Projects\PBL2\RoadEye\dataset_crack\final_dataset_v5\train\images\sewage_defect_detection_011929.jpg,train/images/sewage_defect_detection_011929.jpg,D:\Study Material\Sem VI\Projects\PBL2\RoadEye\dataset_crack\final_dataset_v5\train\labels\sewage_defect_detection_011929.txt,2,0
train,D:\Study Material\Sem VI\Projects\PBL2\RoadEye\dataset_crack\final_dataset_v5\train\images\sewage_defect_detection_011932.jpg,train/images/sewage_defect_detection_011932.jpg,D:\Study Material\Sem VI\Projects\PBL2\RoadEye\dataset_crack\final_dataset_v5\train\labels\sewage_defect_detection_011932.txt,1,0
train,D:\Study Material\Sem VI\Projects\PBL2\RoadEye\dataset_crack\final_dataset_v5\train\images\sewage_defect_detection_011959.jpg,train/images/sewage_defect_detection_011959.jpg,D:\Study Material\Sem VI\Projects\PBL2\RoadEye\dataset_crack\final_dataset_v5\train\labels\sewage_defect_detection_011959.txt,1,0
train,D:\Study Material\Sem VI\Projects\PBL2\RoadEye\dataset_crack\final_dataset_v5\train\images\sewage_defect_detection_011994.jpg,train/images/sewage_defect_detection_011994.jpg,D:\Study Material\Sem VI\Projects\PBL2\RoadEye\dataset_crack\final_dataset_v5\train\labels\sewage_defect_detection_011994.txt,1,0
train,D:\Study Material\Sem VI\Projects\PBL2\RoadEye\dataset_crack\final_dataset_v5\train\images\sewage_defect_detection_012022.jpg,train/images/sewage_defect_detection_012022.jpg,D:\Study Material\Sem VI\Projects\PBL2\RoadEye\dataset_crack\final_dataset_v5\train\labels\sewage_defect_detection_012022.txt,2,2
train,D:\Study Material\Sem VI\Projects\PBL2\RoadEye\dataset_crack\final_dataset_v5\train\images\sewage_defect_detection_012063.jpg,train/images/sewage_defect_detection_012063.jpg,D:\Study Material\Sem VI\Projects\PBL2\RoadEye\dataset_crack\final_dataset_v5\train\labels\sewage_defect_detection_012063.txt,0,3
train,D:\Study Material\Sem VI\Projects\PBL2\RoadEye\dataset_crack\final_dataset_v5\train\images\sewage_defect_detection_012117.jpg,train/images/sewage_defect_detection_012117.jpg,D:\Study Material\Sem VI\Projects\PBL2\RoadEye\dataset_crack\final_dataset_v5\train\labels\sewage_defect_detection_012117.txt,2,1
train,D:\Study Material\Sem VI\Projects\PBL2\RoadEye\dataset_crack\final_dataset_v5\train\images\sewage_defect_detection_012122.jpg,train/images/sewage_defect_detection_012122.jpg,D:\Study Material\Sem VI\Projects\PBL2\RoadEye\dataset_crack\final_dataset_v5\train\labels\sewage_defect_detection_012122.txt,1,0
train,D:\Study Material\Sem VI\Projects\PBL2\RoadEye\dataset_crack\final_dataset_v5\train\images\sewage_defect_detection_012127.jpg,train/images/sewage_defect_detection_012127.jpg,D:\Study Material\Sem VI\Projects\PBL2\RoadEye\dataset_crack\final_dataset_v5\train\labels\sewage_defect_detection_012127.txt,0,1
train,D:\Study Material\Sem VI\Projects\PBL2\RoadEye\dataset_crack\final_dataset_v5\train\images\sewage_defect_detection_012137.jpg,train/images/sewage_defect_detection_012137.jpg,D:\Study Material\Sem VI\Projects\PBL2\RoadEye\dataset_crack\final_dataset_v5\train\labels\sewage_defect_detection_012137.txt,1,0
train,D:\Study Material\Sem VI\Projects\PBL2\RoadEye\dataset_crack\final_dataset_v5\train\images\sewage_defect_detection_012205.jpg,train/images/sewage_defect_detection_012205.jpg,D:\Study Material\Sem VI\Projects\PBL2\RoadEye\dataset_crack\final_dataset_v5\train\labels\sewage_defect_detection_012205.txt,1,1
train,D:\Study Material\Sem VI\Projects\PBL2\RoadEye\dataset_crack\final_dataset_v5\train\images\sewage_defect_detection_012206.jpg,train/images/sewage_defect_detection_012206.jpg,D:\Study Material\Sem VI\Projects\PBL2\RoadEye\dataset_crack\final_dataset_v5\train\labels\sewage_defect_detection_012206.txt,1,0
train,D:\Study Material\Sem VI\Projects\PBL2\RoadEye\dataset_crack\final_dataset_v5\train\images\sewage_defect_detection_012218.jpg,train/images/sewage_defect_detection_012218.jpg,D:\Study Material\Sem VI\Projects\PBL2\RoadEye\dataset_crack\final_dataset_v5\train\labels\sewage_defect_detection_012218.txt,1,1
train,D:\Study Material\Sem VI\Projects\PBL2\RoadEye\dataset_crack\final_dataset_v5\train\images\sewage_defect_detection_012227.jpg,train/images/sewage_defect_detection_012227.jpg,D:\Study Material\Sem VI\Projects\PBL2\RoadEye\dataset_crack\final_dataset_v5\train\labels\sewage_defect_detection_012227.txt,1,0
train,D:\Study Material\Sem VI\Projects\PBL2\RoadEye\dataset_crack\final_dataset_v5\train\images\sewage_defect_detection_012230.jpg,train/images/sewage_defect_detection_012230.jpg,D:\Study Material\Sem VI\Projects\PBL2\RoadEye\dataset_crack\final_dataset_v5\train\labels\sewage_defect_detection_012230.txt,1,0
train,D:\Study Material\Sem VI\Projects\PBL2\RoadEye\dataset_crack\final_dataset_v5\train\images\sewage_defect_detection_012249.jpg,train/images/sewage_defect_detection_012249.jpg,D:\Study Material\Sem VI\Projects\PBL2\RoadEye\dataset_crack\final_dataset_v5\train\labels\sewage_defect_detection_012249.txt,1,0
train,D:\Study Material\Sem VI\Projects\PBL2\RoadEye\dataset_crack\final_dataset_v5\train\images\sewage_defect_detection_012253.jpg,train/images/sewage_defect_detection_012253.jpg,D:\Study Material\Sem VI\Projects\PBL2\RoadEye\dataset_crack\final_dataset_v5\train\labels\sewage_defect_detection_012253.txt,2,7
train,D:\Study Material\Sem VI\Projects\PBL2\RoadEye\dataset_crack\final_dataset_v5\train\images\sewage_defect_detection_012283.jpg,train/images/sewage_defect_detection_012283.jpg,D:\Study Material\Sem VI\Projects\PBL2\RoadEye\dataset_crack\final_dataset_v5\train\labels\sewage_defect_detection_012283.txt,1,0
train,D:\Study Material\Sem VI\Projects\PBL2\RoadEye\dataset_crack\final_dataset_v5\train\images\sewage_defect_detection_012302.jpg,train/images/sewage_defect_detection_012302.jpg,D:\Study Material\Sem VI\Projects\PBL2\RoadEye\dataset_crack\final_dataset_v5\train\labels\sewage_defect_detection_012302.txt,2,1
train,D:\Study Material\Sem VI\Projects\PBL2\RoadEye\dataset_crack\final_dataset_v5\train\images\sewage_defect_detection_012306.jpg,train/images/sewage_defect_detection_012306.jpg,D:\Study Material\Sem VI\Projects\PBL2\RoadEye\dataset_crack\final_dataset_v5\train\labels\sewage_defect_detection_012306.txt,1,1
train,D:\Study Material\Sem VI\Projects\PBL2\RoadEye\dataset_crack\final_dataset_v5\train\images\sewage_defect_detection_012310.jpg,train/images/sewage_defect_detection_012310.jpg,D:\Study Material\Sem VI\Projects\PBL2\RoadEye\dataset_crack\final_dataset_v5\train\labels\sewage_defect_detection_012310.txt,1,0
train,D:\Study Material\Sem VI\Projects\PBL2\RoadEye\dataset_crack\final_dataset_v5\train\images\sewage_defect_detection_012317.jpg,train/images/sewage_defect_detection_012317.jpg,D:\Study Material\Sem VI\Projects\PBL2\RoadEye\dataset_crack\final_dataset_v5\train\labels\sewage_defect_detection_012317.txt,1,0
train,D:\Study Material\Sem VI\Projects\PBL2\RoadEye\dataset_crack\final_dataset_v5\train\images\sewage_defect_detection_012374.jpg,train/images/sewage_defect_detection_012374.jpg,D:\Study Material\Sem VI\Projects\PBL2\RoadEye\dataset_crack\final_dataset_v5\train\labels\sewage_defect_detection_012374.txt,2,1
train,D:\Study Material\Sem VI\Projects\PBL2\RoadEye\dataset_crack\final_dataset_v5\train\images\sewage_defect_detection_012382.jpg,train/images/sewage_defect_detection_012382.jpg,D:\Study Material\Sem VI\Projects\PBL2\RoadEye\dataset_crack\final_dataset_v5\train\labels\sewage_defect_detection_012382.txt,1,0
train,D:\Study Material\Sem VI\Projects\PBL2\RoadEye\dataset_crack\final_dataset_v5\train\images\sewage_defect_detection_012391.jpg,train/images/sewage_defect_detection_012391.jpg,D:\Study Material\Sem VI\Projects\PBL2\RoadEye\dataset_crack\final_dataset_v5\train\labels\sewage_defect_detection_012391.txt,1,1
train,D:\Study Material\Sem VI\Projects\PBL2\RoadEye\dataset_crack\final_dataset_v5\train\images\sewage_defect_detection_012406.jpg,train/images/sewage_defect_detection_012406.jpg,D:\Study Material\Sem VI\Projects\PBL2\RoadEye\dataset_crack\final_dataset_v5\train\labels\sewage_defect_detection_012406.txt,1,0
train,D:\Study Material\Sem VI\Projects\PBL2\RoadEye\dataset_crack\final_dataset_v5\train\images\sewage_defect_detection_012416.jpg,train/images/sewage_defect_detection_012416.jpg,D:\Study Material\Sem VI\Projects\PBL2\RoadEye\dataset_crack\final_dataset_v5\train\labels\sewage_defect_detection_012416.txt,1,0
train,D:\Study Material\Sem VI\Projects\PBL2\RoadEye\dataset_crack\final_dataset_v5\train\images\sewage_defect_detection_012425.jpg,train/images/sewage_defect_detection_012425.jpg,D:\Study Material\Sem VI\Projects\PBL2\RoadEye\dataset_crack\final_dataset_v5\train\labels\sewage_defect_detection_012425.txt,2,0
train,D:\Study Material\Sem VI\Projects\PBL2\RoadEye\dataset_crack\final_dataset_v5\train\images\sewage_defect_detection_012430.jpg,train/images/sewage_defect_detection_012430.jpg,D:\Study Material\Sem VI\Projects\PBL2\RoadEye\dataset_crack\final_dataset_v5\train\labels\sewage_defect_detection_012430.txt,1,0
train,D:\Study Material\Sem VI\Projects\PBL2\RoadEye\dataset_crack\final_dataset_v5\train\images\sewage_defect_detection_012432.jpg,train/images/sewage_defect_detection_012432.jpg,D:\Study Material\Sem VI\Projects\PBL2\RoadEye\dataset_crack\final_dataset_v5\train\labels\sewage_defect_detection_012432.txt,2,0
train,D:\Study Material\Sem VI\Projects\PBL2\RoadEye\dataset_crack\final_dataset_v5\train\images\sewage_defect_detection_012507.jpg,train/images/sewage_defect_detection_012507.jpg,D:\Study Material\Sem VI\Projects\PBL2\RoadEye\dataset_crack\final_dataset_v5\train\labels\sewage_defect_detection_012507.txt,1,0
train,D:\Study Material\Sem VI\Projects\PBL2\RoadEye\dataset_crack\final_dataset_v5\train\images\sewage_defect_detection_012527.jpg,train/images/sewage_defect_detection_012527.jpg,D:\Study Material\Sem VI\Projects\PBL2\RoadEye\dataset_crack\final_dataset_v5\train\labels\sewage_defect_detection_012527.txt,1,0
train,D:\Study Material\Sem VI\Projects\PBL2\RoadEye\dataset_crack\final_dataset_v5\train\images\sewage_defect_detection_012532.jpg,train/images/sewage_defect_detection_012532.jpg,D:\Study Material\Sem VI\Projects\PBL2\RoadEye\dataset_crack\final_dataset_v5\train\labels\sewage_defect_detection_012532.txt,0,1
train,D:\Study Material\Sem VI\Projects\PBL2\RoadEye\dataset_crack\final_dataset_v5\train\images\sewage_defect_detection_012561.jpg,train/images/sewage_defect_detection_012561.jpg,D:\Study Material\Sem VI\Projects\PBL2\RoadEye\dataset_crack\final_dataset_v5\train\labels\sewage_defect_detection_012561.txt,1,2
train,D:\Study Material\Sem VI\Projects\PBL2\RoadEye\dataset_crack\final_dataset_v5\train\images\sewage_defect_detection_012585.jpg,train/images/sewage_defect_detection_012585.jpg,D:\Study Material\Sem VI\Projects\PBL2\RoadEye\dataset_crack\final_dataset_v5\train\labels\sewage_defect_detection_012585.txt,1,0
train,D:\Study Material\Sem VI\Projects\PBL2\RoadEye\dataset_crack\final_dataset_v5\train\images\sewage_defect_detection_012604.jpg,train/images/sewage_defect_detection_012604.jpg,D:\Study Material\Sem VI\Projects\PBL2\RoadEye\dataset_crack\final_dataset_v5\train\labels\sewage_defect_detection_012604.txt,1,0
train,D:\Study Material\Sem VI\Projects\PBL2\RoadEye\dataset_crack\final_dataset_v5\train\images\sewage_defect_detection_012613.jpg,train/images/sewage_defect_detection_012613.jpg,D:\Study Material\Sem VI\Projects\PBL2\RoadEye\dataset_crack\final_dataset_v5\train\labels\sewage_defect_detection_012613.txt,1,0
train,D:\Study Material\Sem VI\Projects\PBL2\RoadEye\dataset_crack\final_dataset_v5\train\images\sewage_defect_detection_012616.jpg,train/images/sewage_defect_detection_012616.jpg,D:\Study Material\Sem VI\Projects\PBL2\RoadEye\dataset_crack\final_dataset_v5\train\labels\sewage_defect_detection_012616.txt,1,1
train,D:\Study Material\Sem VI\Projects\PBL2\RoadEye\dataset_crack\final_dataset_v5\train\images\sewage_defect_detection_012653.jpg,train/images/sewage_defect_detection_012653.jpg,D:\Study Material\Sem VI\Projects\PBL2\RoadEye\dataset_crack\final_dataset_v5\train\labels\sewage_defect_detection_012653.txt,1,0
train,D:\Study Material\Sem VI\Projects\PBL2\RoadEye\dataset_crack\final_dataset_v5\train\images\sewage_defect_detection_012662.jpg,train/images/sewage_defect_detection_012662.jpg,D:\Study Material\Sem VI\Projects\PBL2\RoadEye\dataset_crack\final_dataset_v5\train\labels\sewage_defect_detection_012662.txt,1,4
train,D:\Study Material\Sem VI\Projects\PBL2\RoadEye\dataset_crack\final_dataset_v5\train\images\sewage_defect_detection_012689.jpg,train/images/sewage_defect_detection_012689.jpg,D:\Study Material\Sem VI\Projects\PBL2\RoadEye\dataset_crack\final_dataset_v5\train\labels\sewage_defect_detection_012689.txt,2,4
train,D:\Study Material\Sem VI\Projects\PBL2\RoadEye\dataset_crack\final_dataset_v5\train\images\sewage_defect_detection_012696.jpg,train/images/sewage_defect_detection_012696.jpg,D:\Study Material\Sem VI\Projects\PBL2\RoadEye\dataset_crack\final_dataset_v5\train\labels\sewage_defect_detection_012696.txt,0,4
train,D:\Study Material\Sem VI\Projects\PBL2\RoadEye\dataset_crack\final_dataset_v5\train\images\sewage_defect_detection_012702.jpg,train/images/sewage_defect_detection_012702.jpg,D:\Study Material\Sem VI\Projects\PBL2\RoadEye\dataset_crack\final_dataset_v5\train\labels\sewage_defect_detection_012702.txt,0,3
train,D:\Study Material\Sem VI\Projects\PBL2\RoadEye\dataset_crack\final_dataset_v5\train\images\sewage_defect_detection_012707.jpg,train/images/sewage_defect_detection_012707.jpg,D:\Study Material\Sem VI\Projects\PBL2\RoadEye\dataset_crack\final_dataset_v5\train\labels\sewage_defect_detection_012707.txt,1,2
train,D:\Study Material\Sem VI\Projects\PBL2\RoadEye\dataset_crack\final_dataset_v5\train\images\sewage_defect_detection_012712.jpg,train/images/sewage_defect_detection_012712.jpg,D:\Study Material\Sem VI\Projects\PBL2\RoadEye\dataset_crack\final_dataset_v5\train\labels\sewage_defect_detection_012712.txt,1,0
train,D:\Study Material\Sem VI\Projects\PBL2\RoadEye\dataset_crack\final_dataset_v5\train\images\sewage_defect_detection_012713.jpg,train/images/sewage_defect_detection_012713.jpg,D:\Study Material\Sem VI\Projects\PBL2\RoadEye\dataset_crack\final_dataset_v5\train\labels\sewage_defect_detection_012713.txt,1,0
train,D:\Study Material\Sem VI\Projects\PBL2\RoadEye\dataset_crack\final_dataset_v5\train\images\sewage_defect_detection_012737.jpg,train/images/sewage_defect_detection_012737.jpg,D:\Study Material\Sem VI\Projects\PBL2\RoadEye\dataset_crack\final_dataset_v5\train\labels\sewage_defect_detection_012737.txt,2,0
train,D:\Study Material\Sem VI\Projects\PBL2\RoadEye\dataset_crack\final_dataset_v5\train\images\sewage_defect_detection_012739.jpg,train/images/sewage_defect_detection_012739.jpg,D:\Study Material\Sem VI\Projects\PBL2\RoadEye\dataset_crack\final_dataset_v5\train\labels\sewage_defect_detection_012739.txt,2,0
train,D:\Study Material\Sem VI\Projects\PBL2\RoadEye\dataset_crack\final_dataset_v5\train\images\sewage_defect_detection_012772.jpg,train/images/sewage_defect_detection_012772.jpg,D:\Study Material\Sem VI\Projects\PBL2\RoadEye\dataset_crack\final_dataset_v5\train\labels\sewage_defect_detection_012772.txt,1,0
train,D:\Study Material\Sem VI\Projects\PBL2\RoadEye\dataset_crack\final_dataset_v5\train\images\sewage_defect_detection_012808.jpg,train/images/sewage_defect_detection_012808.jpg,D:\Study Material\Sem VI\Projects\PBL2\RoadEye\dataset_crack\final_dataset_v5\train\labels\sewage_defect_detection_012808.txt,0,2
train,D:\Study Material\Sem VI\Projects\PBL2\RoadEye\dataset_crack\final_dataset_v5\train\images\sewage_defect_detection_012817.jpg,train/images/sewage_defect_detection_012817.jpg,D:\Study Material\Sem VI\Projects\PBL2\RoadEye\dataset_crack\final_dataset_v5\train\labels\sewage_defect_detection_012817.txt,0,2
train,D:\Study Material\Sem VI\Projects\PBL2\RoadEye\dataset_crack\final_dataset_v5\train\images\sewage_defect_detection_012831.jpg,train/images/sewage_defect_detection_012831.jpg,D:\Study Material\Sem VI\Projects\PBL2\RoadEye\dataset_crack\final_dataset_v5\train\labels\sewage_defect_detection_012831.txt,2,1
train,D:\Study Material\Sem VI\Projects\PBL2\RoadEye\dataset_crack\final_dataset_v5\train\images\sewage_defect_detection_012834.jpg,train/images/sewage_defect_detection_012834.jpg,D:\Study Material\Sem VI\Projects\PBL2\RoadEye\dataset_crack\final_dataset_v5\train\labels\sewage_defect_detection_012834.txt,1,0
train,D:\Study Material\Sem VI\Projects\PBL2\RoadEye\dataset_crack\final_dataset_v5\train\images\sewage_defect_detection_012881.jpg,train/images/sewage_defect_detection_012881.jpg,D:\Study Material\Sem VI\Projects\PBL2\RoadEye\dataset_crack\final_dataset_v5\train\labels\sewage_defect_detection_012881.txt,2,0
train,D:\Study Material\Sem VI\Projects\PBL2\RoadEye\dataset_crack\final_dataset_v5\train\images\sewer_defects_000002.jpg,train/images/sewer_defects_000002.jpg,D:\Study Material\Sem VI\Projects\PBL2\RoadEye\dataset_crack\final_dataset_v5\train\labels\sewer_defects_000002.txt,1,0
train,D:\Study Material\Sem VI\Projects\PBL2\RoadEye\dataset_crack\final_dataset_v5\train\images\sewer_defects_000006.jpg,train/images/sewer_defects_000006.jpg,D:\Study Material\Sem VI\Projects\PBL2\RoadEye\dataset_crack\final_dataset_v5\train\labels\sewer_defects_000006.txt,1,0
train,D:\Study Material\Sem VI\Projects\PBL2\RoadEye\dataset_crack\final_dataset_v5\train\images\sewer_defects_000056.jpg,train/images/sewer_defects_000056.jpg,D:\Study Material\Sem VI\Projects\PBL2\RoadEye\dataset_crack\final_dataset_v5\train\labels\sewer_defects_000056.txt,1,1
train,D:\Study Material\Sem VI\Projects\PBL2\RoadEye\dataset_crack\final_dataset_v5\train\images\sewer_defects_000066.jpg,train/images/sewer_defects_000066.jpg,D:\Study Material\Sem VI\Projects\PBL2\RoadEye\dataset_crack\final_dataset_v5\train\labels\sewer_defects_000066.txt,2,0
train,D:\Study Material\Sem VI\Projects\PBL2\RoadEye\dataset_crack\final_dataset_v5\train\images\sewer_defects_000127.jpg,train/images/sewer_defects_000127.jpg,D:\Study Material\Sem VI\Projects\PBL2\RoadEye\dataset_crack\final_dataset_v5\train\labels\sewer_defects_000127.txt,1,0
train,D:\Study Material\Sem VI\Projects\PBL2\RoadEye\dataset_crack\final_dataset_v5\train\images\sewer_defects_000143.jpg,train/images/sewer_defects_000143.jpg,D:\Study Material\Sem VI\Projects\PBL2\RoadEye\dataset_crack\final_dataset_v5\train\labels\sewer_defects_000143.txt,1,0
train,D:\Study Material\Sem VI\Projects\PBL2\RoadEye\dataset_crack\final_dataset_v5\train\images\sewer_defects_000235.jpg,train/images/sewer_defects_000235.jpg,D:\Study Material\Sem VI\Projects\PBL2\RoadEye\dataset_crack\final_dataset_v5\train\labels\sewer_defects_000235.txt,1,0
train,D:\Study Material\Sem VI\Projects\PBL2\RoadEye\dataset_crack\final_dataset_v5\train\images\sewer_defects_000303.jpg,train/images/sewer_defects_000303.jpg,D:\Study Material\Sem VI\Projects\PBL2\RoadEye\dataset_crack\final_dataset_v5\train\labels\sewer_defects_000303.txt,2,0
train,D:\Study Material\Sem VI\Projects\PBL2\RoadEye\dataset_crack\final_dataset_v5\train\images\sewer_defects_000343.jpg,train/images/sewer_defects_000343.jpg,D:\Study Material\Sem VI\Projects\PBL2\RoadEye\dataset_crack\final_dataset_v5\train\labels\sewer_defects_000343.txt,2,4
train,D:\Study Material\Sem VI\Projects\PBL2\RoadEye\dataset_crack\final_dataset_v5\train\images\sewer_defects_000356.jpg,train/images/sewer_defects_000356.jpg,D:\Study Material\Sem VI\Projects\PBL2\RoadEye\dataset_crack\final_dataset_v5\train\labels\sewer_defects_000356.txt,1,0
train,D:\Study Material\Sem VI\Projects\PBL2\RoadEye\dataset_crack\final_dataset_v5\train\images\sewer_defects_000373.jpg,train/images/sewer_defects_000373.jpg,D:\Study Material\Sem VI\Projects\PBL2\RoadEye\dataset_crack\final_dataset_v5\train\labels\sewer_defects_000373.txt,2,0
train,D:\Study Material\Sem VI\Projects\PBL2\RoadEye\dataset_crack\final_dataset_v5\train\images\sewer_defects_000404.jpg,train/images/sewer_defects_000404.jpg,D:\Study Material\Sem VI\Projects\PBL2\RoadEye\dataset_crack\final_dataset_v5\train\labels\sewer_defects_000404.txt,1,0
train,D:\Study Material\Sem VI\Projects\PBL2\RoadEye\dataset_crack\final_dataset_v5\train\images\sewer_defects_000424.jpg,train/images/sewer_defects_000424.jpg,D:\Study Material\Sem VI\Projects\PBL2\RoadEye\dataset_crack\final_dataset_v5\train\labels\sewer_defects_000424.txt,1,1
train,D:\Study Material\Sem VI\Projects\PBL2\RoadEye\dataset_crack\final_dataset_v5\train\images\sewer_defects_000467.jpg,train/images/sewer_defects_000467.jpg,D:\Study Material\Sem VI\Projects\PBL2\RoadEye\dataset_crack\final_dataset_v5\train\labels\sewer_defects_000467.txt,1,0
train,D:\Study Material\Sem VI\Projects\PBL2\RoadEye\dataset_crack\final_dataset_v5\train\images\sewer_defects_000470.jpg,train/images/sewer_defects_000470.jpg,D:\Study Material\Sem VI\Projects\PBL2\RoadEye\dataset_crack\final_dataset_v5\train\labels\sewer_defects_000470.txt,1,0
train,D:\Study Material\Sem VI\Projects\PBL2\RoadEye\dataset_crack\final_dataset_v5\train\images\sewer_defects_000477.jpg,train/images/sewer_defects_000477.jpg,D:\Study Material\Sem VI\Projects\PBL2\RoadEye\dataset_crack\final_dataset_v5\train\labels\sewer_defects_000477.txt,2,1
train,D:\Study Material\Sem VI\Projects\PBL2\RoadEye\dataset_crack\final_dataset_v5\train\images\sewer_defects_000490.jpg,train/images/sewer_defects_000490.jpg,D:\Study Material\Sem VI\Projects\PBL2\RoadEye\dataset_crack\final_dataset_v5\train\labels\sewer_defects_000490.txt,1,0
train,D:\Study Material\Sem VI\Projects\PBL2\RoadEye\dataset_crack\final_dataset_v5\train\images\sewer_defects_000523.jpg,train/images/sewer_defects_000523.jpg,D:\Study Material\Sem VI\Projects\PBL2\RoadEye\dataset_crack\final_dataset_v5\train\labels\sewer_defects_000523.txt,1,0
train,D:\Study Material\Sem VI\Projects\PBL2\RoadEye\dataset_crack\final_dataset_v5\train\images\sewer_defects_000527.jpg,train/images/sewer_defects_000527.jpg,D:\Study Material\Sem VI\Projects\PBL2\RoadEye\dataset_crack\final_dataset_v5\train\labels\sewer_defects_000527.txt,3,0
train,D:\Study Material\Sem VI\Projects\PBL2\RoadEye\dataset_crack\final_dataset_v5\train\images\sewer_defects_000592.jpg,train/images/sewer_defects_000592.jpg,D:\Study Material\Sem VI\Projects\PBL2\RoadEye\dataset_crack\final_dataset_v5\train\labels\sewer_defects_000592.txt,2,2
train,D:\Study Material\Sem VI\Projects\PBL2\RoadEye\dataset_crack\final_dataset_v5\train\images\sewer_defects_000593.jpg,train/images/sewer_defects_000593.jpg,D:\Study Material\Sem VI\Projects\PBL2\RoadEye\dataset_crack\final_dataset_v5\train\labels\sewer_defects_000593.txt,1,0
train,D:\Study Material\Sem VI\Projects\PBL2\RoadEye\dataset_crack\final_dataset_v5\train\images\sewer_defects_000601.jpg,train/images/sewer_defects_000601.jpg,D:\Study Material\Sem VI\Projects\PBL2\RoadEye\dataset_crack\final_dataset_v5\train\labels\sewer_defects_000601.txt,2,1
train,D:\Study Material\Sem VI\Projects\PBL2\RoadEye\dataset_crack\final_dataset_v5\train\images\sewer_defects_000636.jpg,train/images/sewer_defects_000636.jpg,D:\Study Material\Sem VI\Projects\PBL2\RoadEye\dataset_crack\final_dataset_v5\train\labels\sewer_defects_000636.txt,2,0
train,D:\Study Material\Sem VI\Projects\PBL2\RoadEye\dataset_crack\final_dataset_v5\train\images\sewer_defects_000638.jpg,train/images/sewer_defects_000638.jpg,D:\Study Material\Sem VI\Projects\PBL2\RoadEye\dataset_crack\final_dataset_v5\train\labels\sewer_defects_000638.txt,1,0
train,D:\Study Material\Sem VI\Projects\PBL2\RoadEye\dataset_crack\final_dataset_v5\train\images\sewer_defects_000655.jpg,train/images/sewer_defects_000655.jpg,D:\Study Material\Sem VI\Projects\PBL2\RoadEye\dataset_crack\final_dataset_v5\train\labels\sewer_defects_000655.txt,1,2
train,D:\Study Material\Sem VI\Projects\PBL2\RoadEye\dataset_crack\final_dataset_v5\train\images\sewer_defects_000665.jpg,train/images/sewer_defects_000665.jpg,D:\Study Material\Sem VI\Projects\PBL2\RoadEye\dataset_crack\final_dataset_v5\train\labels\sewer_defects_000665.txt,1,0
train,D:\Study Material\Sem VI\Projects\PBL2\RoadEye\dataset_crack\final_dataset_v5\train\images\sewer_defects_000697.jpg,train/images/sewer_defects_000697.jpg,D:\Study Material\Sem VI\Projects\PBL2\RoadEye\dataset_crack\final_dataset_v5\train\labels\sewer_defects_000697.txt,1,0
train,D:\Study Material\Sem VI\Projects\PBL2\RoadEye\dataset_crack\final_dataset_v5\train\images\sewer_defects_000706.jpg,train/images/sewer_defects_000706.jpg,D:\Study Material\Sem VI\Projects\PBL2\RoadEye\dataset_crack\final_dataset_v5\train\labels\sewer_defects_000706.txt,1,1
train,D:\Study Material\Sem VI\Projects\PBL2\RoadEye\dataset_crack\final_dataset_v5\train\images\sewer_defects_000735.jpg,train/images/sewer_defects_000735.jpg,D:\Study Material\Sem VI\Projects\PBL2\RoadEye\dataset_crack\final_dataset_v5\train\labels\sewer_defects_000735.txt,1,0
train,D:\Study Material\Sem VI\Projects\PBL2\RoadEye\dataset_crack\final_dataset_v5\train\images\sewer_defects_000804.jpg,train/images/sewer_defects_000804.jpg,D:\Study Material\Sem VI\Projects\PBL2\RoadEye\dataset_crack\final_dataset_v5\train\labels\sewer_defects_000804.txt,1,0
train,D:\Study Material\Sem VI\Projects\PBL2\RoadEye\dataset_crack\final_dataset_v5\train\images\sewer_defects_000818.jpg,train/images/sewer_defects_000818.jpg,D:\Study Material\Sem VI\Projects\PBL2\RoadEye\dataset_crack\final_dataset_v5\train\labels\sewer_defects_000818.txt,2,0
train,D:\Study Material\Sem VI\Projects\PBL2\RoadEye\dataset_crack\final_dataset_v5\train\images\sewer_defects_000832.jpg,train/images/sewer_defects_000832.jpg,D:\Study Material\Sem VI\Projects\PBL2\RoadEye\dataset_crack\final_dataset_v5\train\labels\sewer_defects_000832.txt,1,3
train,D:\Study Material\Sem VI\Projects\PBL2\RoadEye\dataset_crack\final_dataset_v5\train\images\sewer_defects_000868.jpg,train/images/sewer_defects_000868.jpg,D:\Study Material\Sem VI\Projects\PBL2\RoadEye\dataset_crack\final_dataset_v5\train\labels\sewer_defects_000868.txt,2,3
train,D:\Study Material\Sem VI\Projects\PBL2\RoadEye\dataset_crack\final_dataset_v5\train\images\sewer_defects_000879.jpg,train/images/sewer_defects_000879.jpg,D:\Study Material\Sem VI\Projects\PBL2\RoadEye\dataset_crack\final_dataset_v5\train\labels\sewer_defects_000879.txt,4,0
train,D:\Study Material\Sem VI\Projects\PBL2\RoadEye\dataset_crack\final_dataset_v5\train\images\sewer_defects_000890.jpg,train/images/sewer_defects_000890.jpg,D:\Study Material\Sem VI\Projects\PBL2\RoadEye\dataset_crack\final_dataset_v5\train\labels\sewer_defects_000890.txt,1,0
train,D:\Study Material\Sem VI\Projects\PBL2\RoadEye\dataset_crack\final_dataset_v5\train\images\sewer_defects_000924.jpg,train/images/sewer_defects_000924.jpg,D:\Study Material\Sem VI\Projects\PBL2\RoadEye\dataset_crack\final_dataset_v5\train\labels\sewer_defects_000924.txt,0,1
train,D:\Study Material\Sem VI\Projects\PBL2\RoadEye\dataset_crack\final_dataset_v5\train\images\sewer_defects_000955.jpg,train/images/sewer_defects_000955.jpg,D:\Study Material\Sem VI\Projects\PBL2\RoadEye\dataset_crack\final_dataset_v5\train\labels\sewer_defects_000955.txt,2,1
train,D:\Study Material\Sem VI\Projects\PBL2\RoadEye\dataset_crack\final_dataset_v5\train\images\sewer_defects_000972.jpg,train/images/sewer_defects_000972.jpg,D:\Study Material\Sem VI\Projects\PBL2\RoadEye\dataset_crack\final_dataset_v5\train\labels\sewer_defects_000972.txt,2,2
train,D:\Study Material\Sem VI\Projects\PBL2\RoadEye\dataset_crack\final_dataset_v5\train\images\sewer_defects_000979.jpg,train/images/sewer_defects_000979.jpg,D:\Study Material\Sem VI\Projects\PBL2\RoadEye\dataset_crack\final_dataset_v5\train\labels\sewer_defects_000979.txt,1,0
train,D:\Study Material\Sem VI\Projects\PBL2\RoadEye\dataset_crack\final_dataset_v5\train\images\sewer_defects_000989.jpg,train/images/sewer_defects_000989.jpg,D:\Study Material\Sem VI\Projects\PBL2\RoadEye\dataset_crack\final_dataset_v5\train\labels\sewer_defects_000989.txt,1,0
train,D:\Study Material\Sem VI\Projects\PBL2\RoadEye\dataset_crack\final_dataset_v5\train\images\sewer_defects_001002.jpg,train/images/sewer_defects_001002.jpg,D:\Study Material\Sem VI\Projects\PBL2\RoadEye\dataset_crack\final_dataset_v5\train\labels\sewer_defects_001002.txt,3,0
train,D:\Study Material\Sem VI\Projects\PBL2\RoadEye\dataset_crack\final_dataset_v5\train\images\sewer_defects_001010.jpg,train/images/sewer_defects_001010.jpg,D:\Study Material\Sem VI\Projects\PBL2\RoadEye\dataset_crack\final_dataset_v5\train\labels\sewer_defects_001010.txt,1,0
train,D:\Study Material\Sem VI\Projects\PBL2\RoadEye\dataset_crack\final_dataset_v5\train\images\sewer_defects_001022.jpg,train/images/sewer_defects_001022.jpg,D:\Study Material\Sem VI\Projects\PBL2\RoadEye\dataset_crack\final_dataset_v5\train\labels\sewer_defects_001022.txt,1,2
train,D:\Study Material\Sem VI\Projects\PBL2\RoadEye\dataset_crack\final_dataset_v5\train\images\sewer_defects_001102.jpg,train/images/sewer_defects_001102.jpg,D:\Study Material\Sem VI\Projects\PBL2\RoadEye\dataset_crack\final_dataset_v5\train\labels\sewer_defects_001102.txt,1,0
train,D:\Study Material\Sem VI\Projects\PBL2\RoadEye\dataset_crack\final_dataset_v5\train\images\sewer_defects_001152.jpg,train/images/sewer_defects_001152.jpg,D:\Study Material\Sem VI\Projects\PBL2\RoadEye\dataset_crack\final_dataset_v5\train\labels\sewer_defects_001152.txt,1,0
train,D:\Study Material\Sem VI\Projects\PBL2\RoadEye\dataset_crack\final_dataset_v5\train\images\sewer_defects_001158.jpg,train/images/sewer_defects_001158.jpg,D:\Study Material\Sem VI\Projects\PBL2\RoadEye\dataset_crack\final_dataset_v5\train\labels\sewer_defects_001158.txt,1,2
train,D:\Study Material\Sem VI\Projects\PBL2\RoadEye\dataset_crack\final_dataset_v5\train\images\sewer_defects_001177.jpg,train/images/sewer_defects_001177.jpg,D:\Study Material\Sem VI\Projects\PBL2\RoadEye\dataset_crack\final_dataset_v5\train\labels\sewer_defects_001177.txt,0,2
train,D:\Study Material\Sem VI\Projects\PBL2\RoadEye\dataset_crack\final_dataset_v5\train\images\sewer_defects_001182.jpg,train/images/sewer_defects_001182.jpg,D:\Study Material\Sem VI\Projects\PBL2\RoadEye\dataset_crack\final_dataset_v5\train\labels\sewer_defects_001182.txt,0,2
train,D:\Study Material\Sem VI\Projects\PBL2\RoadEye\dataset_crack\final_dataset_v5\train\images\sewer_defects_001186.jpg,train/images/sewer_defects_001186.jpg,D:\Study Material\Sem VI\Projects\PBL2\RoadEye\dataset_crack\final_dataset_v5\train\labels\sewer_defects_001186.txt,2,2
train,D:\Study Material\Sem VI\Projects\PBL2\RoadEye\dataset_crack\final_dataset_v5\train\images\sewer_defects_001231.jpg,train/images/sewer_defects_001231.jpg,D:\Study Material\Sem VI\Projects\PBL2\RoadEye\dataset_crack\final_dataset_v5\train\labels\sewer_defects_001231.txt,1,0
train,D:\Study Material\Sem VI\Projects\PBL2\RoadEye\dataset_crack\final_dataset_v5\train\images\sewer_defects_001262.jpg,train/images/sewer_defects_001262.jpg,D:\Study Material\Sem VI\Projects\PBL2\RoadEye\dataset_crack\final_dataset_v5\train\labels\sewer_defects_001262.txt,2,0
train,D:\Study Material\Sem VI\Projects\PBL2\RoadEye\dataset_crack\final_dataset_v5\train\images\sewer_defects_001290.jpg,train/images/sewer_defects_001290.jpg,D:\Study Material\Sem VI\Projects\PBL2\RoadEye\dataset_crack\final_dataset_v5\train\labels\sewer_defects_001290.txt,0,2
train,D:\Study Material\Sem VI\Projects\PBL2\RoadEye\dataset_crack\final_dataset_v5\train\images\sewer_defects_001295.jpg,train/images/sewer_defects_001295.jpg,D:\Study Material\Sem VI\Projects\PBL2\RoadEye\dataset_crack\final_dataset_v5\train\labels\sewer_defects_001295.txt,1,0
train,D:\Study Material\Sem VI\Projects\PBL2\RoadEye\dataset_crack\final_dataset_v5\train\images\sewer_defects_001296.jpg,train/images/sewer_defects_001296.jpg,D:\Study Material\Sem VI\Projects\PBL2\RoadEye\dataset_crack\final_dataset_v5\train\labels\sewer_defects_001296.txt,2,1
train,D:\Study Material\Sem VI\Projects\PBL2\RoadEye\dataset_crack\final_dataset_v5\train\images\sewer_defects_001305.jpg,train/images/sewer_defects_001305.jpg,D:\Study Material\Sem VI\Projects\PBL2\RoadEye\dataset_crack\final_dataset_v5\train\labels\sewer_defects_001305.txt,1,1
train,D:\Study Material\Sem VI\Projects\PBL2\RoadEye\dataset_crack\final_dataset_v5\train\images\sewer_defects_001318.jpg,train/images/sewer_defects_001318.jpg,D:\Study Material\Sem VI\Projects\PBL2\RoadEye\dataset_crack\final_dataset_v5\train\labels\sewer_defects_001318.txt,2,0
train,D:\Study Material\Sem VI\Projects\PBL2\RoadEye\dataset_crack\final_dataset_v5\train\images\sewer_defects_001332.jpg,train/images/sewer_defects_001332.jpg,D:\Study Material\Sem VI\Projects\PBL2\RoadEye\dataset_crack\final_dataset_v5\train\labels\sewer_defects_001332.txt,2,3
train,D:\Study Material\Sem VI\Projects\PBL2\RoadEye\dataset_crack\final_dataset_v5\train\images\sewer_defects_001340.jpg,train/images/sewer_defects_001340.jpg,D:\Study Material\Sem VI\Projects\PBL2\RoadEye\dataset_crack\final_dataset_v5\train\labels\sewer_defects_001340.txt,1,0
train,D:\Study Material\Sem VI\Projects\PBL2\RoadEye\dataset_crack\final_dataset_v5\train\images\sewer_defects_001364.jpg,train/images/sewer_defects_001364.jpg,D:\Study Material\Sem VI\Projects\PBL2\RoadEye\dataset_crack\final_dataset_v5\train\labels\sewer_defects_001364.txt,2,2
train,D:\Study Material\Sem VI\Projects\PBL2\RoadEye\dataset_crack\final_dataset_v5\train\images\sewer_defects_001399.jpg,train/images/sewer_defects_001399.jpg,D:\Study Material\Sem VI\Projects\PBL2\RoadEye\dataset_crack\final_dataset_v5\train\labels\sewer_defects_001399.txt,1,0
train,D:\Study Material\Sem VI\Projects\PBL2\RoadEye\dataset_crack\final_dataset_v5\train\images\sewer_defects_001436.jpg,train/images/sewer_defects_001436.jpg,D:\Study Material\Sem VI\Projects\PBL2\RoadEye\dataset_crack\final_dataset_v5\train\labels\sewer_defects_001436.txt,1,0
train,D:\Study Material\Sem VI\Projects\PBL2\RoadEye\dataset_crack\final_dataset_v5\train\images\sewer_defects_001444.jpg,train/images/sewer_defects_001444.jpg,D:\Study Material\Sem VI\Projects\PBL2\RoadEye\dataset_crack\final_dataset_v5\train\labels\sewer_defects_001444.txt,1,0
train,D:\Study Material\Sem VI\Projects\PBL2\RoadEye\dataset_crack\final_dataset_v5\train\images\sewer_defects_001501.jpg,train/images/sewer_defects_001501.jpg,D:\Study Material\Sem VI\Projects\PBL2\RoadEye\dataset_crack\final_dataset_v5\train\labels\sewer_defects_001501.txt,1,0
train,D:\Study Material\Sem VI\Projects\PBL2\RoadEye\dataset_crack\final_dataset_v5\train\images\sewer_defects_001530.jpg,train/images/sewer_defects_001530.jpg,D:\Study Material\Sem VI\Projects\PBL2\RoadEye\dataset_crack\final_dataset_v5\train\labels\sewer_defects_001530.txt,1,1
train,D:\Study Material\Sem VI\Projects\PBL2\RoadEye\dataset_crack\final_dataset_v5\train\images\sewer_defects_001532.jpg,train/images/sewer_defects_001532.jpg,D:\Study Material\Sem VI\Projects\PBL2\RoadEye\dataset_crack\final_dataset_v5\train\labels\sewer_defects_001532.txt,1,1
train,D:\Study Material\Sem VI\Projects\PBL2\RoadEye\dataset_crack\final_dataset_v5\train\images\sewer_defects_001604.jpg,train/images/sewer_defects_001604.jpg,D:\Study Material\Sem VI\Projects\PBL2\RoadEye\dataset_crack\final_dataset_v5\train\labels\sewer_defects_001604.txt,1,1
train,D:\Study Material\Sem VI\Projects\PBL2\RoadEye\dataset_crack\final_dataset_v5\train\images\sewer_defects_001662.jpg,train/images/sewer_defects_001662.jpg,D:\Study Material\Sem VI\Projects\PBL2\RoadEye\dataset_crack\final_dataset_v5\train\labels\sewer_defects_001662.txt,1,0
train,D:\Study Material\Sem VI\Projects\PBL2\RoadEye\dataset_crack\final_dataset_v5\train\images\sewer_defects_001665.jpg,train/images/sewer_defects_001665.jpg,D:\Study Material\Sem VI\Projects\PBL2\RoadEye\dataset_crack\final_dataset_v5\train\labels\sewer_defects_001665.txt,1,3
train,D:\Study Material\Sem VI\Projects\PBL2\RoadEye\dataset_crack\final_dataset_v5\train\images\sewer_defects_001676.jpg,train/images/sewer_defects_001676.jpg,D:\Study Material\Sem VI\Projects\PBL2\RoadEye\dataset_crack\final_dataset_v5\train\labels\sewer_defects_001676.txt,4,0
train,D:\Study Material\Sem VI\Projects\PBL2\RoadEye\dataset_crack\final_dataset_v5\train\images\sewer_defects_001710.jpg,train/images/sewer_defects_001710.jpg,D:\Study Material\Sem VI\Projects\PBL2\RoadEye\dataset_crack\final_dataset_v5\train\labels\sewer_defects_001710.txt,3,0
train,D:\Study Material\Sem VI\Projects\PBL2\RoadEye\dataset_crack\final_dataset_v5\train\images\sewer_defects_001713.jpg,train/images/sewer_defects_001713.jpg,D:\Study Material\Sem VI\Projects\PBL2\RoadEye\dataset_crack\final_dataset_v5\train\labels\sewer_defects_001713.txt,1,0
train,D:\Study Material\Sem VI\Projects\PBL2\RoadEye\dataset_crack\final_dataset_v5\train\images\sewer_defects_001717.jpg,train/images/sewer_defects_001717.jpg,D:\Study Material\Sem VI\Projects\PBL2\RoadEye\dataset_crack\final_dataset_v5\train\labels\sewer_defects_001717.txt,1,1
train,D:\Study Material\Sem VI\Projects\PBL2\RoadEye\dataset_crack\final_dataset_v5\train\images\sewer_defects_001759.jpg,train/images/sewer_defects_001759.jpg,D:\Study Material\Sem VI\Projects\PBL2\RoadEye\dataset_crack\final_dataset_v5\train\labels\sewer_defects_001759.txt,1,0
train,D:\Study Material\Sem VI\Projects\PBL2\RoadEye\dataset_crack\final_dataset_v5\train\images\sewer_defects_001792.jpg,train/images/sewer_defects_001792.jpg,D:\Study Material\Sem VI\Projects\PBL2\RoadEye\dataset_crack\final_dataset_v5\train\labels\sewer_defects_001792.txt,1,4
train,D:\Study Material\Sem VI\Projects\PBL2\RoadEye\dataset_crack\final_dataset_v5\train\images\sewer_defects_001794.jpg,train/images/sewer_defects_001794.jpg,D:\Study Material\Sem VI\Projects\PBL2\RoadEye\dataset_crack\final_dataset_v5\train\labels\sewer_defects_001794.txt,2,3
train,D:\Study Material\Sem VI\Projects\PBL2\RoadEye\dataset_crack\final_dataset_v5\train\images\sewer_defects_001801.jpg,train/images/sewer_defects_001801.jpg,D:\Study Material\Sem VI\Projects\PBL2\RoadEye\dataset_crack\final_dataset_v5\train\labels\sewer_defects_001801.txt,2,0
train,D:\Study Material\Sem VI\Projects\PBL2\RoadEye\dataset_crack\final_dataset_v5\train\images\sewer_defects_001842.jpg,train/images/sewer_defects_001842.jpg,D:\Study Material\Sem VI\Projects\PBL2\RoadEye\dataset_crack\final_dataset_v5\train\labels\sewer_defects_001842.txt,2,0
train,D:\Study Material\Sem VI\Projects\PBL2\RoadEye\dataset_crack\final_dataset_v5\train\images\sewer_defects_001870.jpg,train/images/sewer_defects_001870.jpg,D:\Study Material\Sem VI\Projects\PBL2\RoadEye\dataset_crack\final_dataset_v5\train\labels\sewer_defects_001870.txt,2,1
train,D:\Study Material\Sem VI\Projects\PBL2\RoadEye\dataset_crack\final_dataset_v5\train\images\sewer_defects_001875.jpg,train/images/sewer_defects_001875.jpg,D:\Study Material\Sem VI\Projects\PBL2\RoadEye\dataset_crack\final_dataset_v5\train\labels\sewer_defects_001875.txt,0,2
train,D:\Study Material\Sem VI\Projects\PBL2\RoadEye\dataset_crack\final_dataset_v5\train\images\sewer_defects_001880.jpg,train/images/sewer_defects_001880.jpg,D:\Study Material\Sem VI\Projects\PBL2\RoadEye\dataset_crack\final_dataset_v5\train\labels\sewer_defects_001880.txt,1,4
train,D:\Study Material\Sem VI\Projects\PBL2\RoadEye\dataset_crack\final_dataset_v5\train\images\sewer_defects_001942.jpg,train/images/sewer_defects_001942.jpg,D:\Study Material\Sem VI\Projects\PBL2\RoadEye\dataset_crack\final_dataset_v5\train\labels\sewer_defects_001942.txt,1,0
train,D:\Study Material\Sem VI\Projects\PBL2\RoadEye\dataset_crack\final_dataset_v5\train\images\sewer_defects_001968.jpg,train/images/sewer_defects_001968.jpg,D:\Study Material\Sem VI\Projects\PBL2\RoadEye\dataset_crack\final_dataset_v5\train\labels\sewer_defects_001968.txt,2,1
train,D:\Study Material\Sem VI\Projects\PBL2\RoadEye\dataset_crack\final_dataset_v5\train\images\sewer_defects_001970.jpg,train/images/sewer_defects_001970.jpg,D:\Study Material\Sem VI\Projects\PBL2\RoadEye\dataset_crack\final_dataset_v5\train\labels\sewer_defects_001970.txt,1,0
train,D:\Study Material\Sem VI\Projects\PBL2\RoadEye\dataset_crack\final_dataset_v5\train\images\sewer_defects_002023.jpg,train/images/sewer_defects_002023.jpg,D:\Study Material\Sem VI\Projects\PBL2\RoadEye\dataset_crack\final_dataset_v5\train\labels\sewer_defects_002023.txt,1,0
train,D:\Study Material\Sem VI\Projects\PBL2\RoadEye\dataset_crack\final_dataset_v5\train\images\sewer_defects_002036.jpg,train/images/sewer_defects_002036.jpg,D:\Study Material\Sem VI\Projects\PBL2\RoadEye\dataset_crack\final_dataset_v5\train\labels\sewer_defects_002036.txt,1,0
train,D:\Study Material\Sem VI\Projects\PBL2\RoadEye\dataset_crack\final_dataset_v5\train\images\sewer_defects_002081.jpg,train/images/sewer_defects_002081.jpg,D:\Study Material\Sem VI\Projects\PBL2\RoadEye\dataset_crack\final_dataset_v5\train\labels\sewer_defects_002081.txt,1,1
train,D:\Study Material\Sem VI\Projects\PBL2\RoadEye\dataset_crack\final_dataset_v5\train\images\sewer_defects_002088.jpg,train/images/sewer_defects_002088.jpg,D:\Study Material\Sem VI\Projects\PBL2\RoadEye\dataset_crack\final_dataset_v5\train\labels\sewer_defects_002088.txt,2,4
train,D:\Study Material\Sem VI\Projects\PBL2\RoadEye\dataset_crack\final_dataset_v5\train\images\sewer_defects_002094.jpg,train/images/sewer_defects_002094.jpg,D:\Study Material\Sem VI\Projects\PBL2\RoadEye\dataset_crack\final_dataset_v5\train\labels\sewer_defects_002094.txt,1,0
train,D:\Study Material\Sem VI\Projects\PBL2\RoadEye\dataset_crack\final_dataset_v5\train\images\sewer_defects_002165.jpg,train/images/sewer_defects_002165.jpg,D:\Study Material\Sem VI\Projects\PBL2\RoadEye\dataset_crack\final_dataset_v5\train\labels\sewer_defects_002165.txt,1,1
train,D:\Study Material\Sem VI\Projects\PBL2\RoadEye\dataset_crack\final_dataset_v5\train\images\sewer_defects_002184.jpg,train/images/sewer_defects_002184.jpg,D:\Study Material\Sem VI\Projects\PBL2\RoadEye\dataset_crack\final_dataset_v5\train\labels\sewer_defects_002184.txt,1,0
train,D:\Study Material\Sem VI\Projects\PBL2\RoadEye\dataset_crack\final_dataset_v5\train\images\sewer_defects_002237.jpg,train/images/sewer_defects_002237.jpg,D:\Study Material\Sem VI\Projects\PBL2\RoadEye\dataset_crack\final_dataset_v5\train\labels\sewer_defects_002237.txt,3,2
train,D:\Study Material\Sem VI\Projects\PBL2\RoadEye\dataset_crack\final_dataset_v5\train\images\sewer_defects_002255.jpg,train/images/sewer_defects_002255.jpg,D:\Study Material\Sem VI\Projects\PBL2\RoadEye\dataset_crack\final_dataset_v5\train\labels\sewer_defects_002255.txt,1,0
train,D:\Study Material\Sem VI\Projects\PBL2\RoadEye\dataset_crack\final_dataset_v5\train\images\sewer_defects_002281.jpg,train/images/sewer_defects_002281.jpg,D:\Study Material\Sem VI\Projects\PBL2\RoadEye\dataset_crack\final_dataset_v5\train\labels\sewer_defects_002281.txt,2,0
train,D:\Study Material\Sem VI\Projects\PBL2\RoadEye\dataset_crack\final_dataset_v5\train\images\sewer_defects_002282.jpg,train/images/sewer_defects_002282.jpg,D:\Study Material\Sem VI\Projects\PBL2\RoadEye\dataset_crack\final_dataset_v5\train\labels\sewer_defects_002282.txt,1,0
train,D:\Study Material\Sem VI\Projects\PBL2\RoadEye\dataset_crack\final_dataset_v5\train\images\sewer_defects_002348.jpg,train/images/sewer_defects_002348.jpg,D:\Study Material\Sem VI\Projects\PBL2\RoadEye\dataset_crack\final_dataset_v5\train\labels\sewer_defects_002348.txt,1,0
train,D:\Study Material\Sem VI\Projects\PBL2\RoadEye\dataset_crack\final_dataset_v5\train\images\sewer_defects_002382.jpg,train/images/sewer_defects_002382.jpg,D:\Study Material\Sem VI\Projects\PBL2\RoadEye\dataset_crack\final_dataset_v5\train\labels\sewer_defects_002382.txt,2,0
train,D:\Study Material\Sem VI\Projects\PBL2\RoadEye\dataset_crack\final_dataset_v5\train\images\sewer_defects_002424.jpg,train/images/sewer_defects_002424.jpg,D:\Study Material\Sem VI\Projects\PBL2\RoadEye\dataset_crack\final_dataset_v5\train\labels\sewer_defects_002424.txt,2,0
train,D:\Study Material\Sem VI\Projects\PBL2\RoadEye\dataset_crack\final_dataset_v5\train\images\sewer_defects_002429.jpg,train/images/sewer_defects_002429.jpg,D:\Study Material\Sem VI\Projects\PBL2\RoadEye\dataset_crack\final_dataset_v5\train\labels\sewer_defects_002429.txt,1,1
train,D:\Study Material\Sem VI\Projects\PBL2\RoadEye\dataset_crack\final_dataset_v5\train\images\sewer_defects_002473.jpg,train/images/sewer_defects_002473.jpg,D:\Study Material\Sem VI\Projects\PBL2\RoadEye\dataset_crack\final_dataset_v5\train\labels\sewer_defects_002473.txt,1,1
train,D:\Study Material\Sem VI\Projects\PBL2\RoadEye\dataset_crack\final_dataset_v5\train\images\sewer_defects_002521.jpg,train/images/sewer_defects_002521.jpg,D:\Study Material\Sem VI\Projects\PBL2\RoadEye\dataset_crack\final_dataset_v5\train\labels\sewer_defects_002521.txt,1,0
train,D:\Study Material\Sem VI\Projects\PBL2\RoadEye\dataset_crack\final_dataset_v5\train\images\sewer_defects_002624.jpg,train/images/sewer_defects_002624.jpg,D:\Study Material\Sem VI\Projects\PBL2\RoadEye\dataset_crack\final_dataset_v5\train\labels\sewer_defects_002624.txt,3,4
train,D:\Study Material\Sem VI\Projects\PBL2\RoadEye\dataset_crack\final_dataset_v5\train\images\sewer_defects_002627.jpg,train/images/sewer_defects_002627.jpg,D:\Study Material\Sem VI\Projects\PBL2\RoadEye\dataset_crack\final_dataset_v5\train\labels\sewer_defects_002627.txt,2,2
train,D:\Study Material\Sem VI\Projects\PBL2\RoadEye\dataset_crack\final_dataset_v5\train\images\sewer_defects_002643.jpg,train/images/sewer_defects_002643.jpg,D:\Study Material\Sem VI\Projects\PBL2\RoadEye\dataset_crack\final_dataset_v5\train\labels\sewer_defects_002643.txt,0,1
train,D:\Study Material\Sem VI\Projects\PBL2\RoadEye\dataset_crack\final_dataset_v5\train\images\sewer_defects_002645.jpg,train/images/sewer_defects_002645.jpg,D:\Study Material\Sem VI\Projects\PBL2\RoadEye\dataset_crack\final_dataset_v5\train\labels\sewer_defects_002645.txt,1,0
train,D:\Study Material\Sem VI\Projects\PBL2\RoadEye\dataset_crack\final_dataset_v5\train\images\sewer_defects_002655.jpg,train/images/sewer_defects_002655.jpg,D:\Study Material\Sem VI\Projects\PBL2\RoadEye\dataset_crack\final_dataset_v5\train\labels\sewer_defects_002655.txt,1,1
train,D:\Study Material\Sem VI\Projects\PBL2\RoadEye\dataset_crack\final_dataset_v5\train\images\sewer_defects_002674.jpg,train/images/sewer_defects_002674.jpg,D:\Study Material\Sem VI\Projects\PBL2\RoadEye\dataset_crack\final_dataset_v5\train\labels\sewer_defects_002674.txt,3,0
train,D:\Study Material\Sem VI\Projects\PBL2\RoadEye\dataset_crack\final_dataset_v5\train\images\sewer_defects_002681.jpg,train/images/sewer_defects_002681.jpg,D:\Study Material\Sem VI\Projects\PBL2\RoadEye\dataset_crack\final_dataset_v5\train\labels\sewer_defects_002681.txt,3,0
train,D:\Study Material\Sem VI\Projects\PBL2\RoadEye\dataset_crack\final_dataset_v5\train\images\sewer_defects_002707.jpg,train/images/sewer_defects_002707.jpg,D:\Study Material\Sem VI\Projects\PBL2\RoadEye\dataset_crack\final_dataset_v5\train\labels\sewer_defects_002707.txt,1,0
train,D:\Study Material\Sem VI\Projects\PBL2\RoadEye\dataset_crack\final_dataset_v5\train\images\sewer_defects_002768.jpg,train/images/sewer_defects_002768.jpg,D:\Study Material\Sem VI\Projects\PBL2\RoadEye\dataset_crack\final_dataset_v5\train\labels\sewer_defects_002768.txt,1,1
train,D:\Study Material\Sem VI\Projects\PBL2\RoadEye\dataset_crack\final_dataset_v5\train\images\sewer_defects_002779.jpg,train/images/sewer_defects_002779.jpg,D:\Study Material\Sem VI\Projects\PBL2\RoadEye\dataset_crack\final_dataset_v5\train\labels\sewer_defects_002779.txt,1,0
train,D:\Study Material\Sem VI\Projects\PBL2\RoadEye\dataset_crack\final_dataset_v5\train\images\sewer_defects_002853.jpg,train/images/sewer_defects_002853.jpg,D:\Study Material\Sem VI\Projects\PBL2\RoadEye\dataset_crack\final_dataset_v5\train\labels\sewer_defects_002853.txt,3,0
train,D:\Study Material\Sem VI\Projects\PBL2\RoadEye\dataset_crack\final_dataset_v5\train\images\sewer_defects_002869.jpg,train/images/sewer_defects_002869.jpg,D:\Study Material\Sem VI\Projects\PBL2\RoadEye\dataset_crack\final_dataset_v5\train\labels\sewer_defects_002869.txt,2,1
train,D:\Study Material\Sem VI\Projects\PBL2\RoadEye\dataset_crack\final_dataset_v5\train\images\sewer_defects_002883.jpg,train/images/sewer_defects_002883.jpg,D:\Study Material\Sem VI\Projects\PBL2\RoadEye\dataset_crack\final_dataset_v5\train\labels\sewer_defects_002883.txt,0,1
train,D:\Study Material\Sem VI\Projects\PBL2\RoadEye\dataset_crack\final_dataset_v5\train\images\sewer_defects_002899.jpg,train/images/sewer_defects_002899.jpg,D:\Study Material\Sem VI\Projects\PBL2\RoadEye\dataset_crack\final_dataset_v5\train\labels\sewer_defects_002899.txt,1,0
train,D:\Study Material\Sem VI\Projects\PBL2\RoadEye\dataset_crack\final_dataset_v5\train\images\sewer_defects_002933.jpg,train/images/sewer_defects_002933.jpg,D:\Study Material\Sem VI\Projects\PBL2\RoadEye\dataset_crack\final_dataset_v5\train\labels\sewer_defects_002933.txt,2,1
train,D:\Study Material\Sem VI\Projects\PBL2\RoadEye\dataset_crack\final_dataset_v5\train\images\sewer_defects_002985.jpg,train/images/sewer_defects_002985.jpg,D:\Study Material\Sem VI\Projects\PBL2\RoadEye\dataset_crack\final_dataset_v5\train\labels\sewer_defects_002985.txt,2,2
train,D:\Study Material\Sem VI\Projects\PBL2\RoadEye\dataset_crack\final_dataset_v5\train\images\sewer_defects_003011.jpg,train/images/sewer_defects_003011.jpg,D:\Study Material\Sem VI\Projects\PBL2\RoadEye\dataset_crack\final_dataset_v5\train\labels\sewer_defects_003011.txt,1,3
train,D:\Study Material\Sem VI\Projects\PBL2\RoadEye\dataset_crack\final_dataset_v5\train\images\sewer_defects_003067.jpg,train/images/sewer_defects_003067.jpg,D:\Study Material\Sem VI\Projects\PBL2\RoadEye\dataset_crack\final_dataset_v5\train\labels\sewer_defects_003067.txt,1,0
train,D:\Study Material\Sem VI\Projects\PBL2\RoadEye\dataset_crack\final_dataset_v5\train\images\sewer_defects_003092.jpg,train/images/sewer_defects_003092.jpg,D:\Study Material\Sem VI\Projects\PBL2\RoadEye\dataset_crack\final_dataset_v5\train\labels\sewer_defects_003092.txt,0,2
train,D:\Study Material\Sem VI\Projects\PBL2\RoadEye\dataset_crack\final_dataset_v5\train\images\sewer_defects_003114.jpg,train/images/sewer_defects_003114.jpg,D:\Study Material\Sem VI\Projects\PBL2\RoadEye\dataset_crack\final_dataset_v5\train\labels\sewer_defects_003114.txt,1,2
train,D:\Study Material\Sem VI\Projects\PBL2\RoadEye\dataset_crack\final_dataset_v5\train\images\sewer_defects_003121.jpg,train/images/sewer_defects_003121.jpg,D:\Study Material\Sem VI\Projects\PBL2\RoadEye\dataset_crack\final_dataset_v5\train\labels\sewer_defects_003121.txt,3,1
train,D:\Study Material\Sem VI\Projects\PBL2\RoadEye\dataset_crack\final_dataset_v5\train\images\sewer_defects_003125.jpg,train/images/sewer_defects_003125.jpg,D:\Study Material\Sem VI\Projects\PBL2\RoadEye\dataset_crack\final_dataset_v5\train\labels\sewer_defects_003125.txt,0,1
train,D:\Study Material\Sem VI\Projects\PBL2\RoadEye\dataset_crack\final_dataset_v5\train\images\sewer_defects_003162.jpg,train/images/sewer_defects_003162.jpg,D:\Study Material\Sem VI\Projects\PBL2\RoadEye\dataset_crack\final_dataset_v5\train\labels\sewer_defects_003162.txt,1,0
train,D:\Study Material\Sem VI\Projects\PBL2\RoadEye\dataset_crack\final_dataset_v5\train\images\sewer_defects_003189.jpg,train/images/sewer_defects_003189.jpg,D:\Study Material\Sem VI\Projects\PBL2\RoadEye\dataset_crack\final_dataset_v5\train\labels\sewer_defects_003189.txt,1,0
train,D:\Study Material\Sem VI\Projects\PBL2\RoadEye\dataset_crack\final_dataset_v5\train\images\sewer_defects_003206.jpg,train/images/sewer_defects_003206.jpg,D:\Study Material\Sem VI\Projects\PBL2\RoadEye\dataset_crack\final_dataset_v5\train\labels\sewer_defects_003206.txt,1,0
train,D:\Study Material\Sem VI\Projects\PBL2\RoadEye\dataset_crack\final_dataset_v5\train\images\sewer_defects_003256.jpg,train/images/sewer_defects_003256.jpg,D:\Study Material\Sem VI\Projects\PBL2\RoadEye\dataset_crack\final_dataset_v5\train\labels\sewer_defects_003256.txt,1,0
train,D:\Study Material\Sem VI\Projects\PBL2\RoadEye\dataset_crack\final_dataset_v5\train\images\sewer_defects_003257.jpg,train/images/sewer_defects_003257.jpg,D:\Study Material\Sem VI\Projects\PBL2\RoadEye\dataset_crack\final_dataset_v5\train\labels\sewer_defects_003257.txt,2,1
train,D:\Study Material\Sem VI\Projects\PBL2\RoadEye\dataset_crack\final_dataset_v5\train\images\sewer_defects_003281.jpg,train/images/sewer_defects_003281.jpg,D:\Study Material\Sem VI\Projects\PBL2\RoadEye\dataset_crack\final_dataset_v5\train\labels\sewer_defects_003281.txt,1,0
train,D:\Study Material\Sem VI\Projects\PBL2\RoadEye\dataset_crack\final_dataset_v5\train\images\sewer_defects_003292.jpg,train/images/sewer_defects_003292.jpg,D:\Study Material\Sem VI\Projects\PBL2\RoadEye\dataset_crack\final_dataset_v5\train\labels\sewer_defects_003292.txt,1,0
train,D:\Study Material\Sem VI\Projects\PBL2\RoadEye\dataset_crack\final_dataset_v5\train\images\sewer_defects_003303.jpg,train/images/sewer_defects_003303.jpg,D:\Study Material\Sem VI\Projects\PBL2\RoadEye\dataset_crack\final_dataset_v5\train\labels\sewer_defects_003303.txt,0,2
train,D:\Study Material\Sem VI\Projects\PBL2\RoadEye\dataset_crack\final_dataset_v5\train\images\sewer_defects_003334.jpg,train/images/sewer_defects_003334.jpg,D:\Study Material\Sem VI\Projects\PBL2\RoadEye\dataset_crack\final_dataset_v5\train\labels\sewer_defects_003334.txt,1,2
train,D:\Study Material\Sem VI\Projects\PBL2\RoadEye\dataset_crack\final_dataset_v5\train\images\sewer_defects_003350.jpg,train/images/sewer_defects_003350.jpg,D:\Study Material\Sem VI\Projects\PBL2\RoadEye\dataset_crack\final_dataset_v5\train\labels\sewer_defects_003350.txt,1,0
train,D:\Study Material\Sem VI\Projects\PBL2\RoadEye\dataset_crack\final_dataset_v5\train\images\sewer_defects_003359.jpg,train/images/sewer_defects_003359.jpg,D:\Study Material\Sem VI\Projects\PBL2\RoadEye\dataset_crack\final_dataset_v5\train\labels\sewer_defects_003359.txt,1,0
train,D:\Study Material\Sem VI\Projects\PBL2\RoadEye\dataset_crack\final_dataset_v5\train\images\sewer_defects_003372.jpg,train/images/sewer_defects_003372.jpg,D:\Study Material\Sem VI\Projects\PBL2\RoadEye\dataset_crack\final_dataset_v5\train\labels\sewer_defects_003372.txt,1,0
train,D:\Study Material\Sem VI\Projects\PBL2\RoadEye\dataset_crack\final_dataset_v5\train\images\sewer_defects_003503.jpg,train/images/sewer_defects_003503.jpg,D:\Study Material\Sem VI\Projects\PBL2\RoadEye\dataset_crack\final_dataset_v5\train\labels\sewer_defects_003503.txt,1,0
train,D:\Study Material\Sem VI\Projects\PBL2\RoadEye\dataset_crack\final_dataset_v5\train\images\sewer_defects_003537.jpg,train/images/sewer_defects_003537.jpg,D:\Study Material\Sem VI\Projects\PBL2\RoadEye\dataset_crack\final_dataset_v5\train\labels\sewer_defects_003537.txt,1,0
train,D:\Study Material\Sem VI\Projects\PBL2\RoadEye\dataset_crack\final_dataset_v5\train\images\sewer_defects_003602.jpg,train/images/sewer_defects_003602.jpg,D:\Study Material\Sem VI\Projects\PBL2\RoadEye\dataset_crack\final_dataset_v5\train\labels\sewer_defects_003602.txt,1,0
train,D:\Study Material\Sem VI\Projects\PBL2\RoadEye\dataset_crack\final_dataset_v5\train\images\sewer_defects_003618.jpg,train/images/sewer_defects_003618.jpg,D:\Study Material\Sem VI\Projects\PBL2\RoadEye\dataset_crack\final_dataset_v5\train\labels\sewer_defects_003618.txt,2,0
train,D:\Study Material\Sem VI\Projects\PBL2\RoadEye\dataset_crack\final_dataset_v5\train\images\sewer_defects_003619.jpg,train/images/sewer_defects_003619.jpg,D:\Study Material\Sem VI\Projects\PBL2\RoadEye\dataset_crack\final_dataset_v5\train\labels\sewer_defects_003619.txt,1,0
train,D:\Study Material\Sem VI\Projects\PBL2\RoadEye\dataset_crack\final_dataset_v5\train\images\sewer_defects_003625.jpg,train/images/sewer_defects_003625.jpg,D:\Study Material\Sem VI\Projects\PBL2\RoadEye\dataset_crack\final_dataset_v5\train\labels\sewer_defects_003625.txt,2,0
train,D:\Study Material\Sem VI\Projects\PBL2\RoadEye\dataset_crack\final_dataset_v5\train\images\sewer_defects_003666.jpg,train/images/sewer_defects_003666.jpg,D:\Study Material\Sem VI\Projects\PBL2\RoadEye\dataset_crack\final_dataset_v5\train\labels\sewer_defects_003666.txt,2,2
train,D:\Study Material\Sem VI\Projects\PBL2\RoadEye\dataset_crack\final_dataset_v5\train\images\sewer_defects_003963.jpg,train/images/sewer_defects_003963.jpg,D:\Study Material\Sem VI\Projects\PBL2\RoadEye\dataset_crack\final_dataset_v5\train\labels\sewer_defects_003963.txt,1,0
train,D:\Study Material\Sem VI\Projects\PBL2\RoadEye\dataset_crack\final_dataset_v5\train\images\sewer_defects_004023.jpg,train/images/sewer_defects_004023.jpg,D:\Study Material\Sem VI\Projects\PBL2\RoadEye\dataset_crack\final_dataset_v5\train\labels\sewer_defects_004023.txt,1,0
train,D:\Study Material\Sem VI\Projects\PBL2\RoadEye\dataset_crack\final_dataset_v5\train\images\sewer_defects_004034.jpg,train/images/sewer_defects_004034.jpg,D:\Study Material\Sem VI\Projects\PBL2\RoadEye\dataset_crack\final_dataset_v5\train\labels\sewer_defects_004034.txt,1,0
train,D:\Study Material\Sem VI\Projects\PBL2\RoadEye\dataset_crack\final_dataset_v5\train\images\sewer_defects_004037.jpg,train/images/sewer_defects_004037.jpg,D:\Study Material\Sem VI\Projects\PBL2\RoadEye\dataset_crack\final_dataset_v5\train\labels\sewer_defects_004037.txt,1,0
train,D:\Study Material\Sem VI\Projects\PBL2\RoadEye\dataset_crack\final_dataset_v5\train\images\sewer_defects_004143.jpg,train/images/sewer_defects_004143.jpg,D:\Study Material\Sem VI\Projects\PBL2\RoadEye\dataset_crack\final_dataset_v5\train\labels\sewer_defects_004143.txt,1,0
train,D:\Study Material\Sem VI\Projects\PBL2\RoadEye\dataset_crack\final_dataset_v5\train\images\sewer_defects_004147.jpg,train/images/sewer_defects_004147.jpg,D:\Study Material\Sem VI\Projects\PBL2\RoadEye\dataset_crack\final_dataset_v5\train\labels\sewer_defects_004147.txt,1,1
train,D:\Study Material\Sem VI\Projects\PBL2\RoadEye\dataset_crack\final_dataset_v5\train\images\sewer_defects_004148.jpg,train/images/sewer_defects_004148.jpg,D:\Study Material\Sem VI\Projects\PBL2\RoadEye\dataset_crack\final_dataset_v5\train\labels\sewer_defects_004148.txt,1,0
train,D:\Study Material\Sem VI\Projects\PBL2\RoadEye\dataset_crack\final_dataset_v5\train\images\sewer_defects_004160.jpg,train/images/sewer_defects_004160.jpg,D:\Study Material\Sem VI\Projects\PBL2\RoadEye\dataset_crack\final_dataset_v5\train\labels\sewer_defects_004160.txt,0,1
train,D:\Study Material\Sem VI\Projects\PBL2\RoadEye\dataset_crack\final_dataset_v5\train\images\sewer_defects_004210.jpg,train/images/sewer_defects_004210.jpg,D:\Study Material\Sem VI\Projects\PBL2\RoadEye\dataset_crack\final_dataset_v5\train\labels\sewer_defects_004210.txt,1,0
train,D:\Study Material\Sem VI\Projects\PBL2\RoadEye\dataset_crack\final_dataset_v5\train\images\sewer_defects_004238.jpg,train/images/sewer_defects_004238.jpg,D:\Study Material\Sem VI\Projects\PBL2\RoadEye\dataset_crack\final_dataset_v5\train\labels\sewer_defects_004238.txt,3,0
train,D:\Study Material\Sem VI\Projects\PBL2\RoadEye\dataset_crack\final_dataset_v5\train\images\sewer_defects_004252.jpg,train/images/sewer_defects_004252.jpg,D:\Study Material\Sem VI\Projects\PBL2\RoadEye\dataset_crack\final_dataset_v5\train\labels\sewer_defects_004252.txt,1,0
train,D:\Study Material\Sem VI\Projects\PBL2\RoadEye\dataset_crack\final_dataset_v5\train\images\sewer_defects_004277.jpg,train/images/sewer_defects_004277.jpg,D:\Study Material\Sem VI\Projects\PBL2\RoadEye\dataset_crack\final_dataset_v5\train\labels\sewer_defects_004277.txt,1,1
train,D:\Study Material\Sem VI\Projects\PBL2\RoadEye\dataset_crack\final_dataset_v5\train\images\sewer_defects_004371.jpg,train/images/sewer_defects_004371.jpg,D:\Study Material\Sem VI\Projects\PBL2\RoadEye\dataset_crack\final_dataset_v5\train\labels\sewer_defects_004371.txt,1,1
train,D:\Study Material\Sem VI\Projects\PBL2\RoadEye\dataset_crack\final_dataset_v5\train\images\sewer_defects_004372.jpg,train/images/sewer_defects_004372.jpg,D:\Study Material\Sem VI\Projects\PBL2\RoadEye\dataset_crack\final_dataset_v5\train\labels\sewer_defects_004372.txt,1,0
train,D:\Study Material\Sem VI\Projects\PBL2\RoadEye\dataset_crack\final_dataset_v5\train\images\sewer_defects_004373.jpg,train/images/sewer_defects_004373.jpg,D:\Study Material\Sem VI\Projects\PBL2\RoadEye\dataset_crack\final_dataset_v5\train\labels\sewer_defects_004373.txt,2,0
train,D:\Study Material\Sem VI\Projects\PBL2\RoadEye\dataset_crack\final_dataset_v5\train\images\sewer_defects_004408.jpg,train/images/sewer_defects_004408.jpg,D:\Study Material\Sem VI\Projects\PBL2\RoadEye\dataset_crack\final_dataset_v5\train\labels\sewer_defects_004408.txt,0,1
train,D:\Study Material\Sem VI\Projects\PBL2\RoadEye\dataset_crack\final_dataset_v5\train\images\sewer_defects_004466.jpg,train/images/sewer_defects_004466.jpg,D:\Study Material\Sem VI\Projects\PBL2\RoadEye\dataset_crack\final_dataset_v5\train\labels\sewer_defects_004466.txt,1,0
train,D:\Study Material\Sem VI\Projects\PBL2\RoadEye\dataset_crack\final_dataset_v5\train\images\sewer_defects_004485.jpg,train/images/sewer_defects_004485.jpg,D:\Study Material\Sem VI\Projects\PBL2\RoadEye\dataset_crack\final_dataset_v5\train\labels\sewer_defects_004485.txt,1,1
train,D:\Study Material\Sem VI\Projects\PBL2\RoadEye\dataset_crack\final_dataset_v5\train\images\sewer_defects_004503.jpg,train/images/sewer_defects_004503.jpg,D:\Study Material\Sem VI\Projects\PBL2\RoadEye\dataset_crack\final_dataset_v5\train\labels\sewer_defects_004503.txt,1,0
train,D:\Study Material\Sem VI\Projects\PBL2\RoadEye\dataset_crack\final_dataset_v5\train\images\sewer_defects_004548.jpg,train/images/sewer_defects_004548.jpg,D:\Study Material\Sem VI\Projects\PBL2\RoadEye\dataset_crack\final_dataset_v5\train\labels\sewer_defects_004548.txt,1,0
train,D:\Study Material\Sem VI\Projects\PBL2\RoadEye\dataset_crack\final_dataset_v5\train\images\sewer_defects_004583.jpg,train/images/sewer_defects_004583.jpg,D:\Study Material\Sem VI\Projects\PBL2\RoadEye\dataset_crack\final_dataset_v5\train\labels\sewer_defects_004583.txt,1,1
train,D:\Study Material\Sem VI\Projects\PBL2\RoadEye\dataset_crack\final_dataset_v5\train\images\sewer_defects_004641.jpg,train/images/sewer_defects_004641.jpg,D:\Study Material\Sem VI\Projects\PBL2\RoadEye\dataset_crack\final_dataset_v5\train\labels\sewer_defects_004641.txt,2,0
train,D:\Study Material\Sem VI\Projects\PBL2\RoadEye\dataset_crack\final_dataset_v5\train\images\sewer_defects_004667.jpg,train/images/sewer_defects_004667.jpg,D:\Study Material\Sem VI\Projects\PBL2\RoadEye\dataset_crack\final_dataset_v5\train\labels\sewer_defects_004667.txt,1,0
train,D:\Study Material\Sem VI\Projects\PBL2\RoadEye\dataset_crack\final_dataset_v5\train\images\sewer_defects_004668.jpg,train/images/sewer_defects_004668.jpg,D:\Study Material\Sem VI\Projects\PBL2\RoadEye\dataset_crack\final_dataset_v5\train\labels\sewer_defects_004668.txt,1,0
train,D:\Study Material\Sem VI\Projects\PBL2\RoadEye\dataset_crack\final_dataset_v5\train\images\sewer_defects_004671.jpg,train/images/sewer_defects_004671.jpg,D:\Study Material\Sem VI\Projects\PBL2\RoadEye\dataset_crack\final_dataset_v5\train\labels\sewer_defects_004671.txt,3,0
train,D:\Study Material\Sem VI\Projects\PBL2\RoadEye\dataset_crack\final_dataset_v5\train\images\sewer_defects_004695.jpg,train/images/sewer_defects_004695.jpg,D:\Study Material\Sem VI\Projects\PBL2\RoadEye\dataset_crack\final_dataset_v5\train\labels\sewer_defects_004695.txt,1,0
train,D:\Study Material\Sem VI\Projects\PBL2\RoadEye\dataset_crack\final_dataset_v5\train\images\sewer_defects_004716.jpg,train/images/sewer_defects_004716.jpg,D:\Study Material\Sem VI\Projects\PBL2\RoadEye\dataset_crack\final_dataset_v5\train\labels\sewer_defects_004716.txt,1,0
train,D:\Study Material\Sem VI\Projects\PBL2\RoadEye\dataset_crack\final_dataset_v5\train\images\sewer_defects_004758.jpg,train/images/sewer_defects_004758.jpg,D:\Study Material\Sem VI\Projects\PBL2\RoadEye\dataset_crack\final_dataset_v5\train\labels\sewer_defects_004758.txt,1,0
train,D:\Study Material\Sem VI\Projects\PBL2\RoadEye\dataset_crack\final_dataset_v5\train\images\sewer_defects_004788.jpg,train/images/sewer_defects_004788.jpg,D:\Study Material\Sem VI\Projects\PBL2\RoadEye\dataset_crack\final_dataset_v5\train\labels\sewer_defects_004788.txt,1,2
train,D:\Study Material\Sem VI\Projects\PBL2\RoadEye\dataset_crack\final_dataset_v5\train\images\sewer_defects_004933.jpg,train/images/sewer_defects_004933.jpg,D:\Study Material\Sem VI\Projects\PBL2\RoadEye\dataset_crack\final_dataset_v5\train\labels\sewer_defects_004933.txt,2,0
train,D:\Study Material\Sem VI\Projects\PBL2\RoadEye\dataset_crack\final_dataset_v5\train\images\sewer_defects_005042.jpg,train/images/sewer_defects_005042.jpg,D:\Study Material\Sem VI\Projects\PBL2\RoadEye\dataset_crack\final_dataset_v5\train\labels\sewer_defects_005042.txt,1,0
train,D:\Study Material\Sem VI\Projects\PBL2\RoadEye\dataset_crack\final_dataset_v5\train\images\sewer_defects_005055.jpg,train/images/sewer_defects_005055.jpg,D:\Study Material\Sem VI\Projects\PBL2\RoadEye\dataset_crack\final_dataset_v5\train\labels\sewer_defects_005055.txt,2,0
train,D:\Study Material\Sem VI\Projects\PBL2\RoadEye\dataset_crack\final_dataset_v5\train\images\sewer_defects_005119.jpg,train/images/sewer_defects_005119.jpg,D:\Study Material\Sem VI\Projects\PBL2\RoadEye\dataset_crack\final_dataset_v5\train\labels\sewer_defects_005119.txt,2,0
train,D:\Study Material\Sem VI\Projects\PBL2\RoadEye\dataset_crack\final_dataset_v5\train\images\sewer_defects_005150.jpg,train/images/sewer_defects_005150.jpg,D:\Study Material\Sem VI\Projects\PBL2\RoadEye\dataset_crack\final_dataset_v5\train\labels\sewer_defects_005150.txt,1,0
train,D:\Study Material\Sem VI\Projects\PBL2\RoadEye\dataset_crack\final_dataset_v5\train\images\sewer_defects_005154.jpg,train/images/sewer_defects_005154.jpg,D:\Study Material\Sem VI\Projects\PBL2\RoadEye\dataset_crack\final_dataset_v5\train\labels\sewer_defects_005154.txt,1,1
train,D:\Study Material\Sem VI\Projects\PBL2\RoadEye\dataset_crack\final_dataset_v5\train\images\sewer_defects_005175.jpg,train/images/sewer_defects_005175.jpg,D:\Study Material\Sem VI\Projects\PBL2\RoadEye\dataset_crack\final_dataset_v5\train\labels\sewer_defects_005175.txt,3,1
train,D:\Study Material\Sem VI\Projects\PBL2\RoadEye\dataset_crack\final_dataset_v5\train\images\sewer_defects_005189.jpg,train/images/sewer_defects_005189.jpg,D:\Study Material\Sem VI\Projects\PBL2\RoadEye\dataset_crack\final_dataset_v5\train\labels\sewer_defects_005189.txt,1,0
train,D:\Study Material\Sem VI\Projects\PBL2\RoadEye\dataset_crack\final_dataset_v5\train\images\sewer_defects_005217.jpg,train/images/sewer_defects_005217.jpg,D:\Study Material\Sem VI\Projects\PBL2\RoadEye\dataset_crack\final_dataset_v5\train\labels\sewer_defects_005217.txt,0,1
train,D:\Study Material\Sem VI\Projects\PBL2\RoadEye\dataset_crack\final_dataset_v5\train\images\sewer_defects_005256.jpg,train/images/sewer_defects_005256.jpg,D:\Study Material\Sem VI\Projects\PBL2\RoadEye\dataset_crack\final_dataset_v5\train\labels\sewer_defects_005256.txt,1,0
train,D:\Study Material\Sem VI\Projects\PBL2\RoadEye\dataset_crack\final_dataset_v5\train\images\sewer_defects_005272.jpg,train/images/sewer_defects_005272.jpg,D:\Study Material\Sem VI\Projects\PBL2\RoadEye\dataset_crack\final_dataset_v5\train\labels\sewer_defects_005272.txt,3,2
train,D:\Study Material\Sem VI\Projects\PBL2\RoadEye\dataset_crack\final_dataset_v5\train\images\sewer_defects_005278.jpg,train/images/sewer_defects_005278.jpg,D:\Study Material\Sem VI\Projects\PBL2\RoadEye\dataset_crack\final_dataset_v5\train\labels\sewer_defects_005278.txt,3,0
train,D:\Study Material\Sem VI\Projects\PBL2\RoadEye\dataset_crack\final_dataset_v5\train\images\sewer_defects_005288.jpg,train/images/sewer_defects_005288.jpg,D:\Study Material\Sem VI\Projects\PBL2\RoadEye\dataset_crack\final_dataset_v5\train\labels\sewer_defects_005288.txt,1,0
train,D:\Study Material\Sem VI\Projects\PBL2\RoadEye\dataset_crack\final_dataset_v5\train\images\sewer_defects_005291.jpg,train/images/sewer_defects_005291.jpg,D:\Study Material\Sem VI\Projects\PBL2\RoadEye\dataset_crack\final_dataset_v5\train\labels\sewer_defects_005291.txt,2,0
train,D:\Study Material\Sem VI\Projects\PBL2\RoadEye\dataset_crack\final_dataset_v5\train\images\sewer_defects_005304.jpg,train/images/sewer_defects_005304.jpg,D:\Study Material\Sem VI\Projects\PBL2\RoadEye\dataset_crack\final_dataset_v5\train\labels\sewer_defects_005304.txt,1,1
train,D:\Study Material\Sem VI\Projects\PBL2\RoadEye\dataset_crack\final_dataset_v5\train\images\sewer_defects_005348.jpg,train/images/sewer_defects_005348.jpg,D:\Study Material\Sem VI\Projects\PBL2\RoadEye\dataset_crack\final_dataset_v5\train\labels\sewer_defects_005348.txt,1,0
train,D:\Study Material\Sem VI\Projects\PBL2\RoadEye\dataset_crack\final_dataset_v5\train\images\sewer_defects_005355.jpg,train/images/sewer_defects_005355.jpg,D:\Study Material\Sem VI\Projects\PBL2\RoadEye\dataset_crack\final_dataset_v5\train\labels\sewer_defects_005355.txt,2,2
train,D:\Study Material\Sem VI\Projects\PBL2\RoadEye\dataset_crack\final_dataset_v5\train\images\sewer_defects_005370.jpg,train/images/sewer_defects_005370.jpg,D:\Study Material\Sem VI\Projects\PBL2\RoadEye\dataset_crack\final_dataset_v5\train\labels\sewer_defects_005370.txt,2,0
train,D:\Study Material\Sem VI\Projects\PBL2\RoadEye\dataset_crack\final_dataset_v5\train\images\sewer_defects_005447.jpg,train/images/sewer_defects_005447.jpg,D:\Study Material\Sem VI\Projects\PBL2\RoadEye\dataset_crack\final_dataset_v5\train\labels\sewer_defects_005447.txt,1,0
train,D:\Study Material\Sem VI\Projects\PBL2\RoadEye\dataset_crack\final_dataset_v5\train\images\sewer_defects_005455.jpg,train/images/sewer_defects_005455.jpg,D:\Study Material\Sem VI\Projects\PBL2\RoadEye\dataset_crack\final_dataset_v5\train\labels\sewer_defects_005455.txt,1,0
train,D:\Study Material\Sem VI\Projects\PBL2\RoadEye\dataset_crack\final_dataset_v5\train\images\sewer_defects_005459.jpg,train/images/sewer_defects_005459.jpg,D:\Study Material\Sem VI\Projects\PBL2\RoadEye\dataset_crack\final_dataset_v5\train\labels\sewer_defects_005459.txt,1,0
train,D:\Study Material\Sem VI\Projects\PBL2\RoadEye\dataset_crack\final_dataset_v5\train\images\sewer_defects_005544.jpg,train/images/sewer_defects_005544.jpg,D:\Study Material\Sem VI\Projects\PBL2\RoadEye\dataset_crack\final_dataset_v5\train\labels\sewer_defects_005544.txt,1,0
train,D:\Study Material\Sem VI\Projects\PBL2\RoadEye\dataset_crack\final_dataset_v5\train\images\sewer_defects_005545.jpg,train/images/sewer_defects_005545.jpg,D:\Study Material\Sem VI\Projects\PBL2\RoadEye\dataset_crack\final_dataset_v5\train\labels\sewer_defects_005545.txt,3,2
train,D:\Study Material\Sem VI\Projects\PBL2\RoadEye\dataset_crack\final_dataset_v5\train\images\sewer_defects_005581.jpg,train/images/sewer_defects_005581.jpg,D:\Study Material\Sem VI\Projects\PBL2\RoadEye\dataset_crack\final_dataset_v5\train\labels\sewer_defects_005581.txt,1,1
train,D:\Study Material\Sem VI\Projects\PBL2\RoadEye\dataset_crack\final_dataset_v5\train\images\sewer_defects_005593.jpg,train/images/sewer_defects_005593.jpg,D:\Study Material\Sem VI\Projects\PBL2\RoadEye\dataset_crack\final_dataset_v5\train\labels\sewer_defects_005593.txt,1,0
train,D:\Study Material\Sem VI\Projects\PBL2\RoadEye\dataset_crack\final_dataset_v5\train\images\sewer_defects_005643.jpg,train/images/sewer_defects_005643.jpg,D:\Study Material\Sem VI\Projects\PBL2\RoadEye\dataset_crack\final_dataset_v5\train\labels\sewer_defects_005643.txt,2,1
train,D:\Study Material\Sem VI\Projects\PBL2\RoadEye\dataset_crack\final_dataset_v5\train\images\sewer_defects_005644.jpg,train/images/sewer_defects_005644.jpg,D:\Study Material\Sem VI\Projects\PBL2\RoadEye\dataset_crack\final_dataset_v5\train\labels\sewer_defects_005644.txt,2,1
train,D:\Study Material\Sem VI\Projects\PBL2\RoadEye\dataset_crack\final_dataset_v5\train\images\sewer_defects_005690.jpg,train/images/sewer_defects_005690.jpg,D:\Study Material\Sem VI\Projects\PBL2\RoadEye\dataset_crack\final_dataset_v5\train\labels\sewer_defects_005690.txt,2,0
train,D:\Study Material\Sem VI\Projects\PBL2\RoadEye\dataset_crack\final_dataset_v5\train\images\sewer_defects_005714.jpg,train/images/sewer_defects_005714.jpg,D:\Study Material\Sem VI\Projects\PBL2\RoadEye\dataset_crack\final_dataset_v5\train\labels\sewer_defects_005714.txt,1,1
train,D:\Study Material\Sem VI\Projects\PBL2\RoadEye\dataset_crack\final_dataset_v5\train\images\sewer_defects_005739.jpg,train/images/sewer_defects_005739.jpg,D:\Study Material\Sem VI\Projects\PBL2\RoadEye\dataset_crack\final_dataset_v5\train\labels\sewer_defects_005739.txt,1,0
train,D:\Study Material\Sem VI\Projects\PBL2\RoadEye\dataset_crack\final_dataset_v5\train\images\sewer_defects_005747.jpg,train/images/sewer_defects_005747.jpg,D:\Study Material\Sem VI\Projects\PBL2\RoadEye\dataset_crack\final_dataset_v5\train\labels\sewer_defects_005747.txt,0,10
train,D:\Study Material\Sem VI\Projects\PBL2\RoadEye\dataset_crack\final_dataset_v5\train\images\sewer_defects_005897.jpg,train/images/sewer_defects_005897.jpg,D:\Study Material\Sem VI\Projects\PBL2\RoadEye\dataset_crack\final_dataset_v5\train\labels\sewer_defects_005897.txt,1,0
train,D:\Study Material\Sem VI\Projects\PBL2\RoadEye\dataset_crack\final_dataset_v5\train\images\sewer_defects_005900.jpg,train/images/sewer_defects_005900.jpg,D:\Study Material\Sem VI\Projects\PBL2\RoadEye\dataset_crack\final_dataset_v5\train\labels\sewer_defects_005900.txt,1,0
train,D:\Study Material\Sem VI\Projects\PBL2\RoadEye\dataset_crack\final_dataset_v5\train\images\sewer_defects_005901.jpg,train/images/sewer_defects_005901.jpg,D:\Study Material\Sem VI\Projects\PBL2\RoadEye\dataset_crack\final_dataset_v5\train\labels\sewer_defects_005901.txt,1,4
train,D:\Study Material\Sem VI\Projects\PBL2\RoadEye\dataset_crack\final_dataset_v5\train\images\sewer_defects_005910.jpg,train/images/sewer_defects_005910.jpg,D:\Study Material\Sem VI\Projects\PBL2\RoadEye\dataset_crack\final_dataset_v5\train\labels\sewer_defects_005910.txt,0,1
train,D:\Study Material\Sem VI\Projects\PBL2\RoadEye\dataset_crack\final_dataset_v5\train\images\sewer_defects_005911.jpg,train/images/sewer_defects_005911.jpg,D:\Study Material\Sem VI\Projects\PBL2\RoadEye\dataset_crack\final_dataset_v5\train\labels\sewer_defects_005911.txt,1,1
train,D:\Study Material\Sem VI\Projects\PBL2\RoadEye\dataset_crack\final_dataset_v5\train\images\sewer_defects_005988.jpg,train/images/sewer_defects_005988.jpg,D:\Study Material\Sem VI\Projects\PBL2\RoadEye\dataset_crack\final_dataset_v5\train\labels\sewer_defects_005988.txt,1,0
train,D:\Study Material\Sem VI\Projects\PBL2\RoadEye\dataset_crack\final_dataset_v5\train\images\sewer_defects_005993.jpg,train/images/sewer_defects_005993.jpg,D:\Study Material\Sem VI\Projects\PBL2\RoadEye\dataset_crack\final_dataset_v5\train\labels\sewer_defects_005993.txt,1,0
train,D:\Study Material\Sem VI\Projects\PBL2\RoadEye\dataset_crack\final_dataset_v5\train\images\sewer_defects_006025.jpg,train/images/sewer_defects_006025.jpg,D:\Study Material\Sem VI\Projects\PBL2\RoadEye\dataset_crack\final_dataset_v5\train\labels\sewer_defects_006025.txt,1,1
train,D:\Study Material\Sem VI\Projects\PBL2\RoadEye\dataset_crack\final_dataset_v5\train\images\sewer_defects_006035.jpg,train/images/sewer_defects_006035.jpg,D:\Study Material\Sem VI\Projects\PBL2\RoadEye\dataset_crack\final_dataset_v5\train\labels\sewer_defects_006035.txt,1,0
train,D:\Study Material\Sem VI\Projects\PBL2\RoadEye\dataset_crack\final_dataset_v5\train\images\sewer_defects_006060.jpg,train/images/sewer_defects_006060.jpg,D:\Study Material\Sem VI\Projects\PBL2\RoadEye\dataset_crack\final_dataset_v5\train\labels\sewer_defects_006060.txt,1,1
train,D:\Study Material\Sem VI\Projects\PBL2\RoadEye\dataset_crack\final_dataset_v5\train\images\sewer_defects_006066.jpg,train/images/sewer_defects_006066.jpg,D:\Study Material\Sem VI\Projects\PBL2\RoadEye\dataset_crack\final_dataset_v5\train\labels\sewer_defects_006066.txt,1,0
train,D:\Study Material\Sem VI\Projects\PBL2\RoadEye\dataset_crack\final_dataset_v5\train\images\sewer_defects_006071.jpg,train/images/sewer_defects_006071.jpg,D:\Study Material\Sem VI\Projects\PBL2\RoadEye\dataset_crack\final_dataset_v5\train\labels\sewer_defects_006071.txt,2,0
train,D:\Study Material\Sem VI\Projects\PBL2\RoadEye\dataset_crack\final_dataset_v5\train\images\sewer_defects_006099.jpg,train/images/sewer_defects_006099.jpg,D:\Study Material\Sem VI\Projects\PBL2\RoadEye\dataset_crack\final_dataset_v5\train\labels\sewer_defects_006099.txt,1,0
train,D:\Study Material\Sem VI\Projects\PBL2\RoadEye\dataset_crack\final_dataset_v5\train\images\sewer_defects_006110.jpg,train/images/sewer_defects_006110.jpg,D:\Study Material\Sem VI\Projects\PBL2\RoadEye\dataset_crack\final_dataset_v5\train\labels\sewer_defects_006110.txt,1,0
train,D:\Study Material\Sem VI\Projects\PBL2\RoadEye\dataset_crack\final_dataset_v5\train\images\sewer_defects_006215.jpg,train/images/sewer_defects_006215.jpg,D:\Study Material\Sem VI\Projects\PBL2\RoadEye\dataset_crack\final_dataset_v5\train\labels\sewer_defects_006215.txt,2,0
train,D:\Study Material\Sem VI\Projects\PBL2\RoadEye\dataset_crack\final_dataset_v5\train\images\sewer_defects_006216.jpg,train/images/sewer_defects_006216.jpg,D:\Study Material\Sem VI\Projects\PBL2\RoadEye\dataset_crack\final_dataset_v5\train\labels\sewer_defects_006216.txt,1,0
train,D:\Study Material\Sem VI\Projects\PBL2\RoadEye\dataset_crack\final_dataset_v5\train\images\sewer_defects_006273.jpg,train/images/sewer_defects_006273.jpg,D:\Study Material\Sem VI\Projects\PBL2\RoadEye\dataset_crack\final_dataset_v5\train\labels\sewer_defects_006273.txt,1,1
train,D:\Study Material\Sem VI\Projects\PBL2\RoadEye\dataset_crack\final_dataset_v5\train\images\sewer_defects_006274.jpg,train/images/sewer_defects_006274.jpg,D:\Study Material\Sem VI\Projects\PBL2\RoadEye\dataset_crack\final_dataset_v5\train\labels\sewer_defects_006274.txt,0,1
train,D:\Study Material\Sem VI\Projects\PBL2\RoadEye\dataset_crack\final_dataset_v5\train\images\sewer_defects_006285.jpg,train/images/sewer_defects_006285.jpg,D:\Study Material\Sem VI\Projects\PBL2\RoadEye\dataset_crack\final_dataset_v5\train\labels\sewer_defects_006285.txt,3,3
train,D:\Study Material\Sem VI\Projects\PBL2\RoadEye\dataset_crack\final_dataset_v5\train\images\sewer_defects_006296.jpg,train/images/sewer_defects_006296.jpg,D:\Study Material\Sem VI\Projects\PBL2\RoadEye\dataset_crack\final_dataset_v5\train\labels\sewer_defects_006296.txt,2,0
train,D:\Study Material\Sem VI\Projects\PBL2\RoadEye\dataset_crack\final_dataset_v5\train\images\sewer_defects_006334.jpg,train/images/sewer_defects_006334.jpg,D:\Study Material\Sem VI\Projects\PBL2\RoadEye\dataset_crack\final_dataset_v5\train\labels\sewer_defects_006334.txt,2,0
train,D:\Study Material\Sem VI\Projects\PBL2\RoadEye\dataset_crack\final_dataset_v5\train\images\sewer_defects_006341.jpg,train/images/sewer_defects_006341.jpg,D:\Study Material\Sem VI\Projects\PBL2\RoadEye\dataset_crack\final_dataset_v5\train\labels\sewer_defects_006341.txt,1,0
train,D:\Study Material\Sem VI\Projects\PBL2\RoadEye\dataset_crack\final_dataset_v5\train\images\sewer_defects_006382.jpg,train/images/sewer_defects_006382.jpg,D:\Study Material\Sem VI\Projects\PBL2\RoadEye\dataset_crack\final_dataset_v5\train\labels\sewer_defects_006382.txt,4,0
train,D:\Study Material\Sem VI\Projects\PBL2\RoadEye\dataset_crack\final_dataset_v5\train\images\sewer_defects_006400.jpg,train/images/sewer_defects_006400.jpg,D:\Study Material\Sem VI\Projects\PBL2\RoadEye\dataset_crack\final_dataset_v5\train\labels\sewer_defects_006400.txt,2,0
train,D:\Study Material\Sem VI\Projects\PBL2\RoadEye\dataset_crack\final_dataset_v5\train\images\sewer_defects_006410.jpg,train/images/sewer_defects_006410.jpg,D:\Study Material\Sem VI\Projects\PBL2\RoadEye\dataset_crack\final_dataset_v5\train\labels\sewer_defects_006410.txt,0,3
train,D:\Study Material\Sem VI\Projects\PBL2\RoadEye\dataset_crack\final_dataset_v5\train\images\sewer_defects_006413.jpg,train/images/sewer_defects_006413.jpg,D:\Study Material\Sem VI\Projects\PBL2\RoadEye\dataset_crack\final_dataset_v5\train\labels\sewer_defects_006413.txt,1,2
train,D:\Study Material\Sem VI\Projects\PBL2\RoadEye\dataset_crack\final_dataset_v5\train\images\sewer_defects_006433.jpg,train/images/sewer_defects_006433.jpg,D:\Study Material\Sem VI\Projects\PBL2\RoadEye\dataset_crack\final_dataset_v5\train\labels\sewer_defects_006433.txt,2,0
train,D:\Study Material\Sem VI\Projects\PBL2\RoadEye\dataset_crack\final_dataset_v5\train\images\sewer_defects_006438.jpg,train/images/sewer_defects_006438.jpg,D:\Study Material\Sem VI\Projects\PBL2\RoadEye\dataset_crack\final_dataset_v5\train\labels\sewer_defects_006438.txt,1,0
train,D:\Study Material\Sem VI\Projects\PBL2\RoadEye\dataset_crack\final_dataset_v5\train\images\sewer_defects_006447.jpg,train/images/sewer_defects_006447.jpg,D:\Study Material\Sem VI\Projects\PBL2\RoadEye\dataset_crack\final_dataset_v5\train\labels\sewer_defects_006447.txt,4,5
train,D:\Study Material\Sem VI\Projects\PBL2\RoadEye\dataset_crack\final_dataset_v5\train\images\sewer_defects_006471.jpg,train/images/sewer_defects_006471.jpg,D:\Study Material\Sem VI\Projects\PBL2\RoadEye\dataset_crack\final_dataset_v5\train\labels\sewer_defects_006471.txt,2,0
train,D:\Study Material\Sem VI\Projects\PBL2\RoadEye\dataset_crack\final_dataset_v5\train\images\sewer_defects_006477.jpg,train/images/sewer_defects_006477.jpg,D:\Study Material\Sem VI\Projects\PBL2\RoadEye\dataset_crack\final_dataset_v5\train\labels\sewer_defects_006477.txt,4,3
train,D:\Study Material\Sem VI\Projects\PBL2\RoadEye\dataset_crack\final_dataset_v5\train\images\sewer_defects_006524.jpg,train/images/sewer_defects_006524.jpg,D:\Study Material\Sem VI\Projects\PBL2\RoadEye\dataset_crack\final_dataset_v5\train\labels\sewer_defects_006524.txt,2,0
train,D:\Study Material\Sem VI\Projects\PBL2\RoadEye\dataset_crack\final_dataset_v5\train\images\sewer_defects_006555.jpg,train/images/sewer_defects_006555.jpg,D:\Study Material\Sem VI\Projects\PBL2\RoadEye\dataset_crack\final_dataset_v5\train\labels\sewer_defects_006555.txt,0,2
train,D:\Study Material\Sem VI\Projects\PBL2\RoadEye\dataset_crack\final_dataset_v5\train\images\sewer_defects_006632.jpg,train/images/sewer_defects_006632.jpg,D:\Study Material\Sem VI\Projects\PBL2\RoadEye\dataset_crack\final_dataset_v5\train\labels\sewer_defects_006632.txt,1,2
train,D:\Study Material\Sem VI\Projects\PBL2\RoadEye\dataset_crack\final_dataset_v5\train\images\sewer_defects_006636.jpg,train/images/sewer_defects_006636.jpg,D:\Study Material\Sem VI\Projects\PBL2\RoadEye\dataset_crack\final_dataset_v5\train\labels\sewer_defects_006636.txt,1,0
train,D:\Study Material\Sem VI\Projects\PBL2\RoadEye\dataset_crack\final_dataset_v5\train\images\sewer_defects_006648.jpg,train/images/sewer_defects_006648.jpg,D:\Study Material\Sem VI\Projects\PBL2\RoadEye\dataset_crack\final_dataset_v5\train\labels\sewer_defects_006648.txt,3,3
train,D:\Study Material\Sem VI\Projects\PBL2\RoadEye\dataset_crack\final_dataset_v5\train\images\sewer_defects_006665.jpg,train/images/sewer_defects_006665.jpg,D:\Study Material\Sem VI\Projects\PBL2\RoadEye\dataset_crack\final_dataset_v5\train\labels\sewer_defects_006665.txt,1,0
train,D:\Study Material\Sem VI\Projects\PBL2\RoadEye\dataset_crack\final_dataset_v5\train\images\sewer_defects_006674.jpg,train/images/sewer_defects_006674.jpg,D:\Study Material\Sem VI\Projects\PBL2\RoadEye\dataset_crack\final_dataset_v5\train\labels\sewer_defects_006674.txt,2,1
train,D:\Study Material\Sem VI\Projects\PBL2\RoadEye\dataset_crack\final_dataset_v5\train\images\sewer_defects_006739.jpg,train/images/sewer_defects_006739.jpg,D:\Study Material\Sem VI\Projects\PBL2\RoadEye\dataset_crack\final_dataset_v5\train\labels\sewer_defects_006739.txt,3,0
train,D:\Study Material\Sem VI\Projects\PBL2\RoadEye\dataset_crack\final_dataset_v5\train\images\sewer_defects_006777.jpg,train/images/sewer_defects_006777.jpg,D:\Study Material\Sem VI\Projects\PBL2\RoadEye\dataset_crack\final_dataset_v5\train\labels\sewer_defects_006777.txt,2,3
train,D:\Study Material\Sem VI\Projects\PBL2\RoadEye\dataset_crack\final_dataset_v5\train\images\sewer_defects_006817.jpg,train/images/sewer_defects_006817.jpg,D:\Study Material\Sem VI\Projects\PBL2\RoadEye\dataset_crack\final_dataset_v5\train\labels\sewer_defects_006817.txt,2,1
train,D:\Study Material\Sem VI\Projects\PBL2\RoadEye\dataset_crack\final_dataset_v5\train\images\sewer_defects_006824.jpg,train/images/sewer_defects_006824.jpg,D:\Study Material\Sem VI\Projects\PBL2\RoadEye\dataset_crack\final_dataset_v5\train\labels\sewer_defects_006824.txt,1,1
train,D:\Study Material\Sem VI\Projects\PBL2\RoadEye\dataset_crack\final_dataset_v5\train\images\sewer_defects_006838.jpg,train/images/sewer_defects_006838.jpg,D:\Study Material\Sem VI\Projects\PBL2\RoadEye\dataset_crack\final_dataset_v5\train\labels\sewer_defects_006838.txt,0,2
train,D:\Study Material\Sem VI\Projects\PBL2\RoadEye\dataset_crack\final_dataset_v5\train\images\sewer_defects_006884.jpg,train/images/sewer_defects_006884.jpg,D:\Study Material\Sem VI\Projects\PBL2\RoadEye\dataset_crack\final_dataset_v5\train\labels\sewer_defects_006884.txt,1,2
train,D:\Study Material\Sem VI\Projects\PBL2\RoadEye\dataset_crack\final_dataset_v5\train\images\sewer_defects_006894.jpg,train/images/sewer_defects_006894.jpg,D:\Study Material\Sem VI\Projects\PBL2\RoadEye\dataset_crack\final_dataset_v5\train\labels\sewer_defects_006894.txt,2,0
train,D:\Study Material\Sem VI\Projects\PBL2\RoadEye\dataset_crack\final_dataset_v5\train\images\sewer_defects_006897.jpg,train/images/sewer_defects_006897.jpg,D:\Study Material\Sem VI\Projects\PBL2\RoadEye\dataset_crack\final_dataset_v5\train\labels\sewer_defects_006897.txt,1,2
train,D:\Study Material\Sem VI\Projects\PBL2\RoadEye\dataset_crack\final_dataset_v5\train\images\sewer_defects_006905.jpg,train/images/sewer_defects_006905.jpg,D:\Study Material\Sem VI\Projects\PBL2\RoadEye\dataset_crack\final_dataset_v5\train\labels\sewer_defects_006905.txt,2,0
train,D:\Study Material\Sem VI\Projects\PBL2\RoadEye\dataset_crack\final_dataset_v5\train\images\sewer_defects_006986.jpg,train/images/sewer_defects_006986.jpg,D:\Study Material\Sem VI\Projects\PBL2\RoadEye\dataset_crack\final_dataset_v5\train\labels\sewer_defects_006986.txt,2,0
train,D:\Study Material\Sem VI\Projects\PBL2\RoadEye\dataset_crack\final_dataset_v5\train\images\sewer_defects_007047.jpg,train/images/sewer_defects_007047.jpg,D:\Study Material\Sem VI\Projects\PBL2\RoadEye\dataset_crack\final_dataset_v5\train\labels\sewer_defects_007047.txt,3,0
train,D:\Study Material\Sem VI\Projects\PBL2\RoadEye\dataset_crack\final_dataset_v5\train\images\sewer_defects_007048.jpg,train/images/sewer_defects_007048.jpg,D:\Study Material\Sem VI\Projects\PBL2\RoadEye\dataset_crack\final_dataset_v5\train\labels\sewer_defects_007048.txt,3,4
train,D:\Study Material\Sem VI\Projects\PBL2\RoadEye\dataset_crack\final_dataset_v5\train\images\sewer_defects_007053.jpg,train/images/sewer_defects_007053.jpg,D:\Study Material\Sem VI\Projects\PBL2\RoadEye\dataset_crack\final_dataset_v5\train\labels\sewer_defects_007053.txt,1,2
train,D:\Study Material\Sem VI\Projects\PBL2\RoadEye\dataset_crack\final_dataset_v5\train\images\sewer_defects_007065.jpg,train/images/sewer_defects_007065.jpg,D:\Study Material\Sem VI\Projects\PBL2\RoadEye\dataset_crack\final_dataset_v5\train\labels\sewer_defects_007065.txt,1,1
train,D:\Study Material\Sem VI\Projects\PBL2\RoadEye\dataset_crack\final_dataset_v5\train\images\sewer_defects_007093.jpg,train/images/sewer_defects_007093.jpg,D:\Study Material\Sem VI\Projects\PBL2\RoadEye\dataset_crack\final_dataset_v5\train\labels\sewer_defects_007093.txt,2,9
train,D:\Study Material\Sem VI\Projects\PBL2\RoadEye\dataset_crack\final_dataset_v5\train\images\sewer_defects_007116.jpg,train/images/sewer_defects_007116.jpg,D:\Study Material\Sem VI\Projects\PBL2\RoadEye\dataset_crack\final_dataset_v5\train\labels\sewer_defects_007116.txt,3,0
train,D:\Study Material\Sem VI\Projects\PBL2\RoadEye\dataset_crack\final_dataset_v5\train\images\sewer_defects_007120.jpg,train/images/sewer_defects_007120.jpg,D:\Study Material\Sem VI\Projects\PBL2\RoadEye\dataset_crack\final_dataset_v5\train\labels\sewer_defects_007120.txt,1,0
train,D:\Study Material\Sem VI\Projects\PBL2\RoadEye\dataset_crack\final_dataset_v5\train\images\sewer_defects_007130.jpg,train/images/sewer_defects_007130.jpg,D:\Study Material\Sem VI\Projects\PBL2\RoadEye\dataset_crack\final_dataset_v5\train\labels\sewer_defects_007130.txt,2,0
train,D:\Study Material\Sem VI\Projects\PBL2\RoadEye\dataset_crack\final_dataset_v5\train\images\sewer_defects_007132.jpg,train/images/sewer_defects_007132.jpg,D:\Study Material\Sem VI\Projects\PBL2\RoadEye\dataset_crack\final_dataset_v5\train\labels\sewer_defects_007132.txt,3,1
train,D:\Study Material\Sem VI\Projects\PBL2\RoadEye\dataset_crack\final_dataset_v5\train\images\sewer_defects_007159.jpg,train/images/sewer_defects_007159.jpg,D:\Study Material\Sem VI\Projects\PBL2\RoadEye\dataset_crack\final_dataset_v5\train\labels\sewer_defects_007159.txt,3,3
train,D:\Study Material\Sem VI\Projects\PBL2\RoadEye\dataset_crack\final_dataset_v5\train\images\sewer_defects_007186.jpg,train/images/sewer_defects_007186.jpg,D:\Study Material\Sem VI\Projects\PBL2\RoadEye\dataset_crack\final_dataset_v5\train\labels\sewer_defects_007186.txt,1,0
train,D:\Study Material\Sem VI\Projects\PBL2\RoadEye\dataset_crack\final_dataset_v5\train\images\sewer_defects_007256.jpg,train/images/sewer_defects_007256.jpg,D:\Study Material\Sem VI\Projects\PBL2\RoadEye\dataset_crack\final_dataset_v5\train\labels\sewer_defects_007256.txt,1,0
train,D:\Study Material\Sem VI\Projects\PBL2\RoadEye\dataset_crack\final_dataset_v5\train\images\sewer_defects_007264.jpg,train/images/sewer_defects_007264.jpg,D:\Study Material\Sem VI\Projects\PBL2\RoadEye\dataset_crack\final_dataset_v5\train\labels\sewer_defects_007264.txt,2,0
train,D:\Study Material\Sem VI\Projects\PBL2\RoadEye\dataset_crack\final_dataset_v5\train\images\sewer_defects_007313.jpg,train/images/sewer_defects_007313.jpg,D:\Study Material\Sem VI\Projects\PBL2\RoadEye\dataset_crack\final_dataset_v5\train\labels\sewer_defects_007313.txt,1,0
train,D:\Study Material\Sem VI\Projects\PBL2\RoadEye\dataset_crack\final_dataset_v5\train\images\sewer_defects_007327.jpg,train/images/sewer_defects_007327.jpg,D:\Study Material\Sem VI\Projects\PBL2\RoadEye\dataset_crack\final_dataset_v5\train\labels\sewer_defects_007327.txt,1,3
train,D:\Study Material\Sem VI\Projects\PBL2\RoadEye\dataset_crack\final_dataset_v5\train\images\sewer_defects_007333.jpg,train/images/sewer_defects_007333.jpg,D:\Study Material\Sem VI\Projects\PBL2\RoadEye\dataset_crack\final_dataset_v5\train\labels\sewer_defects_007333.txt,3,0
train,D:\Study Material\Sem VI\Projects\PBL2\RoadEye\dataset_crack\final_dataset_v5\train\images\sewer_defects_007369.jpg,train/images/sewer_defects_007369.jpg,D:\Study Material\Sem VI\Projects\PBL2\RoadEye\dataset_crack\final_dataset_v5\train\labels\sewer_defects_007369.txt,1,0
train,D:\Study Material\Sem VI\Projects\PBL2\RoadEye\dataset_crack\final_dataset_v5\train\images\sewer_defects_007381.jpg,train/images/sewer_defects_007381.jpg,D:\Study Material\Sem VI\Projects\PBL2\RoadEye\dataset_crack\final_dataset_v5\train\labels\sewer_defects_007381.txt,0,2
train,D:\Study Material\Sem VI\Projects\PBL2\RoadEye\dataset_crack\final_dataset_v5\train\images\sewer_defects_007397.jpg,train/images/sewer_defects_007397.jpg,D:\Study Material\Sem VI\Projects\PBL2\RoadEye\dataset_crack\final_dataset_v5\train\labels\sewer_defects_007397.txt,0,2
train,D:\Study Material\Sem VI\Projects\PBL2\RoadEye\dataset_crack\final_dataset_v5\train\images\sewer_defects_007418.jpg,train/images/sewer_defects_007418.jpg,D:\Study Material\Sem VI\Projects\PBL2\RoadEye\dataset_crack\final_dataset_v5\train\labels\sewer_defects_007418.txt,1,0
train,D:\Study Material\Sem VI\Projects\PBL2\RoadEye\dataset_crack\final_dataset_v5\train\images\sewer_defects_007454.jpg,train/images/sewer_defects_007454.jpg,D:\Study Material\Sem VI\Projects\PBL2\RoadEye\dataset_crack\final_dataset_v5\train\labels\sewer_defects_007454.txt,1,0
train,D:\Study Material\Sem VI\Projects\PBL2\RoadEye\dataset_crack\final_dataset_v5\train\images\sewer_defects_007503.jpg,train/images/sewer_defects_007503.jpg,D:\Study Material\Sem VI\Projects\PBL2\RoadEye\dataset_crack\final_dataset_v5\train\labels\sewer_defects_007503.txt,1,0
train,D:\Study Material\Sem VI\Projects\PBL2\RoadEye\dataset_crack\final_dataset_v5\train\images\sewer_defects_007514.jpg,train/images/sewer_defects_007514.jpg,D:\Study Material\Sem VI\Projects\PBL2\RoadEye\dataset_crack\final_dataset_v5\train\labels\sewer_defects_007514.txt,1,0
train,D:\Study Material\Sem VI\Projects\PBL2\RoadEye\dataset_crack\final_dataset_v5\train\images\sewer_defects_007523.jpg,train/images/sewer_defects_007523.jpg,D:\Study Material\Sem VI\Projects\PBL2\RoadEye\dataset_crack\final_dataset_v5\train\labels\sewer_defects_007523.txt,1,0
train,D:\Study Material\Sem VI\Projects\PBL2\RoadEye\dataset_crack\final_dataset_v5\train\images\sewer_defects_007535.jpg,train/images/sewer_defects_007535.jpg,D:\Study Material\Sem VI\Projects\PBL2\RoadEye\dataset_crack\final_dataset_v5\train\labels\sewer_defects_007535.txt,1,0
train,D:\Study Material\Sem VI\Projects\PBL2\RoadEye\dataset_crack\final_dataset_v5\train\images\sewer_defects_007541.jpg,train/images/sewer_defects_007541.jpg,D:\Study Material\Sem VI\Projects\PBL2\RoadEye\dataset_crack\final_dataset_v5\train\labels\sewer_defects_007541.txt,1,0
train,D:\Study Material\Sem VI\Projects\PBL2\RoadEye\dataset_crack\final_dataset_v5\train\images\sewer_defects_007571.jpg,train/images/sewer_defects_007571.jpg,D:\Study Material\Sem VI\Projects\PBL2\RoadEye\dataset_crack\final_dataset_v5\train\labels\sewer_defects_007571.txt,1,1
train,D:\Study Material\Sem VI\Projects\PBL2\RoadEye\dataset_crack\final_dataset_v5\train\images\sewer_defects_007608.jpg,train/images/sewer_defects_007608.jpg,D:\Study Material\Sem VI\Projects\PBL2\RoadEye\dataset_crack\final_dataset_v5\train\labels\sewer_defects_007608.txt,2,0
train,D:\Study Material\Sem VI\Projects\PBL2\RoadEye\dataset_crack\final_dataset_v5\train\images\sewer_defects_007621.jpg,train/images/sewer_defects_007621.jpg,D:\Study Material\Sem VI\Projects\PBL2\RoadEye\dataset_crack\final_dataset_v5\train\labels\sewer_defects_007621.txt,1,0
train,D:\Study Material\Sem VI\Projects\PBL2\RoadEye\dataset_crack\final_dataset_v5\train\images\sewer_defects_007622.jpg,train/images/sewer_defects_007622.jpg,D:\Study Material\Sem VI\Projects\PBL2\RoadEye\dataset_crack\final_dataset_v5\train\labels\sewer_defects_007622.txt,1,0
train,D:\Study Material\Sem VI\Projects\PBL2\RoadEye\dataset_crack\final_dataset_v5\train\images\sewer_defects_007627.jpg,train/images/sewer_defects_007627.jpg,D:\Study Material\Sem VI\Projects\PBL2\RoadEye\dataset_crack\final_dataset_v5\train\labels\sewer_defects_007627.txt,2,0
train,D:\Study Material\Sem VI\Projects\PBL2\RoadEye\dataset_crack\final_dataset_v5\train\images\sewer_defects_007635.jpg,train/images/sewer_defects_007635.jpg,D:\Study Material\Sem VI\Projects\PBL2\RoadEye\dataset_crack\final_dataset_v5\train\labels\sewer_defects_007635.txt,1,1
train,D:\Study Material\Sem VI\Projects\PBL2\RoadEye\dataset_crack\final_dataset_v5\train\images\sewer_defects_007637.jpg,train/images/sewer_defects_007637.jpg,D:\Study Material\Sem VI\Projects\PBL2\RoadEye\dataset_crack\final_dataset_v5\train\labels\sewer_defects_007637.txt,1,0
train,D:\Study Material\Sem VI\Projects\PBL2\RoadEye\dataset_crack\final_dataset_v5\train\images\sewer_defects_007640.jpg,train/images/sewer_defects_007640.jpg,D:\Study Material\Sem VI\Projects\PBL2\RoadEye\dataset_crack\final_dataset_v5\train\labels\sewer_defects_007640.txt,1,0
train,D:\Study Material\Sem VI\Projects\PBL2\RoadEye\dataset_crack\final_dataset_v5\train\images\sewer_defects_007644.jpg,train/images/sewer_defects_007644.jpg,D:\Study Material\Sem VI\Projects\PBL2\RoadEye\dataset_crack\final_dataset_v5\train\labels\sewer_defects_007644.txt,2,0
train,D:\Study Material\Sem VI\Projects\PBL2\RoadEye\dataset_crack\final_dataset_v5\train\images\sewer_defects_007665.jpg,train/images/sewer_defects_007665.jpg,D:\Study Material\Sem VI\Projects\PBL2\RoadEye\dataset_crack\final_dataset_v5\train\labels\sewer_defects_007665.txt,1,0
train,D:\Study Material\Sem VI\Projects\PBL2\RoadEye\dataset_crack\final_dataset_v5\train\images\sewer_defects_007691.jpg,train/images/sewer_defects_007691.jpg,D:\Study Material\Sem VI\Projects\PBL2\RoadEye\dataset_crack\final_dataset_v5\train\labels\sewer_defects_007691.txt,2,0
train,D:\Study Material\Sem VI\Projects\PBL2\RoadEye\dataset_crack\final_dataset_v5\train\images\sewer_defects_007721.jpg,train/images/sewer_defects_007721.jpg,D:\Study Material\Sem VI\Projects\PBL2\RoadEye\dataset_crack\final_dataset_v5\train\labels\sewer_defects_007721.txt,3,2
train,D:\Study Material\Sem VI\Projects\PBL2\RoadEye\dataset_crack\final_dataset_v5\train\images\sewer_defects_007742.jpg,train/images/sewer_defects_007742.jpg,D:\Study Material\Sem VI\Projects\PBL2\RoadEye\dataset_crack\final_dataset_v5\train\labels\sewer_defects_007742.txt,1,1
train,D:\Study Material\Sem VI\Projects\PBL2\RoadEye\dataset_crack\final_dataset_v5\train\images\sewer_defects_007759.jpg,train/images/sewer_defects_007759.jpg,D:\Study Material\Sem VI\Projects\PBL2\RoadEye\dataset_crack\final_dataset_v5\train\labels\sewer_defects_007759.txt,2,1
train,D:\Study Material\Sem VI\Projects\PBL2\RoadEye\dataset_crack\final_dataset_v5\train\images\sewer_defects_007774.jpg,train/images/sewer_defects_007774.jpg,D:\Study Material\Sem VI\Projects\PBL2\RoadEye\dataset_crack\final_dataset_v5\train\labels\sewer_defects_007774.txt,2,1
train,D:\Study Material\Sem VI\Projects\PBL2\RoadEye\dataset_crack\final_dataset_v5\train\images\sewer_defects_007777.jpg,train/images/sewer_defects_007777.jpg,D:\Study Material\Sem VI\Projects\PBL2\RoadEye\dataset_crack\final_dataset_v5\train\labels\sewer_defects_007777.txt,2,1
train,D:\Study Material\Sem VI\Projects\PBL2\RoadEye\dataset_crack\final_dataset_v5\train\images\sewer_defects_007812.jpg,train/images/sewer_defects_007812.jpg,D:\Study Material\Sem VI\Projects\PBL2\RoadEye\dataset_crack\final_dataset_v5\train\labels\sewer_defects_007812.txt,4,1
train,D:\Study Material\Sem VI\Projects\PBL2\RoadEye\dataset_crack\final_dataset_v5\train\images\sewer_defects_007826.jpg,train/images/sewer_defects_007826.jpg,D:\Study Material\Sem VI\Projects\PBL2\RoadEye\dataset_crack\final_dataset_v5\train\labels\sewer_defects_007826.txt,0,1
train,D:\Study Material\Sem VI\Projects\PBL2\RoadEye\dataset_crack\final_dataset_v5\train\images\sewer_defects_007850.jpg,train/images/sewer_defects_007850.jpg,D:\Study Material\Sem VI\Projects\PBL2\RoadEye\dataset_crack\final_dataset_v5\train\labels\sewer_defects_007850.txt,1,0
train,D:\Study Material\Sem VI\Projects\PBL2\RoadEye\dataset_crack\final_dataset_v5\train\images\sewer_defects_007898.jpg,train/images/sewer_defects_007898.jpg,D:\Study Material\Sem VI\Projects\PBL2\RoadEye\dataset_crack\final_dataset_v5\train\labels\sewer_defects_007898.txt,1,0
train,D:\Study Material\Sem VI\Projects\PBL2\RoadEye\dataset_crack\final_dataset_v5\train\images\sewer_defects_007940.jpg,train/images/sewer_defects_007940.jpg,D:\Study Material\Sem VI\Projects\PBL2\RoadEye\dataset_crack\final_dataset_v5\train\labels\sewer_defects_007940.txt,1,0
train,D:\Study Material\Sem VI\Projects\PBL2\RoadEye\dataset_crack\final_dataset_v5\train\images\sewer_defects_007941.jpg,train/images/sewer_defects_007941.jpg,D:\Study Material\Sem VI\Projects\PBL2\RoadEye\dataset_crack\final_dataset_v5\train\labels\sewer_defects_007941.txt,1,0
train,D:\Study Material\Sem VI\Projects\PBL2\RoadEye\dataset_crack\final_dataset_v5\train\images\sewer_defects_007974.jpg,train/images/sewer_defects_007974.jpg,D:\Study Material\Sem VI\Projects\PBL2\RoadEye\dataset_crack\final_dataset_v5\train\labels\sewer_defects_007974.txt,1,2
train,D:\Study Material\Sem VI\Projects\PBL2\RoadEye\dataset_crack\final_dataset_v5\train\images\sewer_defects_007975.jpg,train/images/sewer_defects_007975.jpg,D:\Study Material\Sem VI\Projects\PBL2\RoadEye\dataset_crack\final_dataset_v5\train\labels\sewer_defects_007975.txt,2,0
train,D:\Study Material\Sem VI\Projects\PBL2\RoadEye\dataset_crack\final_dataset_v5\train\images\sewer_defects_008009.jpg,train/images/sewer_defects_008009.jpg,D:\Study Material\Sem VI\Projects\PBL2\RoadEye\dataset_crack\final_dataset_v5\train\labels\sewer_defects_008009.txt,3,7
train,D:\Study Material\Sem VI\Projects\PBL2\RoadEye\dataset_crack\final_dataset_v5\train\images\sewer_defects_008011.jpg,train/images/sewer_defects_008011.jpg,D:\Study Material\Sem VI\Projects\PBL2\RoadEye\dataset_crack\final_dataset_v5\train\labels\sewer_defects_008011.txt,4,3
train,D:\Study Material\Sem VI\Projects\PBL2\RoadEye\dataset_crack\final_dataset_v5\train\images\sewer_defects_008029.jpg,train/images/sewer_defects_008029.jpg,D:\Study Material\Sem VI\Projects\PBL2\RoadEye\dataset_crack\final_dataset_v5\train\labels\sewer_defects_008029.txt,3,0
train,D:\Study Material\Sem VI\Projects\PBL2\RoadEye\dataset_crack\final_dataset_v5\train\images\sewer_defects_008047.jpg,train/images/sewer_defects_008047.jpg,D:\Study Material\Sem VI\Projects\PBL2\RoadEye\dataset_crack\final_dataset_v5\train\labels\sewer_defects_008047.txt,1,0
train,D:\Study Material\Sem VI\Projects\PBL2\RoadEye\dataset_crack\final_dataset_v5\train\images\sewer_defects_008051.jpg,train/images/sewer_defects_008051.jpg,D:\Study Material\Sem VI\Projects\PBL2\RoadEye\dataset_crack\final_dataset_v5\train\labels\sewer_defects_008051.txt,2,0
train,D:\Study Material\Sem VI\Projects\PBL2\RoadEye\dataset_crack\final_dataset_v5\train\images\sewer_defects_008056.jpg,train/images/sewer_defects_008056.jpg,D:\Study Material\Sem VI\Projects\PBL2\RoadEye\dataset_crack\final_dataset_v5\train\labels\sewer_defects_008056.txt,1,0
train,D:\Study Material\Sem VI\Projects\PBL2\RoadEye\dataset_crack\final_dataset_v5\train\images\sewer_defects_008168.jpg,train/images/sewer_defects_008168.jpg,D:\Study Material\Sem VI\Projects\PBL2\RoadEye\dataset_crack\final_dataset_v5\train\labels\sewer_defects_008168.txt,1,0
train,D:\Study Material\Sem VI\Projects\PBL2\RoadEye\dataset_crack\final_dataset_v5\train\images\sewer_defects_008176.jpg,train/images/sewer_defects_008176.jpg,D:\Study Material\Sem VI\Projects\PBL2\RoadEye\dataset_crack\final_dataset_v5\train\labels\sewer_defects_008176.txt,2,0
train,D:\Study Material\Sem VI\Projects\PBL2\RoadEye\dataset_crack\final_dataset_v5\train\images\sewer_defects_008191.jpg,train/images/sewer_defects_008191.jpg,D:\Study Material\Sem VI\Projects\PBL2\RoadEye\dataset_crack\final_dataset_v5\train\labels\sewer_defects_008191.txt,1,0
train,D:\Study Material\Sem VI\Projects\PBL2\RoadEye\dataset_crack\final_dataset_v5\train\images\sewer_defects_008215.jpg,train/images/sewer_defects_008215.jpg,D:\Study Material\Sem VI\Projects\PBL2\RoadEye\dataset_crack\final_dataset_v5\train\labels\sewer_defects_008215.txt,1,1
train,D:\Study Material\Sem VI\Projects\PBL2\RoadEye\dataset_crack\final_dataset_v5\train\images\sewer_defects_008232.jpg,train/images/sewer_defects_008232.jpg,D:\Study Material\Sem VI\Projects\PBL2\RoadEye\dataset_crack\final_dataset_v5\train\labels\sewer_defects_008232.txt,1,0
train,D:\Study Material\Sem VI\Projects\PBL2\RoadEye\dataset_crack\final_dataset_v5\train\images\sewer_defects_008266.jpg,train/images/sewer_defects_008266.jpg,D:\Study Material\Sem VI\Projects\PBL2\RoadEye\dataset_crack\final_dataset_v5\train\labels\sewer_defects_008266.txt,3,1
train,D:\Study Material\Sem VI\Projects\PBL2\RoadEye\dataset_crack\final_dataset_v5\train\images\sewer_defects_008386.jpg,train/images/sewer_defects_008386.jpg,D:\Study Material\Sem VI\Projects\PBL2\RoadEye\dataset_crack\final_dataset_v5\train\labels\sewer_defects_008386.txt,2,0
train,D:\Study Material\Sem VI\Projects\PBL2\RoadEye\dataset_crack\final_dataset_v5\train\images\sewer_defects_008408.jpg,train/images/sewer_defects_008408.jpg,D:\Study Material\Sem VI\Projects\PBL2\RoadEye\dataset_crack\final_dataset_v5\train\labels\sewer_defects_008408.txt,2,2
train,D:\Study Material\Sem VI\Projects\PBL2\RoadEye\dataset_crack\final_dataset_v5\train\images\sewer_defects_008442.jpg,train/images/sewer_defects_008442.jpg,D:\Study Material\Sem VI\Projects\PBL2\RoadEye\dataset_crack\final_dataset_v5\train\labels\sewer_defects_008442.txt,1,0
train,D:\Study Material\Sem VI\Projects\PBL2\RoadEye\dataset_crack\final_dataset_v5\train\images\sewer_defects_008464.jpg,train/images/sewer_defects_008464.jpg,D:\Study Material\Sem VI\Projects\PBL2\RoadEye\dataset_crack\final_dataset_v5\train\labels\sewer_defects_008464.txt,2,0
train,D:\Study Material\Sem VI\Projects\PBL2\RoadEye\dataset_crack\final_dataset_v5\train\images\sewer_defects_008469.jpg,train/images/sewer_defects_008469.jpg,D:\Study Material\Sem VI\Projects\PBL2\RoadEye\dataset_crack\final_dataset_v5\train\labels\sewer_defects_008469.txt,1,0
train,D:\Study Material\Sem VI\Projects\PBL2\RoadEye\dataset_crack\final_dataset_v5\train\images\sewer_defects_008476.jpg,train/images/sewer_defects_008476.jpg,D:\Study Material\Sem VI\Projects\PBL2\RoadEye\dataset_crack\final_dataset_v5\train\labels\sewer_defects_008476.txt,2,0
train,D:\Study Material\Sem VI\Projects\PBL2\RoadEye\dataset_crack\final_dataset_v5\train\images\sewer_defects_008508.jpg,train/images/sewer_defects_008508.jpg,D:\Study Material\Sem VI\Projects\PBL2\RoadEye\dataset_crack\final_dataset_v5\train\labels\sewer_defects_008508.txt,2,0
train,D:\Study Material\Sem VI\Projects\PBL2\RoadEye\dataset_crack\final_dataset_v5\train\images\sewer_defects_008535.jpg,train/images/sewer_defects_008535.jpg,D:\Study Material\Sem VI\Projects\PBL2\RoadEye\dataset_crack\final_dataset_v5\train\labels\sewer_defects_008535.txt,1,0
train,D:\Study Material\Sem VI\Projects\PBL2\RoadEye\dataset_crack\final_dataset_v5\train\images\sewer_defects_008574.jpg,train/images/sewer_defects_008574.jpg,D:\Study Material\Sem VI\Projects\PBL2\RoadEye\dataset_crack\final_dataset_v5\train\labels\sewer_defects_008574.txt,2,0
train,D:\Study Material\Sem VI\Projects\PBL2\RoadEye\dataset_crack\final_dataset_v5\train\images\sewer_defects_008580.jpg,train/images/sewer_defects_008580.jpg,D:\Study Material\Sem VI\Projects\PBL2\RoadEye\dataset_crack\final_dataset_v5\train\labels\sewer_defects_008580.txt,2,2
train,D:\Study Material\Sem VI\Projects\PBL2\RoadEye\dataset_crack\final_dataset_v5\train\images\sewer_defects_008584.jpg,train/images/sewer_defects_008584.jpg,D:\Study Material\Sem VI\Projects\PBL2\RoadEye\dataset_crack\final_dataset_v5\train\labels\sewer_defects_008584.txt,1,0
train,D:\Study Material\Sem VI\Projects\PBL2\RoadEye\dataset_crack\final_dataset_v5\train\images\sewer_defects_008678.jpg,train/images/sewer_defects_008678.jpg,D:\Study Material\Sem VI\Projects\PBL2\RoadEye\dataset_crack\final_dataset_v5\train\labels\sewer_defects_008678.txt,2,3
train,D:\Study Material\Sem VI\Projects\PBL2\RoadEye\dataset_crack\final_dataset_v5\train\images\sewer_defects_008713.jpg,train/images/sewer_defects_008713.jpg,D:\Study Material\Sem VI\Projects\PBL2\RoadEye\dataset_crack\final_dataset_v5\train\labels\sewer_defects_008713.txt,0,2
train,D:\Study Material\Sem VI\Projects\PBL2\RoadEye\dataset_crack\final_dataset_v5\train\images\sewer_defects_008730.jpg,train/images/sewer_defects_008730.jpg,D:\Study Material\Sem VI\Projects\PBL2\RoadEye\dataset_crack\final_dataset_v5\train\labels\sewer_defects_008730.txt,1,0
train,D:\Study Material\Sem VI\Projects\PBL2\RoadEye\dataset_crack\final_dataset_v5\train\images\sewer_defects_008735.jpg,train/images/sewer_defects_008735.jpg,D:\Study Material\Sem VI\Projects\PBL2\RoadEye\dataset_crack\final_dataset_v5\train\labels\sewer_defects_008735.txt,1,0
train,D:\Study Material\Sem VI\Projects\PBL2\RoadEye\dataset_crack\final_dataset_v5\train\images\sewer_defects_008740.jpg,train/images/sewer_defects_008740.jpg,D:\Study Material\Sem VI\Projects\PBL2\RoadEye\dataset_crack\final_dataset_v5\train\labels\sewer_defects_008740.txt,1,0
train,D:\Study Material\Sem VI\Projects\PBL2\RoadEye\dataset_crack\final_dataset_v5\train\images\sewer_defects_008767.jpg,train/images/sewer_defects_008767.jpg,D:\Study Material\Sem VI\Projects\PBL2\RoadEye\dataset_crack\final_dataset_v5\train\labels\sewer_defects_008767.txt,3,3
train,D:\Study Material\Sem VI\Projects\PBL2\RoadEye\dataset_crack\final_dataset_v5\train\images\sewer_defects_008802.jpg,train/images/sewer_defects_008802.jpg,D:\Study Material\Sem VI\Projects\PBL2\RoadEye\dataset_crack\final_dataset_v5\train\labels\sewer_defects_008802.txt,3,1
train,D:\Study Material\Sem VI\Projects\PBL2\RoadEye\dataset_crack\final_dataset_v5\train\images\sewer_defects_008812.jpg,train/images/sewer_defects_008812.jpg,D:\Study Material\Sem VI\Projects\PBL2\RoadEye\dataset_crack\final_dataset_v5\train\labels\sewer_defects_008812.txt,1,0
train,D:\Study Material\Sem VI\Projects\PBL2\RoadEye\dataset_crack\final_dataset_v5\train\images\sewer_defects_008815.jpg,train/images/sewer_defects_008815.jpg,D:\Study Material\Sem VI\Projects\PBL2\RoadEye\dataset_crack\final_dataset_v5\train\labels\sewer_defects_008815.txt,2,0
train,D:\Study Material\Sem VI\Projects\PBL2\RoadEye\dataset_crack\final_dataset_v5\train\images\sewer_defects_008836.jpg,train/images/sewer_defects_008836.jpg,D:\Study Material\Sem VI\Projects\PBL2\RoadEye\dataset_crack\final_dataset_v5\train\labels\sewer_defects_008836.txt,0,1
train,D:\Study Material\Sem VI\Projects\PBL2\RoadEye\dataset_crack\final_dataset_v5\train\images\sewer_defects_008866.jpg,train/images/sewer_defects_008866.jpg,D:\Study Material\Sem VI\Projects\PBL2\RoadEye\dataset_crack\final_dataset_v5\train\labels\sewer_defects_008866.txt,1,0
train,D:\Study Material\Sem VI\Projects\PBL2\RoadEye\dataset_crack\final_dataset_v5\train\images\sewer_defects_008908.jpg,train/images/sewer_defects_008908.jpg,D:\Study Material\Sem VI\Projects\PBL2\RoadEye\dataset_crack\final_dataset_v5\train\labels\sewer_defects_008908.txt,2,0
train,D:\Study Material\Sem VI\Projects\PBL2\RoadEye\dataset_crack\final_dataset_v5\train\images\sewer_defects_008941.jpg,train/images/sewer_defects_008941.jpg,D:\Study Material\Sem VI\Projects\PBL2\RoadEye\dataset_crack\final_dataset_v5\train\labels\sewer_defects_008941.txt,0,1
train,D:\Study Material\Sem VI\Projects\PBL2\RoadEye\dataset_crack\final_dataset_v5\train\images\sewer_defects_008965.jpg,train/images/sewer_defects_008965.jpg,D:\Study Material\Sem VI\Projects\PBL2\RoadEye\dataset_crack\final_dataset_v5\train\labels\sewer_defects_008965.txt,1,0
train,D:\Study Material\Sem VI\Projects\PBL2\RoadEye\dataset_crack\final_dataset_v5\train\images\sewer_defects_009006.jpg,train/images/sewer_defects_009006.jpg,D:\Study Material\Sem VI\Projects\PBL2\RoadEye\dataset_crack\final_dataset_v5\train\labels\sewer_defects_009006.txt,2,0
train,D:\Study Material\Sem VI\Projects\PBL2\RoadEye\dataset_crack\final_dataset_v5\train\images\sewer_defects_009048.jpg,train/images/sewer_defects_009048.jpg,D:\Study Material\Sem VI\Projects\PBL2\RoadEye\dataset_crack\final_dataset_v5\train\labels\sewer_defects_009048.txt,1,1
train,D:\Study Material\Sem VI\Projects\PBL2\RoadEye\dataset_crack\final_dataset_v5\train\images\sewer_defects_009069.jpg,train/images/sewer_defects_009069.jpg,D:\Study Material\Sem VI\Projects\PBL2\RoadEye\dataset_crack\final_dataset_v5\train\labels\sewer_defects_009069.txt,1,0
train,D:\Study Material\Sem VI\Projects\PBL2\RoadEye\dataset_crack\final_dataset_v5\train\images\sewer_defects_009081.jpg,train/images/sewer_defects_009081.jpg,D:\Study Material\Sem VI\Projects\PBL2\RoadEye\dataset_crack\final_dataset_v5\train\labels\sewer_defects_009081.txt,1,0
train,D:\Study Material\Sem VI\Projects\PBL2\RoadEye\dataset_crack\final_dataset_v5\train\images\sewer_defects_009093.jpg,train/images/sewer_defects_009093.jpg,D:\Study Material\Sem VI\Projects\PBL2\RoadEye\dataset_crack\final_dataset_v5\train\labels\sewer_defects_009093.txt,2,2
train,D:\Study Material\Sem VI\Projects\PBL2\RoadEye\dataset_crack\final_dataset_v5\train\images\sewer_defects_009167.jpg,train/images/sewer_defects_009167.jpg,D:\Study Material\Sem VI\Projects\PBL2\RoadEye\dataset_crack\final_dataset_v5\train\labels\sewer_defects_009167.txt,2,1
train,D:\Study Material\Sem VI\Projects\PBL2\RoadEye\dataset_crack\final_dataset_v5\train\images\sewer_defects_009180.jpg,train/images/sewer_defects_009180.jpg,D:\Study Material\Sem VI\Projects\PBL2\RoadEye\dataset_crack\final_dataset_v5\train\labels\sewer_defects_009180.txt,1,2
train,D:\Study Material\Sem VI\Projects\PBL2\RoadEye\dataset_crack\final_dataset_v5\train\images\sewer_defects_009210.jpg,train/images/sewer_defects_009210.jpg,D:\Study Material\Sem VI\Projects\PBL2\RoadEye\dataset_crack\final_dataset_v5\train\labels\sewer_defects_009210.txt,1,0
train,D:\Study Material\Sem VI\Projects\PBL2\RoadEye\dataset_crack\final_dataset_v5\train\images\sewer_defects_009262.jpg,train/images/sewer_defects_009262.jpg,D:\Study Material\Sem VI\Projects\PBL2\RoadEye\dataset_crack\final_dataset_v5\train\labels\sewer_defects_009262.txt,2,1
train,D:\Study Material\Sem VI\Projects\PBL2\RoadEye\dataset_crack\final_dataset_v5\train\images\sewer_defects_009275.jpg,train/images/sewer_defects_009275.jpg,D:\Study Material\Sem VI\Projects\PBL2\RoadEye\dataset_crack\final_dataset_v5\train\labels\sewer_defects_009275.txt,2,0
train,D:\Study Material\Sem VI\Projects\PBL2\RoadEye\dataset_crack\final_dataset_v5\train\images\sewer_defects_009293.jpg,train/images/sewer_defects_009293.jpg,D:\Study Material\Sem VI\Projects\PBL2\RoadEye\dataset_crack\final_dataset_v5\train\labels\sewer_defects_009293.txt,2,0
train,D:\Study Material\Sem VI\Projects\PBL2\RoadEye\dataset_crack\final_dataset_v5\train\images\sewer_defects_009317.jpg,train/images/sewer_defects_009317.jpg,D:\Study Material\Sem VI\Projects\PBL2\RoadEye\dataset_crack\final_dataset_v5\train\labels\sewer_defects_009317.txt,1,0
train,D:\Study Material\Sem VI\Projects\PBL2\RoadEye\dataset_crack\final_dataset_v5\train\images\sewer_defects_009336.jpg,train/images/sewer_defects_009336.jpg,D:\Study Material\Sem VI\Projects\PBL2\RoadEye\dataset_crack\final_dataset_v5\train\labels\sewer_defects_009336.txt,1,4
train,D:\Study Material\Sem VI\Projects\PBL2\RoadEye\dataset_crack\final_dataset_v5\train\images\sewer_defects_009361.jpg,train/images/sewer_defects_009361.jpg,D:\Study Material\Sem VI\Projects\PBL2\RoadEye\dataset_crack\final_dataset_v5\train\labels\sewer_defects_009361.txt,0,1
train,D:\Study Material\Sem VI\Projects\PBL2\RoadEye\dataset_crack\final_dataset_v5\train\images\sewer_defects_009376.jpg,train/images/sewer_defects_009376.jpg,D:\Study Material\Sem VI\Projects\PBL2\RoadEye\dataset_crack\final_dataset_v5\train\labels\sewer_defects_009376.txt,1,2
train,D:\Study Material\Sem VI\Projects\PBL2\RoadEye\dataset_crack\final_dataset_v5\train\images\sewer_defects_009395.jpg,train/images/sewer_defects_009395.jpg,D:\Study Material\Sem VI\Projects\PBL2\RoadEye\dataset_crack\final_dataset_v5\train\labels\sewer_defects_009395.txt,2,0
train,D:\Study Material\Sem VI\Projects\PBL2\RoadEye\dataset_crack\final_dataset_v5\train\images\sewer_defects_009404.jpg,train/images/sewer_defects_009404.jpg,D:\Study Material\Sem VI\Projects\PBL2\RoadEye\dataset_crack\final_dataset_v5\train\labels\sewer_defects_009404.txt,1,3
train,D:\Study Material\Sem VI\Projects\PBL2\RoadEye\dataset_crack\final_dataset_v5\train\images\sewer_defects_009427.jpg,train/images/sewer_defects_009427.jpg,D:\Study Material\Sem VI\Projects\PBL2\RoadEye\dataset_crack\final_dataset_v5\train\labels\sewer_defects_009427.txt,2,0
train,D:\Study Material\Sem VI\Projects\PBL2\RoadEye\dataset_crack\final_dataset_v5\train\images\sewer_defects_009468.jpg,train/images/sewer_defects_009468.jpg,D:\Study Material\Sem VI\Projects\PBL2\RoadEye\dataset_crack\final_dataset_v5\train\labels\sewer_defects_009468.txt,1,4
train,D:\Study Material\Sem VI\Projects\PBL2\RoadEye\dataset_crack\final_dataset_v5\train\images\sewer_defects_009521.jpg,train/images/sewer_defects_009521.jpg,D:\Study Material\Sem VI\Projects\PBL2\RoadEye\dataset_crack\final_dataset_v5\train\labels\sewer_defects_009521.txt,2,0
train,D:\Study Material\Sem VI\Projects\PBL2\RoadEye\dataset_crack\final_dataset_v5\train\images\sewer_defects_009540.jpg,train/images/sewer_defects_009540.jpg,D:\Study Material\Sem VI\Projects\PBL2\RoadEye\dataset_crack\final_dataset_v5\train\labels\sewer_defects_009540.txt,1,0
train,D:\Study Material\Sem VI\Projects\PBL2\RoadEye\dataset_crack\final_dataset_v5\train\images\sewer_defects_009542.jpg,train/images/sewer_defects_009542.jpg,D:\Study Material\Sem VI\Projects\PBL2\RoadEye\dataset_crack\final_dataset_v5\train\labels\sewer_defects_009542.txt,1,2
train,D:\Study Material\Sem VI\Projects\PBL2\RoadEye\dataset_crack\final_dataset_v5\train\images\sewer_defects_009697.jpg,train/images/sewer_defects_009697.jpg,D:\Study Material\Sem VI\Projects\PBL2\RoadEye\dataset_crack\final_dataset_v5\train\labels\sewer_defects_009697.txt,2,2
train,D:\Study Material\Sem VI\Projects\PBL2\RoadEye\dataset_crack\final_dataset_v5\train\images\sewer_defects_009700.jpg,train/images/sewer_defects_009700.jpg,D:\Study Material\Sem VI\Projects\PBL2\RoadEye\dataset_crack\final_dataset_v5\train\labels\sewer_defects_009700.txt,2,2
train,D:\Study Material\Sem VI\Projects\PBL2\RoadEye\dataset_crack\final_dataset_v5\train\images\sewer_defects_009737.jpg,train/images/sewer_defects_009737.jpg,D:\Study Material\Sem VI\Projects\PBL2\RoadEye\dataset_crack\final_dataset_v5\train\labels\sewer_defects_009737.txt,2,3
train,D:\Study Material\Sem VI\Projects\PBL2\RoadEye\dataset_crack\final_dataset_v5\train\images\sewer_defects_009793.jpg,train/images/sewer_defects_009793.jpg,D:\Study Material\Sem VI\Projects\PBL2\RoadEye\dataset_crack\final_dataset_v5\train\labels\sewer_defects_009793.txt,1,0
train,D:\Study Material\Sem VI\Projects\PBL2\RoadEye\dataset_crack\final_dataset_v5\train\images\sewer_defects_009856.jpg,train/images/sewer_defects_009856.jpg,D:\Study Material\Sem VI\Projects\PBL2\RoadEye\dataset_crack\final_dataset_v5\train\labels\sewer_defects_009856.txt,2,0
train,D:\Study Material\Sem VI\Projects\PBL2\RoadEye\dataset_crack\final_dataset_v5\train\images\sewer_defects_009861.jpg,train/images/sewer_defects_009861.jpg,D:\Study Material\Sem VI\Projects\PBL2\RoadEye\dataset_crack\final_dataset_v5\train\labels\sewer_defects_009861.txt,2,0
train,D:\Study Material\Sem VI\Projects\PBL2\RoadEye\dataset_crack\final_dataset_v5\train\images\sewer_defects_009866.jpg,train/images/sewer_defects_009866.jpg,D:\Study Material\Sem VI\Projects\PBL2\RoadEye\dataset_crack\final_dataset_v5\train\labels\sewer_defects_009866.txt,2,1
train,D:\Study Material\Sem VI\Projects\PBL2\RoadEye\dataset_crack\final_dataset_v5\train\images\sewer_defects_009908.jpg,train/images/sewer_defects_009908.jpg,D:\Study Material\Sem VI\Projects\PBL2\RoadEye\dataset_crack\final_dataset_v5\train\labels\sewer_defects_009908.txt,1,0
train,D:\Study Material\Sem VI\Projects\PBL2\RoadEye\dataset_crack\final_dataset_v5\train\images\sewer_defects_009925.jpg,train/images/sewer_defects_009925.jpg,D:\Study Material\Sem VI\Projects\PBL2\RoadEye\dataset_crack\final_dataset_v5\train\labels\sewer_defects_009925.txt,3,0
train,D:\Study Material\Sem VI\Projects\PBL2\RoadEye\dataset_crack\final_dataset_v5\train\images\sewer_defects_009960.jpg,train/images/sewer_defects_009960.jpg,D:\Study Material\Sem VI\Projects\PBL2\RoadEye\dataset_crack\final_dataset_v5\train\labels\sewer_defects_009960.txt,1,0
train,D:\Study Material\Sem VI\Projects\PBL2\RoadEye\dataset_crack\final_dataset_v5\train\images\sewer_defects_010007.jpg,train/images/sewer_defects_010007.jpg,D:\Study Material\Sem VI\Projects\PBL2\RoadEye\dataset_crack\final_dataset_v5\train\labels\sewer_defects_010007.txt,1,0
train,D:\Study Material\Sem VI\Projects\PBL2\RoadEye\dataset_crack\final_dataset_v5\train\images\sewer_defects_010074.jpg,train/images/sewer_defects_010074.jpg,D:\Study Material\Sem VI\Projects\PBL2\RoadEye\dataset_crack\final_dataset_v5\train\labels\sewer_defects_010074.txt,1,2
train,D:\Study Material\Sem VI\Projects\PBL2\RoadEye\dataset_crack\final_dataset_v5\train\images\sewer_defects_010112.jpg,train/images/sewer_defects_010112.jpg,D:\Study Material\Sem VI\Projects\PBL2\RoadEye\dataset_crack\final_dataset_v5\train\labels\sewer_defects_010112.txt,2,2
train,D:\Study Material\Sem VI\Projects\PBL2\RoadEye\dataset_crack\final_dataset_v5\train\images\sewer_defects_010119.jpg,train/images/sewer_defects_010119.jpg,D:\Study Material\Sem VI\Projects\PBL2\RoadEye\dataset_crack\final_dataset_v5\train\labels\sewer_defects_010119.txt,1,0
train,D:\Study Material\Sem VI\Projects\PBL2\RoadEye\dataset_crack\final_dataset_v5\train\images\sewer_defects_010164.jpg,train/images/sewer_defects_010164.jpg,D:\Study Material\Sem VI\Projects\PBL2\RoadEye\dataset_crack\final_dataset_v5\train\labels\sewer_defects_010164.txt,1,0
train,D:\Study Material\Sem VI\Projects\PBL2\RoadEye\dataset_crack\final_dataset_v5\train\images\sewer_defects_010245.jpg,train/images/sewer_defects_010245.jpg,D:\Study Material\Sem VI\Projects\PBL2\RoadEye\dataset_crack\final_dataset_v5\train\labels\sewer_defects_010245.txt,1,0
train,D:\Study Material\Sem VI\Projects\PBL2\RoadEye\dataset_crack\final_dataset_v5\train\images\sewer_defects_010249.jpg,train/images/sewer_defects_010249.jpg,D:\Study Material\Sem VI\Projects\PBL2\RoadEye\dataset_crack\final_dataset_v5\train\labels\sewer_defects_010249.txt,1,2
train,D:\Study Material\Sem VI\Projects\PBL2\RoadEye\dataset_crack\final_dataset_v5\train\images\sewer_defects_010265.jpg,train/images/sewer_defects_010265.jpg,D:\Study Material\Sem VI\Projects\PBL2\RoadEye\dataset_crack\final_dataset_v5\train\labels\sewer_defects_010265.txt,1,0
train,D:\Study Material\Sem VI\Projects\PBL2\RoadEye\dataset_crack\final_dataset_v5\train\images\sewer_defects_010272.jpg,train/images/sewer_defects_010272.jpg,D:\Study Material\Sem VI\Projects\PBL2\RoadEye\dataset_crack\final_dataset_v5\train\labels\sewer_defects_010272.txt,1,0
train,D:\Study Material\Sem VI\Projects\PBL2\RoadEye\dataset_crack\final_dataset_v5\train\images\sewer_defects_010353.jpg,train/images/sewer_defects_010353.jpg,D:\Study Material\Sem VI\Projects\PBL2\RoadEye\dataset_crack\final_dataset_v5\train\labels\sewer_defects_010353.txt,1,0
train,D:\Study Material\Sem VI\Projects\PBL2\RoadEye\dataset_crack\final_dataset_v5\train\images\sewer_defects_010361.jpg,train/images/sewer_defects_010361.jpg,D:\Study Material\Sem VI\Projects\PBL2\RoadEye\dataset_crack\final_dataset_v5\train\labels\sewer_defects_010361.txt,3,0
train,D:\Study Material\Sem VI\Projects\PBL2\RoadEye\dataset_crack\final_dataset_v5\train\images\sewer_defects_010402.jpg,train/images/sewer_defects_010402.jpg,D:\Study Material\Sem VI\Projects\PBL2\RoadEye\dataset_crack\final_dataset_v5\train\labels\sewer_defects_010402.txt,1,0
train,D:\Study Material\Sem VI\Projects\PBL2\RoadEye\dataset_crack\final_dataset_v5\train\images\sewer_defects_010406.jpg,train/images/sewer_defects_010406.jpg,D:\Study Material\Sem VI\Projects\PBL2\RoadEye\dataset_crack\final_dataset_v5\train\labels\sewer_defects_010406.txt,1,0
train,D:\Study Material\Sem VI\Projects\PBL2\RoadEye\dataset_crack\final_dataset_v5\train\images\sewer_defects_010420.jpg,train/images/sewer_defects_010420.jpg,D:\Study Material\Sem VI\Projects\PBL2\RoadEye\dataset_crack\final_dataset_v5\train\labels\sewer_defects_010420.txt,1,1
train,D:\Study Material\Sem VI\Projects\PBL2\RoadEye\dataset_crack\final_dataset_v5\train\images\sewer_defects_010438.jpg,train/images/sewer_defects_010438.jpg,D:\Study Material\Sem VI\Projects\PBL2\RoadEye\dataset_crack\final_dataset_v5\train\labels\sewer_defects_010438.txt,1,0
train,D:\Study Material\Sem VI\Projects\PBL2\RoadEye\dataset_crack\final_dataset_v5\train\images\sewer_defects_010450.jpg,train/images/sewer_defects_010450.jpg,D:\Study Material\Sem VI\Projects\PBL2\RoadEye\dataset_crack\final_dataset_v5\train\labels\sewer_defects_010450.txt,3,0
train,D:\Study Material\Sem VI\Projects\PBL2\RoadEye\dataset_crack\final_dataset_v5\train\images\sewer_defects_010455.jpg,train/images/sewer_defects_010455.jpg,D:\Study Material\Sem VI\Projects\PBL2\RoadEye\dataset_crack\final_dataset_v5\train\labels\sewer_defects_010455.txt,2,0
train,D:\Study Material\Sem VI\Projects\PBL2\RoadEye\dataset_crack\final_dataset_v5\train\images\sewer_defects_010470.jpg,train/images/sewer_defects_010470.jpg,D:\Study Material\Sem VI\Projects\PBL2\RoadEye\dataset_crack\final_dataset_v5\train\labels\sewer_defects_010470.txt,3,0
train,D:\Study Material\Sem VI\Projects\PBL2\RoadEye\dataset_crack\final_dataset_v5\train\images\sewer_defects_010473.jpg,train/images/sewer_defects_010473.jpg,D:\Study Material\Sem VI\Projects\PBL2\RoadEye\dataset_crack\final_dataset_v5\train\labels\sewer_defects_010473.txt,0,3
train,D:\Study Material\Sem VI\Projects\PBL2\RoadEye\dataset_crack\final_dataset_v5\train\images\sewer_defects_010477.jpg,train/images/sewer_defects_010477.jpg,D:\Study Material\Sem VI\Projects\PBL2\RoadEye\dataset_crack\final_dataset_v5\train\labels\sewer_defects_010477.txt,1,2
train,D:\Study Material\Sem VI\Projects\PBL2\RoadEye\dataset_crack\final_dataset_v5\train\images\sewer_defects_010478.jpg,train/images/sewer_defects_010478.jpg,D:\Study Material\Sem VI\Projects\PBL2\RoadEye\dataset_crack\final_dataset_v5\train\labels\sewer_defects_010478.txt,1,0
train,D:\Study Material\Sem VI\Projects\PBL2\RoadEye\dataset_crack\final_dataset_v5\train\images\sewer_defects_010514.jpg,train/images/sewer_defects_010514.jpg,D:\Study Material\Sem VI\Projects\PBL2\RoadEye\dataset_crack\final_dataset_v5\train\labels\sewer_defects_010514.txt,2,2
train,D:\Study Material\Sem VI\Projects\PBL2\RoadEye\dataset_crack\final_dataset_v5\train\images\sewer_defects_010545.jpg,train/images/sewer_defects_010545.jpg,D:\Study Material\Sem VI\Projects\PBL2\RoadEye\dataset_crack\final_dataset_v5\train\labels\sewer_defects_010545.txt,3,1
train,D:\Study Material\Sem VI\Projects\PBL2\RoadEye\dataset_crack\final_dataset_v5\train\images\sewer_defects_010561.jpg,train/images/sewer_defects_010561.jpg,D:\Study Material\Sem VI\Projects\PBL2\RoadEye\dataset_crack\final_dataset_v5\train\labels\sewer_defects_010561.txt,2,0
train,D:\Study Material\Sem VI\Projects\PBL2\RoadEye\dataset_crack\final_dataset_v5\train\images\sewer_defects_010568.jpg,train/images/sewer_defects_010568.jpg,D:\Study Material\Sem VI\Projects\PBL2\RoadEye\dataset_crack\final_dataset_v5\train\labels\sewer_defects_010568.txt,1,1
train,D:\Study Material\Sem VI\Projects\PBL2\RoadEye\dataset_crack\final_dataset_v5\train\images\sewer_defects_010586.jpg,train/images/sewer_defects_010586.jpg,D:\Study Material\Sem VI\Projects\PBL2\RoadEye\dataset_crack\final_dataset_v5\train\labels\sewer_defects_010586.txt,3,4
train,D:\Study Material\Sem VI\Projects\PBL2\RoadEye\dataset_crack\final_dataset_v5\train\images\sewer_defects_010598.jpg,train/images/sewer_defects_010598.jpg,D:\Study Material\Sem VI\Projects\PBL2\RoadEye\dataset_crack\final_dataset_v5\train\labels\sewer_defects_010598.txt,1,1
train,D:\Study Material\Sem VI\Projects\PBL2\RoadEye\dataset_crack\final_dataset_v5\train\images\sewer_defects_010627.jpg,train/images/sewer_defects_010627.jpg,D:\Study Material\Sem VI\Projects\PBL2\RoadEye\dataset_crack\final_dataset_v5\train\labels\sewer_defects_010627.txt,0,2
train,D:\Study Material\Sem VI\Projects\PBL2\RoadEye\dataset_crack\final_dataset_v5\train\images\sewer_defects_010646.jpg,train/images/sewer_defects_010646.jpg,D:\Study Material\Sem VI\Projects\PBL2\RoadEye\dataset_crack\final_dataset_v5\train\labels\sewer_defects_010646.txt,2,1
train,D:\Study Material\Sem VI\Projects\PBL2\RoadEye\dataset_crack\final_dataset_v5\train\images\sewer_defects_010660.jpg,train/images/sewer_defects_010660.jpg,D:\Study Material\Sem VI\Projects\PBL2\RoadEye\dataset_crack\final_dataset_v5\train\labels\sewer_defects_010660.txt,2,3
train,D:\Study Material\Sem VI\Projects\PBL2\RoadEye\dataset_crack\final_dataset_v5\train\images\sewer_defects_010665.jpg,train/images/sewer_defects_010665.jpg,D:\Study Material\Sem VI\Projects\PBL2\RoadEye\dataset_crack\final_dataset_v5\train\labels\sewer_defects_010665.txt,1,2
train,D:\Study Material\Sem VI\Projects\PBL2\RoadEye\dataset_crack\final_dataset_v5\train\images\sewer_defects_010678.jpg,train/images/sewer_defects_010678.jpg,D:\Study Material\Sem VI\Projects\PBL2\RoadEye\dataset_crack\final_dataset_v5\train\labels\sewer_defects_010678.txt,1,0
train,D:\Study Material\Sem VI\Projects\PBL2\RoadEye\dataset_crack\final_dataset_v5\train\images\sewer_defects_010688.jpg,train/images/sewer_defects_010688.jpg,D:\Study Material\Sem VI\Projects\PBL2\RoadEye\dataset_crack\final_dataset_v5\train\labels\sewer_defects_010688.txt,2,0
train,D:\Study Material\Sem VI\Projects\PBL2\RoadEye\dataset_crack\final_dataset_v5\train\images\sewer_defects_010698.jpg,train/images/sewer_defects_010698.jpg,D:\Study Material\Sem VI\Projects\PBL2\RoadEye\dataset_crack\final_dataset_v5\train\labels\sewer_defects_010698.txt,1,0
train,D:\Study Material\Sem VI\Projects\PBL2\RoadEye\dataset_crack\final_dataset_v5\train\images\sewer_defects_010708.jpg,train/images/sewer_defects_010708.jpg,D:\Study Material\Sem VI\Projects\PBL2\RoadEye\dataset_crack\final_dataset_v5\train\labels\sewer_defects_010708.txt,1,0
train,D:\Study Material\Sem VI\Projects\PBL2\RoadEye\dataset_crack\final_dataset_v5\train\images\sewer_defects_010714.jpg,train/images/sewer_defects_010714.jpg,D:\Study Material\Sem VI\Projects\PBL2\RoadEye\dataset_crack\final_dataset_v5\train\labels\sewer_defects_010714.txt,1,0
train,D:\Study Material\Sem VI\Projects\PBL2\RoadEye\dataset_crack\final_dataset_v5\train\images\sewer_defects_010784.jpg,train/images/sewer_defects_010784.jpg,D:\Study Material\Sem VI\Projects\PBL2\RoadEye\dataset_crack\final_dataset_v5\train\labels\sewer_defects_010784.txt,1,0
train,D:\Study Material\Sem VI\Projects\PBL2\RoadEye\dataset_crack\final_dataset_v5\train\images\sewer_defects_010810.jpg,train/images/sewer_defects_010810.jpg,D:\Study Material\Sem VI\Projects\PBL2\RoadEye\dataset_crack\final_dataset_v5\train\labels\sewer_defects_010810.txt,2,0
train,D:\Study Material\Sem VI\Projects\PBL2\RoadEye\dataset_crack\final_dataset_v5\train\images\sewer_defects_010847.jpg,train/images/sewer_defects_010847.jpg,D:\Study Material\Sem VI\Projects\PBL2\RoadEye\dataset_crack\final_dataset_v5\train\labels\sewer_defects_010847.txt,1,0
train,D:\Study Material\Sem VI\Projects\PBL2\RoadEye\dataset_crack\final_dataset_v5\train\images\sewer_defects_010910.jpg,train/images/sewer_defects_010910.jpg,D:\Study Material\Sem VI\Projects\PBL2\RoadEye\dataset_crack\final_dataset_v5\train\labels\sewer_defects_010910.txt,2,1
train,D:\Study Material\Sem VI\Projects\PBL2\RoadEye\dataset_crack\final_dataset_v5\train\images\sewer_defects_010918.jpg,train/images/sewer_defects_010918.jpg,D:\Study Material\Sem VI\Projects\PBL2\RoadEye\dataset_crack\final_dataset_v5\train\labels\sewer_defects_010918.txt,1,0
train,D:\Study Material\Sem VI\Projects\PBL2\RoadEye\dataset_crack\final_dataset_v5\train\images\sewer_defects_010990.jpg,train/images/sewer_defects_010990.jpg,D:\Study Material\Sem VI\Projects\PBL2\RoadEye\dataset_crack\final_dataset_v5\train\labels\sewer_defects_010990.txt,1,0
train,D:\Study Material\Sem VI\Projects\PBL2\RoadEye\dataset_crack\final_dataset_v5\train\images\sewer_defects_010994.jpg,train/images/sewer_defects_010994.jpg,D:\Study Material\Sem VI\Projects\PBL2\RoadEye\dataset_crack\final_dataset_v5\train\labels\sewer_defects_010994.txt,1,1
train,D:\Study Material\Sem VI\Projects\PBL2\RoadEye\dataset_crack\final_dataset_v5\train\images\sewer_defects_011007.jpg,train/images/sewer_defects_011007.jpg,D:\Study Material\Sem VI\Projects\PBL2\RoadEye\dataset_crack\final_dataset_v5\train\labels\sewer_defects_011007.txt,0,1
train,D:\Study Material\Sem VI\Projects\PBL2\RoadEye\dataset_crack\final_dataset_v5\train\images\sewer_defects_011017.jpg,train/images/sewer_defects_011017.jpg,D:\Study Material\Sem VI\Projects\PBL2\RoadEye\dataset_crack\final_dataset_v5\train\labels\sewer_defects_011017.txt,1,0
train,D:\Study Material\Sem VI\Projects\PBL2\RoadEye\dataset_crack\final_dataset_v5\train\images\sewer_defects_011053.jpg,train/images/sewer_defects_011053.jpg,D:\Study Material\Sem VI\Projects\PBL2\RoadEye\dataset_crack\final_dataset_v5\train\labels\sewer_defects_011053.txt,1,0
train,D:\Study Material\Sem VI\Projects\PBL2\RoadEye\dataset_crack\final_dataset_v5\train\images\sewer_defects_011113.jpg,train/images/sewer_defects_011113.jpg,D:\Study Material\Sem VI\Projects\PBL2\RoadEye\dataset_crack\final_dataset_v5\train\labels\sewer_defects_011113.txt,2,0
train,D:\Study Material\Sem VI\Projects\PBL2\RoadEye\dataset_crack\final_dataset_v5\train\images\sewer_defects_011143.jpg,train/images/sewer_defects_011143.jpg,D:\Study Material\Sem VI\Projects\PBL2\RoadEye\dataset_crack\final_dataset_v5\train\labels\sewer_defects_011143.txt,2,1
train,D:\Study Material\Sem VI\Projects\PBL2\RoadEye\dataset_crack\final_dataset_v5\train\images\sewer_defects_011189.jpg,train/images/sewer_defects_011189.jpg,D:\Study Material\Sem VI\Projects\PBL2\RoadEye\dataset_crack\final_dataset_v5\train\labels\sewer_defects_011189.txt,2,3
train,D:\Study Material\Sem VI\Projects\PBL2\RoadEye\dataset_crack\final_dataset_v5\train\images\sewer_defects_011254.jpg,train/images/sewer_defects_011254.jpg,D:\Study Material\Sem VI\Projects\PBL2\RoadEye\dataset_crack\final_dataset_v5\train\labels\sewer_defects_011254.txt,4,2
train,D:\Study Material\Sem VI\Projects\PBL2\RoadEye\dataset_crack\final_dataset_v5\train\images\sewer_defects_011255.jpg,train/images/sewer_defects_011255.jpg,D:\Study Material\Sem VI\Projects\PBL2\RoadEye\dataset_crack\final_dataset_v5\train\labels\sewer_defects_011255.txt,0,1
train,D:\Study Material\Sem VI\Projects\PBL2\RoadEye\dataset_crack\final_dataset_v5\train\images\sewer_defects_011290.jpg,train/images/sewer_defects_011290.jpg,D:\Study Material\Sem VI\Projects\PBL2\RoadEye\dataset_crack\final_dataset_v5\train\labels\sewer_defects_011290.txt,1,0
train,D:\Study Material\Sem VI\Projects\PBL2\RoadEye\dataset_crack\final_dataset_v5\train\images\sewer_defects_011312.jpg,train/images/sewer_defects_011312.jpg,D:\Study Material\Sem VI\Projects\PBL2\RoadEye\dataset_crack\final_dataset_v5\train\labels\sewer_defects_011312.txt,1,0
train,D:\Study Material\Sem VI\Projects\PBL2\RoadEye\dataset_crack\final_dataset_v5\train\images\sewer_defects_011324.jpg,train/images/sewer_defects_011324.jpg,D:\Study Material\Sem VI\Projects\PBL2\RoadEye\dataset_crack\final_dataset_v5\train\labels\sewer_defects_011324.txt,1,0
train,D:\Study Material\Sem VI\Projects\PBL2\RoadEye\dataset_crack\final_dataset_v5\train\images\sewer_defects_011450.jpg,train/images/sewer_defects_011450.jpg,D:\Study Material\Sem VI\Projects\PBL2\RoadEye\dataset_crack\final_dataset_v5\train\labels\sewer_defects_011450.txt,1,0
train,D:\Study Material\Sem VI\Projects\PBL2\RoadEye\dataset_crack\final_dataset_v5\train\images\sewer_defects_011518.jpg,train/images/sewer_defects_011518.jpg,D:\Study Material\Sem VI\Projects\PBL2\RoadEye\dataset_crack\final_dataset_v5\train\labels\sewer_defects_011518.txt,2,1
train,D:\Study Material\Sem VI\Projects\PBL2\RoadEye\dataset_crack\final_dataset_v5\train\images\sewer_defects_011556.jpg,train/images/sewer_defects_011556.jpg,D:\Study Material\Sem VI\Projects\PBL2\RoadEye\dataset_crack\final_dataset_v5\train\labels\sewer_defects_011556.txt,2,2
train,D:\Study Material\Sem VI\Projects\PBL2\RoadEye\dataset_crack\final_dataset_v5\train\images\sewer_defects_011573.jpg,train/images/sewer_defects_011573.jpg,D:\Study Material\Sem VI\Projects\PBL2\RoadEye\dataset_crack\final_dataset_v5\train\labels\sewer_defects_011573.txt,1,0
train,D:\Study Material\Sem VI\Projects\PBL2\RoadEye\dataset_crack\final_dataset_v5\train\images\sewer_defects_011629.jpg,train/images/sewer_defects_011629.jpg,D:\Study Material\Sem VI\Projects\PBL2\RoadEye\dataset_crack\final_dataset_v5\train\labels\sewer_defects_011629.txt,2,0
train,D:\Study Material\Sem VI\Projects\PBL2\RoadEye\dataset_crack\final_dataset_v5\train\images\sewer_defects_011648.jpg,train/images/sewer_defects_011648.jpg,D:\Study Material\Sem VI\Projects\PBL2\RoadEye\dataset_crack\final_dataset_v5\train\labels\sewer_defects_011648.txt,1,0
train,D:\Study Material\Sem VI\Projects\PBL2\RoadEye\dataset_crack\final_dataset_v5\train\images\sewer_defects_011654.jpg,train/images/sewer_defects_011654.jpg,D:\Study Material\Sem VI\Projects\PBL2\RoadEye\dataset_crack\final_dataset_v5\train\labels\sewer_defects_011654.txt,2,1
train,D:\Study Material\Sem VI\Projects\PBL2\RoadEye\dataset_crack\final_dataset_v5\train\images\sewer_defects_011681.jpg,train/images/sewer_defects_011681.jpg,D:\Study Material\Sem VI\Projects\PBL2\RoadEye\dataset_crack\final_dataset_v5\train\labels\sewer_defects_011681.txt,1,0
train,D:\Study Material\Sem VI\Projects\PBL2\RoadEye\dataset_crack\final_dataset_v5\train\images\sewer_defects_011684.jpg,train/images/sewer_defects_011684.jpg,D:\Study Material\Sem VI\Projects\PBL2\RoadEye\dataset_crack\final_dataset_v5\train\labels\sewer_defects_011684.txt,1,0
train,D:\Study Material\Sem VI\Projects\PBL2\RoadEye\dataset_crack\final_dataset_v5\train\images\sewer_defects_011688.jpg,train/images/sewer_defects_011688.jpg,D:\Study Material\Sem VI\Projects\PBL2\RoadEye\dataset_crack\final_dataset_v5\train\labels\sewer_defects_011688.txt,1,0
train,D:\Study Material\Sem VI\Projects\PBL2\RoadEye\dataset_crack\final_dataset_v5\train\images\sewer_defects_011720.jpg,train/images/sewer_defects_011720.jpg,D:\Study Material\Sem VI\Projects\PBL2\RoadEye\dataset_crack\final_dataset_v5\train\labels\sewer_defects_011720.txt,2,0
train,D:\Study Material\Sem VI\Projects\PBL2\RoadEye\dataset_crack\final_dataset_v5\train\images\sewer_defects_011775.jpg,train/images/sewer_defects_011775.jpg,D:\Study Material\Sem VI\Projects\PBL2\RoadEye\dataset_crack\final_dataset_v5\train\labels\sewer_defects_011775.txt,0,1
train,D:\Study Material\Sem VI\Projects\PBL2\RoadEye\dataset_crack\final_dataset_v5\train\images\sewer_defects_011789.jpg,train/images/sewer_defects_011789.jpg,D:\Study Material\Sem VI\Projects\PBL2\RoadEye\dataset_crack\final_dataset_v5\train\labels\sewer_defects_011789.txt,1,0
train,D:\Study Material\Sem VI\Projects\PBL2\RoadEye\dataset_crack\final_dataset_v5\train\images\sewer_defects_011808.jpg,train/images/sewer_defects_011808.jpg,D:\Study Material\Sem VI\Projects\PBL2\RoadEye\dataset_crack\final_dataset_v5\train\labels\sewer_defects_011808.txt,1,1
train,D:\Study Material\Sem VI\Projects\PBL2\RoadEye\dataset_crack\final_dataset_v5\train\images\sewer_defects_011853.jpg,train/images/sewer_defects_011853.jpg,D:\Study Material\Sem VI\Projects\PBL2\RoadEye\dataset_crack\final_dataset_v5\train\labels\sewer_defects_011853.txt,2,1
train,D:\Study Material\Sem VI\Projects\PBL2\RoadEye\dataset_crack\final_dataset_v5\train\images\sewer_defects_011857.jpg,train/images/sewer_defects_011857.jpg,D:\Study Material\Sem VI\Projects\PBL2\RoadEye\dataset_crack\final_dataset_v5\train\labels\sewer_defects_011857.txt,1,0
train,D:\Study Material\Sem VI\Projects\PBL2\RoadEye\dataset_crack\final_dataset_v5\train\images\sewer_defects_011871.jpg,train/images/sewer_defects_011871.jpg,D:\Study Material\Sem VI\Projects\PBL2\RoadEye\dataset_crack\final_dataset_v5\train\labels\sewer_defects_011871.txt,1,1
train,D:\Study Material\Sem VI\Projects\PBL2\RoadEye\dataset_crack\final_dataset_v5\train\images\sewer_defects_011873.jpg,train/images/sewer_defects_011873.jpg,D:\Study Material\Sem VI\Projects\PBL2\RoadEye\dataset_crack\final_dataset_v5\train\labels\sewer_defects_011873.txt,2,1
train,D:\Study Material\Sem VI\Projects\PBL2\RoadEye\dataset_crack\final_dataset_v5\train\images\sewer_defects_011901.jpg,train/images/sewer_defects_011901.jpg,D:\Study Material\Sem VI\Projects\PBL2\RoadEye\dataset_crack\final_dataset_v5\train\labels\sewer_defects_011901.txt,1,0
train,D:\Study Material\Sem VI\Projects\PBL2\RoadEye\dataset_crack\final_dataset_v5\train\images\sewer_defects_011927.jpg,train/images/sewer_defects_011927.jpg,D:\Study Material\Sem VI\Projects\PBL2\RoadEye\dataset_crack\final_dataset_v5\train\labels\sewer_defects_011927.txt,1,0
train,D:\Study Material\Sem VI\Projects\PBL2\RoadEye\dataset_crack\final_dataset_v5\train\images\sewer_defects_011970.jpg,train/images/sewer_defects_011970.jpg,D:\Study Material\Sem VI\Projects\PBL2\RoadEye\dataset_crack\final_dataset_v5\train\labels\sewer_defects_011970.txt,2,4
train,D:\Study Material\Sem VI\Projects\PBL2\RoadEye\dataset_crack\final_dataset_v5\train\images\sewer_defects_012008.jpg,train/images/sewer_defects_012008.jpg,D:\Study Material\Sem VI\Projects\PBL2\RoadEye\dataset_crack\final_dataset_v5\train\labels\sewer_defects_012008.txt,4,0
train,D:\Study Material\Sem VI\Projects\PBL2\RoadEye\dataset_crack\final_dataset_v5\train\images\sewer_defects_012010.jpg,train/images/sewer_defects_012010.jpg,D:\Study Material\Sem VI\Projects\PBL2\RoadEye\dataset_crack\final_dataset_v5\train\labels\sewer_defects_012010.txt,1,0
train,D:\Study Material\Sem VI\Projects\PBL2\RoadEye\dataset_crack\final_dataset_v5\train\images\sewer_defects_012026.jpg,train/images/sewer_defects_012026.jpg,D:\Study Material\Sem VI\Projects\PBL2\RoadEye\dataset_crack\final_dataset_v5\train\labels\sewer_defects_012026.txt,2,3
train,D:\Study Material\Sem VI\Projects\PBL2\RoadEye\dataset_crack\final_dataset_v5\train\images\sewer_defects_012047.jpg,train/images/sewer_defects_012047.jpg,D:\Study Material\Sem VI\Projects\PBL2\RoadEye\dataset_crack\final_dataset_v5\train\labels\sewer_defects_012047.txt,1,0
train,D:\Study Material\Sem VI\Projects\PBL2\RoadEye\dataset_crack\final_dataset_v5\train\images\sewer_defects_012084.jpg,train/images/sewer_defects_012084.jpg,D:\Study Material\Sem VI\Projects\PBL2\RoadEye\dataset_crack\final_dataset_v5\train\labels\sewer_defects_012084.txt,2,0
train,D:\Study Material\Sem VI\Projects\PBL2\RoadEye\dataset_crack\final_dataset_v5\train\images\sewer_defects_012103.jpg,train/images/sewer_defects_012103.jpg,D:\Study Material\Sem VI\Projects\PBL2\RoadEye\dataset_crack\final_dataset_v5\train\labels\sewer_defects_012103.txt,2,0
train,D:\Study Material\Sem VI\Projects\PBL2\RoadEye\dataset_crack\final_dataset_v5\train\images\sewer_defects_012115.jpg,train/images/sewer_defects_012115.jpg,D:\Study Material\Sem VI\Projects\PBL2\RoadEye\dataset_crack\final_dataset_v5\train\labels\sewer_defects_012115.txt,1,0
train,D:\Study Material\Sem VI\Projects\PBL2\RoadEye\dataset_crack\final_dataset_v5\train\images\sewer_defects_012121.jpg,train/images/sewer_defects_012121.jpg,D:\Study Material\Sem VI\Projects\PBL2\RoadEye\dataset_crack\final_dataset_v5\train\labels\sewer_defects_012121.txt,2,0
train,D:\Study Material\Sem VI\Projects\PBL2\RoadEye\dataset_crack\final_dataset_v5\train\images\sewer_defects_012125.jpg,train/images/sewer_defects_012125.jpg,D:\Study Material\Sem VI\Projects\PBL2\RoadEye\dataset_crack\final_dataset_v5\train\labels\sewer_defects_012125.txt,0,1
train,D:\Study Material\Sem VI\Projects\PBL2\RoadEye\dataset_crack\final_dataset_v5\train\images\sewer_defects_012193.jpg,train/images/sewer_defects_012193.jpg,D:\Study Material\Sem VI\Projects\PBL2\RoadEye\dataset_crack\final_dataset_v5\train\labels\sewer_defects_012193.txt,2,0
train,D:\Study Material\Sem VI\Projects\PBL2\RoadEye\dataset_crack\final_dataset_v5\train\images\sewer_defects_012195.jpg,train/images/sewer_defects_012195.jpg,D:\Study Material\Sem VI\Projects\PBL2\RoadEye\dataset_crack\final_dataset_v5\train\labels\sewer_defects_012195.txt,1,2
train,D:\Study Material\Sem VI\Projects\PBL2\RoadEye\dataset_crack\final_dataset_v5\train\images\sewer_defects_012235.jpg,train/images/sewer_defects_012235.jpg,D:\Study Material\Sem VI\Projects\PBL2\RoadEye\dataset_crack\final_dataset_v5\train\labels\sewer_defects_012235.txt,2,1
train,D:\Study Material\Sem VI\Projects\PBL2\RoadEye\dataset_crack\final_dataset_v5\train\images\sewer_defects_012236.jpg,train/images/sewer_defects_012236.jpg,D:\Study Material\Sem VI\Projects\PBL2\RoadEye\dataset_crack\final_dataset_v5\train\labels\sewer_defects_012236.txt,1,3
train,D:\Study Material\Sem VI\Projects\PBL2\RoadEye\dataset_crack\final_dataset_v5\train\images\sewer_defects_012238.jpg,train/images/sewer_defects_012238.jpg,D:\Study Material\Sem VI\Projects\PBL2\RoadEye\dataset_crack\final_dataset_v5\train\labels\sewer_defects_012238.txt,1,0
train,D:\Study Material\Sem VI\Projects\PBL2\RoadEye\dataset_crack\final_dataset_v5\train\images\sewer_defects_012251.jpg,train/images/sewer_defects_012251.jpg,D:\Study Material\Sem VI\Projects\PBL2\RoadEye\dataset_crack\final_dataset_v5\train\labels\sewer_defects_012251.txt,1,0
train,D:\Study Material\Sem VI\Projects\PBL2\RoadEye\dataset_crack\final_dataset_v5\train\images\sewer_defects_012260.jpg,train/images/sewer_defects_012260.jpg,D:\Study Material\Sem VI\Projects\PBL2\RoadEye\dataset_crack\final_dataset_v5\train\labels\sewer_defects_012260.txt,2,0
train,D:\Study Material\Sem VI\Projects\PBL2\RoadEye\dataset_crack\final_dataset_v5\train\images\sewer_defects_012296.jpg,train/images/sewer_defects_012296.jpg,D:\Study Material\Sem VI\Projects\PBL2\RoadEye\dataset_crack\final_dataset_v5\train\labels\sewer_defects_012296.txt,0,2
train,D:\Study Material\Sem VI\Projects\PBL2\RoadEye\dataset_crack\final_dataset_v5\train\images\sewer_defects_012327.jpg,train/images/sewer_defects_012327.jpg,D:\Study Material\Sem VI\Projects\PBL2\RoadEye\dataset_crack\final_dataset_v5\train\labels\sewer_defects_012327.txt,2,2
train,D:\Study Material\Sem VI\Projects\PBL2\RoadEye\dataset_crack\final_dataset_v5\train\images\sewer_defects_012347.jpg,train/images/sewer_defects_012347.jpg,D:\Study Material\Sem VI\Projects\PBL2\RoadEye\dataset_crack\final_dataset_v5\train\labels\sewer_defects_012347.txt,1,2
train,D:\Study Material\Sem VI\Projects\PBL2\RoadEye\dataset_crack\final_dataset_v5\train\images\sewer_defects_012381.jpg,train/images/sewer_defects_012381.jpg,D:\Study Material\Sem VI\Projects\PBL2\RoadEye\dataset_crack\final_dataset_v5\train\labels\sewer_defects_012381.txt,2,0
train,D:\Study Material\Sem VI\Projects\PBL2\RoadEye\dataset_crack\final_dataset_v5\train\images\sewer_defects_012386.jpg,train/images/sewer_defects_012386.jpg,D:\Study Material\Sem VI\Projects\PBL2\RoadEye\dataset_crack\final_dataset_v5\train\labels\sewer_defects_012386.txt,3,1
train,D:\Study Material\Sem VI\Projects\PBL2\RoadEye\dataset_crack\final_dataset_v5\train\images\sewer_defects_012390.jpg,train/images/sewer_defects_012390.jpg,D:\Study Material\Sem VI\Projects\PBL2\RoadEye\dataset_crack\final_dataset_v5\train\labels\sewer_defects_012390.txt,1,0
train,D:\Study Material\Sem VI\Projects\PBL2\RoadEye\dataset_crack\final_dataset_v5\train\images\sewer_defects_012392.jpg,train/images/sewer_defects_012392.jpg,D:\Study Material\Sem VI\Projects\PBL2\RoadEye\dataset_crack\final_dataset_v5\train\labels\sewer_defects_012392.txt,1,2
train,D:\Study Material\Sem VI\Projects\PBL2\RoadEye\dataset_crack\final_dataset_v5\train\images\sewer_defects_012478.jpg,train/images/sewer_defects_012478.jpg,D:\Study Material\Sem VI\Projects\PBL2\RoadEye\dataset_crack\final_dataset_v5\train\labels\sewer_defects_012478.txt,2,1
train,D:\Study Material\Sem VI\Projects\PBL2\RoadEye\dataset_crack\final_dataset_v5\train\images\sewer_defects_012489.jpg,train/images/sewer_defects_012489.jpg,D:\Study Material\Sem VI\Projects\PBL2\RoadEye\dataset_crack\final_dataset_v5\train\labels\sewer_defects_012489.txt,1,0
train,D:\Study Material\Sem VI\Projects\PBL2\RoadEye\dataset_crack\final_dataset_v5\train\images\sewer_defects_012499.jpg,train/images/sewer_defects_012499.jpg,D:\Study Material\Sem VI\Projects\PBL2\RoadEye\dataset_crack\final_dataset_v5\train\labels\sewer_defects_012499.txt,2,2
train,D:\Study Material\Sem VI\Projects\PBL2\RoadEye\dataset_crack\final_dataset_v5\train\images\sewer_defects_012501.jpg,train/images/sewer_defects_012501.jpg,D:\Study Material\Sem VI\Projects\PBL2\RoadEye\dataset_crack\final_dataset_v5\train\labels\sewer_defects_012501.txt,2,0
train,D:\Study Material\Sem VI\Projects\PBL2\RoadEye\dataset_crack\final_dataset_v5\train\images\sewer_defects_012518.jpg,train/images/sewer_defects_012518.jpg,D:\Study Material\Sem VI\Projects\PBL2\RoadEye\dataset_crack\final_dataset_v5\train\labels\sewer_defects_012518.txt,1,0
train,D:\Study Material\Sem VI\Projects\PBL2\RoadEye\dataset_crack\final_dataset_v5\train\images\sewer_defects_012552.jpg,train/images/sewer_defects_012552.jpg,D:\Study Material\Sem VI\Projects\PBL2\RoadEye\dataset_crack\final_dataset_v5\train\labels\sewer_defects_012552.txt,1,0
train,D:\Study Material\Sem VI\Projects\PBL2\RoadEye\dataset_crack\final_dataset_v5\train\images\sewer_defects_012557.jpg,train/images/sewer_defects_012557.jpg,D:\Study Material\Sem VI\Projects\PBL2\RoadEye\dataset_crack\final_dataset_v5\train\labels\sewer_defects_012557.txt,2,1
train,D:\Study Material\Sem VI\Projects\PBL2\RoadEye\dataset_crack\final_dataset_v5\train\images\sewer_defects_012564.jpg,train/images/sewer_defects_012564.jpg,D:\Study Material\Sem VI\Projects\PBL2\RoadEye\dataset_crack\final_dataset_v5\train\labels\sewer_defects_012564.txt,1,0
train,D:\Study Material\Sem VI\Projects\PBL2\RoadEye\dataset_crack\final_dataset_v5\train\images\sewer_defects_012568.jpg,train/images/sewer_defects_012568.jpg,D:\Study Material\Sem VI\Projects\PBL2\RoadEye\dataset_crack\final_dataset_v5\train\labels\sewer_defects_012568.txt,1,0
train,D:\Study Material\Sem VI\Projects\PBL2\RoadEye\dataset_crack\final_dataset_v5\train\images\sewer_defects_012603.jpg,train/images/sewer_defects_012603.jpg,D:\Study Material\Sem VI\Projects\PBL2\RoadEye\dataset_crack\final_dataset_v5\train\labels\sewer_defects_012603.txt,1,1
train,D:\Study Material\Sem VI\Projects\PBL2\RoadEye\dataset_crack\final_dataset_v5\train\images\sewer_defects_012607.jpg,train/images/sewer_defects_012607.jpg,D:\Study Material\Sem VI\Projects\PBL2\RoadEye\dataset_crack\final_dataset_v5\train\labels\sewer_defects_012607.txt,2,1
train,D:\Study Material\Sem VI\Projects\PBL2\RoadEye\dataset_crack\final_dataset_v5\train\images\sewer_defects_012641.jpg,train/images/sewer_defects_012641.jpg,D:\Study Material\Sem VI\Projects\PBL2\RoadEye\dataset_crack\final_dataset_v5\train\labels\sewer_defects_012641.txt,1,0
train,D:\Study Material\Sem VI\Projects\PBL2\RoadEye\dataset_crack\final_dataset_v5\train\images\sewer_defects_012726.jpg,train/images/sewer_defects_012726.jpg,D:\Study Material\Sem VI\Projects\PBL2\RoadEye\dataset_crack\final_dataset_v5\train\labels\sewer_defects_012726.txt,1,0
train,D:\Study Material\Sem VI\Projects\PBL2\RoadEye\dataset_crack\final_dataset_v5\train\images\sewer_defects_012759.jpg,train/images/sewer_defects_012759.jpg,D:\Study Material\Sem VI\Projects\PBL2\RoadEye\dataset_crack\final_dataset_v5\train\labels\sewer_defects_012759.txt,1,2
train,D:\Study Material\Sem VI\Projects\PBL2\RoadEye\dataset_crack\final_dataset_v5\train\images\sewer_defects_012791.jpg,train/images/sewer_defects_012791.jpg,D:\Study Material\Sem VI\Projects\PBL2\RoadEye\dataset_crack\final_dataset_v5\train\labels\sewer_defects_012791.txt,1,0
train,D:\Study Material\Sem VI\Projects\PBL2\RoadEye\dataset_crack\final_dataset_v5\train\images\sewer_defects_012795.jpg,train/images/sewer_defects_012795.jpg,D:\Study Material\Sem VI\Projects\PBL2\RoadEye\dataset_crack\final_dataset_v5\train\labels\sewer_defects_012795.txt,0,1
train,D:\Study Material\Sem VI\Projects\PBL2\RoadEye\dataset_crack\final_dataset_v5\train\images\sewer_defects_012804.jpg,train/images/sewer_defects_012804.jpg,D:\Study Material\Sem VI\Projects\PBL2\RoadEye\dataset_crack\final_dataset_v5\train\labels\sewer_defects_012804.txt,1,0
train,D:\Study Material\Sem VI\Projects\PBL2\RoadEye\dataset_crack\final_dataset_v5\train\images\sewer_defects_012828.jpg,train/images/sewer_defects_012828.jpg,D:\Study Material\Sem VI\Projects\PBL2\RoadEye\dataset_crack\final_dataset_v5\train\labels\sewer_defects_012828.txt,1,0
train,D:\Study Material\Sem VI\Projects\PBL2\RoadEye\dataset_crack\final_dataset_v5\train\images\sewer_defects_012847.jpg,train/images/sewer_defects_012847.jpg,D:\Study Material\Sem VI\Projects\PBL2\RoadEye\dataset_crack\final_dataset_v5\train\labels\sewer_defects_012847.txt,2,0
train,D:\Study Material\Sem VI\Projects\PBL2\RoadEye\dataset_crack\final_dataset_v5\train\images\sewer_defects_012862.jpg,train/images/sewer_defects_012862.jpg,D:\Study Material\Sem VI\Projects\PBL2\RoadEye\dataset_crack\final_dataset_v5\train\labels\sewer_defects_012862.txt,1,1
train,D:\Study Material\Sem VI\Projects\PBL2\RoadEye\dataset_crack\final_dataset_v5\train\images\sewer_defects_012882.jpg,train/images/sewer_defects_012882.jpg,D:\Study Material\Sem VI\Projects\PBL2\RoadEye\dataset_crack\final_dataset_v5\train\labels\sewer_defects_012882.txt,3,1
train,D:\Study Material\Sem VI\Projects\PBL2\RoadEye\dataset_crack\final_dataset_v5\train\images\sewer_o8use_000007.jpg,train/images/sewer_o8use_000007.jpg,D:\Study Material\Sem VI\Projects\PBL2\RoadEye\dataset_crack\final_dataset_v5\train\labels\sewer_o8use_000007.txt,1,0
train,D:\Study Material\Sem VI\Projects\PBL2\RoadEye\dataset_crack\final_dataset_v5\train\images\sewer_o8use_000067.jpg,train/images/sewer_o8use_000067.jpg,D:\Study Material\Sem VI\Projects\PBL2\RoadEye\dataset_crack\final_dataset_v5\train\labels\sewer_o8use_000067.txt,1,0
train,D:\Study Material\Sem VI\Projects\PBL2\RoadEye\dataset_crack\final_dataset_v5\train\images\sewer_o8use_000080.jpg,train/images/sewer_o8use_000080.jpg,D:\Study Material\Sem VI\Projects\PBL2\RoadEye\dataset_crack\final_dataset_v5\train\labels\sewer_o8use_000080.txt,1,0
train,D:\Study Material\Sem VI\Projects\PBL2\RoadEye\dataset_crack\final_dataset_v5\train\images\sewer_o8use_000109.jpg,train/images/sewer_o8use_000109.jpg,D:\Study Material\Sem VI\Projects\PBL2\RoadEye\dataset_crack\final_dataset_v5\train\labels\sewer_o8use_000109.txt,1,0
train,D:\Study Material\Sem VI\Projects\PBL2\RoadEye\dataset_crack\final_dataset_v5\train\images\sewer_o8use_000158.jpg,train/images/sewer_o8use_000158.jpg,D:\Study Material\Sem VI\Projects\PBL2\RoadEye\dataset_crack\final_dataset_v5\train\labels\sewer_o8use_000158.txt,1,1
train,D:\Study Material\Sem VI\Projects\PBL2\RoadEye\dataset_crack\final_dataset_v5\train\images\sewer_o8use_000214.jpg,train/images/sewer_o8use_000214.jpg,D:\Study Material\Sem VI\Projects\PBL2\RoadEye\dataset_crack\final_dataset_v5\train\labels\sewer_o8use_000214.txt,1,0
train,D:\Study Material\Sem VI\Projects\PBL2\RoadEye\dataset_crack\final_dataset_v5\train\images\sewer_o8use_000225.jpg,train/images/sewer_o8use_000225.jpg,D:\Study Material\Sem VI\Projects\PBL2\RoadEye\dataset_crack\final_dataset_v5\train\labels\sewer_o8use_000225.txt,1,0
train,D:\Study Material\Sem VI\Projects\PBL2\RoadEye\dataset_crack\final_dataset_v5\train\images\sewer_o8use_000229.jpg,train/images/sewer_o8use_000229.jpg,D:\Study Material\Sem VI\Projects\PBL2\RoadEye\dataset_crack\final_dataset_v5\train\labels\sewer_o8use_000229.txt,1,0
train,D:\Study Material\Sem VI\Projects\PBL2\RoadEye\dataset_crack\final_dataset_v5\train\images\sewer_o8use_000240.jpg,train/images/sewer_o8use_000240.jpg,D:\Study Material\Sem VI\Projects\PBL2\RoadEye\dataset_crack\final_dataset_v5\train\labels\sewer_o8use_000240.txt,1,0
train,D:\Study Material\Sem VI\Projects\PBL2\RoadEye\dataset_crack\final_dataset_v5\train\images\sewer_o8use_000265.jpg,train/images/sewer_o8use_000265.jpg,D:\Study Material\Sem VI\Projects\PBL2\RoadEye\dataset_crack\final_dataset_v5\train\labels\sewer_o8use_000265.txt,0,1
train,D:\Study Material\Sem VI\Projects\PBL2\RoadEye\dataset_crack\final_dataset_v5\train\images\sewer_o8use_000281.jpg,train/images/sewer_o8use_000281.jpg,D:\Study Material\Sem VI\Projects\PBL2\RoadEye\dataset_crack\final_dataset_v5\train\labels\sewer_o8use_000281.txt,0,1
train,D:\Study Material\Sem VI\Projects\PBL2\RoadEye\dataset_crack\final_dataset_v5\train\images\sewer_o8use_000295.jpg,train/images/sewer_o8use_000295.jpg,D:\Study Material\Sem VI\Projects\PBL2\RoadEye\dataset_crack\final_dataset_v5\train\labels\sewer_o8use_000295.txt,1,0
train,D:\Study Material\Sem VI\Projects\PBL2\RoadEye\dataset_crack\final_dataset_v5\train\images\sewer_o8use_000315.jpg,train/images/sewer_o8use_000315.jpg,D:\Study Material\Sem VI\Projects\PBL2\RoadEye\dataset_crack\final_dataset_v5\train\labels\sewer_o8use_000315.txt,1,0
train,D:\Study Material\Sem VI\Projects\PBL2\RoadEye\dataset_crack\final_dataset_v5\train\images\sewer_o8use_000321.jpg,train/images/sewer_o8use_000321.jpg,D:\Study Material\Sem VI\Projects\PBL2\RoadEye\dataset_crack\final_dataset_v5\train\labels\sewer_o8use_000321.txt,1,0
train,D:\Study Material\Sem VI\Projects\PBL2\RoadEye\dataset_crack\final_dataset_v5\train\images\sewer_o8use_000333.jpg,train/images/sewer_o8use_000333.jpg,D:\Study Material\Sem VI\Projects\PBL2\RoadEye\dataset_crack\final_dataset_v5\train\labels\sewer_o8use_000333.txt,1,0
train,D:\Study Material\Sem VI\Projects\PBL2\RoadEye\dataset_crack\final_dataset_v5\train\images\sewer_o8use_000344.jpg,train/images/sewer_o8use_000344.jpg,D:\Study Material\Sem VI\Projects\PBL2\RoadEye\dataset_crack\final_dataset_v5\train\labels\sewer_o8use_000344.txt,1,0
train,D:\Study Material\Sem VI\Projects\PBL2\RoadEye\dataset_crack\final_dataset_v5\train\images\sewer_o8use_000389.jpg,train/images/sewer_o8use_000389.jpg,D:\Study Material\Sem VI\Projects\PBL2\RoadEye\dataset_crack\final_dataset_v5\train\labels\sewer_o8use_000389.txt,0,1
train,D:\Study Material\Sem VI\Projects\PBL2\RoadEye\dataset_crack\final_dataset_v5\train\images\sewer_o8use_000392.jpg,train/images/sewer_o8use_000392.jpg,D:\Study Material\Sem VI\Projects\PBL2\RoadEye\dataset_crack\final_dataset_v5\train\labels\sewer_o8use_000392.txt,1,0
train,D:\Study Material\Sem VI\Projects\PBL2\RoadEye\dataset_crack\final_dataset_v5\train\images\sewer_o8use_000453.jpg,train/images/sewer_o8use_000453.jpg,D:\Study Material\Sem VI\Projects\PBL2\RoadEye\dataset_crack\final_dataset_v5\train\labels\sewer_o8use_000453.txt,1,0
train,D:\Study Material\Sem VI\Projects\PBL2\RoadEye\dataset_crack\final_dataset_v5\train\images\sewer_o8use_000473.jpg,train/images/sewer_o8use_000473.jpg,D:\Study Material\Sem VI\Projects\PBL2\RoadEye\dataset_crack\final_dataset_v5\train\labels\sewer_o8use_000473.txt,1,0
train,D:\Study Material\Sem VI\Projects\PBL2\RoadEye\dataset_crack\final_dataset_v5\train\images\sewer_o8use_000500.jpg,train/images/sewer_o8use_000500.jpg,D:\Study Material\Sem VI\Projects\PBL2\RoadEye\dataset_crack\final_dataset_v5\train\labels\sewer_o8use_000500.txt,0,1
train,D:\Study Material\Sem VI\Projects\PBL2\RoadEye\dataset_crack\final_dataset_v5\train\images\sewer_o8use_000504.jpg,train/images/sewer_o8use_000504.jpg,D:\Study Material\Sem VI\Projects\PBL2\RoadEye\dataset_crack\final_dataset_v5\train\labels\sewer_o8use_000504.txt,1,0
train,D:\Study Material\Sem VI\Projects\PBL2\RoadEye\dataset_crack\final_dataset_v5\train\images\sewer_o8use_000505.jpg,train/images/sewer_o8use_000505.jpg,D:\Study Material\Sem VI\Projects\PBL2\RoadEye\dataset_crack\final_dataset_v5\train\labels\sewer_o8use_000505.txt,1,0
train,D:\Study Material\Sem VI\Projects\PBL2\RoadEye\dataset_crack\final_dataset_v5\train\images\sewer_o8use_000507.jpg,train/images/sewer_o8use_000507.jpg,D:\Study Material\Sem VI\Projects\PBL2\RoadEye\dataset_crack\final_dataset_v5\train\labels\sewer_o8use_000507.txt,1,0
train,D:\Study Material\Sem VI\Projects\PBL2\RoadEye\dataset_crack\final_dataset_v5\train\images\sewer_o8use_000514.jpg,train/images/sewer_o8use_000514.jpg,D:\Study Material\Sem VI\Projects\PBL2\RoadEye\dataset_crack\final_dataset_v5\train\labels\sewer_o8use_000514.txt,1,0
train,D:\Study Material\Sem VI\Projects\PBL2\RoadEye\dataset_crack\final_dataset_v5\train\images\sewer_o8use_000515.jpg,train/images/sewer_o8use_000515.jpg,D:\Study Material\Sem VI\Projects\PBL2\RoadEye\dataset_crack\final_dataset_v5\train\labels\sewer_o8use_000515.txt,1,0
train,D:\Study Material\Sem VI\Projects\PBL2\RoadEye\dataset_crack\final_dataset_v5\train\images\sewer_o8use_000539.jpg,train/images/sewer_o8use_000539.jpg,D:\Study Material\Sem VI\Projects\PBL2\RoadEye\dataset_crack\final_dataset_v5\train\labels\sewer_o8use_000539.txt,1,1
train,D:\Study Material\Sem VI\Projects\PBL2\RoadEye\dataset_crack\final_dataset_v5\train\images\sewer_o8use_000550.jpg,train/images/sewer_o8use_000550.jpg,D:\Study Material\Sem VI\Projects\PBL2\RoadEye\dataset_crack\final_dataset_v5\train\labels\sewer_o8use_000550.txt,1,0
train,D:\Study Material\Sem VI\Projects\PBL2\RoadEye\dataset_crack\final_dataset_v5\train\images\sewer_o8use_000567.jpg,train/images/sewer_o8use_000567.jpg,D:\Study Material\Sem VI\Projects\PBL2\RoadEye\dataset_crack\final_dataset_v5\train\labels\sewer_o8use_000567.txt,1,0
train,D:\Study Material\Sem VI\Projects\PBL2\RoadEye\dataset_crack\final_dataset_v5\train\images\sewer_o8use_000605.jpg,train/images/sewer_o8use_000605.jpg,D:\Study Material\Sem VI\Projects\PBL2\RoadEye\dataset_crack\final_dataset_v5\train\labels\sewer_o8use_000605.txt,0,1
train,D:\Study Material\Sem VI\Projects\PBL2\RoadEye\dataset_crack\final_dataset_v5\train\images\sewer_o8use_000613.jpg,train/images/sewer_o8use_000613.jpg,D:\Study Material\Sem VI\Projects\PBL2\RoadEye\dataset_crack\final_dataset_v5\train\labels\sewer_o8use_000613.txt,1,0
train,D:\Study Material\Sem VI\Projects\PBL2\RoadEye\dataset_crack\final_dataset_v5\train\images\sewer_o8use_000620.jpg,train/images/sewer_o8use_000620.jpg,D:\Study Material\Sem VI\Projects\PBL2\RoadEye\dataset_crack\final_dataset_v5\train\labels\sewer_o8use_000620.txt,1,0
train,D:\Study Material\Sem VI\Projects\PBL2\RoadEye\dataset_crack\final_dataset_v5\train\images\sewer_o8use_000624.jpg,train/images/sewer_o8use_000624.jpg,D:\Study Material\Sem VI\Projects\PBL2\RoadEye\dataset_crack\final_dataset_v5\train\labels\sewer_o8use_000624.txt,1,0
train,D:\Study Material\Sem VI\Projects\PBL2\RoadEye\dataset_crack\final_dataset_v5\train\images\sewer_o8use_000629.jpg,train/images/sewer_o8use_000629.jpg,D:\Study Material\Sem VI\Projects\PBL2\RoadEye\dataset_crack\final_dataset_v5\train\labels\sewer_o8use_000629.txt,1,0
train,D:\Study Material\Sem VI\Projects\PBL2\RoadEye\dataset_crack\final_dataset_v5\train\images\sewer_o8use_000667.jpg,train/images/sewer_o8use_000667.jpg,D:\Study Material\Sem VI\Projects\PBL2\RoadEye\dataset_crack\final_dataset_v5\train\labels\sewer_o8use_000667.txt,2,0
train,D:\Study Material\Sem VI\Projects\PBL2\RoadEye\dataset_crack\final_dataset_v5\train\images\sewer_o8use_000692.jpg,train/images/sewer_o8use_000692.jpg,D:\Study Material\Sem VI\Projects\PBL2\RoadEye\dataset_crack\final_dataset_v5\train\labels\sewer_o8use_000692.txt,1,0
train,D:\Study Material\Sem VI\Projects\PBL2\RoadEye\dataset_crack\final_dataset_v5\train\images\sewer_o8use_000702.jpg,train/images/sewer_o8use_000702.jpg,D:\Study Material\Sem VI\Projects\PBL2\RoadEye\dataset_crack\final_dataset_v5\train\labels\sewer_o8use_000702.txt,1,0
train,D:\Study Material\Sem VI\Projects\PBL2\RoadEye\dataset_crack\final_dataset_v5\train\images\sewer_o8use_000714.jpg,train/images/sewer_o8use_000714.jpg,D:\Study Material\Sem VI\Projects\PBL2\RoadEye\dataset_crack\final_dataset_v5\train\labels\sewer_o8use_000714.txt,1,0
train,D:\Study Material\Sem VI\Projects\PBL2\RoadEye\dataset_crack\final_dataset_v5\train\images\sewer_o8use_000756.jpg,train/images/sewer_o8use_000756.jpg,D:\Study Material\Sem VI\Projects\PBL2\RoadEye\dataset_crack\final_dataset_v5\train\labels\sewer_o8use_000756.txt,1,0
train,D:\Study Material\Sem VI\Projects\PBL2\RoadEye\dataset_crack\final_dataset_v5\train\images\sewer_o8use_000800.jpg,train/images/sewer_o8use_000800.jpg,D:\Study Material\Sem VI\Projects\PBL2\RoadEye\dataset_crack\final_dataset_v5\train\labels\sewer_o8use_000800.txt,0,1
train,D:\Study Material\Sem VI\Projects\PBL2\RoadEye\dataset_crack\final_dataset_v5\train\images\sewer_o8use_000805.jpg,train/images/sewer_o8use_000805.jpg,D:\Study Material\Sem VI\Projects\PBL2\RoadEye\dataset_crack\final_dataset_v5\train\labels\sewer_o8use_000805.txt,1,0
train,D:\Study Material\Sem VI\Projects\PBL2\RoadEye\dataset_crack\final_dataset_v5\train\images\sewer_o8use_000815.jpg,train/images/sewer_o8use_000815.jpg,D:\Study Material\Sem VI\Projects\PBL2\RoadEye\dataset_crack\final_dataset_v5\train\labels\sewer_o8use_000815.txt,1,0
train,D:\Study Material\Sem VI\Projects\PBL2\RoadEye\dataset_crack\final_dataset_v5\train\images\sewer_o8use_000824.jpg,train/images/sewer_o8use_000824.jpg,D:\Study Material\Sem VI\Projects\PBL2\RoadEye\dataset_crack\final_dataset_v5\train\labels\sewer_o8use_000824.txt,1,0
train,D:\Study Material\Sem VI\Projects\PBL2\RoadEye\dataset_crack\final_dataset_v5\train\images\sewer_o8use_000833.jpg,train/images/sewer_o8use_000833.jpg,D:\Study Material\Sem VI\Projects\PBL2\RoadEye\dataset_crack\final_dataset_v5\train\labels\sewer_o8use_000833.txt,1,0
train,D:\Study Material\Sem VI\Projects\PBL2\RoadEye\dataset_crack\final_dataset_v5\train\images\sewer_o8use_000843.jpg,train/images/sewer_o8use_000843.jpg,D:\Study Material\Sem VI\Projects\PBL2\RoadEye\dataset_crack\final_dataset_v5\train\labels\sewer_o8use_000843.txt,2,0
train,D:\Study Material\Sem VI\Projects\PBL2\RoadEye\dataset_crack\final_dataset_v5\train\images\sewer_o8use_000845.jpg,train/images/sewer_o8use_000845.jpg,D:\Study Material\Sem VI\Projects\PBL2\RoadEye\dataset_crack\final_dataset_v5\train\labels\sewer_o8use_000845.txt,2,0
train,D:\Study Material\Sem VI\Projects\PBL2\RoadEye\dataset_crack\final_dataset_v5\train\images\sewer_o8use_000855.jpg,train/images/sewer_o8use_000855.jpg,D:\Study Material\Sem VI\Projects\PBL2\RoadEye\dataset_crack\final_dataset_v5\train\labels\sewer_o8use_000855.txt,1,0
train,D:\Study Material\Sem VI\Projects\PBL2\RoadEye\dataset_crack\final_dataset_v5\train\images\sewer_o8use_000863.jpg,train/images/sewer_o8use_000863.jpg,D:\Study Material\Sem VI\Projects\PBL2\RoadEye\dataset_crack\final_dataset_v5\train\labels\sewer_o8use_000863.txt,1,0
train,D:\Study Material\Sem VI\Projects\PBL2\RoadEye\dataset_crack\final_dataset_v5\train\images\sewer_o8use_000911.jpg,train/images/sewer_o8use_000911.jpg,D:\Study Material\Sem VI\Projects\PBL2\RoadEye\dataset_crack\final_dataset_v5\train\labels\sewer_o8use_000911.txt,1,0
train,D:\Study Material\Sem VI\Projects\PBL2\RoadEye\dataset_crack\final_dataset_v5\train\images\sewer_o8use_000912.jpg,train/images/sewer_o8use_000912.jpg,D:\Study Material\Sem VI\Projects\PBL2\RoadEye\dataset_crack\final_dataset_v5\train\labels\sewer_o8use_000912.txt,1,0
train,D:\Study Material\Sem VI\Projects\PBL2\RoadEye\dataset_crack\final_dataset_v5\train\images\sewer_o8use_000922.jpg,train/images/sewer_o8use_000922.jpg,D:\Study Material\Sem VI\Projects\PBL2\RoadEye\dataset_crack\final_dataset_v5\train\labels\sewer_o8use_000922.txt,0,1
train,D:\Study Material\Sem VI\Projects\PBL2\RoadEye\dataset_crack\final_dataset_v5\train\images\sewer_o8use_000938.jpg,train/images/sewer_o8use_000938.jpg,D:\Study Material\Sem VI\Projects\PBL2\RoadEye\dataset_crack\final_dataset_v5\train\labels\sewer_o8use_000938.txt,1,0
train,D:\Study Material\Sem VI\Projects\PBL2\RoadEye\dataset_crack\final_dataset_v5\train\images\sewer_o8use_000959.jpg,train/images/sewer_o8use_000959.jpg,D:\Study Material\Sem VI\Projects\PBL2\RoadEye\dataset_crack\final_dataset_v5\train\labels\sewer_o8use_000959.txt,1,1
train,D:\Study Material\Sem VI\Projects\PBL2\RoadEye\dataset_crack\final_dataset_v5\train\images\sewer_o8use_000962.jpg,train/images/sewer_o8use_000962.jpg,D:\Study Material\Sem VI\Projects\PBL2\RoadEye\dataset_crack\final_dataset_v5\train\labels\sewer_o8use_000962.txt,1,1
train,D:\Study Material\Sem VI\Projects\PBL2\RoadEye\dataset_crack\final_dataset_v5\train\images\sewer_o8use_000999.jpg,train/images/sewer_o8use_000999.jpg,D:\Study Material\Sem VI\Projects\PBL2\RoadEye\dataset_crack\final_dataset_v5\train\labels\sewer_o8use_000999.txt,1,0
train,D:\Study Material\Sem VI\Projects\PBL2\RoadEye\dataset_crack\final_dataset_v5\train\images\sewer_o8use_001030.jpg,train/images/sewer_o8use_001030.jpg,D:\Study Material\Sem VI\Projects\PBL2\RoadEye\dataset_crack\final_dataset_v5\train\labels\sewer_o8use_001030.txt,1,0
train,D:\Study Material\Sem VI\Projects\PBL2\RoadEye\dataset_crack\final_dataset_v5\train\images\sewer_o8use_001033.jpg,train/images/sewer_o8use_001033.jpg,D:\Study Material\Sem VI\Projects\PBL2\RoadEye\dataset_crack\final_dataset_v5\train\labels\sewer_o8use_001033.txt,1,0
train,D:\Study Material\Sem VI\Projects\PBL2\RoadEye\dataset_crack\final_dataset_v5\train\images\sewer_o8use_001047.jpg,train/images/sewer_o8use_001047.jpg,D:\Study Material\Sem VI\Projects\PBL2\RoadEye\dataset_crack\final_dataset_v5\train\labels\sewer_o8use_001047.txt,0,1
train,D:\Study Material\Sem VI\Projects\PBL2\RoadEye\dataset_crack\final_dataset_v5\train\images\sewer_o8use_001050.jpg,train/images/sewer_o8use_001050.jpg,D:\Study Material\Sem VI\Projects\PBL2\RoadEye\dataset_crack\final_dataset_v5\train\labels\sewer_o8use_001050.txt,1,0
train,D:\Study Material\Sem VI\Projects\PBL2\RoadEye\dataset_crack\final_dataset_v5\train\images\sewer_o8use_001051.jpg,train/images/sewer_o8use_001051.jpg,D:\Study Material\Sem VI\Projects\PBL2\RoadEye\dataset_crack\final_dataset_v5\train\labels\sewer_o8use_001051.txt,1,0
train,D:\Study Material\Sem VI\Projects\PBL2\RoadEye\dataset_crack\final_dataset_v5\train\images\sewer_o8use_001094.jpg,train/images/sewer_o8use_001094.jpg,D:\Study Material\Sem VI\Projects\PBL2\RoadEye\dataset_crack\final_dataset_v5\train\labels\sewer_o8use_001094.txt,1,0
train,D:\Study Material\Sem VI\Projects\PBL2\RoadEye\dataset_crack\final_dataset_v5\train\images\sewer_o8use_001115.jpg,train/images/sewer_o8use_001115.jpg,D:\Study Material\Sem VI\Projects\PBL2\RoadEye\dataset_crack\final_dataset_v5\train\labels\sewer_o8use_001115.txt,2,1
train,D:\Study Material\Sem VI\Projects\PBL2\RoadEye\dataset_crack\final_dataset_v5\train\images\sewer_o8use_001125.jpg,train/images/sewer_o8use_001125.jpg,D:\Study Material\Sem VI\Projects\PBL2\RoadEye\dataset_crack\final_dataset_v5\train\labels\sewer_o8use_001125.txt,2,0
train,D:\Study Material\Sem VI\Projects\PBL2\RoadEye\dataset_crack\final_dataset_v5\train\images\sewer_o8use_001133.jpg,train/images/sewer_o8use_001133.jpg,D:\Study Material\Sem VI\Projects\PBL2\RoadEye\dataset_crack\final_dataset_v5\train\labels\sewer_o8use_001133.txt,1,0
train,D:\Study Material\Sem VI\Projects\PBL2\RoadEye\dataset_crack\final_dataset_v5\train\images\sewer_o8use_001139.jpg,train/images/sewer_o8use_001139.jpg,D:\Study Material\Sem VI\Projects\PBL2\RoadEye\dataset_crack\final_dataset_v5\train\labels\sewer_o8use_001139.txt,1,0
train,D:\Study Material\Sem VI\Projects\PBL2\RoadEye\dataset_crack\final_dataset_v5\train\images\sewer_o8use_001142.jpg,train/images/sewer_o8use_001142.jpg,D:\Study Material\Sem VI\Projects\PBL2\RoadEye\dataset_crack\final_dataset_v5\train\labels\sewer_o8use_001142.txt,1,0
train,D:\Study Material\Sem VI\Projects\PBL2\RoadEye\dataset_crack\final_dataset_v5\train\images\sewer_o8use_001174.jpg,train/images/sewer_o8use_001174.jpg,D:\Study Material\Sem VI\Projects\PBL2\RoadEye\dataset_crack\final_dataset_v5\train\labels\sewer_o8use_001174.txt,1,0
train,D:\Study Material\Sem VI\Projects\PBL2\RoadEye\dataset_crack\final_dataset_v5\train\images\sewer_o8use_001187.jpg,train/images/sewer_o8use_001187.jpg,D:\Study Material\Sem VI\Projects\PBL2\RoadEye\dataset_crack\final_dataset_v5\train\labels\sewer_o8use_001187.txt,0,1
train,D:\Study Material\Sem VI\Projects\PBL2\RoadEye\dataset_crack\final_dataset_v5\train\images\sewer_o8use_001195.jpg,train/images/sewer_o8use_001195.jpg,D:\Study Material\Sem VI\Projects\PBL2\RoadEye\dataset_crack\final_dataset_v5\train\labels\sewer_o8use_001195.txt,1,0
train,D:\Study Material\Sem VI\Projects\PBL2\RoadEye\dataset_crack\final_dataset_v5\train\images\sewer_o8use_001200.jpg,train/images/sewer_o8use_001200.jpg,D:\Study Material\Sem VI\Projects\PBL2\RoadEye\dataset_crack\final_dataset_v5\train\labels\sewer_o8use_001200.txt,2,0
train,D:\Study Material\Sem VI\Projects\PBL2\RoadEye\dataset_crack\final_dataset_v5\train\images\sewer_o8use_001205.jpg,train/images/sewer_o8use_001205.jpg,D:\Study Material\Sem VI\Projects\PBL2\RoadEye\dataset_crack\final_dataset_v5\train\labels\sewer_o8use_001205.txt,1,0
train,D:\Study Material\Sem VI\Projects\PBL2\RoadEye\dataset_crack\final_dataset_v5\train\images\sewer_o8use_001224.jpg,train/images/sewer_o8use_001224.jpg,D:\Study Material\Sem VI\Projects\PBL2\RoadEye\dataset_crack\final_dataset_v5\train\labels\sewer_o8use_001224.txt,1,0
train,D:\Study Material\Sem VI\Projects\PBL2\RoadEye\dataset_crack\final_dataset_v5\train\images\sewer_o8use_001251.jpg,train/images/sewer_o8use_001251.jpg,D:\Study Material\Sem VI\Projects\PBL2\RoadEye\dataset_crack\final_dataset_v5\train\labels\sewer_o8use_001251.txt,1,0
train,D:\Study Material\Sem VI\Projects\PBL2\RoadEye\dataset_crack\final_dataset_v5\train\images\sewer_o8use_001257.jpg,train/images/sewer_o8use_001257.jpg,D:\Study Material\Sem VI\Projects\PBL2\RoadEye\dataset_crack\final_dataset_v5\train\labels\sewer_o8use_001257.txt,1,0
train,D:\Study Material\Sem VI\Projects\PBL2\RoadEye\dataset_crack\final_dataset_v5\train\images\sewer_o8use_001278.jpg,train/images/sewer_o8use_001278.jpg,D:\Study Material\Sem VI\Projects\PBL2\RoadEye\dataset_crack\final_dataset_v5\train\labels\sewer_o8use_001278.txt,1,0
train,D:\Study Material\Sem VI\Projects\PBL2\RoadEye\dataset_crack\final_dataset_v5\train\images\sewer_o8use_001369.jpg,train/images/sewer_o8use_001369.jpg,D:\Study Material\Sem VI\Projects\PBL2\RoadEye\dataset_crack\final_dataset_v5\train\labels\sewer_o8use_001369.txt,1,1
train,D:\Study Material\Sem VI\Projects\PBL2\RoadEye\dataset_crack\final_dataset_v5\train\images\sewer_o8use_001373.jpg,train/images/sewer_o8use_001373.jpg,D:\Study Material\Sem VI\Projects\PBL2\RoadEye\dataset_crack\final_dataset_v5\train\labels\sewer_o8use_001373.txt,0,1
train,D:\Study Material\Sem VI\Projects\PBL2\RoadEye\dataset_crack\final_dataset_v5\train\images\sewer_o8use_001393.jpg,train/images/sewer_o8use_001393.jpg,D:\Study Material\Sem VI\Projects\PBL2\RoadEye\dataset_crack\final_dataset_v5\train\labels\sewer_o8use_001393.txt,1,0
train,D:\Study Material\Sem VI\Projects\PBL2\RoadEye\dataset_crack\final_dataset_v5\train\images\sewer_o8use_001418.jpg,train/images/sewer_o8use_001418.jpg,D:\Study Material\Sem VI\Projects\PBL2\RoadEye\dataset_crack\final_dataset_v5\train\labels\sewer_o8use_001418.txt,1,0
train,D:\Study Material\Sem VI\Projects\PBL2\RoadEye\dataset_crack\final_dataset_v5\train\images\sewer_o8use_001446.jpg,train/images/sewer_o8use_001446.jpg,D:\Study Material\Sem VI\Projects\PBL2\RoadEye\dataset_crack\final_dataset_v5\train\labels\sewer_o8use_001446.txt,1,0
train,D:\Study Material\Sem VI\Projects\PBL2\RoadEye\dataset_crack\final_dataset_v5\train\images\sewer_o8use_001489.jpg,train/images/sewer_o8use_001489.jpg,D:\Study Material\Sem VI\Projects\PBL2\RoadEye\dataset_crack\final_dataset_v5\train\labels\sewer_o8use_001489.txt,1,0
train,D:\Study Material\Sem VI\Projects\PBL2\RoadEye\dataset_crack\final_dataset_v5\train\images\sewer_o8use_001496.jpg,train/images/sewer_o8use_001496.jpg,D:\Study Material\Sem VI\Projects\PBL2\RoadEye\dataset_crack\final_dataset_v5\train\labels\sewer_o8use_001496.txt,1,0
train,D:\Study Material\Sem VI\Projects\PBL2\RoadEye\dataset_crack\final_dataset_v5\train\images\sewer_o8use_001536.jpg,train/images/sewer_o8use_001536.jpg,D:\Study Material\Sem VI\Projects\PBL2\RoadEye\dataset_crack\final_dataset_v5\train\labels\sewer_o8use_001536.txt,1,0
train,D:\Study Material\Sem VI\Projects\PBL2\RoadEye\dataset_crack\final_dataset_v5\train\images\sewer_o8use_001544.jpg,train/images/sewer_o8use_001544.jpg,D:\Study Material\Sem VI\Projects\PBL2\RoadEye\dataset_crack\final_dataset_v5\train\labels\sewer_o8use_001544.txt,1,0
train,D:\Study Material\Sem VI\Projects\PBL2\RoadEye\dataset_crack\final_dataset_v5\train\images\sewer_o8use_001552.jpg,train/images/sewer_o8use_001552.jpg,D:\Study Material\Sem VI\Projects\PBL2\RoadEye\dataset_crack\final_dataset_v5\train\labels\sewer_o8use_001552.txt,0,1
train,D:\Study Material\Sem VI\Projects\PBL2\RoadEye\dataset_crack\final_dataset_v5\train\images\sewer_o8use_001583.jpg,train/images/sewer_o8use_001583.jpg,D:\Study Material\Sem VI\Projects\PBL2\RoadEye\dataset_crack\final_dataset_v5\train\labels\sewer_o8use_001583.txt,1,0
train,D:\Study Material\Sem VI\Projects\PBL2\RoadEye\dataset_crack\final_dataset_v5\train\images\sewer_o8use_001584.jpg,train/images/sewer_o8use_001584.jpg,D:\Study Material\Sem VI\Projects\PBL2\RoadEye\dataset_crack\final_dataset_v5\train\labels\sewer_o8use_001584.txt,0,1
train,D:\Study Material\Sem VI\Projects\PBL2\RoadEye\dataset_crack\final_dataset_v5\train\images\sewer_o8use_001598.jpg,train/images/sewer_o8use_001598.jpg,D:\Study Material\Sem VI\Projects\PBL2\RoadEye\dataset_crack\final_dataset_v5\train\labels\sewer_o8use_001598.txt,1,1
train,D:\Study Material\Sem VI\Projects\PBL2\RoadEye\dataset_crack\final_dataset_v5\train\images\sewer_o8use_001616.jpg,train/images/sewer_o8use_001616.jpg,D:\Study Material\Sem VI\Projects\PBL2\RoadEye\dataset_crack\final_dataset_v5\train\labels\sewer_o8use_001616.txt,0,1
train,D:\Study Material\Sem VI\Projects\PBL2\RoadEye\dataset_crack\final_dataset_v5\train\images\sewer_o8use_001617.jpg,train/images/sewer_o8use_001617.jpg,D:\Study Material\Sem VI\Projects\PBL2\RoadEye\dataset_crack\final_dataset_v5\train\labels\sewer_o8use_001617.txt,1,1
train,D:\Study Material\Sem VI\Projects\PBL2\RoadEye\dataset_crack\final_dataset_v5\train\images\sewer_o8use_001635.jpg,train/images/sewer_o8use_001635.jpg,D:\Study Material\Sem VI\Projects\PBL2\RoadEye\dataset_crack\final_dataset_v5\train\labels\sewer_o8use_001635.txt,0,1
train,D:\Study Material\Sem VI\Projects\PBL2\RoadEye\dataset_crack\final_dataset_v5\train\images\sewer_o8use_001708.jpg,train/images/sewer_o8use_001708.jpg,D:\Study Material\Sem VI\Projects\PBL2\RoadEye\dataset_crack\final_dataset_v5\train\labels\sewer_o8use_001708.txt,1,0
train,D:\Study Material\Sem VI\Projects\PBL2\RoadEye\dataset_crack\final_dataset_v5\train\images\sewer_o8use_001741.jpg,train/images/sewer_o8use_001741.jpg,D:\Study Material\Sem VI\Projects\PBL2\RoadEye\dataset_crack\final_dataset_v5\train\labels\sewer_o8use_001741.txt,1,0
train,D:\Study Material\Sem VI\Projects\PBL2\RoadEye\dataset_crack\final_dataset_v5\train\images\sewer_o8use_001743.jpg,train/images/sewer_o8use_001743.jpg,D:\Study Material\Sem VI\Projects\PBL2\RoadEye\dataset_crack\final_dataset_v5\train\labels\sewer_o8use_001743.txt,1,0
train,D:\Study Material\Sem VI\Projects\PBL2\RoadEye\dataset_crack\final_dataset_v5\train\images\sewer_o8use_001747.jpg,train/images/sewer_o8use_001747.jpg,D:\Study Material\Sem VI\Projects\PBL2\RoadEye\dataset_crack\final_dataset_v5\train\labels\sewer_o8use_001747.txt,1,0
train,D:\Study Material\Sem VI\Projects\PBL2\RoadEye\dataset_crack\final_dataset_v5\train\images\sewer_o8use_001789.jpg,train/images/sewer_o8use_001789.jpg,D:\Study Material\Sem VI\Projects\PBL2\RoadEye\dataset_crack\final_dataset_v5\train\labels\sewer_o8use_001789.txt,0,1
train,D:\Study Material\Sem VI\Projects\PBL2\RoadEye\dataset_crack\final_dataset_v5\train\images\sewer_o8use_001812.jpg,train/images/sewer_o8use_001812.jpg,D:\Study Material\Sem VI\Projects\PBL2\RoadEye\dataset_crack\final_dataset_v5\train\labels\sewer_o8use_001812.txt,1,0
train,D:\Study Material\Sem VI\Projects\PBL2\RoadEye\dataset_crack\final_dataset_v5\train\images\sewer_o8use_001817.jpg,train/images/sewer_o8use_001817.jpg,D:\Study Material\Sem VI\Projects\PBL2\RoadEye\dataset_crack\final_dataset_v5\train\labels\sewer_o8use_001817.txt,1,0
train,D:\Study Material\Sem VI\Projects\PBL2\RoadEye\dataset_crack\final_dataset_v5\train\images\sewer_o8use_001818.jpg,train/images/sewer_o8use_001818.jpg,D:\Study Material\Sem VI\Projects\PBL2\RoadEye\dataset_crack\final_dataset_v5\train\labels\sewer_o8use_001818.txt,1,0
train,D:\Study Material\Sem VI\Projects\PBL2\RoadEye\dataset_crack\final_dataset_v5\train\images\sewer_o8use_001838.jpg,train/images/sewer_o8use_001838.jpg,D:\Study Material\Sem VI\Projects\PBL2\RoadEye\dataset_crack\final_dataset_v5\train\labels\sewer_o8use_001838.txt,1,0
train,D:\Study Material\Sem VI\Projects\PBL2\RoadEye\dataset_crack\final_dataset_v5\train\images\sewer_o8use_001857.jpg,train/images/sewer_o8use_001857.jpg,D:\Study Material\Sem VI\Projects\PBL2\RoadEye\dataset_crack\final_dataset_v5\train\labels\sewer_o8use_001857.txt,1,1
train,D:\Study Material\Sem VI\Projects\PBL2\RoadEye\dataset_crack\final_dataset_v5\train\images\sewer_o8use_001859.jpg,train/images/sewer_o8use_001859.jpg,D:\Study Material\Sem VI\Projects\PBL2\RoadEye\dataset_crack\final_dataset_v5\train\labels\sewer_o8use_001859.txt,1,1
train,D:\Study Material\Sem VI\Projects\PBL2\RoadEye\dataset_crack\final_dataset_v5\train\images\sewer_o8use_001862.jpg,train/images/sewer_o8use_001862.jpg,D:\Study Material\Sem VI\Projects\PBL2\RoadEye\dataset_crack\final_dataset_v5\train\labels\sewer_o8use_001862.txt,1,0
train,D:\Study Material\Sem VI\Projects\PBL2\RoadEye\dataset_crack\final_dataset_v5\train\images\sewer_o8use_001871.jpg,train/images/sewer_o8use_001871.jpg,D:\Study Material\Sem VI\Projects\PBL2\RoadEye\dataset_crack\final_dataset_v5\train\labels\sewer_o8use_001871.txt,0,1
train,D:\Study Material\Sem VI\Projects\PBL2\RoadEye\dataset_crack\final_dataset_v5\train\images\sewer_o8use_001896.jpg,train/images/sewer_o8use_001896.jpg,D:\Study Material\Sem VI\Projects\PBL2\RoadEye\dataset_crack\final_dataset_v5\train\labels\sewer_o8use_001896.txt,1,0
train,D:\Study Material\Sem VI\Projects\PBL2\RoadEye\dataset_crack\final_dataset_v5\train\images\sewer_o8use_001929.jpg,train/images/sewer_o8use_001929.jpg,D:\Study Material\Sem VI\Projects\PBL2\RoadEye\dataset_crack\final_dataset_v5\train\labels\sewer_o8use_001929.txt,2,0
train,D:\Study Material\Sem VI\Projects\PBL2\RoadEye\dataset_crack\final_dataset_v5\train\images\sewer_o8use_001936.jpg,train/images/sewer_o8use_001936.jpg,D:\Study Material\Sem VI\Projects\PBL2\RoadEye\dataset_crack\final_dataset_v5\train\labels\sewer_o8use_001936.txt,1,0
train,D:\Study Material\Sem VI\Projects\PBL2\RoadEye\dataset_crack\final_dataset_v5\train\images\sewer_o8use_001958.jpg,train/images/sewer_o8use_001958.jpg,D:\Study Material\Sem VI\Projects\PBL2\RoadEye\dataset_crack\final_dataset_v5\train\labels\sewer_o8use_001958.txt,1,0
train,D:\Study Material\Sem VI\Projects\PBL2\RoadEye\dataset_crack\final_dataset_v5\train\images\sewer_o8use_001971.jpg,train/images/sewer_o8use_001971.jpg,D:\Study Material\Sem VI\Projects\PBL2\RoadEye\dataset_crack\final_dataset_v5\train\labels\sewer_o8use_001971.txt,2,0
train,D:\Study Material\Sem VI\Projects\PBL2\RoadEye\dataset_crack\final_dataset_v5\train\images\sewer_o8use_001990.jpg,train/images/sewer_o8use_001990.jpg,D:\Study Material\Sem VI\Projects\PBL2\RoadEye\dataset_crack\final_dataset_v5\train\labels\sewer_o8use_001990.txt,0,1
train,D:\Study Material\Sem VI\Projects\PBL2\RoadEye\dataset_crack\final_dataset_v5\train\images\sewer_o8use_002008.jpg,train/images/sewer_o8use_002008.jpg,D:\Study Material\Sem VI\Projects\PBL2\RoadEye\dataset_crack\final_dataset_v5\train\labels\sewer_o8use_002008.txt,1,0
train,D:\Study Material\Sem VI\Projects\PBL2\RoadEye\dataset_crack\final_dataset_v5\train\images\sewer_o8use_002043.jpg,train/images/sewer_o8use_002043.jpg,D:\Study Material\Sem VI\Projects\PBL2\RoadEye\dataset_crack\final_dataset_v5\train\labels\sewer_o8use_002043.txt,1,0
train,D:\Study Material\Sem VI\Projects\PBL2\RoadEye\dataset_crack\final_dataset_v5\train\images\sewer_o8use_002052.jpg,train/images/sewer_o8use_002052.jpg,D:\Study Material\Sem VI\Projects\PBL2\RoadEye\dataset_crack\final_dataset_v5\train\labels\sewer_o8use_002052.txt,1,0
train,D:\Study Material\Sem VI\Projects\PBL2\RoadEye\dataset_crack\final_dataset_v5\train\images\sewer_o8use_002053.jpg,train/images/sewer_o8use_002053.jpg,D:\Study Material\Sem VI\Projects\PBL2\RoadEye\dataset_crack\final_dataset_v5\train\labels\sewer_o8use_002053.txt,0,1
train,D:\Study Material\Sem VI\Projects\PBL2\RoadEye\dataset_crack\final_dataset_v5\train\images\sewer_o8use_002061.jpg,train/images/sewer_o8use_002061.jpg,D:\Study Material\Sem VI\Projects\PBL2\RoadEye\dataset_crack\final_dataset_v5\train\labels\sewer_o8use_002061.txt,0,1
train,D:\Study Material\Sem VI\Projects\PBL2\RoadEye\dataset_crack\final_dataset_v5\train\images\sewer_o8use_002087.jpg,train/images/sewer_o8use_002087.jpg,D:\Study Material\Sem VI\Projects\PBL2\RoadEye\dataset_crack\final_dataset_v5\train\labels\sewer_o8use_002087.txt,1,0
train,D:\Study Material\Sem VI\Projects\PBL2\RoadEye\dataset_crack\final_dataset_v5\train\images\sewer_o8use_002108.jpg,train/images/sewer_o8use_002108.jpg,D:\Study Material\Sem VI\Projects\PBL2\RoadEye\dataset_crack\final_dataset_v5\train\labels\sewer_o8use_002108.txt,1,0
train,D:\Study Material\Sem VI\Projects\PBL2\RoadEye\dataset_crack\final_dataset_v5\train\images\sewer_o8use_002119.jpg,train/images/sewer_o8use_002119.jpg,D:\Study Material\Sem VI\Projects\PBL2\RoadEye\dataset_crack\final_dataset_v5\train\labels\sewer_o8use_002119.txt,1,0
train,D:\Study Material\Sem VI\Projects\PBL2\RoadEye\dataset_crack\final_dataset_v5\train\images\sewer_o8use_002142.jpg,train/images/sewer_o8use_002142.jpg,D:\Study Material\Sem VI\Projects\PBL2\RoadEye\dataset_crack\final_dataset_v5\train\labels\sewer_o8use_002142.txt,1,0
train,D:\Study Material\Sem VI\Projects\PBL2\RoadEye\dataset_crack\final_dataset_v5\train\images\sewer_o8use_002146.jpg,train/images/sewer_o8use_002146.jpg,D:\Study Material\Sem VI\Projects\PBL2\RoadEye\dataset_crack\final_dataset_v5\train\labels\sewer_o8use_002146.txt,1,0
train,D:\Study Material\Sem VI\Projects\PBL2\RoadEye\dataset_crack\final_dataset_v5\train\images\sewer_o8use_002148.jpg,train/images/sewer_o8use_002148.jpg,D:\Study Material\Sem VI\Projects\PBL2\RoadEye\dataset_crack\final_dataset_v5\train\labels\sewer_o8use_002148.txt,1,1
train,D:\Study Material\Sem VI\Projects\PBL2\RoadEye\dataset_crack\final_dataset_v5\train\images\sewer_o8use_002171.jpg,train/images/sewer_o8use_002171.jpg,D:\Study Material\Sem VI\Projects\PBL2\RoadEye\dataset_crack\final_dataset_v5\train\labels\sewer_o8use_002171.txt,1,0
train,D:\Study Material\Sem VI\Projects\PBL2\RoadEye\dataset_crack\final_dataset_v5\train\images\sewer_o8use_002176.jpg,train/images/sewer_o8use_002176.jpg,D:\Study Material\Sem VI\Projects\PBL2\RoadEye\dataset_crack\final_dataset_v5\train\labels\sewer_o8use_002176.txt,1,0
train,D:\Study Material\Sem VI\Projects\PBL2\RoadEye\dataset_crack\final_dataset_v5\train\images\sewer_o8use_002205.jpg,train/images/sewer_o8use_002205.jpg,D:\Study Material\Sem VI\Projects\PBL2\RoadEye\dataset_crack\final_dataset_v5\train\labels\sewer_o8use_002205.txt,0,1
train,D:\Study Material\Sem VI\Projects\PBL2\RoadEye\dataset_crack\final_dataset_v5\train\images\sewer_o8use_002217.jpg,train/images/sewer_o8use_002217.jpg,D:\Study Material\Sem VI\Projects\PBL2\RoadEye\dataset_crack\final_dataset_v5\train\labels\sewer_o8use_002217.txt,1,0
train,D:\Study Material\Sem VI\Projects\PBL2\RoadEye\dataset_crack\final_dataset_v5\train\images\sewer_o8use_002218.jpg,train/images/sewer_o8use_002218.jpg,D:\Study Material\Sem VI\Projects\PBL2\RoadEye\dataset_crack\final_dataset_v5\train\labels\sewer_o8use_002218.txt,1,1
train,D:\Study Material\Sem VI\Projects\PBL2\RoadEye\dataset_crack\final_dataset_v5\train\images\sewer_o8use_002226.jpg,train/images/sewer_o8use_002226.jpg,D:\Study Material\Sem VI\Projects\PBL2\RoadEye\dataset_crack\final_dataset_v5\train\labels\sewer_o8use_002226.txt,1,0
train,D:\Study Material\Sem VI\Projects\PBL2\RoadEye\dataset_crack\final_dataset_v5\train\images\sewer_o8use_002236.jpg,train/images/sewer_o8use_002236.jpg,D:\Study Material\Sem VI\Projects\PBL2\RoadEye\dataset_crack\final_dataset_v5\train\labels\sewer_o8use_002236.txt,1,0
train,D:\Study Material\Sem VI\Projects\PBL2\RoadEye\dataset_crack\final_dataset_v5\train\images\sewer_o8use_002241.jpg,train/images/sewer_o8use_002241.jpg,D:\Study Material\Sem VI\Projects\PBL2\RoadEye\dataset_crack\final_dataset_v5\train\labels\sewer_o8use_002241.txt,1,0
train,D:\Study Material\Sem VI\Projects\PBL2\RoadEye\dataset_crack\final_dataset_v5\train\images\sewer_o8use_002268.jpg,train/images/sewer_o8use_002268.jpg,D:\Study Material\Sem VI\Projects\PBL2\RoadEye\dataset_crack\final_dataset_v5\train\labels\sewer_o8use_002268.txt,0,1
train,D:\Study Material\Sem VI\Projects\PBL2\RoadEye\dataset_crack\final_dataset_v5\train\images\sewer_o8use_002288.jpg,train/images/sewer_o8use_002288.jpg,D:\Study Material\Sem VI\Projects\PBL2\RoadEye\dataset_crack\final_dataset_v5\train\labels\sewer_o8use_002288.txt,1,0
train,D:\Study Material\Sem VI\Projects\PBL2\RoadEye\dataset_crack\final_dataset_v5\train\images\sewer_o8use_002306.jpg,train/images/sewer_o8use_002306.jpg,D:\Study Material\Sem VI\Projects\PBL2\RoadEye\dataset_crack\final_dataset_v5\train\labels\sewer_o8use_002306.txt,1,0
train,D:\Study Material\Sem VI\Projects\PBL2\RoadEye\dataset_crack\final_dataset_v5\train\images\sewer_o8use_002309.jpg,train/images/sewer_o8use_002309.jpg,D:\Study Material\Sem VI\Projects\PBL2\RoadEye\dataset_crack\final_dataset_v5\train\labels\sewer_o8use_002309.txt,1,0
train,D:\Study Material\Sem VI\Projects\PBL2\RoadEye\dataset_crack\final_dataset_v5\train\images\sewer_o8use_002320.jpg,train/images/sewer_o8use_002320.jpg,D:\Study Material\Sem VI\Projects\PBL2\RoadEye\dataset_crack\final_dataset_v5\train\labels\sewer_o8use_002320.txt,1,0
train,D:\Study Material\Sem VI\Projects\PBL2\RoadEye\dataset_crack\final_dataset_v5\train\images\sewer_o8use_002326.jpg,train/images/sewer_o8use_002326.jpg,D:\Study Material\Sem VI\Projects\PBL2\RoadEye\dataset_crack\final_dataset_v5\train\labels\sewer_o8use_002326.txt,2,1
train,D:\Study Material\Sem VI\Projects\PBL2\RoadEye\dataset_crack\final_dataset_v5\train\images\sewer_o8use_002358.jpg,train/images/sewer_o8use_002358.jpg,D:\Study Material\Sem VI\Projects\PBL2\RoadEye\dataset_crack\final_dataset_v5\train\labels\sewer_o8use_002358.txt,1,1
train,D:\Study Material\Sem VI\Projects\PBL2\RoadEye\dataset_crack\final_dataset_v5\train\images\sewer_o8use_002361.jpg,train/images/sewer_o8use_002361.jpg,D:\Study Material\Sem VI\Projects\PBL2\RoadEye\dataset_crack\final_dataset_v5\train\labels\sewer_o8use_002361.txt,1,0
train,D:\Study Material\Sem VI\Projects\PBL2\RoadEye\dataset_crack\final_dataset_v5\train\images\sewer_o8use_002362.jpg,train/images/sewer_o8use_002362.jpg,D:\Study Material\Sem VI\Projects\PBL2\RoadEye\dataset_crack\final_dataset_v5\train\labels\sewer_o8use_002362.txt,0,1
train,D:\Study Material\Sem VI\Projects\PBL2\RoadEye\dataset_crack\final_dataset_v5\train\images\sewer_o8use_002395.jpg,train/images/sewer_o8use_002395.jpg,D:\Study Material\Sem VI\Projects\PBL2\RoadEye\dataset_crack\final_dataset_v5\train\labels\sewer_o8use_002395.txt,0,1
train,D:\Study Material\Sem VI\Projects\PBL2\RoadEye\dataset_crack\final_dataset_v5\train\images\sewer_o8use_002458.jpg,train/images/sewer_o8use_002458.jpg,D:\Study Material\Sem VI\Projects\PBL2\RoadEye\dataset_crack\final_dataset_v5\train\labels\sewer_o8use_002458.txt,1,0
train,D:\Study Material\Sem VI\Projects\PBL2\RoadEye\dataset_crack\final_dataset_v5\train\images\sewer_o8use_002486.jpg,train/images/sewer_o8use_002486.jpg,D:\Study Material\Sem VI\Projects\PBL2\RoadEye\dataset_crack\final_dataset_v5\train\labels\sewer_o8use_002486.txt,1,0
train,D:\Study Material\Sem VI\Projects\PBL2\RoadEye\dataset_crack\final_dataset_v5\train\images\sewer_o8use_002487.jpg,train/images/sewer_o8use_002487.jpg,D:\Study Material\Sem VI\Projects\PBL2\RoadEye\dataset_crack\final_dataset_v5\train\labels\sewer_o8use_002487.txt,1,0
train,D:\Study Material\Sem VI\Projects\PBL2\RoadEye\dataset_crack\final_dataset_v5\train\images\sewer_o8use_002502.jpg,train/images/sewer_o8use_002502.jpg,D:\Study Material\Sem VI\Projects\PBL2\RoadEye\dataset_crack\final_dataset_v5\train\labels\sewer_o8use_002502.txt,1,1
train,D:\Study Material\Sem VI\Projects\PBL2\RoadEye\dataset_crack\final_dataset_v5\train\images\sewer_o8use_002535.jpg,train/images/sewer_o8use_002535.jpg,D:\Study Material\Sem VI\Projects\PBL2\RoadEye\dataset_crack\final_dataset_v5\train\labels\sewer_o8use_002535.txt,1,0
train,D:\Study Material\Sem VI\Projects\PBL2\RoadEye\dataset_crack\final_dataset_v5\train\images\sewer_o8use_002541.jpg,train/images/sewer_o8use_002541.jpg,D:\Study Material\Sem VI\Projects\PBL2\RoadEye\dataset_crack\final_dataset_v5\train\labels\sewer_o8use_002541.txt,1,1
train,D:\Study Material\Sem VI\Projects\PBL2\RoadEye\dataset_crack\final_dataset_v5\train\images\sewer_o8use_002543.jpg,train/images/sewer_o8use_002543.jpg,D:\Study Material\Sem VI\Projects\PBL2\RoadEye\dataset_crack\final_dataset_v5\train\labels\sewer_o8use_002543.txt,1,0
train,D:\Study Material\Sem VI\Projects\PBL2\RoadEye\dataset_crack\final_dataset_v5\train\images\sewer_o8use_002552.jpg,train/images/sewer_o8use_002552.jpg,D:\Study Material\Sem VI\Projects\PBL2\RoadEye\dataset_crack\final_dataset_v5\train\labels\sewer_o8use_002552.txt,1,1
train,D:\Study Material\Sem VI\Projects\PBL2\RoadEye\dataset_crack\final_dataset_v5\train\images\sewer_o8use_002559.jpg,train/images/sewer_o8use_002559.jpg,D:\Study Material\Sem VI\Projects\PBL2\RoadEye\dataset_crack\final_dataset_v5\train\labels\sewer_o8use_002559.txt,1,1
train,D:\Study Material\Sem VI\Projects\PBL2\RoadEye\dataset_crack\final_dataset_v5\train\images\sewer_o8use_002596.jpg,train/images/sewer_o8use_002596.jpg,D:\Study Material\Sem VI\Projects\PBL2\RoadEye\dataset_crack\final_dataset_v5\train\labels\sewer_o8use_002596.txt,1,0
train,D:\Study Material\Sem VI\Projects\PBL2\RoadEye\dataset_crack\final_dataset_v5\train\images\sewer_o8use_002613.jpg,train/images/sewer_o8use_002613.jpg,D:\Study Material\Sem VI\Projects\PBL2\RoadEye\dataset_crack\final_dataset_v5\train\labels\sewer_o8use_002613.txt,0,1
train,D:\Study Material\Sem VI\Projects\PBL2\RoadEye\dataset_crack\final_dataset_v5\train\images\sewer_o8use_002626.jpg,train/images/sewer_o8use_002626.jpg,D:\Study Material\Sem VI\Projects\PBL2\RoadEye\dataset_crack\final_dataset_v5\train\labels\sewer_o8use_002626.txt,1,0
train,D:\Study Material\Sem VI\Projects\PBL2\RoadEye\dataset_crack\final_dataset_v5\train\images\sewer_o8use_002634.jpg,train/images/sewer_o8use_002634.jpg,D:\Study Material\Sem VI\Projects\PBL2\RoadEye\dataset_crack\final_dataset_v5\train\labels\sewer_o8use_002634.txt,1,0
train,D:\Study Material\Sem VI\Projects\PBL2\RoadEye\dataset_crack\final_dataset_v5\train\images\sewer_o8use_002662.jpg,train/images/sewer_o8use_002662.jpg,D:\Study Material\Sem VI\Projects\PBL2\RoadEye\dataset_crack\final_dataset_v5\train\labels\sewer_o8use_002662.txt,1,0
train,D:\Study Material\Sem VI\Projects\PBL2\RoadEye\dataset_crack\final_dataset_v5\train\images\sewer_o8use_002671.jpg,train/images/sewer_o8use_002671.jpg,D:\Study Material\Sem VI\Projects\PBL2\RoadEye\dataset_crack\final_dataset_v5\train\labels\sewer_o8use_002671.txt,0,1
train,D:\Study Material\Sem VI\Projects\PBL2\RoadEye\dataset_crack\final_dataset_v5\train\images\sewer_o8use_002687.jpg,train/images/sewer_o8use_002687.jpg,D:\Study Material\Sem VI\Projects\PBL2\RoadEye\dataset_crack\final_dataset_v5\train\labels\sewer_o8use_002687.txt,0,1
train,D:\Study Material\Sem VI\Projects\PBL2\RoadEye\dataset_crack\final_dataset_v5\train\images\sewer_o8use_002693.jpg,train/images/sewer_o8use_002693.jpg,D:\Study Material\Sem VI\Projects\PBL2\RoadEye\dataset_crack\final_dataset_v5\train\labels\sewer_o8use_002693.txt,1,0
train,D:\Study Material\Sem VI\Projects\PBL2\RoadEye\dataset_crack\final_dataset_v5\train\images\sewer_o8use_002699.jpg,train/images/sewer_o8use_002699.jpg,D:\Study Material\Sem VI\Projects\PBL2\RoadEye\dataset_crack\final_dataset_v5\train\labels\sewer_o8use_002699.txt,1,0
train,D:\Study Material\Sem VI\Projects\PBL2\RoadEye\dataset_crack\final_dataset_v5\train\images\sewer_o8use_002717.jpg,train/images/sewer_o8use_002717.jpg,D:\Study Material\Sem VI\Projects\PBL2\RoadEye\dataset_crack\final_dataset_v5\train\labels\sewer_o8use_002717.txt,1,0
train,D:\Study Material\Sem VI\Projects\PBL2\RoadEye\dataset_crack\final_dataset_v5\train\images\sewer_o8use_002738.jpg,train/images/sewer_o8use_002738.jpg,D:\Study Material\Sem VI\Projects\PBL2\RoadEye\dataset_crack\final_dataset_v5\train\labels\sewer_o8use_002738.txt,2,1
train,D:\Study Material\Sem VI\Projects\PBL2\RoadEye\dataset_crack\final_dataset_v5\train\images\sewer_o8use_002742.jpg,train/images/sewer_o8use_002742.jpg,D:\Study Material\Sem VI\Projects\PBL2\RoadEye\dataset_crack\final_dataset_v5\train\labels\sewer_o8use_002742.txt,1,0
train,D:\Study Material\Sem VI\Projects\PBL2\RoadEye\dataset_crack\final_dataset_v5\train\images\sewer_o8use_002745.jpg,train/images/sewer_o8use_002745.jpg,D:\Study Material\Sem VI\Projects\PBL2\RoadEye\dataset_crack\final_dataset_v5\train\labels\sewer_o8use_002745.txt,1,0
train,D:\Study Material\Sem VI\Projects\PBL2\RoadEye\dataset_crack\final_dataset_v5\train\images\sewer_o8use_002753.jpg,train/images/sewer_o8use_002753.jpg,D:\Study Material\Sem VI\Projects\PBL2\RoadEye\dataset_crack\final_dataset_v5\train\labels\sewer_o8use_002753.txt,1,1
train,D:\Study Material\Sem VI\Projects\PBL2\RoadEye\dataset_crack\final_dataset_v5\train\images\sewer_o8use_002766.jpg,train/images/sewer_o8use_002766.jpg,D:\Study Material\Sem VI\Projects\PBL2\RoadEye\dataset_crack\final_dataset_v5\train\labels\sewer_o8use_002766.txt,1,0
train,D:\Study Material\Sem VI\Projects\PBL2\RoadEye\dataset_crack\final_dataset_v5\train\images\sewer_o8use_002774.jpg,train/images/sewer_o8use_002774.jpg,D:\Study Material\Sem VI\Projects\PBL2\RoadEye\dataset_crack\final_dataset_v5\train\labels\sewer_o8use_002774.txt,1,0
train,D:\Study Material\Sem VI\Projects\PBL2\RoadEye\dataset_crack\final_dataset_v5\train\images\sewer_o8use_002789.jpg,train/images/sewer_o8use_002789.jpg,D:\Study Material\Sem VI\Projects\PBL2\RoadEye\dataset_crack\final_dataset_v5\train\labels\sewer_o8use_002789.txt,1,0
train,D:\Study Material\Sem VI\Projects\PBL2\RoadEye\dataset_crack\final_dataset_v5\train\images\sewer_o8use_002794.jpg,train/images/sewer_o8use_002794.jpg,D:\Study Material\Sem VI\Projects\PBL2\RoadEye\dataset_crack\final_dataset_v5\train\labels\sewer_o8use_002794.txt,1,0
train,D:\Study Material\Sem VI\Projects\PBL2\RoadEye\dataset_crack\final_dataset_v5\train\images\sewer_o8use_002796.jpg,train/images/sewer_o8use_002796.jpg,D:\Study Material\Sem VI\Projects\PBL2\RoadEye\dataset_crack\final_dataset_v5\train\labels\sewer_o8use_002796.txt,1,0
train,D:\Study Material\Sem VI\Projects\PBL2\RoadEye\dataset_crack\final_dataset_v5\train\images\sewer_o8use_002815.jpg,train/images/sewer_o8use_002815.jpg,D:\Study Material\Sem VI\Projects\PBL2\RoadEye\dataset_crack\final_dataset_v5\train\labels\sewer_o8use_002815.txt,2,0
train,D:\Study Material\Sem VI\Projects\PBL2\RoadEye\dataset_crack\final_dataset_v5\train\images\sewer_o8use_002863.jpg,train/images/sewer_o8use_002863.jpg,D:\Study Material\Sem VI\Projects\PBL2\RoadEye\dataset_crack\final_dataset_v5\train\labels\sewer_o8use_002863.txt,1,1
train,D:\Study Material\Sem VI\Projects\PBL2\RoadEye\dataset_crack\final_dataset_v5\train\images\sewer_o8use_002893.jpg,train/images/sewer_o8use_002893.jpg,D:\Study Material\Sem VI\Projects\PBL2\RoadEye\dataset_crack\final_dataset_v5\train\labels\sewer_o8use_002893.txt,1,0
train,D:\Study Material\Sem VI\Projects\PBL2\RoadEye\dataset_crack\final_dataset_v5\train\images\sewer_o8use_002911.jpg,train/images/sewer_o8use_002911.jpg,D:\Study Material\Sem VI\Projects\PBL2\RoadEye\dataset_crack\final_dataset_v5\train\labels\sewer_o8use_002911.txt,1,0
train,D:\Study Material\Sem VI\Projects\PBL2\RoadEye\dataset_crack\final_dataset_v5\train\images\sewer_o8use_002916.jpg,train/images/sewer_o8use_002916.jpg,D:\Study Material\Sem VI\Projects\PBL2\RoadEye\dataset_crack\final_dataset_v5\train\labels\sewer_o8use_002916.txt,2,1
train,D:\Study Material\Sem VI\Projects\PBL2\RoadEye\dataset_crack\final_dataset_v5\train\images\sewer_o8use_002920.jpg,train/images/sewer_o8use_002920.jpg,D:\Study Material\Sem VI\Projects\PBL2\RoadEye\dataset_crack\final_dataset_v5\train\labels\sewer_o8use_002920.txt,1,0
train,D:\Study Material\Sem VI\Projects\PBL2\RoadEye\dataset_crack\final_dataset_v5\train\images\sewer_o8use_002937.jpg,train/images/sewer_o8use_002937.jpg,D:\Study Material\Sem VI\Projects\PBL2\RoadEye\dataset_crack\final_dataset_v5\train\labels\sewer_o8use_002937.txt,1,0
train,D:\Study Material\Sem VI\Projects\PBL2\RoadEye\dataset_crack\final_dataset_v5\train\images\sewer_o8use_002944.jpg,train/images/sewer_o8use_002944.jpg,D:\Study Material\Sem VI\Projects\PBL2\RoadEye\dataset_crack\final_dataset_v5\train\labels\sewer_o8use_002944.txt,1,0
train,D:\Study Material\Sem VI\Projects\PBL2\RoadEye\dataset_crack\final_dataset_v5\train\images\sewer_o8use_002946.jpg,train/images/sewer_o8use_002946.jpg,D:\Study Material\Sem VI\Projects\PBL2\RoadEye\dataset_crack\final_dataset_v5\train\labels\sewer_o8use_002946.txt,1,1
train,D:\Study Material\Sem VI\Projects\PBL2\RoadEye\dataset_crack\final_dataset_v5\train\images\sewer_o8use_002952.jpg,train/images/sewer_o8use_002952.jpg,D:\Study Material\Sem VI\Projects\PBL2\RoadEye\dataset_crack\final_dataset_v5\train\labels\sewer_o8use_002952.txt,1,0
train,D:\Study Material\Sem VI\Projects\PBL2\RoadEye\dataset_crack\final_dataset_v5\train\images\sewer_o8use_002955.jpg,train/images/sewer_o8use_002955.jpg,D:\Study Material\Sem VI\Projects\PBL2\RoadEye\dataset_crack\final_dataset_v5\train\labels\sewer_o8use_002955.txt,1,0
train,D:\Study Material\Sem VI\Projects\PBL2\RoadEye\dataset_crack\final_dataset_v5\train\images\sewer_o8use_002992.jpg,train/images/sewer_o8use_002992.jpg,D:\Study Material\Sem VI\Projects\PBL2\RoadEye\dataset_crack\final_dataset_v5\train\labels\sewer_o8use_002992.txt,1,0
train,D:\Study Material\Sem VI\Projects\PBL2\RoadEye\dataset_crack\final_dataset_v5\train\images\sewer_o8use_003014.jpg,train/images/sewer_o8use_003014.jpg,D:\Study Material\Sem VI\Projects\PBL2\RoadEye\dataset_crack\final_dataset_v5\train\labels\sewer_o8use_003014.txt,1,0
train,D:\Study Material\Sem VI\Projects\PBL2\RoadEye\dataset_crack\final_dataset_v5\train\images\sewer_o8use_003037.jpg,train/images/sewer_o8use_003037.jpg,D:\Study Material\Sem VI\Projects\PBL2\RoadEye\dataset_crack\final_dataset_v5\train\labels\sewer_o8use_003037.txt,1,1
train,D:\Study Material\Sem VI\Projects\PBL2\RoadEye\dataset_crack\final_dataset_v5\train\images\sewer_o8use_003064.jpg,train/images/sewer_o8use_003064.jpg,D:\Study Material\Sem VI\Projects\PBL2\RoadEye\dataset_crack\final_dataset_v5\train\labels\sewer_o8use_003064.txt,3,0
train,D:\Study Material\Sem VI\Projects\PBL2\RoadEye\dataset_crack\final_dataset_v5\train\images\sewer_o8use_003084.jpg,train/images/sewer_o8use_003084.jpg,D:\Study Material\Sem VI\Projects\PBL2\RoadEye\dataset_crack\final_dataset_v5\train\labels\sewer_o8use_003084.txt,1,0
train,D:\Study Material\Sem VI\Projects\PBL2\RoadEye\dataset_crack\final_dataset_v5\train\images\sewer_o8use_003097.jpg,train/images/sewer_o8use_003097.jpg,D:\Study Material\Sem VI\Projects\PBL2\RoadEye\dataset_crack\final_dataset_v5\train\labels\sewer_o8use_003097.txt,0,1
train,D:\Study Material\Sem VI\Projects\PBL2\RoadEye\dataset_crack\final_dataset_v5\train\images\sewer_o8use_003138.jpg,train/images/sewer_o8use_003138.jpg,D:\Study Material\Sem VI\Projects\PBL2\RoadEye\dataset_crack\final_dataset_v5\train\labels\sewer_o8use_003138.txt,0,1
train,D:\Study Material\Sem VI\Projects\PBL2\RoadEye\dataset_crack\final_dataset_v5\train\images\sewer_o8use_003141.jpg,train/images/sewer_o8use_003141.jpg,D:\Study Material\Sem VI\Projects\PBL2\RoadEye\dataset_crack\final_dataset_v5\train\labels\sewer_o8use_003141.txt,0,1
train,D:\Study Material\Sem VI\Projects\PBL2\RoadEye\dataset_crack\final_dataset_v5\train\images\sewer_o8use_003207.jpg,train/images/sewer_o8use_003207.jpg,D:\Study Material\Sem VI\Projects\PBL2\RoadEye\dataset_crack\final_dataset_v5\train\labels\sewer_o8use_003207.txt,1,0
train,D:\Study Material\Sem VI\Projects\PBL2\RoadEye\dataset_crack\final_dataset_v5\train\images\sewer_o8use_003217.jpg,train/images/sewer_o8use_003217.jpg,D:\Study Material\Sem VI\Projects\PBL2\RoadEye\dataset_crack\final_dataset_v5\train\labels\sewer_o8use_003217.txt,1,1
train,D:\Study Material\Sem VI\Projects\PBL2\RoadEye\dataset_crack\final_dataset_v5\train\images\sewer_o8use_003223.jpg,train/images/sewer_o8use_003223.jpg,D:\Study Material\Sem VI\Projects\PBL2\RoadEye\dataset_crack\final_dataset_v5\train\labels\sewer_o8use_003223.txt,0,1
train,D:\Study Material\Sem VI\Projects\PBL2\RoadEye\dataset_crack\final_dataset_v5\train\images\sewer_o8use_003228.jpg,train/images/sewer_o8use_003228.jpg,D:\Study Material\Sem VI\Projects\PBL2\RoadEye\dataset_crack\final_dataset_v5\train\labels\sewer_o8use_003228.txt,1,0
train,D:\Study Material\Sem VI\Projects\PBL2\RoadEye\dataset_crack\final_dataset_v5\train\images\sewer_o8use_003237.jpg,train/images/sewer_o8use_003237.jpg,D:\Study Material\Sem VI\Projects\PBL2\RoadEye\dataset_crack\final_dataset_v5\train\labels\sewer_o8use_003237.txt,1,1
train,D:\Study Material\Sem VI\Projects\PBL2\RoadEye\dataset_crack\final_dataset_v5\train\images\sewer_o8use_003260.jpg,train/images/sewer_o8use_003260.jpg,D:\Study Material\Sem VI\Projects\PBL2\RoadEye\dataset_crack\final_dataset_v5\train\labels\sewer_o8use_003260.txt,1,0
train,D:\Study Material\Sem VI\Projects\PBL2\RoadEye\dataset_crack\final_dataset_v5\train\images\sewer_o8use_003274.jpg,train/images/sewer_o8use_003274.jpg,D:\Study Material\Sem VI\Projects\PBL2\RoadEye\dataset_crack\final_dataset_v5\train\labels\sewer_o8use_003274.txt,1,0
train,D:\Study Material\Sem VI\Projects\PBL2\RoadEye\dataset_crack\final_dataset_v5\train\images\sewer_o8use_003276.jpg,train/images/sewer_o8use_003276.jpg,D:\Study Material\Sem VI\Projects\PBL2\RoadEye\dataset_crack\final_dataset_v5\train\labels\sewer_o8use_003276.txt,0,1
train,D:\Study Material\Sem VI\Projects\PBL2\RoadEye\dataset_crack\final_dataset_v5\train\images\sewer_o8use_003327.jpg,train/images/sewer_o8use_003327.jpg,D:\Study Material\Sem VI\Projects\PBL2\RoadEye\dataset_crack\final_dataset_v5\train\labels\sewer_o8use_003327.txt,1,0
train,D:\Study Material\Sem VI\Projects\PBL2\RoadEye\dataset_crack\final_dataset_v5\train\images\sewer_o8use_003340.jpg,train/images/sewer_o8use_003340.jpg,D:\Study Material\Sem VI\Projects\PBL2\RoadEye\dataset_crack\final_dataset_v5\train\labels\sewer_o8use_003340.txt,1,0
train,D:\Study Material\Sem VI\Projects\PBL2\RoadEye\dataset_crack\final_dataset_v5\train\images\sewer_o8use_003348.jpg,train/images/sewer_o8use_003348.jpg,D:\Study Material\Sem VI\Projects\PBL2\RoadEye\dataset_crack\final_dataset_v5\train\labels\sewer_o8use_003348.txt,1,0
train,D:\Study Material\Sem VI\Projects\PBL2\RoadEye\dataset_crack\final_dataset_v5\train\images\sewer_o8use_003384.jpg,train/images/sewer_o8use_003384.jpg,D:\Study Material\Sem VI\Projects\PBL2\RoadEye\dataset_crack\final_dataset_v5\train\labels\sewer_o8use_003384.txt,1,0
train,D:\Study Material\Sem VI\Projects\PBL2\RoadEye\dataset_crack\final_dataset_v5\train\images\sewer_o8use_003391.jpg,train/images/sewer_o8use_003391.jpg,D:\Study Material\Sem VI\Projects\PBL2\RoadEye\dataset_crack\final_dataset_v5\train\labels\sewer_o8use_003391.txt,1,0
train,D:\Study Material\Sem VI\Projects\PBL2\RoadEye\dataset_crack\final_dataset_v5\train\images\sewer_o8use_003408.jpg,train/images/sewer_o8use_003408.jpg,D:\Study Material\Sem VI\Projects\PBL2\RoadEye\dataset_crack\final_dataset_v5\train\labels\sewer_o8use_003408.txt,1,0
train,D:\Study Material\Sem VI\Projects\PBL2\RoadEye\dataset_crack\final_dataset_v5\train\images\sewer_o8use_003415.jpg,train/images/sewer_o8use_003415.jpg,D:\Study Material\Sem VI\Projects\PBL2\RoadEye\dataset_crack\final_dataset_v5\train\labels\sewer_o8use_003415.txt,1,0
train,D:\Study Material\Sem VI\Projects\PBL2\RoadEye\dataset_crack\final_dataset_v5\train\images\sewer_o8use_003433.jpg,train/images/sewer_o8use_003433.jpg,D:\Study Material\Sem VI\Projects\PBL2\RoadEye\dataset_crack\final_dataset_v5\train\labels\sewer_o8use_003433.txt,1,0
train,D:\Study Material\Sem VI\Projects\PBL2\RoadEye\dataset_crack\final_dataset_v5\train\images\sewer_o8use_003450.jpg,train/images/sewer_o8use_003450.jpg,D:\Study Material\Sem VI\Projects\PBL2\RoadEye\dataset_crack\final_dataset_v5\train\labels\sewer_o8use_003450.txt,1,0
train,D:\Study Material\Sem VI\Projects\PBL2\RoadEye\dataset_crack\final_dataset_v5\train\images\sewer_o8use_003457.jpg,train/images/sewer_o8use_003457.jpg,D:\Study Material\Sem VI\Projects\PBL2\RoadEye\dataset_crack\final_dataset_v5\train\labels\sewer_o8use_003457.txt,1,0
train,D:\Study Material\Sem VI\Projects\PBL2\RoadEye\dataset_crack\final_dataset_v5\train\images\sewer_o8use_003458.jpg,train/images/sewer_o8use_003458.jpg,D:\Study Material\Sem VI\Projects\PBL2\RoadEye\dataset_crack\final_dataset_v5\train\labels\sewer_o8use_003458.txt,1,0
train,D:\Study Material\Sem VI\Projects\PBL2\RoadEye\dataset_crack\final_dataset_v5\train\images\sewer_o8use_003467.jpg,train/images/sewer_o8use_003467.jpg,D:\Study Material\Sem VI\Projects\PBL2\RoadEye\dataset_crack\final_dataset_v5\train\labels\sewer_o8use_003467.txt,0,1
train,D:\Study Material\Sem VI\Projects\PBL2\RoadEye\dataset_crack\final_dataset_v5\train\images\sewer_o8use_003470.jpg,train/images/sewer_o8use_003470.jpg,D:\Study Material\Sem VI\Projects\PBL2\RoadEye\dataset_crack\final_dataset_v5\train\labels\sewer_o8use_003470.txt,1,0
train,D:\Study Material\Sem VI\Projects\PBL2\RoadEye\dataset_crack\final_dataset_v5\train\images\sewer_o8use_003500.jpg,train/images/sewer_o8use_003500.jpg,D:\Study Material\Sem VI\Projects\PBL2\RoadEye\dataset_crack\final_dataset_v5\train\labels\sewer_o8use_003500.txt,2,1
train,D:\Study Material\Sem VI\Projects\PBL2\RoadEye\dataset_crack\final_dataset_v5\train\images\sewer_o8use_003506.jpg,train/images/sewer_o8use_003506.jpg,D:\Study Material\Sem VI\Projects\PBL2\RoadEye\dataset_crack\final_dataset_v5\train\labels\sewer_o8use_003506.txt,1,0
train,D:\Study Material\Sem VI\Projects\PBL2\RoadEye\dataset_crack\final_dataset_v5\train\images\sewer_o8use_003512.jpg,train/images/sewer_o8use_003512.jpg,D:\Study Material\Sem VI\Projects\PBL2\RoadEye\dataset_crack\final_dataset_v5\train\labels\sewer_o8use_003512.txt,1,0
train,D:\Study Material\Sem VI\Projects\PBL2\RoadEye\dataset_crack\final_dataset_v5\train\images\sewer_o8use_003536.jpg,train/images/sewer_o8use_003536.jpg,D:\Study Material\Sem VI\Projects\PBL2\RoadEye\dataset_crack\final_dataset_v5\train\labels\sewer_o8use_003536.txt,1,0
train,D:\Study Material\Sem VI\Projects\PBL2\RoadEye\dataset_crack\final_dataset_v5\train\images\sewer_o8use_003665.jpg,train/images/sewer_o8use_003665.jpg,D:\Study Material\Sem VI\Projects\PBL2\RoadEye\dataset_crack\final_dataset_v5\train\labels\sewer_o8use_003665.txt,1,0
train,D:\Study Material\Sem VI\Projects\PBL2\RoadEye\dataset_crack\final_dataset_v5\train\images\sewer_o8use_003685.jpg,train/images/sewer_o8use_003685.jpg,D:\Study Material\Sem VI\Projects\PBL2\RoadEye\dataset_crack\final_dataset_v5\train\labels\sewer_o8use_003685.txt,1,0
train,D:\Study Material\Sem VI\Projects\PBL2\RoadEye\dataset_crack\final_dataset_v5\train\images\sewer_o8use_003731.jpg,train/images/sewer_o8use_003731.jpg,D:\Study Material\Sem VI\Projects\PBL2\RoadEye\dataset_crack\final_dataset_v5\train\labels\sewer_o8use_003731.txt,1,0
train,D:\Study Material\Sem VI\Projects\PBL2\RoadEye\dataset_crack\final_dataset_v5\train\images\sewer_o8use_003777.jpg,train/images/sewer_o8use_003777.jpg,D:\Study Material\Sem VI\Projects\PBL2\RoadEye\dataset_crack\final_dataset_v5\train\labels\sewer_o8use_003777.txt,1,0
train,D:\Study Material\Sem VI\Projects\PBL2\RoadEye\dataset_crack\final_dataset_v5\train\images\sewer_o8use_003799.jpg,train/images/sewer_o8use_003799.jpg,D:\Study Material\Sem VI\Projects\PBL2\RoadEye\dataset_crack\final_dataset_v5\train\labels\sewer_o8use_003799.txt,1,1
train,D:\Study Material\Sem VI\Projects\PBL2\RoadEye\dataset_crack\final_dataset_v5\train\images\sewer_o8use_003809.jpg,train/images/sewer_o8use_003809.jpg,D:\Study Material\Sem VI\Projects\PBL2\RoadEye\dataset_crack\final_dataset_v5\train\labels\sewer_o8use_003809.txt,1,0
train,D:\Study Material\Sem VI\Projects\PBL2\RoadEye\dataset_crack\final_dataset_v5\train\images\sewer_o8use_003882.jpg,train/images/sewer_o8use_003882.jpg,D:\Study Material\Sem VI\Projects\PBL2\RoadEye\dataset_crack\final_dataset_v5\train\labels\sewer_o8use_003882.txt,1,0
train,D:\Study Material\Sem VI\Projects\PBL2\RoadEye\dataset_crack\final_dataset_v5\train\images\sewer_o8use_003899.jpg,train/images/sewer_o8use_003899.jpg,D:\Study Material\Sem VI\Projects\PBL2\RoadEye\dataset_crack\final_dataset_v5\train\labels\sewer_o8use_003899.txt,1,1
train,D:\Study Material\Sem VI\Projects\PBL2\RoadEye\dataset_crack\final_dataset_v5\train\images\sewer_o8use_003911.jpg,train/images/sewer_o8use_003911.jpg,D:\Study Material\Sem VI\Projects\PBL2\RoadEye\dataset_crack\final_dataset_v5\train\labels\sewer_o8use_003911.txt,1,0
train,D:\Study Material\Sem VI\Projects\PBL2\RoadEye\dataset_crack\final_dataset_v5\train\images\sewer_o8use_003921.jpg,train/images/sewer_o8use_003921.jpg,D:\Study Material\Sem VI\Projects\PBL2\RoadEye\dataset_crack\final_dataset_v5\train\labels\sewer_o8use_003921.txt,1,0
train,D:\Study Material\Sem VI\Projects\PBL2\RoadEye\dataset_crack\final_dataset_v5\train\images\sewer_o8use_003931.jpg,train/images/sewer_o8use_003931.jpg,D:\Study Material\Sem VI\Projects\PBL2\RoadEye\dataset_crack\final_dataset_v5\train\labels\sewer_o8use_003931.txt,1,0
train,D:\Study Material\Sem VI\Projects\PBL2\RoadEye\dataset_crack\final_dataset_v5\train\images\sewer_o8use_003936.jpg,train/images/sewer_o8use_003936.jpg,D:\Study Material\Sem VI\Projects\PBL2\RoadEye\dataset_crack\final_dataset_v5\train\labels\sewer_o8use_003936.txt,1,0
train,D:\Study Material\Sem VI\Projects\PBL2\RoadEye\dataset_crack\final_dataset_v5\train\images\sewer_o8use_003937.jpg,train/images/sewer_o8use_003937.jpg,D:\Study Material\Sem VI\Projects\PBL2\RoadEye\dataset_crack\final_dataset_v5\train\labels\sewer_o8use_003937.txt,0,1
train,D:\Study Material\Sem VI\Projects\PBL2\RoadEye\dataset_crack\final_dataset_v5\train\images\sewer_o8use_003943.jpg,train/images/sewer_o8use_003943.jpg,D:\Study Material\Sem VI\Projects\PBL2\RoadEye\dataset_crack\final_dataset_v5\train\labels\sewer_o8use_003943.txt,1,0
train,D:\Study Material\Sem VI\Projects\PBL2\RoadEye\dataset_crack\final_dataset_v5\train\images\sewer_o8use_003991.jpg,train/images/sewer_o8use_003991.jpg,D:\Study Material\Sem VI\Projects\PBL2\RoadEye\dataset_crack\final_dataset_v5\train\labels\sewer_o8use_003991.txt,0,1
train,D:\Study Material\Sem VI\Projects\PBL2\RoadEye\dataset_crack\final_dataset_v5\train\images\sewer_o8use_003993.jpg,train/images/sewer_o8use_003993.jpg,D:\Study Material\Sem VI\Projects\PBL2\RoadEye\dataset_crack\final_dataset_v5\train\labels\sewer_o8use_003993.txt,1,0
train,D:\Study Material\Sem VI\Projects\PBL2\RoadEye\dataset_crack\final_dataset_v5\train\images\sewer_o8use_003995.jpg,train/images/sewer_o8use_003995.jpg,D:\Study Material\Sem VI\Projects\PBL2\RoadEye\dataset_crack\final_dataset_v5\train\labels\sewer_o8use_003995.txt,1,1
train,D:\Study Material\Sem VI\Projects\PBL2\RoadEye\dataset_crack\final_dataset_v5\train\images\sewer_o8use_004003.jpg,train/images/sewer_o8use_004003.jpg,D:\Study Material\Sem VI\Projects\PBL2\RoadEye\dataset_crack\final_dataset_v5\train\labels\sewer_o8use_004003.txt,1,0
train,D:\Study Material\Sem VI\Projects\PBL2\RoadEye\dataset_crack\final_dataset_v5\train\images\sewer_o8use_004027.jpg,train/images/sewer_o8use_004027.jpg,D:\Study Material\Sem VI\Projects\PBL2\RoadEye\dataset_crack\final_dataset_v5\train\labels\sewer_o8use_004027.txt,1,0
train,D:\Study Material\Sem VI\Projects\PBL2\RoadEye\dataset_crack\final_dataset_v5\train\images\sewer_o8use_004033.jpg,train/images/sewer_o8use_004033.jpg,D:\Study Material\Sem VI\Projects\PBL2\RoadEye\dataset_crack\final_dataset_v5\train\labels\sewer_o8use_004033.txt,1,0
train,D:\Study Material\Sem VI\Projects\PBL2\RoadEye\dataset_crack\final_dataset_v5\train\images\sewer_o8use_004053.jpg,train/images/sewer_o8use_004053.jpg,D:\Study Material\Sem VI\Projects\PBL2\RoadEye\dataset_crack\final_dataset_v5\train\labels\sewer_o8use_004053.txt,1,1
train,D:\Study Material\Sem VI\Projects\PBL2\RoadEye\dataset_crack\final_dataset_v5\train\images\sewer_o8use_004062.jpg,train/images/sewer_o8use_004062.jpg,D:\Study Material\Sem VI\Projects\PBL2\RoadEye\dataset_crack\final_dataset_v5\train\labels\sewer_o8use_004062.txt,1,0
train,D:\Study Material\Sem VI\Projects\PBL2\RoadEye\dataset_crack\final_dataset_v5\train\images\sewer_o8use_004119.jpg,train/images/sewer_o8use_004119.jpg,D:\Study Material\Sem VI\Projects\PBL2\RoadEye\dataset_crack\final_dataset_v5\train\labels\sewer_o8use_004119.txt,0,2
train,D:\Study Material\Sem VI\Projects\PBL2\RoadEye\dataset_crack\final_dataset_v5\train\images\sewer_o8use_004120.jpg,train/images/sewer_o8use_004120.jpg,D:\Study Material\Sem VI\Projects\PBL2\RoadEye\dataset_crack\final_dataset_v5\train\labels\sewer_o8use_004120.txt,1,0
train,D:\Study Material\Sem VI\Projects\PBL2\RoadEye\dataset_crack\final_dataset_v5\train\images\sewer_o8use_004122.jpg,train/images/sewer_o8use_004122.jpg,D:\Study Material\Sem VI\Projects\PBL2\RoadEye\dataset_crack\final_dataset_v5\train\labels\sewer_o8use_004122.txt,2,1
train,D:\Study Material\Sem VI\Projects\PBL2\RoadEye\dataset_crack\final_dataset_v5\train\images\sewer_o8use_004131.jpg,train/images/sewer_o8use_004131.jpg,D:\Study Material\Sem VI\Projects\PBL2\RoadEye\dataset_crack\final_dataset_v5\train\labels\sewer_o8use_004131.txt,1,0
train,D:\Study Material\Sem VI\Projects\PBL2\RoadEye\dataset_crack\final_dataset_v5\train\images\sewer_o8use_004172.jpg,train/images/sewer_o8use_004172.jpg,D:\Study Material\Sem VI\Projects\PBL2\RoadEye\dataset_crack\final_dataset_v5\train\labels\sewer_o8use_004172.txt,0,1
train,D:\Study Material\Sem VI\Projects\PBL2\RoadEye\dataset_crack\final_dataset_v5\train\images\sewer_o8use_004207.jpg,train/images/sewer_o8use_004207.jpg,D:\Study Material\Sem VI\Projects\PBL2\RoadEye\dataset_crack\final_dataset_v5\train\labels\sewer_o8use_004207.txt,2,0
train,D:\Study Material\Sem VI\Projects\PBL2\RoadEye\dataset_crack\final_dataset_v5\train\images\sewer_o8use_004218.jpg,train/images/sewer_o8use_004218.jpg,D:\Study Material\Sem VI\Projects\PBL2\RoadEye\dataset_crack\final_dataset_v5\train\labels\sewer_o8use_004218.txt,1,0
train,D:\Study Material\Sem VI\Projects\PBL2\RoadEye\dataset_crack\final_dataset_v5\train\images\sewer_o8use_004237.jpg,train/images/sewer_o8use_004237.jpg,D:\Study Material\Sem VI\Projects\PBL2\RoadEye\dataset_crack\final_dataset_v5\train\labels\sewer_o8use_004237.txt,1,0
train,D:\Study Material\Sem VI\Projects\PBL2\RoadEye\dataset_crack\final_dataset_v5\train\images\sewer_o8use_004264.jpg,train/images/sewer_o8use_004264.jpg,D:\Study Material\Sem VI\Projects\PBL2\RoadEye\dataset_crack\final_dataset_v5\train\labels\sewer_o8use_004264.txt,1,0
train,D:\Study Material\Sem VI\Projects\PBL2\RoadEye\dataset_crack\final_dataset_v5\train\images\sewer_o8use_004350.jpg,train/images/sewer_o8use_004350.jpg,D:\Study Material\Sem VI\Projects\PBL2\RoadEye\dataset_crack\final_dataset_v5\train\labels\sewer_o8use_004350.txt,1,0
train,D:\Study Material\Sem VI\Projects\PBL2\RoadEye\dataset_crack\final_dataset_v5\train\images\sewer_o8use_004393.jpg,train/images/sewer_o8use_004393.jpg,D:\Study Material\Sem VI\Projects\PBL2\RoadEye\dataset_crack\final_dataset_v5\train\labels\sewer_o8use_004393.txt,1,0
train,D:\Study Material\Sem VI\Projects\PBL2\RoadEye\dataset_crack\final_dataset_v5\train\images\sewer_o8use_004396.jpg,train/images/sewer_o8use_004396.jpg,D:\Study Material\Sem VI\Projects\PBL2\RoadEye\dataset_crack\final_dataset_v5\train\labels\sewer_o8use_004396.txt,1,0
train,D:\Study Material\Sem VI\Projects\PBL2\RoadEye\dataset_crack\final_dataset_v5\train\images\sewer_o8use_004439.jpg,train/images/sewer_o8use_004439.jpg,D:\Study Material\Sem VI\Projects\PBL2\RoadEye\dataset_crack\final_dataset_v5\train\labels\sewer_o8use_004439.txt,1,0
train,D:\Study Material\Sem VI\Projects\PBL2\RoadEye\dataset_crack\final_dataset_v5\train\images\sewer_o8use_004547.jpg,train/images/sewer_o8use_004547.jpg,D:\Study Material\Sem VI\Projects\PBL2\RoadEye\dataset_crack\final_dataset_v5\train\labels\sewer_o8use_004547.txt,2,0
train,D:\Study Material\Sem VI\Projects\PBL2\RoadEye\dataset_crack\final_dataset_v5\train\images\sewer_o8use_004561.jpg,train/images/sewer_o8use_004561.jpg,D:\Study Material\Sem VI\Projects\PBL2\RoadEye\dataset_crack\final_dataset_v5\train\labels\sewer_o8use_004561.txt,1,0
train,D:\Study Material\Sem VI\Projects\PBL2\RoadEye\dataset_crack\final_dataset_v5\train\images\sewer_o8use_004585.jpg,train/images/sewer_o8use_004585.jpg,D:\Study Material\Sem VI\Projects\PBL2\RoadEye\dataset_crack\final_dataset_v5\train\labels\sewer_o8use_004585.txt,1,0
train,D:\Study Material\Sem VI\Projects\PBL2\RoadEye\dataset_crack\final_dataset_v5\train\images\sewer_o8use_004596.jpg,train/images/sewer_o8use_004596.jpg,D:\Study Material\Sem VI\Projects\PBL2\RoadEye\dataset_crack\final_dataset_v5\train\labels\sewer_o8use_004596.txt,0,1
train,D:\Study Material\Sem VI\Projects\PBL2\RoadEye\dataset_crack\final_dataset_v5\train\images\sewer_o8use_004607.jpg,train/images/sewer_o8use_004607.jpg,D:\Study Material\Sem VI\Projects\PBL2\RoadEye\dataset_crack\final_dataset_v5\train\labels\sewer_o8use_004607.txt,0,1
train,D:\Study Material\Sem VI\Projects\PBL2\RoadEye\dataset_crack\final_dataset_v5\train\images\sewer_o8use_004662.jpg,train/images/sewer_o8use_004662.jpg,D:\Study Material\Sem VI\Projects\PBL2\RoadEye\dataset_crack\final_dataset_v5\train\labels\sewer_o8use_004662.txt,1,0
train,D:\Study Material\Sem VI\Projects\PBL2\RoadEye\dataset_crack\final_dataset_v5\train\images\sewer_o8use_004690.jpg,train/images/sewer_o8use_004690.jpg,D:\Study Material\Sem VI\Projects\PBL2\RoadEye\dataset_crack\final_dataset_v5\train\labels\sewer_o8use_004690.txt,1,0
train,D:\Study Material\Sem VI\Projects\PBL2\RoadEye\dataset_crack\final_dataset_v5\train\images\sewer_o8use_004691.jpg,train/images/sewer_o8use_004691.jpg,D:\Study Material\Sem VI\Projects\PBL2\RoadEye\dataset_crack\final_dataset_v5\train\labels\sewer_o8use_004691.txt,1,0
train,D:\Study Material\Sem VI\Projects\PBL2\RoadEye\dataset_crack\final_dataset_v5\train\images\sewer_o8use_004711.jpg,train/images/sewer_o8use_004711.jpg,D:\Study Material\Sem VI\Projects\PBL2\RoadEye\dataset_crack\final_dataset_v5\train\labels\sewer_o8use_004711.txt,1,0
train,D:\Study Material\Sem VI\Projects\PBL2\RoadEye\dataset_crack\final_dataset_v5\train\images\sewer_o8use_004732.jpg,train/images/sewer_o8use_004732.jpg,D:\Study Material\Sem VI\Projects\PBL2\RoadEye\dataset_crack\final_dataset_v5\train\labels\sewer_o8use_004732.txt,1,0
train,D:\Study Material\Sem VI\Projects\PBL2\RoadEye\dataset_crack\final_dataset_v5\train\images\sewer_o8use_004735.jpg,train/images/sewer_o8use_004735.jpg,D:\Study Material\Sem VI\Projects\PBL2\RoadEye\dataset_crack\final_dataset_v5\train\labels\sewer_o8use_004735.txt,1,1
train,D:\Study Material\Sem VI\Projects\PBL2\RoadEye\dataset_crack\final_dataset_v5\train\images\sewer_o8use_004739.jpg,train/images/sewer_o8use_004739.jpg,D:\Study Material\Sem VI\Projects\PBL2\RoadEye\dataset_crack\final_dataset_v5\train\labels\sewer_o8use_004739.txt,1,0
train,D:\Study Material\Sem VI\Projects\PBL2\RoadEye\dataset_crack\final_dataset_v5\train\images\sewer_o8use_004754.jpg,train/images/sewer_o8use_004754.jpg,D:\Study Material\Sem VI\Projects\PBL2\RoadEye\dataset_crack\final_dataset_v5\train\labels\sewer_o8use_004754.txt,1,0
train,D:\Study Material\Sem VI\Projects\PBL2\RoadEye\dataset_crack\final_dataset_v5\train\images\sewer_o8use_004810.jpg,train/images/sewer_o8use_004810.jpg,D:\Study Material\Sem VI\Projects\PBL2\RoadEye\dataset_crack\final_dataset_v5\train\labels\sewer_o8use_004810.txt,1,1
train,D:\Study Material\Sem VI\Projects\PBL2\RoadEye\dataset_crack\final_dataset_v5\train\images\sewer_o8use_004840.jpg,train/images/sewer_o8use_004840.jpg,D:\Study Material\Sem VI\Projects\PBL2\RoadEye\dataset_crack\final_dataset_v5\train\labels\sewer_o8use_004840.txt,1,0
train,D:\Study Material\Sem VI\Projects\PBL2\RoadEye\dataset_crack\final_dataset_v5\train\images\sewer_o8use_004851.jpg,train/images/sewer_o8use_004851.jpg,D:\Study Material\Sem VI\Projects\PBL2\RoadEye\dataset_crack\final_dataset_v5\train\labels\sewer_o8use_004851.txt,1,1
train,D:\Study Material\Sem VI\Projects\PBL2\RoadEye\dataset_crack\final_dataset_v5\train\images\sewer_o8use_004877.jpg,train/images/sewer_o8use_004877.jpg,D:\Study Material\Sem VI\Projects\PBL2\RoadEye\dataset_crack\final_dataset_v5\train\labels\sewer_o8use_004877.txt,1,0
train,D:\Study Material\Sem VI\Projects\PBL2\RoadEye\dataset_crack\final_dataset_v5\train\images\sewer_o8use_004878.jpg,train/images/sewer_o8use_004878.jpg,D:\Study Material\Sem VI\Projects\PBL2\RoadEye\dataset_crack\final_dataset_v5\train\labels\sewer_o8use_004878.txt,1,0
train,D:\Study Material\Sem VI\Projects\PBL2\RoadEye\dataset_crack\final_dataset_v5\train\images\sewer_o8use_004898.jpg,train/images/sewer_o8use_004898.jpg,D:\Study Material\Sem VI\Projects\PBL2\RoadEye\dataset_crack\final_dataset_v5\train\labels\sewer_o8use_004898.txt,2,0
train,D:\Study Material\Sem VI\Projects\PBL2\RoadEye\dataset_crack\final_dataset_v5\train\images\sewer_o8use_004901.jpg,train/images/sewer_o8use_004901.jpg,D:\Study Material\Sem VI\Projects\PBL2\RoadEye\dataset_crack\final_dataset_v5\train\labels\sewer_o8use_004901.txt,1,0
train,D:\Study Material\Sem VI\Projects\PBL2\RoadEye\dataset_crack\final_dataset_v5\train\images\sewer_o8use_004903.jpg,train/images/sewer_o8use_004903.jpg,D:\Study Material\Sem VI\Projects\PBL2\RoadEye\dataset_crack\final_dataset_v5\train\labels\sewer_o8use_004903.txt,2,1
train,D:\Study Material\Sem VI\Projects\PBL2\RoadEye\dataset_crack\final_dataset_v5\train\images\sewer_o8use_004904.jpg,train/images/sewer_o8use_004904.jpg,D:\Study Material\Sem VI\Projects\PBL2\RoadEye\dataset_crack\final_dataset_v5\train\labels\sewer_o8use_004904.txt,1,0
train,D:\Study Material\Sem VI\Projects\PBL2\RoadEye\dataset_crack\final_dataset_v5\train\images\sewer_o8use_004913.jpg,train/images/sewer_o8use_004913.jpg,D:\Study Material\Sem VI\Projects\PBL2\RoadEye\dataset_crack\final_dataset_v5\train\labels\sewer_o8use_004913.txt,1,1
train,D:\Study Material\Sem VI\Projects\PBL2\RoadEye\dataset_crack\final_dataset_v5\train\images\sewer_o8use_004977.jpg,train/images/sewer_o8use_004977.jpg,D:\Study Material\Sem VI\Projects\PBL2\RoadEye\dataset_crack\final_dataset_v5\train\labels\sewer_o8use_004977.txt,1,0
train,D:\Study Material\Sem VI\Projects\PBL2\RoadEye\dataset_crack\final_dataset_v5\train\images\sewer_o8use_004981.jpg,train/images/sewer_o8use_004981.jpg,D:\Study Material\Sem VI\Projects\PBL2\RoadEye\dataset_crack\final_dataset_v5\train\labels\sewer_o8use_004981.txt,1,0
train,D:\Study Material\Sem VI\Projects\PBL2\RoadEye\dataset_crack\final_dataset_v5\train\images\sewer_o8use_004983.jpg,train/images/sewer_o8use_004983.jpg,D:\Study Material\Sem VI\Projects\PBL2\RoadEye\dataset_crack\final_dataset_v5\train\labels\sewer_o8use_004983.txt,1,0
train,D:\Study Material\Sem VI\Projects\PBL2\RoadEye\dataset_crack\final_dataset_v5\train\images\sewer_o8use_004990.jpg,train/images/sewer_o8use_004990.jpg,D:\Study Material\Sem VI\Projects\PBL2\RoadEye\dataset_crack\final_dataset_v5\train\labels\sewer_o8use_004990.txt,1,0
train,D:\Study Material\Sem VI\Projects\PBL2\RoadEye\dataset_crack\final_dataset_v5\train\images\sewer_o8use_004991.jpg,train/images/sewer_o8use_004991.jpg,D:\Study Material\Sem VI\Projects\PBL2\RoadEye\dataset_crack\final_dataset_v5\train\labels\sewer_o8use_004991.txt,1,0
train,D:\Study Material\Sem VI\Projects\PBL2\RoadEye\dataset_crack\final_dataset_v5\train\images\sewer_o8use_005010.jpg,train/images/sewer_o8use_005010.jpg,D:\Study Material\Sem VI\Projects\PBL2\RoadEye\dataset_crack\final_dataset_v5\train\labels\sewer_o8use_005010.txt,1,0
train,D:\Study Material\Sem VI\Projects\PBL2\RoadEye\dataset_crack\final_dataset_v5\train\images\sewer_o8use_005013.jpg,train/images/sewer_o8use_005013.jpg,D:\Study Material\Sem VI\Projects\PBL2\RoadEye\dataset_crack\final_dataset_v5\train\labels\sewer_o8use_005013.txt,0,1
train,D:\Study Material\Sem VI\Projects\PBL2\RoadEye\dataset_crack\final_dataset_v5\train\images\sewer_o8use_005065.jpg,train/images/sewer_o8use_005065.jpg,D:\Study Material\Sem VI\Projects\PBL2\RoadEye\dataset_crack\final_dataset_v5\train\labels\sewer_o8use_005065.txt,1,0
train,D:\Study Material\Sem VI\Projects\PBL2\RoadEye\dataset_crack\final_dataset_v5\train\images\sewer_o8use_005089.jpg,train/images/sewer_o8use_005089.jpg,D:\Study Material\Sem VI\Projects\PBL2\RoadEye\dataset_crack\final_dataset_v5\train\labels\sewer_o8use_005089.txt,0,1
train,D:\Study Material\Sem VI\Projects\PBL2\RoadEye\dataset_crack\final_dataset_v5\train\images\sewer_o8use_005092.jpg,train/images/sewer_o8use_005092.jpg,D:\Study Material\Sem VI\Projects\PBL2\RoadEye\dataset_crack\final_dataset_v5\train\labels\sewer_o8use_005092.txt,1,0
train,D:\Study Material\Sem VI\Projects\PBL2\RoadEye\dataset_crack\final_dataset_v5\train\images\sewer_o8use_005098.jpg,train/images/sewer_o8use_005098.jpg,D:\Study Material\Sem VI\Projects\PBL2\RoadEye\dataset_crack\final_dataset_v5\train\labels\sewer_o8use_005098.txt,1,0
train,D:\Study Material\Sem VI\Projects\PBL2\RoadEye\dataset_crack\final_dataset_v5\train\images\sewer_o8use_005102.jpg,train/images/sewer_o8use_005102.jpg,D:\Study Material\Sem VI\Projects\PBL2\RoadEye\dataset_crack\final_dataset_v5\train\labels\sewer_o8use_005102.txt,1,0
train,D:\Study Material\Sem VI\Projects\PBL2\RoadEye\dataset_crack\final_dataset_v5\train\images\sewer_o8use_005106.jpg,train/images/sewer_o8use_005106.jpg,D:\Study Material\Sem VI\Projects\PBL2\RoadEye\dataset_crack\final_dataset_v5\train\labels\sewer_o8use_005106.txt,1,0
train,D:\Study Material\Sem VI\Projects\PBL2\RoadEye\dataset_crack\final_dataset_v5\train\images\sewer_o8use_005111.jpg,train/images/sewer_o8use_005111.jpg,D:\Study Material\Sem VI\Projects\PBL2\RoadEye\dataset_crack\final_dataset_v5\train\labels\sewer_o8use_005111.txt,1,0
train,D:\Study Material\Sem VI\Projects\PBL2\RoadEye\dataset_crack\final_dataset_v5\train\images\sewer_o8use_005145.jpg,train/images/sewer_o8use_005145.jpg,D:\Study Material\Sem VI\Projects\PBL2\RoadEye\dataset_crack\final_dataset_v5\train\labels\sewer_o8use_005145.txt,0,1
train,D:\Study Material\Sem VI\Projects\PBL2\RoadEye\dataset_crack\final_dataset_v5\train\images\sewer_o8use_005147.jpg,train/images/sewer_o8use_005147.jpg,D:\Study Material\Sem VI\Projects\PBL2\RoadEye\dataset_crack\final_dataset_v5\train\labels\sewer_o8use_005147.txt,1,0
train,D:\Study Material\Sem VI\Projects\PBL2\RoadEye\dataset_crack\final_dataset_v5\train\images\sewer_o8use_005156.jpg,train/images/sewer_o8use_005156.jpg,D:\Study Material\Sem VI\Projects\PBL2\RoadEye\dataset_crack\final_dataset_v5\train\labels\sewer_o8use_005156.txt,1,0
train,D:\Study Material\Sem VI\Projects\PBL2\RoadEye\dataset_crack\final_dataset_v5\train\images\sewer_o8use_005160.jpg,train/images/sewer_o8use_005160.jpg,D:\Study Material\Sem VI\Projects\PBL2\RoadEye\dataset_crack\final_dataset_v5\train\labels\sewer_o8use_005160.txt,0,1
train,D:\Study Material\Sem VI\Projects\PBL2\RoadEye\dataset_crack\final_dataset_v5\train\images\sewer_o8use_005168.jpg,train/images/sewer_o8use_005168.jpg,D:\Study Material\Sem VI\Projects\PBL2\RoadEye\dataset_crack\final_dataset_v5\train\labels\sewer_o8use_005168.txt,0,1
train,D:\Study Material\Sem VI\Projects\PBL2\RoadEye\dataset_crack\final_dataset_v5\train\images\sewer_o8use_005195.jpg,train/images/sewer_o8use_005195.jpg,D:\Study Material\Sem VI\Projects\PBL2\RoadEye\dataset_crack\final_dataset_v5\train\labels\sewer_o8use_005195.txt,1,0
train,D:\Study Material\Sem VI\Projects\PBL2\RoadEye\dataset_crack\final_dataset_v5\train\images\sewer_o8use_005201.jpg,train/images/sewer_o8use_005201.jpg,D:\Study Material\Sem VI\Projects\PBL2\RoadEye\dataset_crack\final_dataset_v5\train\labels\sewer_o8use_005201.txt,1,0
train,D:\Study Material\Sem VI\Projects\PBL2\RoadEye\dataset_crack\final_dataset_v5\train\images\sewer_o8use_005205.jpg,train/images/sewer_o8use_005205.jpg,D:\Study Material\Sem VI\Projects\PBL2\RoadEye\dataset_crack\final_dataset_v5\train\labels\sewer_o8use_005205.txt,1,0
train,D:\Study Material\Sem VI\Projects\PBL2\RoadEye\dataset_crack\final_dataset_v5\train\images\sewer_o8use_005239.jpg,train/images/sewer_o8use_005239.jpg,D:\Study Material\Sem VI\Projects\PBL2\RoadEye\dataset_crack\final_dataset_v5\train\labels\sewer_o8use_005239.txt,1,0
train,D:\Study Material\Sem VI\Projects\PBL2\RoadEye\dataset_crack\final_dataset_v5\train\images\sewer_o8use_005265.jpg,train/images/sewer_o8use_005265.jpg,D:\Study Material\Sem VI\Projects\PBL2\RoadEye\dataset_crack\final_dataset_v5\train\labels\sewer_o8use_005265.txt,1,0
train,D:\Study Material\Sem VI\Projects\PBL2\RoadEye\dataset_crack\final_dataset_v5\train\images\sewer_o8use_005293.jpg,train/images/sewer_o8use_005293.jpg,D:\Study Material\Sem VI\Projects\PBL2\RoadEye\dataset_crack\final_dataset_v5\train\labels\sewer_o8use_005293.txt,1,0
train,D:\Study Material\Sem VI\Projects\PBL2\RoadEye\dataset_crack\final_dataset_v5\train\images\sewer_o8use_005295.jpg,train/images/sewer_o8use_005295.jpg,D:\Study Material\Sem VI\Projects\PBL2\RoadEye\dataset_crack\final_dataset_v5\train\labels\sewer_o8use_005295.txt,0,1
train,D:\Study Material\Sem VI\Projects\PBL2\RoadEye\dataset_crack\final_dataset_v5\train\images\sewer_o8use_005327.jpg,train/images/sewer_o8use_005327.jpg,D:\Study Material\Sem VI\Projects\PBL2\RoadEye\dataset_crack\final_dataset_v5\train\labels\sewer_o8use_005327.txt,1,0
train,D:\Study Material\Sem VI\Projects\PBL2\RoadEye\dataset_crack\final_dataset_v5\train\images\sewer_o8use_005332.jpg,train/images/sewer_o8use_005332.jpg,D:\Study Material\Sem VI\Projects\PBL2\RoadEye\dataset_crack\final_dataset_v5\train\labels\sewer_o8use_005332.txt,0,1
train,D:\Study Material\Sem VI\Projects\PBL2\RoadEye\dataset_crack\final_dataset_v5\train\images\sewer_o8use_005354.jpg,train/images/sewer_o8use_005354.jpg,D:\Study Material\Sem VI\Projects\PBL2\RoadEye\dataset_crack\final_dataset_v5\train\labels\sewer_o8use_005354.txt,1,0
train,D:\Study Material\Sem VI\Projects\PBL2\RoadEye\dataset_crack\final_dataset_v5\train\images\sewer_o8use_005361.jpg,train/images/sewer_o8use_005361.jpg,D:\Study Material\Sem VI\Projects\PBL2\RoadEye\dataset_crack\final_dataset_v5\train\labels\sewer_o8use_005361.txt,1,1
train,D:\Study Material\Sem VI\Projects\PBL2\RoadEye\dataset_crack\final_dataset_v5\train\images\sewer_o8use_005363.jpg,train/images/sewer_o8use_005363.jpg,D:\Study Material\Sem VI\Projects\PBL2\RoadEye\dataset_crack\final_dataset_v5\train\labels\sewer_o8use_005363.txt,1,0
train,D:\Study Material\Sem VI\Projects\PBL2\RoadEye\dataset_crack\final_dataset_v5\train\images\sewer_o8use_005383.jpg,train/images/sewer_o8use_005383.jpg,D:\Study Material\Sem VI\Projects\PBL2\RoadEye\dataset_crack\final_dataset_v5\train\labels\sewer_o8use_005383.txt,1,1
train,D:\Study Material\Sem VI\Projects\PBL2\RoadEye\dataset_crack\final_dataset_v5\train\images\sewer_o8use_005393.jpg,train/images/sewer_o8use_005393.jpg,D:\Study Material\Sem VI\Projects\PBL2\RoadEye\dataset_crack\final_dataset_v5\train\labels\sewer_o8use_005393.txt,2,0
train,D:\Study Material\Sem VI\Projects\PBL2\RoadEye\dataset_crack\final_dataset_v5\train\images\sewer_o8use_005397.jpg,train/images/sewer_o8use_005397.jpg,D:\Study Material\Sem VI\Projects\PBL2\RoadEye\dataset_crack\final_dataset_v5\train\labels\sewer_o8use_005397.txt,1,0
train,D:\Study Material\Sem VI\Projects\PBL2\RoadEye\dataset_crack\final_dataset_v5\train\images\sewer_o8use_005405.jpg,train/images/sewer_o8use_005405.jpg,D:\Study Material\Sem VI\Projects\PBL2\RoadEye\dataset_crack\final_dataset_v5\train\labels\sewer_o8use_005405.txt,1,0
train,D:\Study Material\Sem VI\Projects\PBL2\RoadEye\dataset_crack\final_dataset_v5\train\images\sewer_o8use_005410.jpg,train/images/sewer_o8use_005410.jpg,D:\Study Material\Sem VI\Projects\PBL2\RoadEye\dataset_crack\final_dataset_v5\train\labels\sewer_o8use_005410.txt,0,1
train,D:\Study Material\Sem VI\Projects\PBL2\RoadEye\dataset_crack\final_dataset_v5\train\images\sewer_o8use_005450.jpg,train/images/sewer_o8use_005450.jpg,D:\Study Material\Sem VI\Projects\PBL2\RoadEye\dataset_crack\final_dataset_v5\train\labels\sewer_o8use_005450.txt,1,0
train,D:\Study Material\Sem VI\Projects\PBL2\RoadEye\dataset_crack\final_dataset_v5\train\images\sewer_o8use_005453.jpg,train/images/sewer_o8use_005453.jpg,D:\Study Material\Sem VI\Projects\PBL2\RoadEye\dataset_crack\final_dataset_v5\train\labels\sewer_o8use_005453.txt,1,0
train,D:\Study Material\Sem VI\Projects\PBL2\RoadEye\dataset_crack\final_dataset_v5\train\images\sewer_o8use_005487.jpg,train/images/sewer_o8use_005487.jpg,D:\Study Material\Sem VI\Projects\PBL2\RoadEye\dataset_crack\final_dataset_v5\train\labels\sewer_o8use_005487.txt,1,0
train,D:\Study Material\Sem VI\Projects\PBL2\RoadEye\dataset_crack\final_dataset_v5\train\images\sewer_o8use_005516.jpg,train/images/sewer_o8use_005516.jpg,D:\Study Material\Sem VI\Projects\PBL2\RoadEye\dataset_crack\final_dataset_v5\train\labels\sewer_o8use_005516.txt,1,0
train,D:\Study Material\Sem VI\Projects\PBL2\RoadEye\dataset_crack\final_dataset_v5\train\images\sewer_o8use_005541.jpg,train/images/sewer_o8use_005541.jpg,D:\Study Material\Sem VI\Projects\PBL2\RoadEye\dataset_crack\final_dataset_v5\train\labels\sewer_o8use_005541.txt,1,0
train,D:\Study Material\Sem VI\Projects\PBL2\RoadEye\dataset_crack\final_dataset_v5\train\images\sewer_o8use_005554.jpg,train/images/sewer_o8use_005554.jpg,D:\Study Material\Sem VI\Projects\PBL2\RoadEye\dataset_crack\final_dataset_v5\train\labels\sewer_o8use_005554.txt,1,0
train,D:\Study Material\Sem VI\Projects\PBL2\RoadEye\dataset_crack\final_dataset_v5\train\images\sewer_o8use_005564.jpg,train/images/sewer_o8use_005564.jpg,D:\Study Material\Sem VI\Projects\PBL2\RoadEye\dataset_crack\final_dataset_v5\train\labels\sewer_o8use_005564.txt,1,0
train,D:\Study Material\Sem VI\Projects\PBL2\RoadEye\dataset_crack\final_dataset_v5\train\images\sewer_o8use_005607.jpg,train/images/sewer_o8use_005607.jpg,D:\Study Material\Sem VI\Projects\PBL2\RoadEye\dataset_crack\final_dataset_v5\train\labels\sewer_o8use_005607.txt,1,1
train,D:\Study Material\Sem VI\Projects\PBL2\RoadEye\dataset_crack\final_dataset_v5\train\images\sewer_o8use_005649.jpg,train/images/sewer_o8use_005649.jpg,D:\Study Material\Sem VI\Projects\PBL2\RoadEye\dataset_crack\final_dataset_v5\train\labels\sewer_o8use_005649.txt,1,0
train,D:\Study Material\Sem VI\Projects\PBL2\RoadEye\dataset_crack\final_dataset_v5\train\images\sewer_o8use_005660.jpg,train/images/sewer_o8use_005660.jpg,D:\Study Material\Sem VI\Projects\PBL2\RoadEye\dataset_crack\final_dataset_v5\train\labels\sewer_o8use_005660.txt,2,0
train,D:\Study Material\Sem VI\Projects\PBL2\RoadEye\dataset_crack\final_dataset_v5\train\images\sewer_o8use_005680.jpg,train/images/sewer_o8use_005680.jpg,D:\Study Material\Sem VI\Projects\PBL2\RoadEye\dataset_crack\final_dataset_v5\train\labels\sewer_o8use_005680.txt,1,0
train,D:\Study Material\Sem VI\Projects\PBL2\RoadEye\dataset_crack\final_dataset_v5\train\images\sewer_o8use_005693.jpg,train/images/sewer_o8use_005693.jpg,D:\Study Material\Sem VI\Projects\PBL2\RoadEye\dataset_crack\final_dataset_v5\train\labels\sewer_o8use_005693.txt,0,1
train,D:\Study Material\Sem VI\Projects\PBL2\RoadEye\dataset_crack\final_dataset_v5\train\images\sewer_o8use_005695.jpg,train/images/sewer_o8use_005695.jpg,D:\Study Material\Sem VI\Projects\PBL2\RoadEye\dataset_crack\final_dataset_v5\train\labels\sewer_o8use_005695.txt,1,0
train,D:\Study Material\Sem VI\Projects\PBL2\RoadEye\dataset_crack\final_dataset_v5\train\images\sewer_o8use_005707.jpg,train/images/sewer_o8use_005707.jpg,D:\Study Material\Sem VI\Projects\PBL2\RoadEye\dataset_crack\final_dataset_v5\train\labels\sewer_o8use_005707.txt,1,1
train,D:\Study Material\Sem VI\Projects\PBL2\RoadEye\dataset_crack\final_dataset_v5\train\images\sewer_o8use_005719.jpg,train/images/sewer_o8use_005719.jpg,D:\Study Material\Sem VI\Projects\PBL2\RoadEye\dataset_crack\final_dataset_v5\train\labels\sewer_o8use_005719.txt,1,0
train,D:\Study Material\Sem VI\Projects\PBL2\RoadEye\dataset_crack\final_dataset_v5\train\images\sewer_o8use_005720.jpg,train/images/sewer_o8use_005720.jpg,D:\Study Material\Sem VI\Projects\PBL2\RoadEye\dataset_crack\final_dataset_v5\train\labels\sewer_o8use_005720.txt,1,0
train,D:\Study Material\Sem VI\Projects\PBL2\RoadEye\dataset_crack\final_dataset_v5\train\images\sewer_o8use_005722.jpg,train/images/sewer_o8use_005722.jpg,D:\Study Material\Sem VI\Projects\PBL2\RoadEye\dataset_crack\final_dataset_v5\train\labels\sewer_o8use_005722.txt,0,1
train,D:\Study Material\Sem VI\Projects\PBL2\RoadEye\dataset_crack\final_dataset_v5\train\images\sewer_o8use_005734.jpg,train/images/sewer_o8use_005734.jpg,D:\Study Material\Sem VI\Projects\PBL2\RoadEye\dataset_crack\final_dataset_v5\train\labels\sewer_o8use_005734.txt,1,0
train,D:\Study Material\Sem VI\Projects\PBL2\RoadEye\dataset_crack\final_dataset_v5\train\images\sewer_o8use_005762.jpg,train/images/sewer_o8use_005762.jpg,D:\Study Material\Sem VI\Projects\PBL2\RoadEye\dataset_crack\final_dataset_v5\train\labels\sewer_o8use_005762.txt,1,0
train,D:\Study Material\Sem VI\Projects\PBL2\RoadEye\dataset_crack\final_dataset_v5\train\images\sewer_o8use_005792.jpg,train/images/sewer_o8use_005792.jpg,D:\Study Material\Sem VI\Projects\PBL2\RoadEye\dataset_crack\final_dataset_v5\train\labels\sewer_o8use_005792.txt,1,0
train,D:\Study Material\Sem VI\Projects\PBL2\RoadEye\dataset_crack\final_dataset_v5\train\images\sewer_o8use_005795.jpg,train/images/sewer_o8use_005795.jpg,D:\Study Material\Sem VI\Projects\PBL2\RoadEye\dataset_crack\final_dataset_v5\train\labels\sewer_o8use_005795.txt,1,0
train,D:\Study Material\Sem VI\Projects\PBL2\RoadEye\dataset_crack\final_dataset_v5\train\images\sewer_o8use_005796.jpg,train/images/sewer_o8use_005796.jpg,D:\Study Material\Sem VI\Projects\PBL2\RoadEye\dataset_crack\final_dataset_v5\train\labels\sewer_o8use_005796.txt,1,0
train,D:\Study Material\Sem VI\Projects\PBL2\RoadEye\dataset_crack\final_dataset_v5\train\images\sewer_o8use_005803.jpg,train/images/sewer_o8use_005803.jpg,D:\Study Material\Sem VI\Projects\PBL2\RoadEye\dataset_crack\final_dataset_v5\train\labels\sewer_o8use_005803.txt,1,0
train,D:\Study Material\Sem VI\Projects\PBL2\RoadEye\dataset_crack\final_dataset_v5\train\images\sewer_o8use_005809.jpg,train/images/sewer_o8use_005809.jpg,D:\Study Material\Sem VI\Projects\PBL2\RoadEye\dataset_crack\final_dataset_v5\train\labels\sewer_o8use_005809.txt,0,1
train,D:\Study Material\Sem VI\Projects\PBL2\RoadEye\dataset_crack\final_dataset_v5\train\images\sewer_o8use_005815.jpg,train/images/sewer_o8use_005815.jpg,D:\Study Material\Sem VI\Projects\PBL2\RoadEye\dataset_crack\final_dataset_v5\train\labels\sewer_o8use_005815.txt,1,0
train,D:\Study Material\Sem VI\Projects\PBL2\RoadEye\dataset_crack\final_dataset_v5\train\images\sewer_o8use_005826.jpg,train/images/sewer_o8use_005826.jpg,D:\Study Material\Sem VI\Projects\PBL2\RoadEye\dataset_crack\final_dataset_v5\train\labels\sewer_o8use_005826.txt,1,0
train,D:\Study Material\Sem VI\Projects\PBL2\RoadEye\dataset_crack\final_dataset_v5\train\images\sewer_o8use_005839.jpg,train/images/sewer_o8use_005839.jpg,D:\Study Material\Sem VI\Projects\PBL2\RoadEye\dataset_crack\final_dataset_v5\train\labels\sewer_o8use_005839.txt,1,0
train,D:\Study Material\Sem VI\Projects\PBL2\RoadEye\dataset_crack\final_dataset_v5\train\images\sewer_o8use_005850.jpg,train/images/sewer_o8use_005850.jpg,D:\Study Material\Sem VI\Projects\PBL2\RoadEye\dataset_crack\final_dataset_v5\train\labels\sewer_o8use_005850.txt,1,0
train,D:\Study Material\Sem VI\Projects\PBL2\RoadEye\dataset_crack\final_dataset_v5\train\images\sewer_o8use_005851.jpg,train/images/sewer_o8use_005851.jpg,D:\Study Material\Sem VI\Projects\PBL2\RoadEye\dataset_crack\final_dataset_v5\train\labels\sewer_o8use_005851.txt,1,0
train,D:\Study Material\Sem VI\Projects\PBL2\RoadEye\dataset_crack\final_dataset_v5\train\images\sewer_o8use_005865.jpg,train/images/sewer_o8use_005865.jpg,D:\Study Material\Sem VI\Projects\PBL2\RoadEye\dataset_crack\final_dataset_v5\train\labels\sewer_o8use_005865.txt,1,0
train,D:\Study Material\Sem VI\Projects\PBL2\RoadEye\dataset_crack\final_dataset_v5\train\images\sewer_o8use_005881.jpg,train/images/sewer_o8use_005881.jpg,D:\Study Material\Sem VI\Projects\PBL2\RoadEye\dataset_crack\final_dataset_v5\train\labels\sewer_o8use_005881.txt,1,0
train,D:\Study Material\Sem VI\Projects\PBL2\RoadEye\dataset_crack\final_dataset_v5\train\images\sewer_o8use_005892.jpg,train/images/sewer_o8use_005892.jpg,D:\Study Material\Sem VI\Projects\PBL2\RoadEye\dataset_crack\final_dataset_v5\train\labels\sewer_o8use_005892.txt,1,0
train,D:\Study Material\Sem VI\Projects\PBL2\RoadEye\dataset_crack\final_dataset_v5\train\images\sewer_o8use_005899.jpg,train/images/sewer_o8use_005899.jpg,D:\Study Material\Sem VI\Projects\PBL2\RoadEye\dataset_crack\final_dataset_v5\train\labels\sewer_o8use_005899.txt,1,0
train,D:\Study Material\Sem VI\Projects\PBL2\RoadEye\dataset_crack\final_dataset_v5\train\images\sewer_o8use_005906.jpg,train/images/sewer_o8use_005906.jpg,D:\Study Material\Sem VI\Projects\PBL2\RoadEye\dataset_crack\final_dataset_v5\train\labels\sewer_o8use_005906.txt,1,0
train,D:\Study Material\Sem VI\Projects\PBL2\RoadEye\dataset_crack\final_dataset_v5\train\images\sewer_o8use_005912.jpg,train/images/sewer_o8use_005912.jpg,D:\Study Material\Sem VI\Projects\PBL2\RoadEye\dataset_crack\final_dataset_v5\train\labels\sewer_o8use_005912.txt,1,0
train,D:\Study Material\Sem VI\Projects\PBL2\RoadEye\dataset_crack\final_dataset_v5\train\images\sewer_o8use_005914.jpg,train/images/sewer_o8use_005914.jpg,D:\Study Material\Sem VI\Projects\PBL2\RoadEye\dataset_crack\final_dataset_v5\train\labels\sewer_o8use_005914.txt,1,1
train,D:\Study Material\Sem VI\Projects\PBL2\RoadEye\dataset_crack\final_dataset_v5\train\images\sewer_o8use_005946.jpg,train/images/sewer_o8use_005946.jpg,D:\Study Material\Sem VI\Projects\PBL2\RoadEye\dataset_crack\final_dataset_v5\train\labels\sewer_o8use_005946.txt,1,0
train,D:\Study Material\Sem VI\Projects\PBL2\RoadEye\dataset_crack\final_dataset_v5\train\images\sewer_o8use_005953.jpg,train/images/sewer_o8use_005953.jpg,D:\Study Material\Sem VI\Projects\PBL2\RoadEye\dataset_crack\final_dataset_v5\train\labels\sewer_o8use_005953.txt,1,0
train,D:\Study Material\Sem VI\Projects\PBL2\RoadEye\dataset_crack\final_dataset_v5\train\images\sewer_o8use_005969.jpg,train/images/sewer_o8use_005969.jpg,D:\Study Material\Sem VI\Projects\PBL2\RoadEye\dataset_crack\final_dataset_v5\train\labels\sewer_o8use_005969.txt,1,0
train,D:\Study Material\Sem VI\Projects\PBL2\RoadEye\dataset_crack\final_dataset_v5\train\images\sewer_o8use_005974.jpg,train/images/sewer_o8use_005974.jpg,D:\Study Material\Sem VI\Projects\PBL2\RoadEye\dataset_crack\final_dataset_v5\train\labels\sewer_o8use_005974.txt,1,0
train,D:\Study Material\Sem VI\Projects\PBL2\RoadEye\dataset_crack\final_dataset_v5\train\images\sewer_o8use_005981.jpg,train/images/sewer_o8use_005981.jpg,D:\Study Material\Sem VI\Projects\PBL2\RoadEye\dataset_crack\final_dataset_v5\train\labels\sewer_o8use_005981.txt,1,0
train,D:\Study Material\Sem VI\Projects\PBL2\RoadEye\dataset_crack\final_dataset_v5\train\images\sewer_o8use_005983.jpg,train/images/sewer_o8use_005983.jpg,D:\Study Material\Sem VI\Projects\PBL2\RoadEye\dataset_crack\final_dataset_v5\train\labels\sewer_o8use_005983.txt,1,0
train,D:\Study Material\Sem VI\Projects\PBL2\RoadEye\dataset_crack\final_dataset_v5\train\images\sewer_o8use_005994.jpg,train/images/sewer_o8use_005994.jpg,D:\Study Material\Sem VI\Projects\PBL2\RoadEye\dataset_crack\final_dataset_v5\train\labels\sewer_o8use_005994.txt,1,0
train,D:\Study Material\Sem VI\Projects\PBL2\RoadEye\dataset_crack\final_dataset_v5\train\images\sewer_o8use_006026.jpg,train/images/sewer_o8use_006026.jpg,D:\Study Material\Sem VI\Projects\PBL2\RoadEye\dataset_crack\final_dataset_v5\train\labels\sewer_o8use_006026.txt,1,0
train,D:\Study Material\Sem VI\Projects\PBL2\RoadEye\dataset_crack\final_dataset_v5\train\images\sewer_o8use_006030.jpg,train/images/sewer_o8use_006030.jpg,D:\Study Material\Sem VI\Projects\PBL2\RoadEye\dataset_crack\final_dataset_v5\train\labels\sewer_o8use_006030.txt,0,1
train,D:\Study Material\Sem VI\Projects\PBL2\RoadEye\dataset_crack\final_dataset_v5\train\images\sewer_o8use_006068.jpg,train/images/sewer_o8use_006068.jpg,D:\Study Material\Sem VI\Projects\PBL2\RoadEye\dataset_crack\final_dataset_v5\train\labels\sewer_o8use_006068.txt,1,0
train,D:\Study Material\Sem VI\Projects\PBL2\RoadEye\dataset_crack\final_dataset_v5\train\images\sewer_o8use_006101.jpg,train/images/sewer_o8use_006101.jpg,D:\Study Material\Sem VI\Projects\PBL2\RoadEye\dataset_crack\final_dataset_v5\train\labels\sewer_o8use_006101.txt,1,0
train,D:\Study Material\Sem VI\Projects\PBL2\RoadEye\dataset_crack\final_dataset_v5\train\images\sewer_o8use_006141.jpg,train/images/sewer_o8use_006141.jpg,D:\Study Material\Sem VI\Projects\PBL2\RoadEye\dataset_crack\final_dataset_v5\train\labels\sewer_o8use_006141.txt,1,0
train,D:\Study Material\Sem VI\Projects\PBL2\RoadEye\dataset_crack\final_dataset_v5\train\images\sewer_o8use_006154.jpg,train/images/sewer_o8use_006154.jpg,D:\Study Material\Sem VI\Projects\PBL2\RoadEye\dataset_crack\final_dataset_v5\train\labels\sewer_o8use_006154.txt,1,0
train,D:\Study Material\Sem VI\Projects\PBL2\RoadEye\dataset_crack\final_dataset_v5\train\images\sewer_o8use_006174.jpg,train/images/sewer_o8use_006174.jpg,D:\Study Material\Sem VI\Projects\PBL2\RoadEye\dataset_crack\final_dataset_v5\train\labels\sewer_o8use_006174.txt,1,0
train,D:\Study Material\Sem VI\Projects\PBL2\RoadEye\dataset_crack\final_dataset_v5\train\images\sewer_o8use_006191.jpg,train/images/sewer_o8use_006191.jpg,D:\Study Material\Sem VI\Projects\PBL2\RoadEye\dataset_crack\final_dataset_v5\train\labels\sewer_o8use_006191.txt,1,0
train,D:\Study Material\Sem VI\Projects\PBL2\RoadEye\dataset_crack\final_dataset_v5\train\images\sewer_o8use_006232.jpg,train/images/sewer_o8use_006232.jpg,D:\Study Material\Sem VI\Projects\PBL2\RoadEye\dataset_crack\final_dataset_v5\train\labels\sewer_o8use_006232.txt,1,0
train,D:\Study Material\Sem VI\Projects\PBL2\RoadEye\dataset_crack\final_dataset_v5\train\images\sewer_o8use_006234.jpg,train/images/sewer_o8use_006234.jpg,D:\Study Material\Sem VI\Projects\PBL2\RoadEye\dataset_crack\final_dataset_v5\train\labels\sewer_o8use_006234.txt,1,0
train,D:\Study Material\Sem VI\Projects\PBL2\RoadEye\dataset_crack\final_dataset_v5\train\images\sewer_o8use_006240.jpg,train/images/sewer_o8use_006240.jpg,D:\Study Material\Sem VI\Projects\PBL2\RoadEye\dataset_crack\final_dataset_v5\train\labels\sewer_o8use_006240.txt,1,0
train,D:\Study Material\Sem VI\Projects\PBL2\RoadEye\dataset_crack\final_dataset_v5\train\images\sewer_o8use_006247.jpg,train/images/sewer_o8use_006247.jpg,D:\Study Material\Sem VI\Projects\PBL2\RoadEye\dataset_crack\final_dataset_v5\train\labels\sewer_o8use_006247.txt,1,0
train,D:\Study Material\Sem VI\Projects\PBL2\RoadEye\dataset_crack\final_dataset_v5\train\images\sewer_o8use_006259.jpg,train/images/sewer_o8use_006259.jpg,D:\Study Material\Sem VI\Projects\PBL2\RoadEye\dataset_crack\final_dataset_v5\train\labels\sewer_o8use_006259.txt,2,1
train,D:\Study Material\Sem VI\Projects\PBL2\RoadEye\dataset_crack\final_dataset_v5\train\images\sewer_o8use_006262.jpg,train/images/sewer_o8use_006262.jpg,D:\Study Material\Sem VI\Projects\PBL2\RoadEye\dataset_crack\final_dataset_v5\train\labels\sewer_o8use_006262.txt,1,0
train,D:\Study Material\Sem VI\Projects\PBL2\RoadEye\dataset_crack\final_dataset_v5\train\images\sewer_o8use_006263.jpg,train/images/sewer_o8use_006263.jpg,D:\Study Material\Sem VI\Projects\PBL2\RoadEye\dataset_crack\final_dataset_v5\train\labels\sewer_o8use_006263.txt,1,0
train,D:\Study Material\Sem VI\Projects\PBL2\RoadEye\dataset_crack\final_dataset_v5\train\images\sewer_o8use_006283.jpg,train/images/sewer_o8use_006283.jpg,D:\Study Material\Sem VI\Projects\PBL2\RoadEye\dataset_crack\final_dataset_v5\train\labels\sewer_o8use_006283.txt,1,0
train,D:\Study Material\Sem VI\Projects\PBL2\RoadEye\dataset_crack\final_dataset_v5\train\images\sewer_o8use_006284.jpg,train/images/sewer_o8use_006284.jpg,D:\Study Material\Sem VI\Projects\PBL2\RoadEye\dataset_crack\final_dataset_v5\train\labels\sewer_o8use_006284.txt,1,0
train,D:\Study Material\Sem VI\Projects\PBL2\RoadEye\dataset_crack\final_dataset_v5\train\images\sewer_o8use_006301.jpg,train/images/sewer_o8use_006301.jpg,D:\Study Material\Sem VI\Projects\PBL2\RoadEye\dataset_crack\final_dataset_v5\train\labels\sewer_o8use_006301.txt,1,1
train,D:\Study Material\Sem VI\Projects\PBL2\RoadEye\dataset_crack\final_dataset_v5\train\images\sewer_o8use_006305.jpg,train/images/sewer_o8use_006305.jpg,D:\Study Material\Sem VI\Projects\PBL2\RoadEye\dataset_crack\final_dataset_v5\train\labels\sewer_o8use_006305.txt,1,0
train,D:\Study Material\Sem VI\Projects\PBL2\RoadEye\dataset_crack\final_dataset_v5\train\images\sewer_o8use_006336.jpg,train/images/sewer_o8use_006336.jpg,D:\Study Material\Sem VI\Projects\PBL2\RoadEye\dataset_crack\final_dataset_v5\train\labels\sewer_o8use_006336.txt,2,0
train,D:\Study Material\Sem VI\Projects\PBL2\RoadEye\dataset_crack\final_dataset_v5\train\images\sewer_o8use_006409.jpg,train/images/sewer_o8use_006409.jpg,D:\Study Material\Sem VI\Projects\PBL2\RoadEye\dataset_crack\final_dataset_v5\train\labels\sewer_o8use_006409.txt,0,1
train,D:\Study Material\Sem VI\Projects\PBL2\RoadEye\dataset_crack\final_dataset_v5\train\images\sewer_o8use_006436.jpg,train/images/sewer_o8use_006436.jpg,D:\Study Material\Sem VI\Projects\PBL2\RoadEye\dataset_crack\final_dataset_v5\train\labels\sewer_o8use_006436.txt,0,1
train,D:\Study Material\Sem VI\Projects\PBL2\RoadEye\dataset_crack\final_dataset_v5\train\images\sewer_o8use_006458.jpg,train/images/sewer_o8use_006458.jpg,D:\Study Material\Sem VI\Projects\PBL2\RoadEye\dataset_crack\final_dataset_v5\train\labels\sewer_o8use_006458.txt,1,0
train,D:\Study Material\Sem VI\Projects\PBL2\RoadEye\dataset_crack\final_dataset_v5\train\images\sewer_o8use_006470.jpg,train/images/sewer_o8use_006470.jpg,D:\Study Material\Sem VI\Projects\PBL2\RoadEye\dataset_crack\final_dataset_v5\train\labels\sewer_o8use_006470.txt,1,1
train,D:\Study Material\Sem VI\Projects\PBL2\RoadEye\dataset_crack\final_dataset_v5\train\images\sewer_o8use_006514.jpg,train/images/sewer_o8use_006514.jpg,D:\Study Material\Sem VI\Projects\PBL2\RoadEye\dataset_crack\final_dataset_v5\train\labels\sewer_o8use_006514.txt,1,0
train,D:\Study Material\Sem VI\Projects\PBL2\RoadEye\dataset_crack\final_dataset_v5\train\images\sewer_o8use_006594.jpg,train/images/sewer_o8use_006594.jpg,D:\Study Material\Sem VI\Projects\PBL2\RoadEye\dataset_crack\final_dataset_v5\train\labels\sewer_o8use_006594.txt,1,0
train,D:\Study Material\Sem VI\Projects\PBL2\RoadEye\dataset_crack\final_dataset_v5\train\images\sewer_o8use_006610.jpg,train/images/sewer_o8use_006610.jpg,D:\Study Material\Sem VI\Projects\PBL2\RoadEye\dataset_crack\final_dataset_v5\train\labels\sewer_o8use_006610.txt,1,0
train,D:\Study Material\Sem VI\Projects\PBL2\RoadEye\dataset_crack\final_dataset_v5\train\images\sewer_o8use_006618.jpg,train/images/sewer_o8use_006618.jpg,D:\Study Material\Sem VI\Projects\PBL2\RoadEye\dataset_crack\final_dataset_v5\train\labels\sewer_o8use_006618.txt,1,0
train,D:\Study Material\Sem VI\Projects\PBL2\RoadEye\dataset_crack\final_dataset_v5\train\images\sewer_o8use_006657.jpg,train/images/sewer_o8use_006657.jpg,D:\Study Material\Sem VI\Projects\PBL2\RoadEye\dataset_crack\final_dataset_v5\train\labels\sewer_o8use_006657.txt,1,0
train,D:\Study Material\Sem VI\Projects\PBL2\RoadEye\dataset_crack\final_dataset_v5\train\images\sewer_o8use_006670.jpg,train/images/sewer_o8use_006670.jpg,D:\Study Material\Sem VI\Projects\PBL2\RoadEye\dataset_crack\final_dataset_v5\train\labels\sewer_o8use_006670.txt,1,0
train,D:\Study Material\Sem VI\Projects\PBL2\RoadEye\dataset_crack\final_dataset_v5\train\images\sewer_o8use_006683.jpg,train/images/sewer_o8use_006683.jpg,D:\Study Material\Sem VI\Projects\PBL2\RoadEye\dataset_crack\final_dataset_v5\train\labels\sewer_o8use_006683.txt,1,0
train,D:\Study Material\Sem VI\Projects\PBL2\RoadEye\dataset_crack\final_dataset_v5\train\images\sewer_o8use_006684.jpg,train/images/sewer_o8use_006684.jpg,D:\Study Material\Sem VI\Projects\PBL2\RoadEye\dataset_crack\final_dataset_v5\train\labels\sewer_o8use_006684.txt,1,0
train,D:\Study Material\Sem VI\Projects\PBL2\RoadEye\dataset_crack\final_dataset_v5\train\images\sewer_o8use_006712.jpg,train/images/sewer_o8use_006712.jpg,D:\Study Material\Sem VI\Projects\PBL2\RoadEye\dataset_crack\final_dataset_v5\train\labels\sewer_o8use_006712.txt,1,0
train,D:\Study Material\Sem VI\Projects\PBL2\RoadEye\dataset_crack\final_dataset_v5\train\images\sewer_o8use_006714.jpg,train/images/sewer_o8use_006714.jpg,D:\Study Material\Sem VI\Projects\PBL2\RoadEye\dataset_crack\final_dataset_v5\train\labels\sewer_o8use_006714.txt,0,1
train,D:\Study Material\Sem VI\Projects\PBL2\RoadEye\dataset_crack\final_dataset_v5\train\images\sewer_o8use_006730.jpg,train/images/sewer_o8use_006730.jpg,D:\Study Material\Sem VI\Projects\PBL2\RoadEye\dataset_crack\final_dataset_v5\train\labels\sewer_o8use_006730.txt,1,0
train,D:\Study Material\Sem VI\Projects\PBL2\RoadEye\dataset_crack\final_dataset_v5\train\images\sewer_o8use_006732.jpg,train/images/sewer_o8use_006732.jpg,D:\Study Material\Sem VI\Projects\PBL2\RoadEye\dataset_crack\final_dataset_v5\train\labels\sewer_o8use_006732.txt,1,0
train,D:\Study Material\Sem VI\Projects\PBL2\RoadEye\dataset_crack\final_dataset_v5\train\images\sewer_o8use_006775.jpg,train/images/sewer_o8use_006775.jpg,D:\Study Material\Sem VI\Projects\PBL2\RoadEye\dataset_crack\final_dataset_v5\train\labels\sewer_o8use_006775.txt,1,0
train,D:\Study Material\Sem VI\Projects\PBL2\RoadEye\dataset_crack\final_dataset_v5\train\images\sewer_o8use_006780.jpg,train/images/sewer_o8use_006780.jpg,D:\Study Material\Sem VI\Projects\PBL2\RoadEye\dataset_crack\final_dataset_v5\train\labels\sewer_o8use_006780.txt,1,0
train,D:\Study Material\Sem VI\Projects\PBL2\RoadEye\dataset_crack\final_dataset_v5\train\images\sewer_o8use_006784.jpg,train/images/sewer_o8use_006784.jpg,D:\Study Material\Sem VI\Projects\PBL2\RoadEye\dataset_crack\final_dataset_v5\train\labels\sewer_o8use_006784.txt,0,1
train,D:\Study Material\Sem VI\Projects\PBL2\RoadEye\dataset_crack\final_dataset_v5\train\images\sewer_o8use_006789.jpg,train/images/sewer_o8use_006789.jpg,D:\Study Material\Sem VI\Projects\PBL2\RoadEye\dataset_crack\final_dataset_v5\train\labels\sewer_o8use_006789.txt,1,0
train,D:\Study Material\Sem VI\Projects\PBL2\RoadEye\dataset_crack\final_dataset_v5\train\images\sewer_o8use_006820.jpg,train/images/sewer_o8use_006820.jpg,D:\Study Material\Sem VI\Projects\PBL2\RoadEye\dataset_crack\final_dataset_v5\train\labels\sewer_o8use_006820.txt,1,1
train,D:\Study Material\Sem VI\Projects\PBL2\RoadEye\dataset_crack\final_dataset_v5\train\images\sewer_o8use_006867.jpg,train/images/sewer_o8use_006867.jpg,D:\Study Material\Sem VI\Projects\PBL2\RoadEye\dataset_crack\final_dataset_v5\train\labels\sewer_o8use_006867.txt,1,0
train,D:\Study Material\Sem VI\Projects\PBL2\RoadEye\dataset_crack\final_dataset_v5\train\images\sewer_o8use_006875.jpg,train/images/sewer_o8use_006875.jpg,D:\Study Material\Sem VI\Projects\PBL2\RoadEye\dataset_crack\final_dataset_v5\train\labels\sewer_o8use_006875.txt,1,0
train,D:\Study Material\Sem VI\Projects\PBL2\RoadEye\dataset_crack\final_dataset_v5\train\images\sewer_o8use_006885.jpg,train/images/sewer_o8use_006885.jpg,D:\Study Material\Sem VI\Projects\PBL2\RoadEye\dataset_crack\final_dataset_v5\train\labels\sewer_o8use_006885.txt,1,0
train,D:\Study Material\Sem VI\Projects\PBL2\RoadEye\dataset_crack\final_dataset_v5\train\images\sewer_o8use_006901.jpg,train/images/sewer_o8use_006901.jpg,D:\Study Material\Sem VI\Projects\PBL2\RoadEye\dataset_crack\final_dataset_v5\train\labels\sewer_o8use_006901.txt,1,0
train,D:\Study Material\Sem VI\Projects\PBL2\RoadEye\dataset_crack\final_dataset_v5\train\images\sewer_o8use_006921.jpg,train/images/sewer_o8use_006921.jpg,D:\Study Material\Sem VI\Projects\PBL2\RoadEye\dataset_crack\final_dataset_v5\train\labels\sewer_o8use_006921.txt,1,0
train,D:\Study Material\Sem VI\Projects\PBL2\RoadEye\dataset_crack\final_dataset_v5\train\images\sewer_o8use_006940.jpg,train/images/sewer_o8use_006940.jpg,D:\Study Material\Sem VI\Projects\PBL2\RoadEye\dataset_crack\final_dataset_v5\train\labels\sewer_o8use_006940.txt,1,0
train,D:\Study Material\Sem VI\Projects\PBL2\RoadEye\dataset_crack\final_dataset_v5\train\images\sewer_o8use_006968.jpg,train/images/sewer_o8use_006968.jpg,D:\Study Material\Sem VI\Projects\PBL2\RoadEye\dataset_crack\final_dataset_v5\train\labels\sewer_o8use_006968.txt,2,0
train,D:\Study Material\Sem VI\Projects\PBL2\RoadEye\dataset_crack\final_dataset_v5\train\images\sewer_o8use_006973.jpg,train/images/sewer_o8use_006973.jpg,D:\Study Material\Sem VI\Projects\PBL2\RoadEye\dataset_crack\final_dataset_v5\train\labels\sewer_o8use_006973.txt,2,0
train,D:\Study Material\Sem VI\Projects\PBL2\RoadEye\dataset_crack\final_dataset_v5\train\images\sewer_o8use_006991.jpg,train/images/sewer_o8use_006991.jpg,D:\Study Material\Sem VI\Projects\PBL2\RoadEye\dataset_crack\final_dataset_v5\train\labels\sewer_o8use_006991.txt,1,0
train,D:\Study Material\Sem VI\Projects\PBL2\RoadEye\dataset_crack\final_dataset_v5\train\images\sewer_o8use_007012.jpg,train/images/sewer_o8use_007012.jpg,D:\Study Material\Sem VI\Projects\PBL2\RoadEye\dataset_crack\final_dataset_v5\train\labels\sewer_o8use_007012.txt,1,0
train,D:\Study Material\Sem VI\Projects\PBL2\RoadEye\dataset_crack\final_dataset_v5\train\images\sewer_o8use_007016.jpg,train/images/sewer_o8use_007016.jpg,D:\Study Material\Sem VI\Projects\PBL2\RoadEye\dataset_crack\final_dataset_v5\train\labels\sewer_o8use_007016.txt,1,0
train,D:\Study Material\Sem VI\Projects\PBL2\RoadEye\dataset_crack\final_dataset_v5\train\images\sewer_o8use_007075.jpg,train/images/sewer_o8use_007075.jpg,D:\Study Material\Sem VI\Projects\PBL2\RoadEye\dataset_crack\final_dataset_v5\train\labels\sewer_o8use_007075.txt,1,0
train,D:\Study Material\Sem VI\Projects\PBL2\RoadEye\dataset_crack\final_dataset_v5\train\images\sewer_o8use_007090.jpg,train/images/sewer_o8use_007090.jpg,D:\Study Material\Sem VI\Projects\PBL2\RoadEye\dataset_crack\final_dataset_v5\train\labels\sewer_o8use_007090.txt,2,0
train,D:\Study Material\Sem VI\Projects\PBL2\RoadEye\dataset_crack\final_dataset_v5\train\images\sewer_o8use_007100.jpg,train/images/sewer_o8use_007100.jpg,D:\Study Material\Sem VI\Projects\PBL2\RoadEye\dataset_crack\final_dataset_v5\train\labels\sewer_o8use_007100.txt,1,0
train,D:\Study Material\Sem VI\Projects\PBL2\RoadEye\dataset_crack\final_dataset_v5\train\images\sewer_o8use_007102.jpg,train/images/sewer_o8use_007102.jpg,D:\Study Material\Sem VI\Projects\PBL2\RoadEye\dataset_crack\final_dataset_v5\train\labels\sewer_o8use_007102.txt,1,0
train,D:\Study Material\Sem VI\Projects\PBL2\RoadEye\dataset_crack\final_dataset_v5\train\images\sewer_o8use_007103.jpg,train/images/sewer_o8use_007103.jpg,D:\Study Material\Sem VI\Projects\PBL2\RoadEye\dataset_crack\final_dataset_v5\train\labels\sewer_o8use_007103.txt,1,0
train,D:\Study Material\Sem VI\Projects\PBL2\RoadEye\dataset_crack\final_dataset_v5\train\images\sewer_o8use_007145.jpg,train/images/sewer_o8use_007145.jpg,D:\Study Material\Sem VI\Projects\PBL2\RoadEye\dataset_crack\final_dataset_v5\train\labels\sewer_o8use_007145.txt,1,0
train,D:\Study Material\Sem VI\Projects\PBL2\RoadEye\dataset_crack\final_dataset_v5\train\images\sewer_o8use_007148.jpg,train/images/sewer_o8use_007148.jpg,D:\Study Material\Sem VI\Projects\PBL2\RoadEye\dataset_crack\final_dataset_v5\train\labels\sewer_o8use_007148.txt,0,1
train,D:\Study Material\Sem VI\Projects\PBL2\RoadEye\dataset_crack\final_dataset_v5\train\images\sewer_o8use_007156.jpg,train/images/sewer_o8use_007156.jpg,D:\Study Material\Sem VI\Projects\PBL2\RoadEye\dataset_crack\final_dataset_v5\train\labels\sewer_o8use_007156.txt,1,0
train,D:\Study Material\Sem VI\Projects\PBL2\RoadEye\dataset_crack\final_dataset_v5\train\images\sewer_o8use_007164.jpg,train/images/sewer_o8use_007164.jpg,D:\Study Material\Sem VI\Projects\PBL2\RoadEye\dataset_crack\final_dataset_v5\train\labels\sewer_o8use_007164.txt,1,0
train,D:\Study Material\Sem VI\Projects\PBL2\RoadEye\dataset_crack\final_dataset_v5\train\images\sewer_o8use_007197.jpg,train/images/sewer_o8use_007197.jpg,D:\Study Material\Sem VI\Projects\PBL2\RoadEye\dataset_crack\final_dataset_v5\train\labels\sewer_o8use_007197.txt,1,0
train,D:\Study Material\Sem VI\Projects\PBL2\RoadEye\dataset_crack\final_dataset_v5\train\images\sewer_o8use_007204.jpg,train/images/sewer_o8use_007204.jpg,D:\Study Material\Sem VI\Projects\PBL2\RoadEye\dataset_crack\final_dataset_v5\train\labels\sewer_o8use_007204.txt,1,0
train,D:\Study Material\Sem VI\Projects\PBL2\RoadEye\dataset_crack\final_dataset_v5\train\images\sewer_o8use_007227.jpg,train/images/sewer_o8use_007227.jpg,D:\Study Material\Sem VI\Projects\PBL2\RoadEye\dataset_crack\final_dataset_v5\train\labels\sewer_o8use_007227.txt,1,0
train,D:\Study Material\Sem VI\Projects\PBL2\RoadEye\dataset_crack\final_dataset_v5\train\images\sewer_o8use_007249.jpg,train/images/sewer_o8use_007249.jpg,D:\Study Material\Sem VI\Projects\PBL2\RoadEye\dataset_crack\final_dataset_v5\train\labels\sewer_o8use_007249.txt,1,0
train,D:\Study Material\Sem VI\Projects\PBL2\RoadEye\dataset_crack\final_dataset_v5\train\images\sewer_o8use_007250.jpg,train/images/sewer_o8use_007250.jpg,D:\Study Material\Sem VI\Projects\PBL2\RoadEye\dataset_crack\final_dataset_v5\train\labels\sewer_o8use_007250.txt,1,0
train,D:\Study Material\Sem VI\Projects\PBL2\RoadEye\dataset_crack\final_dataset_v5\train\images\sewer_o8use_007274.jpg,train/images/sewer_o8use_007274.jpg,D:\Study Material\Sem VI\Projects\PBL2\RoadEye\dataset_crack\final_dataset_v5\train\labels\sewer_o8use_007274.txt,1,1
train,D:\Study Material\Sem VI\Projects\PBL2\RoadEye\dataset_crack\final_dataset_v5\train\images\sewer_o8use_007287.jpg,train/images/sewer_o8use_007287.jpg,D:\Study Material\Sem VI\Projects\PBL2\RoadEye\dataset_crack\final_dataset_v5\train\labels\sewer_o8use_007287.txt,0,1
train,D:\Study Material\Sem VI\Projects\PBL2\RoadEye\dataset_crack\final_dataset_v5\train\images\sewer_o8use_007288.jpg,train/images/sewer_o8use_007288.jpg,D:\Study Material\Sem VI\Projects\PBL2\RoadEye\dataset_crack\final_dataset_v5\train\labels\sewer_o8use_007288.txt,0,1
train,D:\Study Material\Sem VI\Projects\PBL2\RoadEye\dataset_crack\final_dataset_v5\train\images\sewer_o8use_007290.jpg,train/images/sewer_o8use_007290.jpg,D:\Study Material\Sem VI\Projects\PBL2\RoadEye\dataset_crack\final_dataset_v5\train\labels\sewer_o8use_007290.txt,1,0
train,D:\Study Material\Sem VI\Projects\PBL2\RoadEye\dataset_crack\final_dataset_v5\train\images\sewer_o8use_007291.jpg,train/images/sewer_o8use_007291.jpg,D:\Study Material\Sem VI\Projects\PBL2\RoadEye\dataset_crack\final_dataset_v5\train\labels\sewer_o8use_007291.txt,1,0
train,D:\Study Material\Sem VI\Projects\PBL2\RoadEye\dataset_crack\final_dataset_v5\train\images\sewer_o8use_007298.jpg,train/images/sewer_o8use_007298.jpg,D:\Study Material\Sem VI\Projects\PBL2\RoadEye\dataset_crack\final_dataset_v5\train\labels\sewer_o8use_007298.txt,1,0
train,D:\Study Material\Sem VI\Projects\PBL2\RoadEye\dataset_crack\final_dataset_v5\train\images\sewer_o8use_007307.jpg,train/images/sewer_o8use_007307.jpg,D:\Study Material\Sem VI\Projects\PBL2\RoadEye\dataset_crack\final_dataset_v5\train\labels\sewer_o8use_007307.txt,1,0
train,D:\Study Material\Sem VI\Projects\PBL2\RoadEye\dataset_crack\final_dataset_v5\train\images\sewer_o8use_007342.jpg,train/images/sewer_o8use_007342.jpg,D:\Study Material\Sem VI\Projects\PBL2\RoadEye\dataset_crack\final_dataset_v5\train\labels\sewer_o8use_007342.txt,2,1
train,D:\Study Material\Sem VI\Projects\PBL2\RoadEye\dataset_crack\final_dataset_v5\train\images\sewer_o8use_007351.jpg,train/images/sewer_o8use_007351.jpg,D:\Study Material\Sem VI\Projects\PBL2\RoadEye\dataset_crack\final_dataset_v5\train\labels\sewer_o8use_007351.txt,2,1
train,D:\Study Material\Sem VI\Projects\PBL2\RoadEye\dataset_crack\final_dataset_v5\train\images\sewer_o8use_007388.jpg,train/images/sewer_o8use_007388.jpg,D:\Study Material\Sem VI\Projects\PBL2\RoadEye\dataset_crack\final_dataset_v5\train\labels\sewer_o8use_007388.txt,1,0
train,D:\Study Material\Sem VI\Projects\PBL2\RoadEye\dataset_crack\final_dataset_v5\train\images\sewer_o8use_007402.jpg,train/images/sewer_o8use_007402.jpg,D:\Study Material\Sem VI\Projects\PBL2\RoadEye\dataset_crack\final_dataset_v5\train\labels\sewer_o8use_007402.txt,1,0
train,D:\Study Material\Sem VI\Projects\PBL2\RoadEye\dataset_crack\final_dataset_v5\train\images\sewer_o8use_007406.jpg,train/images/sewer_o8use_007406.jpg,D:\Study Material\Sem VI\Projects\PBL2\RoadEye\dataset_crack\final_dataset_v5\train\labels\sewer_o8use_007406.txt,1,0
train,D:\Study Material\Sem VI\Projects\PBL2\RoadEye\dataset_crack\final_dataset_v5\train\images\sewer_o8use_007412.jpg,train/images/sewer_o8use_007412.jpg,D:\Study Material\Sem VI\Projects\PBL2\RoadEye\dataset_crack\final_dataset_v5\train\labels\sewer_o8use_007412.txt,1,1
train,D:\Study Material\Sem VI\Projects\PBL2\RoadEye\dataset_crack\final_dataset_v5\train\images\sewer_o8use_007423.jpg,train/images/sewer_o8use_007423.jpg,D:\Study Material\Sem VI\Projects\PBL2\RoadEye\dataset_crack\final_dataset_v5\train\labels\sewer_o8use_007423.txt,1,0
train,D:\Study Material\Sem VI\Projects\PBL2\RoadEye\dataset_crack\final_dataset_v5\train\images\sewer_o8use_007453.jpg,train/images/sewer_o8use_007453.jpg,D:\Study Material\Sem VI\Projects\PBL2\RoadEye\dataset_crack\final_dataset_v5\train\labels\sewer_o8use_007453.txt,1,1
train,D:\Study Material\Sem VI\Projects\PBL2\RoadEye\dataset_crack\final_dataset_v5\train\images\sewer_o8use_007457.jpg,train/images/sewer_o8use_007457.jpg,D:\Study Material\Sem VI\Projects\PBL2\RoadEye\dataset_crack\final_dataset_v5\train\labels\sewer_o8use_007457.txt,1,0
train,D:\Study Material\Sem VI\Projects\PBL2\RoadEye\dataset_crack\final_dataset_v5\train\images\sewer_o8use_007477.jpg,train/images/sewer_o8use_007477.jpg,D:\Study Material\Sem VI\Projects\PBL2\RoadEye\dataset_crack\final_dataset_v5\train\labels\sewer_o8use_007477.txt,1,0
train,D:\Study Material\Sem VI\Projects\PBL2\RoadEye\dataset_crack\final_dataset_v5\train\images\sewer_o8use_007490.jpg,train/images/sewer_o8use_007490.jpg,D:\Study Material\Sem VI\Projects\PBL2\RoadEye\dataset_crack\final_dataset_v5\train\labels\sewer_o8use_007490.txt,1,0
train,D:\Study Material\Sem VI\Projects\PBL2\RoadEye\dataset_crack\final_dataset_v5\train\images\sewer_o8use_007493.jpg,train/images/sewer_o8use_007493.jpg,D:\Study Material\Sem VI\Projects\PBL2\RoadEye\dataset_crack\final_dataset_v5\train\labels\sewer_o8use_007493.txt,1,0
train,D:\Study Material\Sem VI\Projects\PBL2\RoadEye\dataset_crack\final_dataset_v5\train\images\sewer_o8use_007507.jpg,train/images/sewer_o8use_007507.jpg,D:\Study Material\Sem VI\Projects\PBL2\RoadEye\dataset_crack\final_dataset_v5\train\labels\sewer_o8use_007507.txt,1,0
train,D:\Study Material\Sem VI\Projects\PBL2\RoadEye\dataset_crack\final_dataset_v5\train\images\sewer_o8use_007529.jpg,train/images/sewer_o8use_007529.jpg,D:\Study Material\Sem VI\Projects\PBL2\RoadEye\dataset_crack\final_dataset_v5\train\labels\sewer_o8use_007529.txt,1,0
train,D:\Study Material\Sem VI\Projects\PBL2\RoadEye\dataset_crack\final_dataset_v5\train\images\sewer_o8use_007572.jpg,train/images/sewer_o8use_007572.jpg,D:\Study Material\Sem VI\Projects\PBL2\RoadEye\dataset_crack\final_dataset_v5\train\labels\sewer_o8use_007572.txt,0,1
train,D:\Study Material\Sem VI\Projects\PBL2\RoadEye\dataset_crack\final_dataset_v5\train\images\sewer_o8use_007596.jpg,train/images/sewer_o8use_007596.jpg,D:\Study Material\Sem VI\Projects\PBL2\RoadEye\dataset_crack\final_dataset_v5\train\labels\sewer_o8use_007596.txt,1,0
train,D:\Study Material\Sem VI\Projects\PBL2\RoadEye\dataset_crack\final_dataset_v5\train\images\sewer_o8use_007603.jpg,train/images/sewer_o8use_007603.jpg,D:\Study Material\Sem VI\Projects\PBL2\RoadEye\dataset_crack\final_dataset_v5\train\labels\sewer_o8use_007603.txt,3,0
train,D:\Study Material\Sem VI\Projects\PBL2\RoadEye\dataset_crack\final_dataset_v5\train\images\sewer_o8use_007609.jpg,train/images/sewer_o8use_007609.jpg,D:\Study Material\Sem VI\Projects\PBL2\RoadEye\dataset_crack\final_dataset_v5\train\labels\sewer_o8use_007609.txt,1,0
train,D:\Study Material\Sem VI\Projects\PBL2\RoadEye\dataset_crack\final_dataset_v5\train\images\sewer_o8use_007618.jpg,train/images/sewer_o8use_007618.jpg,D:\Study Material\Sem VI\Projects\PBL2\RoadEye\dataset_crack\final_dataset_v5\train\labels\sewer_o8use_007618.txt,1,0
train,D:\Study Material\Sem VI\Projects\PBL2\RoadEye\dataset_crack\final_dataset_v5\train\images\sewer_o8use_007655.jpg,train/images/sewer_o8use_007655.jpg,D:\Study Material\Sem VI\Projects\PBL2\RoadEye\dataset_crack\final_dataset_v5\train\labels\sewer_o8use_007655.txt,0,1
train,D:\Study Material\Sem VI\Projects\PBL2\RoadEye\dataset_crack\final_dataset_v5\train\images\sewer_o8use_007684.jpg,train/images/sewer_o8use_007684.jpg,D:\Study Material\Sem VI\Projects\PBL2\RoadEye\dataset_crack\final_dataset_v5\train\labels\sewer_o8use_007684.txt,1,0
train,D:\Study Material\Sem VI\Projects\PBL2\RoadEye\dataset_crack\final_dataset_v5\train\images\sewer_o8use_007686.jpg,train/images/sewer_o8use_007686.jpg,D:\Study Material\Sem VI\Projects\PBL2\RoadEye\dataset_crack\final_dataset_v5\train\labels\sewer_o8use_007686.txt,1,0
train,D:\Study Material\Sem VI\Projects\PBL2\RoadEye\dataset_crack\final_dataset_v5\train\images\sewer_o8use_007700.jpg,train/images/sewer_o8use_007700.jpg,D:\Study Material\Sem VI\Projects\PBL2\RoadEye\dataset_crack\final_dataset_v5\train\labels\sewer_o8use_007700.txt,2,0
train,D:\Study Material\Sem VI\Projects\PBL2\RoadEye\dataset_crack\final_dataset_v5\train\images\sewer_o8use_007704.jpg,train/images/sewer_o8use_007704.jpg,D:\Study Material\Sem VI\Projects\PBL2\RoadEye\dataset_crack\final_dataset_v5\train\labels\sewer_o8use_007704.txt,1,0
train,D:\Study Material\Sem VI\Projects\PBL2\RoadEye\dataset_crack\final_dataset_v5\train\images\sewer_o8use_007748.jpg,train/images/sewer_o8use_007748.jpg,D:\Study Material\Sem VI\Projects\PBL2\RoadEye\dataset_crack\final_dataset_v5\train\labels\sewer_o8use_007748.txt,1,0
train,D:\Study Material\Sem VI\Projects\PBL2\RoadEye\dataset_crack\final_dataset_v5\train\images\sewer_o8use_007793.jpg,train/images/sewer_o8use_007793.jpg,D:\Study Material\Sem VI\Projects\PBL2\RoadEye\dataset_crack\final_dataset_v5\train\labels\sewer_o8use_007793.txt,1,0
train,D:\Study Material\Sem VI\Projects\PBL2\RoadEye\dataset_crack\final_dataset_v5\train\images\sewer_o8use_007802.jpg,train/images/sewer_o8use_007802.jpg,D:\Study Material\Sem VI\Projects\PBL2\RoadEye\dataset_crack\final_dataset_v5\train\labels\sewer_o8use_007802.txt,1,0
train,D:\Study Material\Sem VI\Projects\PBL2\RoadEye\dataset_crack\final_dataset_v5\train\images\sewer_o8use_007872.jpg,train/images/sewer_o8use_007872.jpg,D:\Study Material\Sem VI\Projects\PBL2\RoadEye\dataset_crack\final_dataset_v5\train\labels\sewer_o8use_007872.txt,0,1
train,D:\Study Material\Sem VI\Projects\PBL2\RoadEye\dataset_crack\final_dataset_v5\train\images\sewer_o8use_007891.jpg,train/images/sewer_o8use_007891.jpg,D:\Study Material\Sem VI\Projects\PBL2\RoadEye\dataset_crack\final_dataset_v5\train\labels\sewer_o8use_007891.txt,1,0
train,D:\Study Material\Sem VI\Projects\PBL2\RoadEye\dataset_crack\final_dataset_v5\train\images\sewer_o8use_007893.jpg,train/images/sewer_o8use_007893.jpg,D:\Study Material\Sem VI\Projects\PBL2\RoadEye\dataset_crack\final_dataset_v5\train\labels\sewer_o8use_007893.txt,1,0
train,D:\Study Material\Sem VI\Projects\PBL2\RoadEye\dataset_crack\final_dataset_v5\train\images\sewer_o8use_007903.jpg,train/images/sewer_o8use_007903.jpg,D:\Study Material\Sem VI\Projects\PBL2\RoadEye\dataset_crack\final_dataset_v5\train\labels\sewer_o8use_007903.txt,1,0
train,D:\Study Material\Sem VI\Projects\PBL2\RoadEye\dataset_crack\final_dataset_v5\train\images\sewer_o8use_007913.jpg,train/images/sewer_o8use_007913.jpg,D:\Study Material\Sem VI\Projects\PBL2\RoadEye\dataset_crack\final_dataset_v5\train\labels\sewer_o8use_007913.txt,1,0
train,D:\Study Material\Sem VI\Projects\PBL2\RoadEye\dataset_crack\final_dataset_v5\train\images\sewer_o8use_007926.jpg,train/images/sewer_o8use_007926.jpg,D:\Study Material\Sem VI\Projects\PBL2\RoadEye\dataset_crack\final_dataset_v5\train\labels\sewer_o8use_007926.txt,1,0
train,D:\Study Material\Sem VI\Projects\PBL2\RoadEye\dataset_crack\final_dataset_v5\train\images\sewer_o8use_007937.jpg,train/images/sewer_o8use_007937.jpg,D:\Study Material\Sem VI\Projects\PBL2\RoadEye\dataset_crack\final_dataset_v5\train\labels\sewer_o8use_007937.txt,1,0
train,D:\Study Material\Sem VI\Projects\PBL2\RoadEye\dataset_crack\final_dataset_v5\train\images\sewer_o8use_007990.jpg,train/images/sewer_o8use_007990.jpg,D:\Study Material\Sem VI\Projects\PBL2\RoadEye\dataset_crack\final_dataset_v5\train\labels\sewer_o8use_007990.txt,1,0
train,D:\Study Material\Sem VI\Projects\PBL2\RoadEye\dataset_crack\final_dataset_v5\train\images\sewer_o8use_007999.jpg,train/images/sewer_o8use_007999.jpg,D:\Study Material\Sem VI\Projects\PBL2\RoadEye\dataset_crack\final_dataset_v5\train\labels\sewer_o8use_007999.txt,1,0
train,D:\Study Material\Sem VI\Projects\PBL2\RoadEye\dataset_crack\final_dataset_v5\train\images\sewer_o8use_008008.jpg,train/images/sewer_o8use_008008.jpg,D:\Study Material\Sem VI\Projects\PBL2\RoadEye\dataset_crack\final_dataset_v5\train\labels\sewer_o8use_008008.txt,1,0
train,D:\Study Material\Sem VI\Projects\PBL2\RoadEye\dataset_crack\final_dataset_v5\train\images\sewer_o8use_008010.jpg,train/images/sewer_o8use_008010.jpg,D:\Study Material\Sem VI\Projects\PBL2\RoadEye\dataset_crack\final_dataset_v5\train\labels\sewer_o8use_008010.txt,1,0
train,D:\Study Material\Sem VI\Projects\PBL2\RoadEye\dataset_crack\final_dataset_v5\train\images\sewer_o8use_008016.jpg,train/images/sewer_o8use_008016.jpg,D:\Study Material\Sem VI\Projects\PBL2\RoadEye\dataset_crack\final_dataset_v5\train\labels\sewer_o8use_008016.txt,1,0
train,D:\Study Material\Sem VI\Projects\PBL2\RoadEye\dataset_crack\final_dataset_v5\train\images\sewer_o8use_008027.jpg,train/images/sewer_o8use_008027.jpg,D:\Study Material\Sem VI\Projects\PBL2\RoadEye\dataset_crack\final_dataset_v5\train\labels\sewer_o8use_008027.txt,1,0
train,D:\Study Material\Sem VI\Projects\PBL2\RoadEye\dataset_crack\final_dataset_v5\train\images\sewer_o8use_008044.jpg,train/images/sewer_o8use_008044.jpg,D:\Study Material\Sem VI\Projects\PBL2\RoadEye\dataset_crack\final_dataset_v5\train\labels\sewer_o8use_008044.txt,1,0
train,D:\Study Material\Sem VI\Projects\PBL2\RoadEye\dataset_crack\final_dataset_v5\train\images\sewer_o8use_008045.jpg,train/images/sewer_o8use_008045.jpg,D:\Study Material\Sem VI\Projects\PBL2\RoadEye\dataset_crack\final_dataset_v5\train\labels\sewer_o8use_008045.txt,1,0
train,D:\Study Material\Sem VI\Projects\PBL2\RoadEye\dataset_crack\final_dataset_v5\train\images\sewer_o8use_008061.jpg,train/images/sewer_o8use_008061.jpg,D:\Study Material\Sem VI\Projects\PBL2\RoadEye\dataset_crack\final_dataset_v5\train\labels\sewer_o8use_008061.txt,1,1
train,D:\Study Material\Sem VI\Projects\PBL2\RoadEye\dataset_crack\final_dataset_v5\train\images\sewer_o8use_008090.jpg,train/images/sewer_o8use_008090.jpg,D:\Study Material\Sem VI\Projects\PBL2\RoadEye\dataset_crack\final_dataset_v5\train\labels\sewer_o8use_008090.txt,1,0
train,D:\Study Material\Sem VI\Projects\PBL2\RoadEye\dataset_crack\final_dataset_v5\train\images\sewer_o8use_008110.jpg,train/images/sewer_o8use_008110.jpg,D:\Study Material\Sem VI\Projects\PBL2\RoadEye\dataset_crack\final_dataset_v5\train\labels\sewer_o8use_008110.txt,1,1
train,D:\Study Material\Sem VI\Projects\PBL2\RoadEye\dataset_crack\final_dataset_v5\train\images\sewer_o8use_008119.jpg,train/images/sewer_o8use_008119.jpg,D:\Study Material\Sem VI\Projects\PBL2\RoadEye\dataset_crack\final_dataset_v5\train\labels\sewer_o8use_008119.txt,1,0
train,D:\Study Material\Sem VI\Projects\PBL2\RoadEye\dataset_crack\final_dataset_v5\train\images\sewer_o8use_008142.jpg,train/images/sewer_o8use_008142.jpg,D:\Study Material\Sem VI\Projects\PBL2\RoadEye\dataset_crack\final_dataset_v5\train\labels\sewer_o8use_008142.txt,1,0
train,D:\Study Material\Sem VI\Projects\PBL2\RoadEye\dataset_crack\final_dataset_v5\train\images\sewer_o8use_008146.jpg,train/images/sewer_o8use_008146.jpg,D:\Study Material\Sem VI\Projects\PBL2\RoadEye\dataset_crack\final_dataset_v5\train\labels\sewer_o8use_008146.txt,1,0
train,D:\Study Material\Sem VI\Projects\PBL2\RoadEye\dataset_crack\final_dataset_v5\train\images\sewer_o8use_008147.jpg,train/images/sewer_o8use_008147.jpg,D:\Study Material\Sem VI\Projects\PBL2\RoadEye\dataset_crack\final_dataset_v5\train\labels\sewer_o8use_008147.txt,1,0
train,D:\Study Material\Sem VI\Projects\PBL2\RoadEye\dataset_crack\final_dataset_v5\train\images\sewer_o8use_008177.jpg,train/images/sewer_o8use_008177.jpg,D:\Study Material\Sem VI\Projects\PBL2\RoadEye\dataset_crack\final_dataset_v5\train\labels\sewer_o8use_008177.txt,1,0
train,D:\Study Material\Sem VI\Projects\PBL2\RoadEye\dataset_crack\final_dataset_v5\train\images\sewer_o8use_008217.jpg,train/images/sewer_o8use_008217.jpg,D:\Study Material\Sem VI\Projects\PBL2\RoadEye\dataset_crack\final_dataset_v5\train\labels\sewer_o8use_008217.txt,0,1
train,D:\Study Material\Sem VI\Projects\PBL2\RoadEye\dataset_crack\final_dataset_v5\train\images\sewer_o8use_008242.jpg,train/images/sewer_o8use_008242.jpg,D:\Study Material\Sem VI\Projects\PBL2\RoadEye\dataset_crack\final_dataset_v5\train\labels\sewer_o8use_008242.txt,1,0
train,D:\Study Material\Sem VI\Projects\PBL2\RoadEye\dataset_crack\final_dataset_v5\train\images\sewer_o8use_008258.jpg,train/images/sewer_o8use_008258.jpg,D:\Study Material\Sem VI\Projects\PBL2\RoadEye\dataset_crack\final_dataset_v5\train\labels\sewer_o8use_008258.txt,1,1
train,D:\Study Material\Sem VI\Projects\PBL2\RoadEye\dataset_crack\final_dataset_v5\train\images\sewer_o8use_008268.jpg,train/images/sewer_o8use_008268.jpg,D:\Study Material\Sem VI\Projects\PBL2\RoadEye\dataset_crack\final_dataset_v5\train\labels\sewer_o8use_008268.txt,0,1
train,D:\Study Material\Sem VI\Projects\PBL2\RoadEye\dataset_crack\final_dataset_v5\train\images\sewer_o8use_008274.jpg,train/images/sewer_o8use_008274.jpg,D:\Study Material\Sem VI\Projects\PBL2\RoadEye\dataset_crack\final_dataset_v5\train\labels\sewer_o8use_008274.txt,2,0
train,D:\Study Material\Sem VI\Projects\PBL2\RoadEye\dataset_crack\final_dataset_v5\train\images\sewer_o8use_008361.jpg,train/images/sewer_o8use_008361.jpg,D:\Study Material\Sem VI\Projects\PBL2\RoadEye\dataset_crack\final_dataset_v5\train\labels\sewer_o8use_008361.txt,1,0
train,D:\Study Material\Sem VI\Projects\PBL2\RoadEye\dataset_crack\final_dataset_v5\train\images\sewer_o8use_008362.jpg,train/images/sewer_o8use_008362.jpg,D:\Study Material\Sem VI\Projects\PBL2\RoadEye\dataset_crack\final_dataset_v5\train\labels\sewer_o8use_008362.txt,2,0
train,D:\Study Material\Sem VI\Projects\PBL2\RoadEye\dataset_crack\final_dataset_v5\train\images\sewer_o8use_008366.jpg,train/images/sewer_o8use_008366.jpg,D:\Study Material\Sem VI\Projects\PBL2\RoadEye\dataset_crack\final_dataset_v5\train\labels\sewer_o8use_008366.txt,1,0
train,D:\Study Material\Sem VI\Projects\PBL2\RoadEye\dataset_crack\final_dataset_v5\train\images\sewer_o8use_008376.jpg,train/images/sewer_o8use_008376.jpg,D:\Study Material\Sem VI\Projects\PBL2\RoadEye\dataset_crack\final_dataset_v5\train\labels\sewer_o8use_008376.txt,0,1
train,D:\Study Material\Sem VI\Projects\PBL2\RoadEye\dataset_crack\final_dataset_v5\train\images\sewer_o8use_008380.jpg,train/images/sewer_o8use_008380.jpg,D:\Study Material\Sem VI\Projects\PBL2\RoadEye\dataset_crack\final_dataset_v5\train\labels\sewer_o8use_008380.txt,1,0
train,D:\Study Material\Sem VI\Projects\PBL2\RoadEye\dataset_crack\final_dataset_v5\train\images\sewer_o8use_008412.jpg,train/images/sewer_o8use_008412.jpg,D:\Study Material\Sem VI\Projects\PBL2\RoadEye\dataset_crack\final_dataset_v5\train\labels\sewer_o8use_008412.txt,1,0
train,D:\Study Material\Sem VI\Projects\PBL2\RoadEye\dataset_crack\final_dataset_v5\train\images\sewer_o8use_008415.jpg,train/images/sewer_o8use_008415.jpg,D:\Study Material\Sem VI\Projects\PBL2\RoadEye\dataset_crack\final_dataset_v5\train\labels\sewer_o8use_008415.txt,1,0
train,D:\Study Material\Sem VI\Projects\PBL2\RoadEye\dataset_crack\final_dataset_v5\train\images\sewer_o8use_008416.jpg,train/images/sewer_o8use_008416.jpg,D:\Study Material\Sem VI\Projects\PBL2\RoadEye\dataset_crack\final_dataset_v5\train\labels\sewer_o8use_008416.txt,0,1
train,D:\Study Material\Sem VI\Projects\PBL2\RoadEye\dataset_crack\final_dataset_v5\train\images\sewer_o8use_008431.jpg,train/images/sewer_o8use_008431.jpg,D:\Study Material\Sem VI\Projects\PBL2\RoadEye\dataset_crack\final_dataset_v5\train\labels\sewer_o8use_008431.txt,1,0
train,D:\Study Material\Sem VI\Projects\PBL2\RoadEye\dataset_crack\final_dataset_v5\train\images\sewer_o8use_008437.jpg,train/images/sewer_o8use_008437.jpg,D:\Study Material\Sem VI\Projects\PBL2\RoadEye\dataset_crack\final_dataset_v5\train\labels\sewer_o8use_008437.txt,1,0
train,D:\Study Material\Sem VI\Projects\PBL2\RoadEye\dataset_crack\final_dataset_v5\train\images\sewer_o8use_008452.jpg,train/images/sewer_o8use_008452.jpg,D:\Study Material\Sem VI\Projects\PBL2\RoadEye\dataset_crack\final_dataset_v5\train\labels\sewer_o8use_008452.txt,2,0
train,D:\Study Material\Sem VI\Projects\PBL2\RoadEye\dataset_crack\final_dataset_v5\train\images\sewer_o8use_008458.jpg,train/images/sewer_o8use_008458.jpg,D:\Study Material\Sem VI\Projects\PBL2\RoadEye\dataset_crack\final_dataset_v5\train\labels\sewer_o8use_008458.txt,1,0
train,D:\Study Material\Sem VI\Projects\PBL2\RoadEye\dataset_crack\final_dataset_v5\train\images\sewer_o8use_008518.jpg,train/images/sewer_o8use_008518.jpg,D:\Study Material\Sem VI\Projects\PBL2\RoadEye\dataset_crack\final_dataset_v5\train\labels\sewer_o8use_008518.txt,1,0
train,D:\Study Material\Sem VI\Projects\PBL2\RoadEye\dataset_crack\final_dataset_v5\train\images\sewer_o8use_008519.jpg,train/images/sewer_o8use_008519.jpg,D:\Study Material\Sem VI\Projects\PBL2\RoadEye\dataset_crack\final_dataset_v5\train\labels\sewer_o8use_008519.txt,0,1
train,D:\Study Material\Sem VI\Projects\PBL2\RoadEye\dataset_crack\final_dataset_v5\train\images\sewer_o8use_008528.jpg,train/images/sewer_o8use_008528.jpg,D:\Study Material\Sem VI\Projects\PBL2\RoadEye\dataset_crack\final_dataset_v5\train\labels\sewer_o8use_008528.txt,1,0
train,D:\Study Material\Sem VI\Projects\PBL2\RoadEye\dataset_crack\final_dataset_v5\train\images\sewer_o8use_008563.jpg,train/images/sewer_o8use_008563.jpg,D:\Study Material\Sem VI\Projects\PBL2\RoadEye\dataset_crack\final_dataset_v5\train\labels\sewer_o8use_008563.txt,2,0
train,D:\Study Material\Sem VI\Projects\PBL2\RoadEye\dataset_crack\final_dataset_v5\train\images\sewer_o8use_008570.jpg,train/images/sewer_o8use_008570.jpg,D:\Study Material\Sem VI\Projects\PBL2\RoadEye\dataset_crack\final_dataset_v5\train\labels\sewer_o8use_008570.txt,1,0
train,D:\Study Material\Sem VI\Projects\PBL2\RoadEye\dataset_crack\final_dataset_v5\train\images\sewer_o8use_008589.jpg,train/images/sewer_o8use_008589.jpg,D:\Study Material\Sem VI\Projects\PBL2\RoadEye\dataset_crack\final_dataset_v5\train\labels\sewer_o8use_008589.txt,1,0
train,D:\Study Material\Sem VI\Projects\PBL2\RoadEye\dataset_crack\final_dataset_v5\train\images\sewer_o8use_008604.jpg,train/images/sewer_o8use_008604.jpg,D:\Study Material\Sem VI\Projects\PBL2\RoadEye\dataset_crack\final_dataset_v5\train\labels\sewer_o8use_008604.txt,1,0
train,D:\Study Material\Sem VI\Projects\PBL2\RoadEye\dataset_crack\final_dataset_v5\train\images\sewer_o8use_008613.jpg,train/images/sewer_o8use_008613.jpg,D:\Study Material\Sem VI\Projects\PBL2\RoadEye\dataset_crack\final_dataset_v5\train\labels\sewer_o8use_008613.txt,1,0
train,D:\Study Material\Sem VI\Projects\PBL2\RoadEye\dataset_crack\final_dataset_v5\train\images\sewer_o8use_008642.jpg,train/images/sewer_o8use_008642.jpg,D:\Study Material\Sem VI\Projects\PBL2\RoadEye\dataset_crack\final_dataset_v5\train\labels\sewer_o8use_008642.txt,1,1
train,D:\Study Material\Sem VI\Projects\PBL2\RoadEye\dataset_crack\final_dataset_v5\train\images\sewer_o8use_008660.jpg,train/images/sewer_o8use_008660.jpg,D:\Study Material\Sem VI\Projects\PBL2\RoadEye\dataset_crack\final_dataset_v5\train\labels\sewer_o8use_008660.txt,1,1
train,D:\Study Material\Sem VI\Projects\PBL2\RoadEye\dataset_crack\final_dataset_v5\train\images\sewer_o8use_008662.jpg,train/images/sewer_o8use_008662.jpg,D:\Study Material\Sem VI\Projects\PBL2\RoadEye\dataset_crack\final_dataset_v5\train\labels\sewer_o8use_008662.txt,2,1
train,D:\Study Material\Sem VI\Projects\PBL2\RoadEye\dataset_crack\final_dataset_v5\train\images\sewer_o8use_008724.jpg,train/images/sewer_o8use_008724.jpg,D:\Study Material\Sem VI\Projects\PBL2\RoadEye\dataset_crack\final_dataset_v5\train\labels\sewer_o8use_008724.txt,0,1
train,D:\Study Material\Sem VI\Projects\PBL2\RoadEye\dataset_crack\final_dataset_v5\train\images\sewer_o8use_008726.jpg,train/images/sewer_o8use_008726.jpg,D:\Study Material\Sem VI\Projects\PBL2\RoadEye\dataset_crack\final_dataset_v5\train\labels\sewer_o8use_008726.txt,0,1
train,D:\Study Material\Sem VI\Projects\PBL2\RoadEye\dataset_crack\final_dataset_v5\train\images\sewer_o8use_008728.jpg,train/images/sewer_o8use_008728.jpg,D:\Study Material\Sem VI\Projects\PBL2\RoadEye\dataset_crack\final_dataset_v5\train\labels\sewer_o8use_008728.txt,1,0
train,D:\Study Material\Sem VI\Projects\PBL2\RoadEye\dataset_crack\final_dataset_v5\train\images\sewer_o8use_008748.jpg,train/images/sewer_o8use_008748.jpg,D:\Study Material\Sem VI\Projects\PBL2\RoadEye\dataset_crack\final_dataset_v5\train\labels\sewer_o8use_008748.txt,1,0
train,D:\Study Material\Sem VI\Projects\PBL2\RoadEye\dataset_crack\final_dataset_v5\train\images\sewer_o8use_008760.jpg,train/images/sewer_o8use_008760.jpg,D:\Study Material\Sem VI\Projects\PBL2\RoadEye\dataset_crack\final_dataset_v5\train\labels\sewer_o8use_008760.txt,1,0
train,D:\Study Material\Sem VI\Projects\PBL2\RoadEye\dataset_crack\final_dataset_v5\train\images\sewer_o8use_008784.jpg,train/images/sewer_o8use_008784.jpg,D:\Study Material\Sem VI\Projects\PBL2\RoadEye\dataset_crack\final_dataset_v5\train\labels\sewer_o8use_008784.txt,1,0
train,D:\Study Material\Sem VI\Projects\PBL2\RoadEye\dataset_crack\final_dataset_v5\train\images\sewer_o8use_008813.jpg,train/images/sewer_o8use_008813.jpg,D:\Study Material\Sem VI\Projects\PBL2\RoadEye\dataset_crack\final_dataset_v5\train\labels\sewer_o8use_008813.txt,1,0
train,D:\Study Material\Sem VI\Projects\PBL2\RoadEye\dataset_crack\final_dataset_v5\train\images\sewer_o8use_008816.jpg,train/images/sewer_o8use_008816.jpg,D:\Study Material\Sem VI\Projects\PBL2\RoadEye\dataset_crack\final_dataset_v5\train\labels\sewer_o8use_008816.txt,1,0
train,D:\Study Material\Sem VI\Projects\PBL2\RoadEye\dataset_crack\final_dataset_v5\train\images\sewer_o8use_008820.jpg,train/images/sewer_o8use_008820.jpg,D:\Study Material\Sem VI\Projects\PBL2\RoadEye\dataset_crack\final_dataset_v5\train\labels\sewer_o8use_008820.txt,1,0
train,D:\Study Material\Sem VI\Projects\PBL2\RoadEye\dataset_crack\final_dataset_v5\train\images\sewer_o8use_008827.jpg,train/images/sewer_o8use_008827.jpg,D:\Study Material\Sem VI\Projects\PBL2\RoadEye\dataset_crack\final_dataset_v5\train\labels\sewer_o8use_008827.txt,1,0
train,D:\Study Material\Sem VI\Projects\PBL2\RoadEye\dataset_crack\final_dataset_v5\train\images\sewer_o8use_008832.jpg,train/images/sewer_o8use_008832.jpg,D:\Study Material\Sem VI\Projects\PBL2\RoadEye\dataset_crack\final_dataset_v5\train\labels\sewer_o8use_008832.txt,1,0
train,D:\Study Material\Sem VI\Projects\PBL2\RoadEye\dataset_crack\final_dataset_v5\train\images\sewer_o8use_008837.jpg,train/images/sewer_o8use_008837.jpg,D:\Study Material\Sem VI\Projects\PBL2\RoadEye\dataset_crack\final_dataset_v5\train\labels\sewer_o8use_008837.txt,1,0
train,D:\Study Material\Sem VI\Projects\PBL2\RoadEye\dataset_crack\final_dataset_v5\train\images\sewer_o8use_008892.jpg,train/images/sewer_o8use_008892.jpg,D:\Study Material\Sem VI\Projects\PBL2\RoadEye\dataset_crack\final_dataset_v5\train\labels\sewer_o8use_008892.txt,1,0
train,D:\Study Material\Sem VI\Projects\PBL2\RoadEye\dataset_crack\final_dataset_v5\train\images\sewer_o8use_008894.jpg,train/images/sewer_o8use_008894.jpg,D:\Study Material\Sem VI\Projects\PBL2\RoadEye\dataset_crack\final_dataset_v5\train\labels\sewer_o8use_008894.txt,1,0
train,D:\Study Material\Sem VI\Projects\PBL2\RoadEye\dataset_crack\final_dataset_v5\train\images\sewer_o8use_008921.jpg,train/images/sewer_o8use_008921.jpg,D:\Study Material\Sem VI\Projects\PBL2\RoadEye\dataset_crack\final_dataset_v5\train\labels\sewer_o8use_008921.txt,1,0
train,D:\Study Material\Sem VI\Projects\PBL2\RoadEye\dataset_crack\final_dataset_v5\train\images\sewer_o8use_008938.jpg,train/images/sewer_o8use_008938.jpg,D:\Study Material\Sem VI\Projects\PBL2\RoadEye\dataset_crack\final_dataset_v5\train\labels\sewer_o8use_008938.txt,1,0
train,D:\Study Material\Sem VI\Projects\PBL2\RoadEye\dataset_crack\final_dataset_v5\train\images\sewer_o8use_008940.jpg,train/images/sewer_o8use_008940.jpg,D:\Study Material\Sem VI\Projects\PBL2\RoadEye\dataset_crack\final_dataset_v5\train\labels\sewer_o8use_008940.txt,1,0
train,D:\Study Material\Sem VI\Projects\PBL2\RoadEye\dataset_crack\final_dataset_v5\train\images\sewer_o8use_008972.jpg,train/images/sewer_o8use_008972.jpg,D:\Study Material\Sem VI\Projects\PBL2\RoadEye\dataset_crack\final_dataset_v5\train\labels\sewer_o8use_008972.txt,0,1
train,D:\Study Material\Sem VI\Projects\PBL2\RoadEye\dataset_crack\final_dataset_v5\train\images\sewer_o8use_008978.jpg,train/images/sewer_o8use_008978.jpg,D:\Study Material\Sem VI\Projects\PBL2\RoadEye\dataset_crack\final_dataset_v5\train\labels\sewer_o8use_008978.txt,1,0
train,D:\Study Material\Sem VI\Projects\PBL2\RoadEye\dataset_crack\final_dataset_v5\train\images\sewer_o8use_009002.jpg,train/images/sewer_o8use_009002.jpg,D:\Study Material\Sem VI\Projects\PBL2\RoadEye\dataset_crack\final_dataset_v5\train\labels\sewer_o8use_009002.txt,1,0
train,D:\Study Material\Sem VI\Projects\PBL2\RoadEye\dataset_crack\final_dataset_v5\train\images\sewer_o8use_009003.jpg,train/images/sewer_o8use_009003.jpg,D:\Study Material\Sem VI\Projects\PBL2\RoadEye\dataset_crack\final_dataset_v5\train\labels\sewer_o8use_009003.txt,1,0
train,D:\Study Material\Sem VI\Projects\PBL2\RoadEye\dataset_crack\final_dataset_v5\train\images\sewer_o8use_009020.jpg,train/images/sewer_o8use_009020.jpg,D:\Study Material\Sem VI\Projects\PBL2\RoadEye\dataset_crack\final_dataset_v5\train\labels\sewer_o8use_009020.txt,1,0
train,D:\Study Material\Sem VI\Projects\PBL2\RoadEye\dataset_crack\final_dataset_v5\train\images\sewer_o8use_009027.jpg,train/images/sewer_o8use_009027.jpg,D:\Study Material\Sem VI\Projects\PBL2\RoadEye\dataset_crack\final_dataset_v5\train\labels\sewer_o8use_009027.txt,1,0
train,D:\Study Material\Sem VI\Projects\PBL2\RoadEye\dataset_crack\final_dataset_v5\train\images\sewer_o8use_009028.jpg,train/images/sewer_o8use_009028.jpg,D:\Study Material\Sem VI\Projects\PBL2\RoadEye\dataset_crack\final_dataset_v5\train\labels\sewer_o8use_009028.txt,1,0
train,D:\Study Material\Sem VI\Projects\PBL2\RoadEye\dataset_crack\final_dataset_v5\train\images\sewer_o8use_009073.jpg,train/images/sewer_o8use_009073.jpg,D:\Study Material\Sem VI\Projects\PBL2\RoadEye\dataset_crack\final_dataset_v5\train\labels\sewer_o8use_009073.txt,1,0
train,D:\Study Material\Sem VI\Projects\PBL2\RoadEye\dataset_crack\final_dataset_v5\train\images\sewer_o8use_009076.jpg,train/images/sewer_o8use_009076.jpg,D:\Study Material\Sem VI\Projects\PBL2\RoadEye\dataset_crack\final_dataset_v5\train\labels\sewer_o8use_009076.txt,1,0
train,D:\Study Material\Sem VI\Projects\PBL2\RoadEye\dataset_crack\final_dataset_v5\train\images\sewer_o8use_009097.jpg,train/images/sewer_o8use_009097.jpg,D:\Study Material\Sem VI\Projects\PBL2\RoadEye\dataset_crack\final_dataset_v5\train\labels\sewer_o8use_009097.txt,1,0
train,D:\Study Material\Sem VI\Projects\PBL2\RoadEye\dataset_crack\final_dataset_v5\train\images\sewer_o8use_009185.jpg,train/images/sewer_o8use_009185.jpg,D:\Study Material\Sem VI\Projects\PBL2\RoadEye\dataset_crack\final_dataset_v5\train\labels\sewer_o8use_009185.txt,0,1
train,D:\Study Material\Sem VI\Projects\PBL2\RoadEye\dataset_crack\final_dataset_v5\train\images\sewer_o8use_009188.jpg,train/images/sewer_o8use_009188.jpg,D:\Study Material\Sem VI\Projects\PBL2\RoadEye\dataset_crack\final_dataset_v5\train\labels\sewer_o8use_009188.txt,1,0
train,D:\Study Material\Sem VI\Projects\PBL2\RoadEye\dataset_crack\final_dataset_v5\train\images\sewer_o8use_009223.jpg,train/images/sewer_o8use_009223.jpg,D:\Study Material\Sem VI\Projects\PBL2\RoadEye\dataset_crack\final_dataset_v5\train\labels\sewer_o8use_009223.txt,1,0
train,D:\Study Material\Sem VI\Projects\PBL2\RoadEye\dataset_crack\final_dataset_v5\train\images\sewer_o8use_009250.jpg,train/images/sewer_o8use_009250.jpg,D:\Study Material\Sem VI\Projects\PBL2\RoadEye\dataset_crack\final_dataset_v5\train\labels\sewer_o8use_009250.txt,0,1
train,D:\Study Material\Sem VI\Projects\PBL2\RoadEye\dataset_crack\final_dataset_v5\train\images\sewer_o8use_009270.jpg,train/images/sewer_o8use_009270.jpg,D:\Study Material\Sem VI\Projects\PBL2\RoadEye\dataset_crack\final_dataset_v5\train\labels\sewer_o8use_009270.txt,1,0
train,D:\Study Material\Sem VI\Projects\PBL2\RoadEye\dataset_crack\final_dataset_v5\train\images\sewer_o8use_009281.jpg,train/images/sewer_o8use_009281.jpg,D:\Study Material\Sem VI\Projects\PBL2\RoadEye\dataset_crack\final_dataset_v5\train\labels\sewer_o8use_009281.txt,1,1
train,D:\Study Material\Sem VI\Projects\PBL2\RoadEye\dataset_crack\final_dataset_v5\train\images\sewer_o8use_009328.jpg,train/images/sewer_o8use_009328.jpg,D:\Study Material\Sem VI\Projects\PBL2\RoadEye\dataset_crack\final_dataset_v5\train\labels\sewer_o8use_009328.txt,1,0
train,D:\Study Material\Sem VI\Projects\PBL2\RoadEye\dataset_crack\final_dataset_v5\train\images\sewer_o8use_009357.jpg,train/images/sewer_o8use_009357.jpg,D:\Study Material\Sem VI\Projects\PBL2\RoadEye\dataset_crack\final_dataset_v5\train\labels\sewer_o8use_009357.txt,1,0
train,D:\Study Material\Sem VI\Projects\PBL2\RoadEye\dataset_crack\final_dataset_v5\train\images\sewer_o8use_009380.jpg,train/images/sewer_o8use_009380.jpg,D:\Study Material\Sem VI\Projects\PBL2\RoadEye\dataset_crack\final_dataset_v5\train\labels\sewer_o8use_009380.txt,1,0
train,D:\Study Material\Sem VI\Projects\PBL2\RoadEye\dataset_crack\final_dataset_v5\train\images\sewer_o8use_009445.jpg,train/images/sewer_o8use_009445.jpg,D:\Study Material\Sem VI\Projects\PBL2\RoadEye\dataset_crack\final_dataset_v5\train\labels\sewer_o8use_009445.txt,1,0
train,D:\Study Material\Sem VI\Projects\PBL2\RoadEye\dataset_crack\final_dataset_v5\train\images\sewer_o8use_009461.jpg,train/images/sewer_o8use_009461.jpg,D:\Study Material\Sem VI\Projects\PBL2\RoadEye\dataset_crack\final_dataset_v5\train\labels\sewer_o8use_009461.txt,2,1
train,D:\Study Material\Sem VI\Projects\PBL2\RoadEye\dataset_crack\final_dataset_v5\train\images\sewer_o8use_009481.jpg,train/images/sewer_o8use_009481.jpg,D:\Study Material\Sem VI\Projects\PBL2\RoadEye\dataset_crack\final_dataset_v5\train\labels\sewer_o8use_009481.txt,1,0
train,D:\Study Material\Sem VI\Projects\PBL2\RoadEye\dataset_crack\final_dataset_v5\train\images\sewer_o8use_009483.jpg,train/images/sewer_o8use_009483.jpg,D:\Study Material\Sem VI\Projects\PBL2\RoadEye\dataset_crack\final_dataset_v5\train\labels\sewer_o8use_009483.txt,1,0
train,D:\Study Material\Sem VI\Projects\PBL2\RoadEye\dataset_crack\final_dataset_v5\train\images\sewer_o8use_009529.jpg,train/images/sewer_o8use_009529.jpg,D:\Study Material\Sem VI\Projects\PBL2\RoadEye\dataset_crack\final_dataset_v5\train\labels\sewer_o8use_009529.txt,2,0
train,D:\Study Material\Sem VI\Projects\PBL2\RoadEye\dataset_crack\final_dataset_v5\train\images\sewer_o8use_009539.jpg,train/images/sewer_o8use_009539.jpg,D:\Study Material\Sem VI\Projects\PBL2\RoadEye\dataset_crack\final_dataset_v5\train\labels\sewer_o8use_009539.txt,1,0
train,D:\Study Material\Sem VI\Projects\PBL2\RoadEye\dataset_crack\final_dataset_v5\train\images\sewer_o8use_009554.jpg,train/images/sewer_o8use_009554.jpg,D:\Study Material\Sem VI\Projects\PBL2\RoadEye\dataset_crack\final_dataset_v5\train\labels\sewer_o8use_009554.txt,1,0
train,D:\Study Material\Sem VI\Projects\PBL2\RoadEye\dataset_crack\final_dataset_v5\train\images\sewer_o8use_009573.jpg,train/images/sewer_o8use_009573.jpg,D:\Study Material\Sem VI\Projects\PBL2\RoadEye\dataset_crack\final_dataset_v5\train\labels\sewer_o8use_009573.txt,1,0
train,D:\Study Material\Sem VI\Projects\PBL2\RoadEye\dataset_crack\final_dataset_v5\train\images\sewer_o8use_009586.jpg,train/images/sewer_o8use_009586.jpg,D:\Study Material\Sem VI\Projects\PBL2\RoadEye\dataset_crack\final_dataset_v5\train\labels\sewer_o8use_009586.txt,0,1
train,D:\Study Material\Sem VI\Projects\PBL2\RoadEye\dataset_crack\final_dataset_v5\train\images\sewer_o8use_009602.jpg,train/images/sewer_o8use_009602.jpg,D:\Study Material\Sem VI\Projects\PBL2\RoadEye\dataset_crack\final_dataset_v5\train\labels\sewer_o8use_009602.txt,1,0
train,D:\Study Material\Sem VI\Projects\PBL2\RoadEye\dataset_crack\final_dataset_v5\train\images\sewer_o8use_009614.jpg,train/images/sewer_o8use_009614.jpg,D:\Study Material\Sem VI\Projects\PBL2\RoadEye\dataset_crack\final_dataset_v5\train\labels\sewer_o8use_009614.txt,0,1
train,D:\Study Material\Sem VI\Projects\PBL2\RoadEye\dataset_crack\final_dataset_v5\train\images\sewer_o8use_009624.jpg,train/images/sewer_o8use_009624.jpg,D:\Study Material\Sem VI\Projects\PBL2\RoadEye\dataset_crack\final_dataset_v5\train\labels\sewer_o8use_009624.txt,1,0
train,D:\Study Material\Sem VI\Projects\PBL2\RoadEye\dataset_crack\final_dataset_v5\train\images\sewer_o8use_009646.jpg,train/images/sewer_o8use_009646.jpg,D:\Study Material\Sem VI\Projects\PBL2\RoadEye\dataset_crack\final_dataset_v5\train\labels\sewer_o8use_009646.txt,1,0
train,D:\Study Material\Sem VI\Projects\PBL2\RoadEye\dataset_crack\final_dataset_v5\train\images\sewer_o8use_009651.jpg,train/images/sewer_o8use_009651.jpg,D:\Study Material\Sem VI\Projects\PBL2\RoadEye\dataset_crack\final_dataset_v5\train\labels\sewer_o8use_009651.txt,1,0
train,D:\Study Material\Sem VI\Projects\PBL2\RoadEye\dataset_crack\final_dataset_v5\train\images\sewer_o8use_009657.jpg,train/images/sewer_o8use_009657.jpg,D:\Study Material\Sem VI\Projects\PBL2\RoadEye\dataset_crack\final_dataset_v5\train\labels\sewer_o8use_009657.txt,1,0
train,D:\Study Material\Sem VI\Projects\PBL2\RoadEye\dataset_crack\final_dataset_v5\train\images\sewer_o8use_009680.jpg,train/images/sewer_o8use_009680.jpg,D:\Study Material\Sem VI\Projects\PBL2\RoadEye\dataset_crack\final_dataset_v5\train\labels\sewer_o8use_009680.txt,1,0
train,D:\Study Material\Sem VI\Projects\PBL2\RoadEye\dataset_crack\final_dataset_v5\train\images\sewer_o8use_009728.jpg,train/images/sewer_o8use_009728.jpg,D:\Study Material\Sem VI\Projects\PBL2\RoadEye\dataset_crack\final_dataset_v5\train\labels\sewer_o8use_009728.txt,1,0
train,D:\Study Material\Sem VI\Projects\PBL2\RoadEye\dataset_crack\final_dataset_v5\train\images\sewer_o8use_009736.jpg,train/images/sewer_o8use_009736.jpg,D:\Study Material\Sem VI\Projects\PBL2\RoadEye\dataset_crack\final_dataset_v5\train\labels\sewer_o8use_009736.txt,0,1
train,D:\Study Material\Sem VI\Projects\PBL2\RoadEye\dataset_crack\final_dataset_v5\train\images\sewer_o8use_009742.jpg,train/images/sewer_o8use_009742.jpg,D:\Study Material\Sem VI\Projects\PBL2\RoadEye\dataset_crack\final_dataset_v5\train\labels\sewer_o8use_009742.txt,3,0
train,D:\Study Material\Sem VI\Projects\PBL2\RoadEye\dataset_crack\final_dataset_v5\train\images\sewer_o8use_009751.jpg,train/images/sewer_o8use_009751.jpg,D:\Study Material\Sem VI\Projects\PBL2\RoadEye\dataset_crack\final_dataset_v5\train\labels\sewer_o8use_009751.txt,1,1
train,D:\Study Material\Sem VI\Projects\PBL2\RoadEye\dataset_crack\final_dataset_v5\train\images\sewer_o8use_009765.jpg,train/images/sewer_o8use_009765.jpg,D:\Study Material\Sem VI\Projects\PBL2\RoadEye\dataset_crack\final_dataset_v5\train\labels\sewer_o8use_009765.txt,0,1
train,D:\Study Material\Sem VI\Projects\PBL2\RoadEye\dataset_crack\final_dataset_v5\train\images\sewer_o8use_009780.jpg,train/images/sewer_o8use_009780.jpg,D:\Study Material\Sem VI\Projects\PBL2\RoadEye\dataset_crack\final_dataset_v5\train\labels\sewer_o8use_009780.txt,1,0
train,D:\Study Material\Sem VI\Projects\PBL2\RoadEye\dataset_crack\final_dataset_v5\train\images\sewer_o8use_009791.jpg,train/images/sewer_o8use_009791.jpg,D:\Study Material\Sem VI\Projects\PBL2\RoadEye\dataset_crack\final_dataset_v5\train\labels\sewer_o8use_009791.txt,1,0
train,D:\Study Material\Sem VI\Projects\PBL2\RoadEye\dataset_crack\final_dataset_v5\train\images\sewer_o8use_009806.jpg,train/images/sewer_o8use_009806.jpg,D:\Study Material\Sem VI\Projects\PBL2\RoadEye\dataset_crack\final_dataset_v5\train\labels\sewer_o8use_009806.txt,1,0
train,D:\Study Material\Sem VI\Projects\PBL2\RoadEye\dataset_crack\final_dataset_v5\train\images\sewer_o8use_009853.jpg,train/images/sewer_o8use_009853.jpg,D:\Study Material\Sem VI\Projects\PBL2\RoadEye\dataset_crack\final_dataset_v5\train\labels\sewer_o8use_009853.txt,1,0
train,D:\Study Material\Sem VI\Projects\PBL2\RoadEye\dataset_crack\final_dataset_v5\train\images\sewer_o8use_009873.jpg,train/images/sewer_o8use_009873.jpg,D:\Study Material\Sem VI\Projects\PBL2\RoadEye\dataset_crack\final_dataset_v5\train\labels\sewer_o8use_009873.txt,0,1
train,D:\Study Material\Sem VI\Projects\PBL2\RoadEye\dataset_crack\final_dataset_v5\train\images\sewer_o8use_009880.jpg,train/images/sewer_o8use_009880.jpg,D:\Study Material\Sem VI\Projects\PBL2\RoadEye\dataset_crack\final_dataset_v5\train\labels\sewer_o8use_009880.txt,1,0
train,D:\Study Material\Sem VI\Projects\PBL2\RoadEye\dataset_crack\final_dataset_v5\train\images\sewer_o8use_009949.jpg,train/images/sewer_o8use_009949.jpg,D:\Study Material\Sem VI\Projects\PBL2\RoadEye\dataset_crack\final_dataset_v5\train\labels\sewer_o8use_009949.txt,1,1
train,D:\Study Material\Sem VI\Projects\PBL2\RoadEye\dataset_crack\final_dataset_v5\train\images\sewer_o8use_009962.jpg,train/images/sewer_o8use_009962.jpg,D:\Study Material\Sem VI\Projects\PBL2\RoadEye\dataset_crack\final_dataset_v5\train\labels\sewer_o8use_009962.txt,1,1
train,D:\Study Material\Sem VI\Projects\PBL2\RoadEye\dataset_crack\final_dataset_v5\train\images\sewer_o8use_010014.jpg,train/images/sewer_o8use_010014.jpg,D:\Study Material\Sem VI\Projects\PBL2\RoadEye\dataset_crack\final_dataset_v5\train\labels\sewer_o8use_010014.txt,1,0
train,D:\Study Material\Sem VI\Projects\PBL2\RoadEye\dataset_crack\final_dataset_v5\train\images\sewer_o8use_010019.jpg,train/images/sewer_o8use_010019.jpg,D:\Study Material\Sem VI\Projects\PBL2\RoadEye\dataset_crack\final_dataset_v5\train\labels\sewer_o8use_010019.txt,1,0
train,D:\Study Material\Sem VI\Projects\PBL2\RoadEye\dataset_crack\final_dataset_v5\train\images\sewer_o8use_010020.jpg,train/images/sewer_o8use_010020.jpg,D:\Study Material\Sem VI\Projects\PBL2\RoadEye\dataset_crack\final_dataset_v5\train\labels\sewer_o8use_010020.txt,1,0
train,D:\Study Material\Sem VI\Projects\PBL2\RoadEye\dataset_crack\final_dataset_v5\train\images\sewer_o8use_010025.jpg,train/images/sewer_o8use_010025.jpg,D:\Study Material\Sem VI\Projects\PBL2\RoadEye\dataset_crack\final_dataset_v5\train\labels\sewer_o8use_010025.txt,1,1
train,D:\Study Material\Sem VI\Projects\PBL2\RoadEye\dataset_crack\final_dataset_v5\train\images\sewer_o8use_010041.jpg,train/images/sewer_o8use_010041.jpg,D:\Study Material\Sem VI\Projects\PBL2\RoadEye\dataset_crack\final_dataset_v5\train\labels\sewer_o8use_010041.txt,0,1
train,D:\Study Material\Sem VI\Projects\PBL2\RoadEye\dataset_crack\final_dataset_v5\train\images\sewer_o8use_010072.jpg,train/images/sewer_o8use_010072.jpg,D:\Study Material\Sem VI\Projects\PBL2\RoadEye\dataset_crack\final_dataset_v5\train\labels\sewer_o8use_010072.txt,1,0
train,D:\Study Material\Sem VI\Projects\PBL2\RoadEye\dataset_crack\final_dataset_v5\train\images\sewer_o8use_010088.jpg,train/images/sewer_o8use_010088.jpg,D:\Study Material\Sem VI\Projects\PBL2\RoadEye\dataset_crack\final_dataset_v5\train\labels\sewer_o8use_010088.txt,1,0
train,D:\Study Material\Sem VI\Projects\PBL2\RoadEye\dataset_crack\final_dataset_v5\train\images\sewer_o8use_010089.jpg,train/images/sewer_o8use_010089.jpg,D:\Study Material\Sem VI\Projects\PBL2\RoadEye\dataset_crack\final_dataset_v5\train\labels\sewer_o8use_010089.txt,1,0
train,D:\Study Material\Sem VI\Projects\PBL2\RoadEye\dataset_crack\final_dataset_v5\train\images\sewer_o8use_010093.jpg,train/images/sewer_o8use_010093.jpg,D:\Study Material\Sem VI\Projects\PBL2\RoadEye\dataset_crack\final_dataset_v5\train\labels\sewer_o8use_010093.txt,1,0
train,D:\Study Material\Sem VI\Projects\PBL2\RoadEye\dataset_crack\final_dataset_v5\train\images\sewer_o8use_010099.jpg,train/images/sewer_o8use_010099.jpg,D:\Study Material\Sem VI\Projects\PBL2\RoadEye\dataset_crack\final_dataset_v5\train\labels\sewer_o8use_010099.txt,2,0
train,D:\Study Material\Sem VI\Projects\PBL2\RoadEye\dataset_crack\final_dataset_v5\train\images\sewer_o8use_010141.jpg,train/images/sewer_o8use_010141.jpg,D:\Study Material\Sem VI\Projects\PBL2\RoadEye\dataset_crack\final_dataset_v5\train\labels\sewer_o8use_010141.txt,1,0
train,D:\Study Material\Sem VI\Projects\PBL2\RoadEye\dataset_crack\final_dataset_v5\train\images\sewer_o8use_010195.jpg,train/images/sewer_o8use_010195.jpg,D:\Study Material\Sem VI\Projects\PBL2\RoadEye\dataset_crack\final_dataset_v5\train\labels\sewer_o8use_010195.txt,1,0
train,D:\Study Material\Sem VI\Projects\PBL2\RoadEye\dataset_crack\final_dataset_v5\train\images\sewer_o8use_010203.jpg,train/images/sewer_o8use_010203.jpg,D:\Study Material\Sem VI\Projects\PBL2\RoadEye\dataset_crack\final_dataset_v5\train\labels\sewer_o8use_010203.txt,1,1
train,D:\Study Material\Sem VI\Projects\PBL2\RoadEye\dataset_crack\final_dataset_v5\train\images\sewer_o8use_010215.jpg,train/images/sewer_o8use_010215.jpg,D:\Study Material\Sem VI\Projects\PBL2\RoadEye\dataset_crack\final_dataset_v5\train\labels\sewer_o8use_010215.txt,0,1
train,D:\Study Material\Sem VI\Projects\PBL2\RoadEye\dataset_crack\final_dataset_v5\train\images\sewer_o8use_010219.jpg,train/images/sewer_o8use_010219.jpg,D:\Study Material\Sem VI\Projects\PBL2\RoadEye\dataset_crack\final_dataset_v5\train\labels\sewer_o8use_010219.txt,1,0
train,D:\Study Material\Sem VI\Projects\PBL2\RoadEye\dataset_crack\final_dataset_v5\train\images\sewer_o8use_010223.jpg,train/images/sewer_o8use_010223.jpg,D:\Study Material\Sem VI\Projects\PBL2\RoadEye\dataset_crack\final_dataset_v5\train\labels\sewer_o8use_010223.txt,0,1
train,D:\Study Material\Sem VI\Projects\PBL2\RoadEye\dataset_crack\final_dataset_v5\train\images\sewer_o8use_010227.jpg,train/images/sewer_o8use_010227.jpg,D:\Study Material\Sem VI\Projects\PBL2\RoadEye\dataset_crack\final_dataset_v5\train\labels\sewer_o8use_010227.txt,0,1
train,D:\Study Material\Sem VI\Projects\PBL2\RoadEye\dataset_crack\final_dataset_v5\train\images\sewer_o8use_010237.jpg,train/images/sewer_o8use_010237.jpg,D:\Study Material\Sem VI\Projects\PBL2\RoadEye\dataset_crack\final_dataset_v5\train\labels\sewer_o8use_010237.txt,1,0
train,D:\Study Material\Sem VI\Projects\PBL2\RoadEye\dataset_crack\final_dataset_v5\train\images\sewer_o8use_010243.jpg,train/images/sewer_o8use_010243.jpg,D:\Study Material\Sem VI\Projects\PBL2\RoadEye\dataset_crack\final_dataset_v5\train\labels\sewer_o8use_010243.txt,0,1
train,D:\Study Material\Sem VI\Projects\PBL2\RoadEye\dataset_crack\final_dataset_v5\train\images\sewer_o8use_010250.jpg,train/images/sewer_o8use_010250.jpg,D:\Study Material\Sem VI\Projects\PBL2\RoadEye\dataset_crack\final_dataset_v5\train\labels\sewer_o8use_010250.txt,1,0
train,D:\Study Material\Sem VI\Projects\PBL2\RoadEye\dataset_crack\final_dataset_v5\train\images\sewer_o8use_010277.jpg,train/images/sewer_o8use_010277.jpg,D:\Study Material\Sem VI\Projects\PBL2\RoadEye\dataset_crack\final_dataset_v5\train\labels\sewer_o8use_010277.txt,1,0
train,D:\Study Material\Sem VI\Projects\PBL2\RoadEye\dataset_crack\final_dataset_v5\train\images\sewer_o8use_010281.jpg,train/images/sewer_o8use_010281.jpg,D:\Study Material\Sem VI\Projects\PBL2\RoadEye\dataset_crack\final_dataset_v5\train\labels\sewer_o8use_010281.txt,1,0
train,D:\Study Material\Sem VI\Projects\PBL2\RoadEye\dataset_crack\final_dataset_v5\train\images\sewer_o8use_010305.jpg,train/images/sewer_o8use_010305.jpg,D:\Study Material\Sem VI\Projects\PBL2\RoadEye\dataset_crack\final_dataset_v5\train\labels\sewer_o8use_010305.txt,1,0
train,D:\Study Material\Sem VI\Projects\PBL2\RoadEye\dataset_crack\final_dataset_v5\train\images\sewer_o8use_010311.jpg,train/images/sewer_o8use_010311.jpg,D:\Study Material\Sem VI\Projects\PBL2\RoadEye\dataset_crack\final_dataset_v5\train\labels\sewer_o8use_010311.txt,0,1
train,D:\Study Material\Sem VI\Projects\PBL2\RoadEye\dataset_crack\final_dataset_v5\train\images\sewer_o8use_010348.jpg,train/images/sewer_o8use_010348.jpg,D:\Study Material\Sem VI\Projects\PBL2\RoadEye\dataset_crack\final_dataset_v5\train\labels\sewer_o8use_010348.txt,2,0
train,D:\Study Material\Sem VI\Projects\PBL2\RoadEye\dataset_crack\final_dataset_v5\train\images\sewer_o8use_010365.jpg,train/images/sewer_o8use_010365.jpg,D:\Study Material\Sem VI\Projects\PBL2\RoadEye\dataset_crack\final_dataset_v5\train\labels\sewer_o8use_010365.txt,1,0
train,D:\Study Material\Sem VI\Projects\PBL2\RoadEye\dataset_crack\final_dataset_v5\train\images\sewer_o8use_010378.jpg,train/images/sewer_o8use_010378.jpg,D:\Study Material\Sem VI\Projects\PBL2\RoadEye\dataset_crack\final_dataset_v5\train\labels\sewer_o8use_010378.txt,1,0
train,D:\Study Material\Sem VI\Projects\PBL2\RoadEye\dataset_crack\final_dataset_v5\train\images\sewer_o8use_010381.jpg,train/images/sewer_o8use_010381.jpg,D:\Study Material\Sem VI\Projects\PBL2\RoadEye\dataset_crack\final_dataset_v5\train\labels\sewer_o8use_010381.txt,1,0
train,D:\Study Material\Sem VI\Projects\PBL2\RoadEye\dataset_crack\final_dataset_v5\train\images\sewer_o8use_010385.jpg,train/images/sewer_o8use_010385.jpg,D:\Study Material\Sem VI\Projects\PBL2\RoadEye\dataset_crack\final_dataset_v5\train\labels\sewer_o8use_010385.txt,1,0
train,D:\Study Material\Sem VI\Projects\PBL2\RoadEye\dataset_crack\final_dataset_v5\train\images\sewer_o8use_010386.jpg,train/images/sewer_o8use_010386.jpg,D:\Study Material\Sem VI\Projects\PBL2\RoadEye\dataset_crack\final_dataset_v5\train\labels\sewer_o8use_010386.txt,1,0
train,D:\Study Material\Sem VI\Projects\PBL2\RoadEye\dataset_crack\final_dataset_v5\train\images\sewer_o8use_010401.jpg,train/images/sewer_o8use_010401.jpg,D:\Study Material\Sem VI\Projects\PBL2\RoadEye\dataset_crack\final_dataset_v5\train\labels\sewer_o8use_010401.txt,1,0
train,D:\Study Material\Sem VI\Projects\PBL2\RoadEye\dataset_crack\final_dataset_v5\train\images\sewer_o8use_010432.jpg,train/images/sewer_o8use_010432.jpg,D:\Study Material\Sem VI\Projects\PBL2\RoadEye\dataset_crack\final_dataset_v5\train\labels\sewer_o8use_010432.txt,1,1
train,D:\Study Material\Sem VI\Projects\PBL2\RoadEye\dataset_crack\final_dataset_v5\train\images\sewer_o8use_010441.jpg,train/images/sewer_o8use_010441.jpg,D:\Study Material\Sem VI\Projects\PBL2\RoadEye\dataset_crack\final_dataset_v5\train\labels\sewer_o8use_010441.txt,1,0
train,D:\Study Material\Sem VI\Projects\PBL2\RoadEye\dataset_crack\final_dataset_v5\train\images\sewer_o8use_010472.jpg,train/images/sewer_o8use_010472.jpg,D:\Study Material\Sem VI\Projects\PBL2\RoadEye\dataset_crack\final_dataset_v5\train\labels\sewer_o8use_010472.txt,1,0
train,D:\Study Material\Sem VI\Projects\PBL2\RoadEye\dataset_crack\final_dataset_v5\train\images\sewer_o8use_010489.jpg,train/images/sewer_o8use_010489.jpg,D:\Study Material\Sem VI\Projects\PBL2\RoadEye\dataset_crack\final_dataset_v5\train\labels\sewer_o8use_010489.txt,2,1
train,D:\Study Material\Sem VI\Projects\PBL2\RoadEye\dataset_crack\final_dataset_v5\train\images\sewer_o8use_010524.jpg,train/images/sewer_o8use_010524.jpg,D:\Study Material\Sem VI\Projects\PBL2\RoadEye\dataset_crack\final_dataset_v5\train\labels\sewer_o8use_010524.txt,1,0
train,D:\Study Material\Sem VI\Projects\PBL2\RoadEye\dataset_crack\final_dataset_v5\train\images\sewer_o8use_010540.jpg,train/images/sewer_o8use_010540.jpg,D:\Study Material\Sem VI\Projects\PBL2\RoadEye\dataset_crack\final_dataset_v5\train\labels\sewer_o8use_010540.txt,1,0
train,D:\Study Material\Sem VI\Projects\PBL2\RoadEye\dataset_crack\final_dataset_v5\train\images\sewer_o8use_010557.jpg,train/images/sewer_o8use_010557.jpg,D:\Study Material\Sem VI\Projects\PBL2\RoadEye\dataset_crack\final_dataset_v5\train\labels\sewer_o8use_010557.txt,1,0
train,D:\Study Material\Sem VI\Projects\PBL2\RoadEye\dataset_crack\final_dataset_v5\train\images\sewer_o8use_010565.jpg,train/images/sewer_o8use_010565.jpg,D:\Study Material\Sem VI\Projects\PBL2\RoadEye\dataset_crack\final_dataset_v5\train\labels\sewer_o8use_010565.txt,1,0
train,D:\Study Material\Sem VI\Projects\PBL2\RoadEye\dataset_crack\final_dataset_v5\train\images\sewer_o8use_010579.jpg,train/images/sewer_o8use_010579.jpg,D:\Study Material\Sem VI\Projects\PBL2\RoadEye\dataset_crack\final_dataset_v5\train\labels\sewer_o8use_010579.txt,0,1
train,D:\Study Material\Sem VI\Projects\PBL2\RoadEye\dataset_crack\final_dataset_v5\train\images\sewer_o8use_010584.jpg,train/images/sewer_o8use_010584.jpg,D:\Study Material\Sem VI\Projects\PBL2\RoadEye\dataset_crack\final_dataset_v5\train\labels\sewer_o8use_010584.txt,0,1
train,D:\Study Material\Sem VI\Projects\PBL2\RoadEye\dataset_crack\final_dataset_v5\train\images\sewer_o8use_010638.jpg,train/images/sewer_o8use_010638.jpg,D:\Study Material\Sem VI\Projects\PBL2\RoadEye\dataset_crack\final_dataset_v5\train\labels\sewer_o8use_010638.txt,0,1
train,D:\Study Material\Sem VI\Projects\PBL2\RoadEye\dataset_crack\final_dataset_v5\train\images\sewer_o8use_010642.jpg,train/images/sewer_o8use_010642.jpg,D:\Study Material\Sem VI\Projects\PBL2\RoadEye\dataset_crack\final_dataset_v5\train\labels\sewer_o8use_010642.txt,1,0
train,D:\Study Material\Sem VI\Projects\PBL2\RoadEye\dataset_crack\final_dataset_v5\train\images\sewer_o8use_010653.jpg,train/images/sewer_o8use_010653.jpg,D:\Study Material\Sem VI\Projects\PBL2\RoadEye\dataset_crack\final_dataset_v5\train\labels\sewer_o8use_010653.txt,1,0
train,D:\Study Material\Sem VI\Projects\PBL2\RoadEye\dataset_crack\final_dataset_v5\train\images\sewer_o8use_010669.jpg,train/images/sewer_o8use_010669.jpg,D:\Study Material\Sem VI\Projects\PBL2\RoadEye\dataset_crack\final_dataset_v5\train\labels\sewer_o8use_010669.txt,0,1
train,D:\Study Material\Sem VI\Projects\PBL2\RoadEye\dataset_crack\final_dataset_v5\train\images\sewer_o8use_010704.jpg,train/images/sewer_o8use_010704.jpg,D:\Study Material\Sem VI\Projects\PBL2\RoadEye\dataset_crack\final_dataset_v5\train\labels\sewer_o8use_010704.txt,1,0
train,D:\Study Material\Sem VI\Projects\PBL2\RoadEye\dataset_crack\final_dataset_v5\train\images\sewer_o8use_010710.jpg,train/images/sewer_o8use_010710.jpg,D:\Study Material\Sem VI\Projects\PBL2\RoadEye\dataset_crack\final_dataset_v5\train\labels\sewer_o8use_010710.txt,1,0
train,D:\Study Material\Sem VI\Projects\PBL2\RoadEye\dataset_crack\final_dataset_v5\train\images\sewer_o8use_010720.jpg,train/images/sewer_o8use_010720.jpg,D:\Study Material\Sem VI\Projects\PBL2\RoadEye\dataset_crack\final_dataset_v5\train\labels\sewer_o8use_010720.txt,1,0
train,D:\Study Material\Sem VI\Projects\PBL2\RoadEye\dataset_crack\final_dataset_v5\train\images\sewer_o8use_010733.jpg,train/images/sewer_o8use_010733.jpg,D:\Study Material\Sem VI\Projects\PBL2\RoadEye\dataset_crack\final_dataset_v5\train\labels\sewer_o8use_010733.txt,0,1
train,D:\Study Material\Sem VI\Projects\PBL2\RoadEye\dataset_crack\final_dataset_v5\train\images\sewer_o8use_010751.jpg,train/images/sewer_o8use_010751.jpg,D:\Study Material\Sem VI\Projects\PBL2\RoadEye\dataset_crack\final_dataset_v5\train\labels\sewer_o8use_010751.txt,1,0
train,D:\Study Material\Sem VI\Projects\PBL2\RoadEye\dataset_crack\final_dataset_v5\train\images\sewer_o8use_010761.jpg,train/images/sewer_o8use_010761.jpg,D:\Study Material\Sem VI\Projects\PBL2\RoadEye\dataset_crack\final_dataset_v5\train\labels\sewer_o8use_010761.txt,0,1
train,D:\Study Material\Sem VI\Projects\PBL2\RoadEye\dataset_crack\final_dataset_v5\train\images\sewer_o8use_010787.jpg,train/images/sewer_o8use_010787.jpg,D:\Study Material\Sem VI\Projects\PBL2\RoadEye\dataset_crack\final_dataset_v5\train\labels\sewer_o8use_010787.txt,1,0
train,D:\Study Material\Sem VI\Projects\PBL2\RoadEye\dataset_crack\final_dataset_v5\train\images\sewer_o8use_010821.jpg,train/images/sewer_o8use_010821.jpg,D:\Study Material\Sem VI\Projects\PBL2\RoadEye\dataset_crack\final_dataset_v5\train\labels\sewer_o8use_010821.txt,1,0
train,D:\Study Material\Sem VI\Projects\PBL2\RoadEye\dataset_crack\final_dataset_v5\train\images\sewer_o8use_010862.jpg,train/images/sewer_o8use_010862.jpg,D:\Study Material\Sem VI\Projects\PBL2\RoadEye\dataset_crack\final_dataset_v5\train\labels\sewer_o8use_010862.txt,1,1
train,D:\Study Material\Sem VI\Projects\PBL2\RoadEye\dataset_crack\final_dataset_v5\train\images\sewer_o8use_010889.jpg,train/images/sewer_o8use_010889.jpg,D:\Study Material\Sem VI\Projects\PBL2\RoadEye\dataset_crack\final_dataset_v5\train\labels\sewer_o8use_010889.txt,1,0
train,D:\Study Material\Sem VI\Projects\PBL2\RoadEye\dataset_crack\final_dataset_v5\train\images\sewer_o8use_010901.jpg,train/images/sewer_o8use_010901.jpg,D:\Study Material\Sem VI\Projects\PBL2\RoadEye\dataset_crack\final_dataset_v5\train\labels\sewer_o8use_010901.txt,1,0
train,D:\Study Material\Sem VI\Projects\PBL2\RoadEye\dataset_crack\final_dataset_v5\train\images\sewer_o8use_010905.jpg,train/images/sewer_o8use_010905.jpg,D:\Study Material\Sem VI\Projects\PBL2\RoadEye\dataset_crack\final_dataset_v5\train\labels\sewer_o8use_010905.txt,1,0
train,D:\Study Material\Sem VI\Projects\PBL2\RoadEye\dataset_crack\final_dataset_v5\train\images\sewer_o8use_010922.jpg,train/images/sewer_o8use_010922.jpg,D:\Study Material\Sem VI\Projects\PBL2\RoadEye\dataset_crack\final_dataset_v5\train\labels\sewer_o8use_010922.txt,0,1
train,D:\Study Material\Sem VI\Projects\PBL2\RoadEye\dataset_crack\final_dataset_v5\train\images\sewer_o8use_010967.jpg,train/images/sewer_o8use_010967.jpg,D:\Study Material\Sem VI\Projects\PBL2\RoadEye\dataset_crack\final_dataset_v5\train\labels\sewer_o8use_010967.txt,1,0
train,D:\Study Material\Sem VI\Projects\PBL2\RoadEye\dataset_crack\final_dataset_v5\train\images\sewer_o8use_010976.jpg,train/images/sewer_o8use_010976.jpg,D:\Study Material\Sem VI\Projects\PBL2\RoadEye\dataset_crack\final_dataset_v5\train\labels\sewer_o8use_010976.txt,1,0
train,D:\Study Material\Sem VI\Projects\PBL2\RoadEye\dataset_crack\final_dataset_v5\train\images\sewer_o8use_011003.jpg,train/images/sewer_o8use_011003.jpg,D:\Study Material\Sem VI\Projects\PBL2\RoadEye\dataset_crack\final_dataset_v5\train\labels\sewer_o8use_011003.txt,2,1
train,D:\Study Material\Sem VI\Projects\PBL2\RoadEye\dataset_crack\final_dataset_v5\train\images\sewer_o8use_011013.jpg,train/images/sewer_o8use_011013.jpg,D:\Study Material\Sem VI\Projects\PBL2\RoadEye\dataset_crack\final_dataset_v5\train\labels\sewer_o8use_011013.txt,1,0
train,D:\Study Material\Sem VI\Projects\PBL2\RoadEye\dataset_crack\final_dataset_v5\train\images\sewer_o8use_011019.jpg,train/images/sewer_o8use_011019.jpg,D:\Study Material\Sem VI\Projects\PBL2\RoadEye\dataset_crack\final_dataset_v5\train\labels\sewer_o8use_011019.txt,1,0
train,D:\Study Material\Sem VI\Projects\PBL2\RoadEye\dataset_crack\final_dataset_v5\train\images\sewer_o8use_011023.jpg,train/images/sewer_o8use_011023.jpg,D:\Study Material\Sem VI\Projects\PBL2\RoadEye\dataset_crack\final_dataset_v5\train\labels\sewer_o8use_011023.txt,1,0
train,D:\Study Material\Sem VI\Projects\PBL2\RoadEye\dataset_crack\final_dataset_v5\train\images\sewer_o8use_011024.jpg,train/images/sewer_o8use_011024.jpg,D:\Study Material\Sem VI\Projects\PBL2\RoadEye\dataset_crack\final_dataset_v5\train\labels\sewer_o8use_011024.txt,1,0
train,D:\Study Material\Sem VI\Projects\PBL2\RoadEye\dataset_crack\final_dataset_v5\train\images\sewer_o8use_011029.jpg,train/images/sewer_o8use_011029.jpg,D:\Study Material\Sem VI\Projects\PBL2\RoadEye\dataset_crack\final_dataset_v5\train\labels\sewer_o8use_011029.txt,1,0
train,D:\Study Material\Sem VI\Projects\PBL2\RoadEye\dataset_crack\final_dataset_v5\train\images\sewer_o8use_011039.jpg,train/images/sewer_o8use_011039.jpg,D:\Study Material\Sem VI\Projects\PBL2\RoadEye\dataset_crack\final_dataset_v5\train\labels\sewer_o8use_011039.txt,1,0
train,D:\Study Material\Sem VI\Projects\PBL2\RoadEye\dataset_crack\final_dataset_v5\train\images\sewer_o8use_011040.jpg,train/images/sewer_o8use_011040.jpg,D:\Study Material\Sem VI\Projects\PBL2\RoadEye\dataset_crack\final_dataset_v5\train\labels\sewer_o8use_011040.txt,1,0
train,D:\Study Material\Sem VI\Projects\PBL2\RoadEye\dataset_crack\final_dataset_v5\train\images\sewer_o8use_011050.jpg,train/images/sewer_o8use_011050.jpg,D:\Study Material\Sem VI\Projects\PBL2\RoadEye\dataset_crack\final_dataset_v5\train\labels\sewer_o8use_011050.txt,0,1
train,D:\Study Material\Sem VI\Projects\PBL2\RoadEye\dataset_crack\final_dataset_v5\train\images\sewer_o8use_011063.jpg,train/images/sewer_o8use_011063.jpg,D:\Study Material\Sem VI\Projects\PBL2\RoadEye\dataset_crack\final_dataset_v5\train\labels\sewer_o8use_011063.txt,1,0
train,D:\Study Material\Sem VI\Projects\PBL2\RoadEye\dataset_crack\final_dataset_v5\train\images\sewer_o8use_011067.jpg,train/images/sewer_o8use_011067.jpg,D:\Study Material\Sem VI\Projects\PBL2\RoadEye\dataset_crack\final_dataset_v5\train\labels\sewer_o8use_011067.txt,0,1
train,D:\Study Material\Sem VI\Projects\PBL2\RoadEye\dataset_crack\final_dataset_v5\train\images\sewer_o8use_011075.jpg,train/images/sewer_o8use_011075.jpg,D:\Study Material\Sem VI\Projects\PBL2\RoadEye\dataset_crack\final_dataset_v5\train\labels\sewer_o8use_011075.txt,1,0
train,D:\Study Material\Sem VI\Projects\PBL2\RoadEye\dataset_crack\final_dataset_v5\train\images\sewer_o8use_011110.jpg,train/images/sewer_o8use_011110.jpg,D:\Study Material\Sem VI\Projects\PBL2\RoadEye\dataset_crack\final_dataset_v5\train\labels\sewer_o8use_011110.txt,1,1
train,D:\Study Material\Sem VI\Projects\PBL2\RoadEye\dataset_crack\final_dataset_v5\train\images\sewer_o8use_011137.jpg,train/images/sewer_o8use_011137.jpg,D:\Study Material\Sem VI\Projects\PBL2\RoadEye\dataset_crack\final_dataset_v5\train\labels\sewer_o8use_011137.txt,0,1
train,D:\Study Material\Sem VI\Projects\PBL2\RoadEye\dataset_crack\final_dataset_v5\train\images\sewer_o8use_011147.jpg,train/images/sewer_o8use_011147.jpg,D:\Study Material\Sem VI\Projects\PBL2\RoadEye\dataset_crack\final_dataset_v5\train\labels\sewer_o8use_011147.txt,2,0
train,D:\Study Material\Sem VI\Projects\PBL2\RoadEye\dataset_crack\final_dataset_v5\train\images\sewer_o8use_011156.jpg,train/images/sewer_o8use_011156.jpg,D:\Study Material\Sem VI\Projects\PBL2\RoadEye\dataset_crack\final_dataset_v5\train\labels\sewer_o8use_011156.txt,1,0
train,D:\Study Material\Sem VI\Projects\PBL2\RoadEye\dataset_crack\final_dataset_v5\train\images\sewer_o8use_011181.jpg,train/images/sewer_o8use_011181.jpg,D:\Study Material\Sem VI\Projects\PBL2\RoadEye\dataset_crack\final_dataset_v5\train\labels\sewer_o8use_011181.txt,1,0
train,D:\Study Material\Sem VI\Projects\PBL2\RoadEye\dataset_crack\final_dataset_v5\train\images\sewer_o8use_011185.jpg,train/images/sewer_o8use_011185.jpg,D:\Study Material\Sem VI\Projects\PBL2\RoadEye\dataset_crack\final_dataset_v5\train\labels\sewer_o8use_011185.txt,1,1
train,D:\Study Material\Sem VI\Projects\PBL2\RoadEye\dataset_crack\final_dataset_v5\train\images\sewer_o8use_011196.jpg,train/images/sewer_o8use_011196.jpg,D:\Study Material\Sem VI\Projects\PBL2\RoadEye\dataset_crack\final_dataset_v5\train\labels\sewer_o8use_011196.txt,1,0
train,D:\Study Material\Sem VI\Projects\PBL2\RoadEye\dataset_crack\final_dataset_v5\train\images\sewer_o8use_011204.jpg,train/images/sewer_o8use_011204.jpg,D:\Study Material\Sem VI\Projects\PBL2\RoadEye\dataset_crack\final_dataset_v5\train\labels\sewer_o8use_011204.txt,0,1
train,D:\Study Material\Sem VI\Projects\PBL2\RoadEye\dataset_crack\final_dataset_v5\train\images\sewer_o8use_011208.jpg,train/images/sewer_o8use_011208.jpg,D:\Study Material\Sem VI\Projects\PBL2\RoadEye\dataset_crack\final_dataset_v5\train\labels\sewer_o8use_011208.txt,1,0
train,D:\Study Material\Sem VI\Projects\PBL2\RoadEye\dataset_crack\final_dataset_v5\train\images\sewer_o8use_011216.jpg,train/images/sewer_o8use_011216.jpg,D:\Study Material\Sem VI\Projects\PBL2\RoadEye\dataset_crack\final_dataset_v5\train\labels\sewer_o8use_011216.txt,2,0
train,D:\Study Material\Sem VI\Projects\PBL2\RoadEye\dataset_crack\final_dataset_v5\train\images\sewer_o8use_011232.jpg,train/images/sewer_o8use_011232.jpg,D:\Study Material\Sem VI\Projects\PBL2\RoadEye\dataset_crack\final_dataset_v5\train\labels\sewer_o8use_011232.txt,1,0
train,D:\Study Material\Sem VI\Projects\PBL2\RoadEye\dataset_crack\final_dataset_v5\train\images\sewer_o8use_011233.jpg,train/images/sewer_o8use_011233.jpg,D:\Study Material\Sem VI\Projects\PBL2\RoadEye\dataset_crack\final_dataset_v5\train\labels\sewer_o8use_011233.txt,1,0
train,D:\Study Material\Sem VI\Projects\PBL2\RoadEye\dataset_crack\final_dataset_v5\train\images\sewer_o8use_011238.jpg,train/images/sewer_o8use_011238.jpg,D:\Study Material\Sem VI\Projects\PBL2\RoadEye\dataset_crack\final_dataset_v5\train\labels\sewer_o8use_011238.txt,1,0
train,D:\Study Material\Sem VI\Projects\PBL2\RoadEye\dataset_crack\final_dataset_v5\train\images\sewer_o8use_011258.jpg,train/images/sewer_o8use_011258.jpg,D:\Study Material\Sem VI\Projects\PBL2\RoadEye\dataset_crack\final_dataset_v5\train\labels\sewer_o8use_011258.txt,1,0
train,D:\Study Material\Sem VI\Projects\PBL2\RoadEye\dataset_crack\final_dataset_v5\train\images\sewer_o8use_011284.jpg,train/images/sewer_o8use_011284.jpg,D:\Study Material\Sem VI\Projects\PBL2\RoadEye\dataset_crack\final_dataset_v5\train\labels\sewer_o8use_011284.txt,1,0
train,D:\Study Material\Sem VI\Projects\PBL2\RoadEye\dataset_crack\final_dataset_v5\train\images\sewer_o8use_011286.jpg,train/images/sewer_o8use_011286.jpg,D:\Study Material\Sem VI\Projects\PBL2\RoadEye\dataset_crack\final_dataset_v5\train\labels\sewer_o8use_011286.txt,1,1
train,D:\Study Material\Sem VI\Projects\PBL2\RoadEye\dataset_crack\final_dataset_v5\train\images\sewer_o8use_011295.jpg,train/images/sewer_o8use_011295.jpg,D:\Study Material\Sem VI\Projects\PBL2\RoadEye\dataset_crack\final_dataset_v5\train\labels\sewer_o8use_011295.txt,1,0
train,D:\Study Material\Sem VI\Projects\PBL2\RoadEye\dataset_crack\final_dataset_v5\train\images\sewer_o8use_011306.jpg,train/images/sewer_o8use_011306.jpg,D:\Study Material\Sem VI\Projects\PBL2\RoadEye\dataset_crack\final_dataset_v5\train\labels\sewer_o8use_011306.txt,0,1
train,D:\Study Material\Sem VI\Projects\PBL2\RoadEye\dataset_crack\final_dataset_v5\train\images\sewer_o8use_011347.jpg,train/images/sewer_o8use_011347.jpg,D:\Study Material\Sem VI\Projects\PBL2\RoadEye\dataset_crack\final_dataset_v5\train\labels\sewer_o8use_011347.txt,0,2
train,D:\Study Material\Sem VI\Projects\PBL2\RoadEye\dataset_crack\final_dataset_v5\train\images\sewer_o8use_011370.jpg,train/images/sewer_o8use_011370.jpg,D:\Study Material\Sem VI\Projects\PBL2\RoadEye\dataset_crack\final_dataset_v5\train\labels\sewer_o8use_011370.txt,1,0
train,D:\Study Material\Sem VI\Projects\PBL2\RoadEye\dataset_crack\final_dataset_v5\train\images\sewer_o8use_011383.jpg,train/images/sewer_o8use_011383.jpg,D:\Study Material\Sem VI\Projects\PBL2\RoadEye\dataset_crack\final_dataset_v5\train\labels\sewer_o8use_011383.txt,1,1
train,D:\Study Material\Sem VI\Projects\PBL2\RoadEye\dataset_crack\final_dataset_v5\train\images\sewer_o8use_011393.jpg,train/images/sewer_o8use_011393.jpg,D:\Study Material\Sem VI\Projects\PBL2\RoadEye\dataset_crack\final_dataset_v5\train\labels\sewer_o8use_011393.txt,0,1
train,D:\Study Material\Sem VI\Projects\PBL2\RoadEye\dataset_crack\final_dataset_v5\train\images\sewer_o8use_011415.jpg,train/images/sewer_o8use_011415.jpg,D:\Study Material\Sem VI\Projects\PBL2\RoadEye\dataset_crack\final_dataset_v5\train\labels\sewer_o8use_011415.txt,1,0
train,D:\Study Material\Sem VI\Projects\PBL2\RoadEye\dataset_crack\final_dataset_v5\train\images\sewer_o8use_011420.jpg,train/images/sewer_o8use_011420.jpg,D:\Study Material\Sem VI\Projects\PBL2\RoadEye\dataset_crack\final_dataset_v5\train\labels\sewer_o8use_011420.txt,1,1
train,D:\Study Material\Sem VI\Projects\PBL2\RoadEye\dataset_crack\final_dataset_v5\train\images\sewer_o8use_011426.jpg,train/images/sewer_o8use_011426.jpg,D:\Study Material\Sem VI\Projects\PBL2\RoadEye\dataset_crack\final_dataset_v5\train\labels\sewer_o8use_011426.txt,0,1
train,D:\Study Material\Sem VI\Projects\PBL2\RoadEye\dataset_crack\final_dataset_v5\train\images\sewer_o8use_011441.jpg,train/images/sewer_o8use_011441.jpg,D:\Study Material\Sem VI\Projects\PBL2\RoadEye\dataset_crack\final_dataset_v5\train\labels\sewer_o8use_011441.txt,1,0
train,D:\Study Material\Sem VI\Projects\PBL2\RoadEye\dataset_crack\final_dataset_v5\train\images\sewer_o8use_011456.jpg,train/images/sewer_o8use_011456.jpg,D:\Study Material\Sem VI\Projects\PBL2\RoadEye\dataset_crack\final_dataset_v5\train\labels\sewer_o8use_011456.txt,1,0
train,D:\Study Material\Sem VI\Projects\PBL2\RoadEye\dataset_crack\final_dataset_v5\train\images\sewer_o8use_011463.jpg,train/images/sewer_o8use_011463.jpg,D:\Study Material\Sem VI\Projects\PBL2\RoadEye\dataset_crack\final_dataset_v5\train\labels\sewer_o8use_011463.txt,1,0
train,D:\Study Material\Sem VI\Projects\PBL2\RoadEye\dataset_crack\final_dataset_v5\train\images\sewer_o8use_011488.jpg,train/images/sewer_o8use_011488.jpg,D:\Study Material\Sem VI\Projects\PBL2\RoadEye\dataset_crack\final_dataset_v5\train\labels\sewer_o8use_011488.txt,1,1
train,D:\Study Material\Sem VI\Projects\PBL2\RoadEye\dataset_crack\final_dataset_v5\train\images\sewer_o8use_011500.jpg,train/images/sewer_o8use_011500.jpg,D:\Study Material\Sem VI\Projects\PBL2\RoadEye\dataset_crack\final_dataset_v5\train\labels\sewer_o8use_011500.txt,1,0
train,D:\Study Material\Sem VI\Projects\PBL2\RoadEye\dataset_crack\final_dataset_v5\train\images\sewer_o8use_011513.jpg,train/images/sewer_o8use_011513.jpg,D:\Study Material\Sem VI\Projects\PBL2\RoadEye\dataset_crack\final_dataset_v5\train\labels\sewer_o8use_011513.txt,1,0
train,D:\Study Material\Sem VI\Projects\PBL2\RoadEye\dataset_crack\final_dataset_v5\train\images\sewer_o8use_011545.jpg,train/images/sewer_o8use_011545.jpg,D:\Study Material\Sem VI\Projects\PBL2\RoadEye\dataset_crack\final_dataset_v5\train\labels\sewer_o8use_011545.txt,1,0
train,D:\Study Material\Sem VI\Projects\PBL2\RoadEye\dataset_crack\final_dataset_v5\train\images\sewer_o8use_011553.jpg,train/images/sewer_o8use_011553.jpg,D:\Study Material\Sem VI\Projects\PBL2\RoadEye\dataset_crack\final_dataset_v5\train\labels\sewer_o8use_011553.txt,1,0
train,D:\Study Material\Sem VI\Projects\PBL2\RoadEye\dataset_crack\final_dataset_v5\train\images\sewer_o8use_011565.jpg,train/images/sewer_o8use_011565.jpg,D:\Study Material\Sem VI\Projects\PBL2\RoadEye\dataset_crack\final_dataset_v5\train\labels\sewer_o8use_011565.txt,1,0
train,D:\Study Material\Sem VI\Projects\PBL2\RoadEye\dataset_crack\final_dataset_v5\train\images\sewer_o8use_011579.jpg,train/images/sewer_o8use_011579.jpg,D:\Study Material\Sem VI\Projects\PBL2\RoadEye\dataset_crack\final_dataset_v5\train\labels\sewer_o8use_011579.txt,1,0
train,D:\Study Material\Sem VI\Projects\PBL2\RoadEye\dataset_crack\final_dataset_v5\train\images\sewer_o8use_011590.jpg,train/images/sewer_o8use_011590.jpg,D:\Study Material\Sem VI\Projects\PBL2\RoadEye\dataset_crack\final_dataset_v5\train\labels\sewer_o8use_011590.txt,1,0
train,D:\Study Material\Sem VI\Projects\PBL2\RoadEye\dataset_crack\final_dataset_v5\train\images\sewer_o8use_011592.jpg,train/images/sewer_o8use_011592.jpg,D:\Study Material\Sem VI\Projects\PBL2\RoadEye\dataset_crack\final_dataset_v5\train\labels\sewer_o8use_011592.txt,1,0
train,D:\Study Material\Sem VI\Projects\PBL2\RoadEye\dataset_crack\final_dataset_v5\train\images\sewer_o8use_011627.jpg,train/images/sewer_o8use_011627.jpg,D:\Study Material\Sem VI\Projects\PBL2\RoadEye\dataset_crack\final_dataset_v5\train\labels\sewer_o8use_011627.txt,1,0
train,D:\Study Material\Sem VI\Projects\PBL2\RoadEye\dataset_crack\final_dataset_v5\train\images\sewer_o8use_011636.jpg,train/images/sewer_o8use_011636.jpg,D:\Study Material\Sem VI\Projects\PBL2\RoadEye\dataset_crack\final_dataset_v5\train\labels\sewer_o8use_011636.txt,2,1
train,D:\Study Material\Sem VI\Projects\PBL2\RoadEye\dataset_crack\final_dataset_v5\train\images\sewer_o8use_011646.jpg,train/images/sewer_o8use_011646.jpg,D:\Study Material\Sem VI\Projects\PBL2\RoadEye\dataset_crack\final_dataset_v5\train\labels\sewer_o8use_011646.txt,1,0
train,D:\Study Material\Sem VI\Projects\PBL2\RoadEye\dataset_crack\final_dataset_v5\train\images\sewer_o8use_011649.jpg,train/images/sewer_o8use_011649.jpg,D:\Study Material\Sem VI\Projects\PBL2\RoadEye\dataset_crack\final_dataset_v5\train\labels\sewer_o8use_011649.txt,1,0
train,D:\Study Material\Sem VI\Projects\PBL2\RoadEye\dataset_crack\final_dataset_v5\train\images\sewer_o8use_011705.jpg,train/images/sewer_o8use_011705.jpg,D:\Study Material\Sem VI\Projects\PBL2\RoadEye\dataset_crack\final_dataset_v5\train\labels\sewer_o8use_011705.txt,0,1
train,D:\Study Material\Sem VI\Projects\PBL2\RoadEye\dataset_crack\final_dataset_v5\train\images\sewer_o8use_011715.jpg,train/images/sewer_o8use_011715.jpg,D:\Study Material\Sem VI\Projects\PBL2\RoadEye\dataset_crack\final_dataset_v5\train\labels\sewer_o8use_011715.txt,1,0
train,D:\Study Material\Sem VI\Projects\PBL2\RoadEye\dataset_crack\final_dataset_v5\train\images\sewer_o8use_011723.jpg,train/images/sewer_o8use_011723.jpg,D:\Study Material\Sem VI\Projects\PBL2\RoadEye\dataset_crack\final_dataset_v5\train\labels\sewer_o8use_011723.txt,1,0
train,D:\Study Material\Sem VI\Projects\PBL2\RoadEye\dataset_crack\final_dataset_v5\train\images\sewer_o8use_011729.jpg,train/images/sewer_o8use_011729.jpg,D:\Study Material\Sem VI\Projects\PBL2\RoadEye\dataset_crack\final_dataset_v5\train\labels\sewer_o8use_011729.txt,0,1
train,D:\Study Material\Sem VI\Projects\PBL2\RoadEye\dataset_crack\final_dataset_v5\train\images\sewer_o8use_011736.jpg,train/images/sewer_o8use_011736.jpg,D:\Study Material\Sem VI\Projects\PBL2\RoadEye\dataset_crack\final_dataset_v5\train\labels\sewer_o8use_011736.txt,1,1
train,D:\Study Material\Sem VI\Projects\PBL2\RoadEye\dataset_crack\final_dataset_v5\train\images\sewer_o8use_011741.jpg,train/images/sewer_o8use_011741.jpg,D:\Study Material\Sem VI\Projects\PBL2\RoadEye\dataset_crack\final_dataset_v5\train\labels\sewer_o8use_011741.txt,2,0
train,D:\Study Material\Sem VI\Projects\PBL2\RoadEye\dataset_crack\final_dataset_v5\train\images\sewer_o8use_011750.jpg,train/images/sewer_o8use_011750.jpg,D:\Study Material\Sem VI\Projects\PBL2\RoadEye\dataset_crack\final_dataset_v5\train\labels\sewer_o8use_011750.txt,0,1
train,D:\Study Material\Sem VI\Projects\PBL2\RoadEye\dataset_crack\final_dataset_v5\train\images\sewer_o8use_011772.jpg,train/images/sewer_o8use_011772.jpg,D:\Study Material\Sem VI\Projects\PBL2\RoadEye\dataset_crack\final_dataset_v5\train\labels\sewer_o8use_011772.txt,1,1
train,D:\Study Material\Sem VI\Projects\PBL2\RoadEye\dataset_crack\final_dataset_v5\train\images\sewer_o8use_011817.jpg,train/images/sewer_o8use_011817.jpg,D:\Study Material\Sem VI\Projects\PBL2\RoadEye\dataset_crack\final_dataset_v5\train\labels\sewer_o8use_011817.txt,1,0
train,D:\Study Material\Sem VI\Projects\PBL2\RoadEye\dataset_crack\final_dataset_v5\train\images\sewer_o8use_011862.jpg,train/images/sewer_o8use_011862.jpg,D:\Study Material\Sem VI\Projects\PBL2\RoadEye\dataset_crack\final_dataset_v5\train\labels\sewer_o8use_011862.txt,0,1
train,D:\Study Material\Sem VI\Projects\PBL2\RoadEye\dataset_crack\final_dataset_v5\train\images\sewer_o8use_011866.jpg,train/images/sewer_o8use_011866.jpg,D:\Study Material\Sem VI\Projects\PBL2\RoadEye\dataset_crack\final_dataset_v5\train\labels\sewer_o8use_011866.txt,1,0
train,D:\Study Material\Sem VI\Projects\PBL2\RoadEye\dataset_crack\final_dataset_v5\train\images\sewer_o8use_011875.jpg,train/images/sewer_o8use_011875.jpg,D:\Study Material\Sem VI\Projects\PBL2\RoadEye\dataset_crack\final_dataset_v5\train\labels\sewer_o8use_011875.txt,1,0
train,D:\Study Material\Sem VI\Projects\PBL2\RoadEye\dataset_crack\final_dataset_v5\train\images\sewer_o8use_011902.jpg,train/images/sewer_o8use_011902.jpg,D:\Study Material\Sem VI\Projects\PBL2\RoadEye\dataset_crack\final_dataset_v5\train\labels\sewer_o8use_011902.txt,1,0
train,D:\Study Material\Sem VI\Projects\PBL2\RoadEye\dataset_crack\final_dataset_v5\train\images\sewer_o8use_011926.jpg,train/images/sewer_o8use_011926.jpg,D:\Study Material\Sem VI\Projects\PBL2\RoadEye\dataset_crack\final_dataset_v5\train\labels\sewer_o8use_011926.txt,2,0
train,D:\Study Material\Sem VI\Projects\PBL2\RoadEye\dataset_crack\final_dataset_v5\train\images\sewer_o8use_011945.jpg,train/images/sewer_o8use_011945.jpg,D:\Study Material\Sem VI\Projects\PBL2\RoadEye\dataset_crack\final_dataset_v5\train\labels\sewer_o8use_011945.txt,1,0
train,D:\Study Material\Sem VI\Projects\PBL2\RoadEye\dataset_crack\final_dataset_v5\train\images\sewer_o8use_011966.jpg,train/images/sewer_o8use_011966.jpg,D:\Study Material\Sem VI\Projects\PBL2\RoadEye\dataset_crack\final_dataset_v5\train\labels\sewer_o8use_011966.txt,0,1
train,D:\Study Material\Sem VI\Projects\PBL2\RoadEye\dataset_crack\final_dataset_v5\train\images\sewer_o8use_011971.jpg,train/images/sewer_o8use_011971.jpg,D:\Study Material\Sem VI\Projects\PBL2\RoadEye\dataset_crack\final_dataset_v5\train\labels\sewer_o8use_011971.txt,1,0
train,D:\Study Material\Sem VI\Projects\PBL2\RoadEye\dataset_crack\final_dataset_v5\train\images\sewer_o8use_011980.jpg,train/images/sewer_o8use_011980.jpg,D:\Study Material\Sem VI\Projects\PBL2\RoadEye\dataset_crack\final_dataset_v5\train\labels\sewer_o8use_011980.txt,1,0
train,D:\Study Material\Sem VI\Projects\PBL2\RoadEye\dataset_crack\final_dataset_v5\train\images\sewer_o8use_011983.jpg,train/images/sewer_o8use_011983.jpg,D:\Study Material\Sem VI\Projects\PBL2\RoadEye\dataset_crack\final_dataset_v5\train\labels\sewer_o8use_011983.txt,1,0
train,D:\Study Material\Sem VI\Projects\PBL2\RoadEye\dataset_crack\final_dataset_v5\train\images\sewer_o8use_011984.jpg,train/images/sewer_o8use_011984.jpg,D:\Study Material\Sem VI\Projects\PBL2\RoadEye\dataset_crack\final_dataset_v5\train\labels\sewer_o8use_011984.txt,1,0
train,D:\Study Material\Sem VI\Projects\PBL2\RoadEye\dataset_crack\final_dataset_v5\train\images\sewer_o8use_012056.jpg,train/images/sewer_o8use_012056.jpg,D:\Study Material\Sem VI\Projects\PBL2\RoadEye\dataset_crack\final_dataset_v5\train\labels\sewer_o8use_012056.txt,1,0
train,D:\Study Material\Sem VI\Projects\PBL2\RoadEye\dataset_crack\final_dataset_v5\train\images\sewer_o8use_012060.jpg,train/images/sewer_o8use_012060.jpg,D:\Study Material\Sem VI\Projects\PBL2\RoadEye\dataset_crack\final_dataset_v5\train\labels\sewer_o8use_012060.txt,1,0
train,D:\Study Material\Sem VI\Projects\PBL2\RoadEye\dataset_crack\final_dataset_v5\train\images\sewer_o8use_012069.jpg,train/images/sewer_o8use_012069.jpg,D:\Study Material\Sem VI\Projects\PBL2\RoadEye\dataset_crack\final_dataset_v5\train\labels\sewer_o8use_012069.txt,0,1
train,D:\Study Material\Sem VI\Projects\PBL2\RoadEye\dataset_crack\final_dataset_v5\train\images\sewer_o8use_012079.jpg,train/images/sewer_o8use_012079.jpg,D:\Study Material\Sem VI\Projects\PBL2\RoadEye\dataset_crack\final_dataset_v5\train\labels\sewer_o8use_012079.txt,1,0
train,D:\Study Material\Sem VI\Projects\PBL2\RoadEye\dataset_crack\final_dataset_v5\train\images\sewer_o8use_012092.jpg,train/images/sewer_o8use_012092.jpg,D:\Study Material\Sem VI\Projects\PBL2\RoadEye\dataset_crack\final_dataset_v5\train\labels\sewer_o8use_012092.txt,1,0
train,D:\Study Material\Sem VI\Projects\PBL2\RoadEye\dataset_crack\final_dataset_v5\train\images\sewer_o8use_012101.jpg,train/images/sewer_o8use_012101.jpg,D:\Study Material\Sem VI\Projects\PBL2\RoadEye\dataset_crack\final_dataset_v5\train\labels\sewer_o8use_012101.txt,1,0
train,D:\Study Material\Sem VI\Projects\PBL2\RoadEye\dataset_crack\final_dataset_v5\train\images\sewer_o8use_012104.jpg,train/images/sewer_o8use_012104.jpg,D:\Study Material\Sem VI\Projects\PBL2\RoadEye\dataset_crack\final_dataset_v5\train\labels\sewer_o8use_012104.txt,1,0
train,D:\Study Material\Sem VI\Projects\PBL2\RoadEye\dataset_crack\final_dataset_v5\train\images\sewer_o8use_012105.jpg,train/images/sewer_o8use_012105.jpg,D:\Study Material\Sem VI\Projects\PBL2\RoadEye\dataset_crack\final_dataset_v5\train\labels\sewer_o8use_012105.txt,1,0
train,D:\Study Material\Sem VI\Projects\PBL2\RoadEye\dataset_crack\final_dataset_v5\train\images\sewer_o8use_012119.jpg,train/images/sewer_o8use_012119.jpg,D:\Study Material\Sem VI\Projects\PBL2\RoadEye\dataset_crack\final_dataset_v5\train\labels\sewer_o8use_012119.txt,1,0
train,D:\Study Material\Sem VI\Projects\PBL2\RoadEye\dataset_crack\final_dataset_v5\train\images\sewer_o8use_012151.jpg,train/images/sewer_o8use_012151.jpg,D:\Study Material\Sem VI\Projects\PBL2\RoadEye\dataset_crack\final_dataset_v5\train\labels\sewer_o8use_012151.txt,2,1
train,D:\Study Material\Sem VI\Projects\PBL2\RoadEye\dataset_crack\final_dataset_v5\train\images\sewer_o8use_012153.jpg,train/images/sewer_o8use_012153.jpg,D:\Study Material\Sem VI\Projects\PBL2\RoadEye\dataset_crack\final_dataset_v5\train\labels\sewer_o8use_012153.txt,1,0
train,D:\Study Material\Sem VI\Projects\PBL2\RoadEye\dataset_crack\final_dataset_v5\train\images\sewer_o8use_012211.jpg,train/images/sewer_o8use_012211.jpg,D:\Study Material\Sem VI\Projects\PBL2\RoadEye\dataset_crack\final_dataset_v5\train\labels\sewer_o8use_012211.txt,1,0
train,D:\Study Material\Sem VI\Projects\PBL2\RoadEye\dataset_crack\final_dataset_v5\train\images\sewer_o8use_012221.jpg,train/images/sewer_o8use_012221.jpg,D:\Study Material\Sem VI\Projects\PBL2\RoadEye\dataset_crack\final_dataset_v5\train\labels\sewer_o8use_012221.txt,1,0
train,D:\Study Material\Sem VI\Projects\PBL2\RoadEye\dataset_crack\final_dataset_v5\train\images\sewer_o8use_012224.jpg,train/images/sewer_o8use_012224.jpg,D:\Study Material\Sem VI\Projects\PBL2\RoadEye\dataset_crack\final_dataset_v5\train\labels\sewer_o8use_012224.txt,1,0
train,D:\Study Material\Sem VI\Projects\PBL2\RoadEye\dataset_crack\final_dataset_v5\train\images\sewer_o8use_012225.jpg,train/images/sewer_o8use_012225.jpg,D:\Study Material\Sem VI\Projects\PBL2\RoadEye\dataset_crack\final_dataset_v5\train\labels\sewer_o8use_012225.txt,1,0
train,D:\Study Material\Sem VI\Projects\PBL2\RoadEye\dataset_crack\final_dataset_v5\train\images\sewer_o8use_012239.jpg,train/images/sewer_o8use_012239.jpg,D:\Study Material\Sem VI\Projects\PBL2\RoadEye\dataset_crack\final_dataset_v5\train\labels\sewer_o8use_012239.txt,1,0
train,D:\Study Material\Sem VI\Projects\PBL2\RoadEye\dataset_crack\final_dataset_v5\train\images\sewer_o8use_012254.jpg,train/images/sewer_o8use_012254.jpg,D:\Study Material\Sem VI\Projects\PBL2\RoadEye\dataset_crack\final_dataset_v5\train\labels\sewer_o8use_012254.txt,1,0
train,D:\Study Material\Sem VI\Projects\PBL2\RoadEye\dataset_crack\final_dataset_v5\train\images\sewer_o8use_012266.jpg,train/images/sewer_o8use_012266.jpg,D:\Study Material\Sem VI\Projects\PBL2\RoadEye\dataset_crack\final_dataset_v5\train\labels\sewer_o8use_012266.txt,1,0
train,D:\Study Material\Sem VI\Projects\PBL2\RoadEye\dataset_crack\final_dataset_v5\train\images\sewer_o8use_012267.jpg,train/images/sewer_o8use_012267.jpg,D:\Study Material\Sem VI\Projects\PBL2\RoadEye\dataset_crack\final_dataset_v5\train\labels\sewer_o8use_012267.txt,1,0
train,D:\Study Material\Sem VI\Projects\PBL2\RoadEye\dataset_crack\final_dataset_v5\train\images\sewer_o8use_012278.jpg,train/images/sewer_o8use_012278.jpg,D:\Study Material\Sem VI\Projects\PBL2\RoadEye\dataset_crack\final_dataset_v5\train\labels\sewer_o8use_012278.txt,1,0
train,D:\Study Material\Sem VI\Projects\PBL2\RoadEye\dataset_crack\final_dataset_v5\train\images\sewer_o8use_012322.jpg,train/images/sewer_o8use_012322.jpg,D:\Study Material\Sem VI\Projects\PBL2\RoadEye\dataset_crack\final_dataset_v5\train\labels\sewer_o8use_012322.txt,1,0
train,D:\Study Material\Sem VI\Projects\PBL2\RoadEye\dataset_crack\final_dataset_v5\train\images\sewer_o8use_012326.jpg,train/images/sewer_o8use_012326.jpg,D:\Study Material\Sem VI\Projects\PBL2\RoadEye\dataset_crack\final_dataset_v5\train\labels\sewer_o8use_012326.txt,1,0
train,D:\Study Material\Sem VI\Projects\PBL2\RoadEye\dataset_crack\final_dataset_v5\train\images\sewer_o8use_012339.jpg,train/images/sewer_o8use_012339.jpg,D:\Study Material\Sem VI\Projects\PBL2\RoadEye\dataset_crack\final_dataset_v5\train\labels\sewer_o8use_012339.txt,1,0
train,D:\Study Material\Sem VI\Projects\PBL2\RoadEye\dataset_crack\final_dataset_v5\train\images\sewer_o8use_012352.jpg,train/images/sewer_o8use_012352.jpg,D:\Study Material\Sem VI\Projects\PBL2\RoadEye\dataset_crack\final_dataset_v5\train\labels\sewer_o8use_012352.txt,1,0
train,D:\Study Material\Sem VI\Projects\PBL2\RoadEye\dataset_crack\final_dataset_v5\train\images\sewer_o8use_012353.jpg,train/images/sewer_o8use_012353.jpg,D:\Study Material\Sem VI\Projects\PBL2\RoadEye\dataset_crack\final_dataset_v5\train\labels\sewer_o8use_012353.txt,0,1
train,D:\Study Material\Sem VI\Projects\PBL2\RoadEye\dataset_crack\final_dataset_v5\train\images\sewer_o8use_012373.jpg,train/images/sewer_o8use_012373.jpg,D:\Study Material\Sem VI\Projects\PBL2\RoadEye\dataset_crack\final_dataset_v5\train\labels\sewer_o8use_012373.txt,1,0
train,D:\Study Material\Sem VI\Projects\PBL2\RoadEye\dataset_crack\final_dataset_v5\train\images\sewer_o8use_012389.jpg,train/images/sewer_o8use_012389.jpg,D:\Study Material\Sem VI\Projects\PBL2\RoadEye\dataset_crack\final_dataset_v5\train\labels\sewer_o8use_012389.txt,0,1
train,D:\Study Material\Sem VI\Projects\PBL2\RoadEye\dataset_crack\final_dataset_v5\train\images\sewer_o8use_012393.jpg,train/images/sewer_o8use_012393.jpg,D:\Study Material\Sem VI\Projects\PBL2\RoadEye\dataset_crack\final_dataset_v5\train\labels\sewer_o8use_012393.txt,1,0
train,D:\Study Material\Sem VI\Projects\PBL2\RoadEye\dataset_crack\final_dataset_v5\train\images\sewer_o8use_012444.jpg,train/images/sewer_o8use_012444.jpg,D:\Study Material\Sem VI\Projects\PBL2\RoadEye\dataset_crack\final_dataset_v5\train\labels\sewer_o8use_012444.txt,0,1
train,D:\Study Material\Sem VI\Projects\PBL2\RoadEye\dataset_crack\final_dataset_v5\train\images\sewer_o8use_012452.jpg,train/images/sewer_o8use_012452.jpg,D:\Study Material\Sem VI\Projects\PBL2\RoadEye\dataset_crack\final_dataset_v5\train\labels\sewer_o8use_012452.txt,1,0
train,D:\Study Material\Sem VI\Projects\PBL2\RoadEye\dataset_crack\final_dataset_v5\train\images\sewer_o8use_012455.jpg,train/images/sewer_o8use_012455.jpg,D:\Study Material\Sem VI\Projects\PBL2\RoadEye\dataset_crack\final_dataset_v5\train\labels\sewer_o8use_012455.txt,1,0
train,D:\Study Material\Sem VI\Projects\PBL2\RoadEye\dataset_crack\final_dataset_v5\train\images\sewer_o8use_012474.jpg,train/images/sewer_o8use_012474.jpg,D:\Study Material\Sem VI\Projects\PBL2\RoadEye\dataset_crack\final_dataset_v5\train\labels\sewer_o8use_012474.txt,1,0
train,D:\Study Material\Sem VI\Projects\PBL2\RoadEye\dataset_crack\final_dataset_v5\train\images\sewer_o8use_012483.jpg,train/images/sewer_o8use_012483.jpg,D:\Study Material\Sem VI\Projects\PBL2\RoadEye\dataset_crack\final_dataset_v5\train\labels\sewer_o8use_012483.txt,0,1
train,D:\Study Material\Sem VI\Projects\PBL2\RoadEye\dataset_crack\final_dataset_v5\train\images\sewer_o8use_012484.jpg,train/images/sewer_o8use_012484.jpg,D:\Study Material\Sem VI\Projects\PBL2\RoadEye\dataset_crack\final_dataset_v5\train\labels\sewer_o8use_012484.txt,1,0
train,D:\Study Material\Sem VI\Projects\PBL2\RoadEye\dataset_crack\final_dataset_v5\train\images\sewer_o8use_012524.jpg,train/images/sewer_o8use_012524.jpg,D:\Study Material\Sem VI\Projects\PBL2\RoadEye\dataset_crack\final_dataset_v5\train\labels\sewer_o8use_012524.txt,0,1
train,D:\Study Material\Sem VI\Projects\PBL2\RoadEye\dataset_crack\final_dataset_v5\train\images\sewer_o8use_012540.jpg,train/images/sewer_o8use_012540.jpg,D:\Study Material\Sem VI\Projects\PBL2\RoadEye\dataset_crack\final_dataset_v5\train\labels\sewer_o8use_012540.txt,1,0
train,D:\Study Material\Sem VI\Projects\PBL2\RoadEye\dataset_crack\final_dataset_v5\train\images\sewer_o8use_012554.jpg,train/images/sewer_o8use_012554.jpg,D:\Study Material\Sem VI\Projects\PBL2\RoadEye\dataset_crack\final_dataset_v5\train\labels\sewer_o8use_012554.txt,1,0
train,D:\Study Material\Sem VI\Projects\PBL2\RoadEye\dataset_crack\final_dataset_v5\train\images\sewer_o8use_012558.jpg,train/images/sewer_o8use_012558.jpg,D:\Study Material\Sem VI\Projects\PBL2\RoadEye\dataset_crack\final_dataset_v5\train\labels\sewer_o8use_012558.txt,1,0
train,D:\Study Material\Sem VI\Projects\PBL2\RoadEye\dataset_crack\final_dataset_v5\train\images\sewer_o8use_012663.jpg,train/images/sewer_o8use_012663.jpg,D:\Study Material\Sem VI\Projects\PBL2\RoadEye\dataset_crack\final_dataset_v5\train\labels\sewer_o8use_012663.txt,1,0
train,D:\Study Material\Sem VI\Projects\PBL2\RoadEye\dataset_crack\final_dataset_v5\train\images\sewer_o8use_012683.jpg,train/images/sewer_o8use_012683.jpg,D:\Study Material\Sem VI\Projects\PBL2\RoadEye\dataset_crack\final_dataset_v5\train\labels\sewer_o8use_012683.txt,1,0
train,D:\Study Material\Sem VI\Projects\PBL2\RoadEye\dataset_crack\final_dataset_v5\train\images\sewer_o8use_012687.jpg,train/images/sewer_o8use_012687.jpg,D:\Study Material\Sem VI\Projects\PBL2\RoadEye\dataset_crack\final_dataset_v5\train\labels\sewer_o8use_012687.txt,1,0
train,D:\Study Material\Sem VI\Projects\PBL2\RoadEye\dataset_crack\final_dataset_v5\train\images\sewer_o8use_012729.jpg,train/images/sewer_o8use_012729.jpg,D:\Study Material\Sem VI\Projects\PBL2\RoadEye\dataset_crack\final_dataset_v5\train\labels\sewer_o8use_012729.txt,1,0
train,D:\Study Material\Sem VI\Projects\PBL2\RoadEye\dataset_crack\final_dataset_v5\train\images\sewer_o8use_012741.jpg,train/images/sewer_o8use_012741.jpg,D:\Study Material\Sem VI\Projects\PBL2\RoadEye\dataset_crack\final_dataset_v5\train\labels\sewer_o8use_012741.txt,0,1
train,D:\Study Material\Sem VI\Projects\PBL2\RoadEye\dataset_crack\final_dataset_v5\train\images\sewer_o8use_012751.jpg,train/images/sewer_o8use_012751.jpg,D:\Study Material\Sem VI\Projects\PBL2\RoadEye\dataset_crack\final_dataset_v5\train\labels\sewer_o8use_012751.txt,1,0
train,D:\Study Material\Sem VI\Projects\PBL2\RoadEye\dataset_crack\final_dataset_v5\train\images\sewer_o8use_012761.jpg,train/images/sewer_o8use_012761.jpg,D:\Study Material\Sem VI\Projects\PBL2\RoadEye\dataset_crack\final_dataset_v5\train\labels\sewer_o8use_012761.txt,1,0
train,D:\Study Material\Sem VI\Projects\PBL2\RoadEye\dataset_crack\final_dataset_v5\train\images\sewer_o8use_012764.jpg,train/images/sewer_o8use_012764.jpg,D:\Study Material\Sem VI\Projects\PBL2\RoadEye\dataset_crack\final_dataset_v5\train\labels\sewer_o8use_012764.txt,0,1
train,D:\Study Material\Sem VI\Projects\PBL2\RoadEye\dataset_crack\final_dataset_v5\train\images\sewer_o8use_012785.jpg,train/images/sewer_o8use_012785.jpg,D:\Study Material\Sem VI\Projects\PBL2\RoadEye\dataset_crack\final_dataset_v5\train\labels\sewer_o8use_012785.txt,1,0
train,D:\Study Material\Sem VI\Projects\PBL2\RoadEye\dataset_crack\final_dataset_v5\train\images\sewer_o8use_012799.jpg,train/images/sewer_o8use_012799.jpg,D:\Study Material\Sem VI\Projects\PBL2\RoadEye\dataset_crack\final_dataset_v5\train\labels\sewer_o8use_012799.txt,1,0
train,D:\Study Material\Sem VI\Projects\PBL2\RoadEye\dataset_crack\final_dataset_v5\train\images\sewer_o8use_012818.jpg,train/images/sewer_o8use_012818.jpg,D:\Study Material\Sem VI\Projects\PBL2\RoadEye\dataset_crack\final_dataset_v5\train\labels\sewer_o8use_012818.txt,1,0
train,D:\Study Material\Sem VI\Projects\PBL2\RoadEye\dataset_crack\final_dataset_v5\train\images\sewer_o8use_012842.jpg,train/images/sewer_o8use_012842.jpg,D:\Study Material\Sem VI\Projects\PBL2\RoadEye\dataset_crack\final_dataset_v5\train\labels\sewer_o8use_012842.txt,1,0
train,D:\Study Material\Sem VI\Projects\PBL2\RoadEye\dataset_crack\final_dataset_v5\train\images\sewer_o8use_012858.jpg,train/images/sewer_o8use_012858.jpg,D:\Study Material\Sem VI\Projects\PBL2\RoadEye\dataset_crack\final_dataset_v5\train\labels\sewer_o8use_012858.txt,1,0
train,D:\Study Material\Sem VI\Projects\PBL2\RoadEye\dataset_crack\final_dataset_v5\train\images\sewer_o8use_012866.jpg,train/images/sewer_o8use_012866.jpg,D:\Study Material\Sem VI\Projects\PBL2\RoadEye\dataset_crack\final_dataset_v5\train\labels\sewer_o8use_012866.txt,1,0
train,D:\Study Material\Sem VI\Projects\PBL2\RoadEye\dataset_crack\final_dataset_v5\train\images\sewer_o8use_012877.jpg,train/images/sewer_o8use_012877.jpg,D:\Study Material\Sem VI\Projects\PBL2\RoadEye\dataset_crack\final_dataset_v5\train\labels\sewer_o8use_012877.txt,1,0
