image,fp_instances,fn_instances,selected_in_80pct_fn_sample,excluded_from_v6
D:\Study Material\Sem VI\Projects\PBL2\RoadEye\dataset_crack\final_dataset_v5\train\images\sewage_000001.jpg,2,1,1,1
D:\Study Material\Sem VI\Projects\PBL2\RoadEye\dataset_crack\final_dataset_v5\train\images\sewage_000030.jpg,1,0,0,1
D:\Study Material\Sem VI\Projects\PBL2\RoadEye\dataset_crack\final_dataset_v5\train\images\sewage_000040.jpg,1,1,1,1
D:\Study Material\Sem VI\Projects\PBL2\RoadEye\dataset_crack\final_dataset_v5\train\images\sewage_000062.jpg,3,1,1,1
D:\Study Material\Sem VI\Projects\PBL2\RoadEye\dataset_crack\final_dataset_v5\train\images\sewage_000064.jpg,0,2,1,1
D:\Study Material\Sem VI\Projects\PBL2\RoadEye\dataset_crack\final_dataset_v5\train\images\sewage_000074.jpg,2,0,0,1
D:\Study Material\Sem VI\Projects\PBL2\RoadEye\dataset_crack\final_dataset_v5\train\images\sewage_000076.jpg,1,0,0,1
D:\Study Material\Sem VI\Projects\PBL2\RoadEye\dataset_crack\final_dataset_v5\train\images\sewage_000079.jpg,0,1,0,0
D:\Study Material\Sem VI\Projects\PBL2\RoadEye\dataset_crack\final_dataset_v5\train\images\sewage_000114.jpg,2,1,1,1
D:\Study Material\Sem VI\Projects\PBL2\RoadEye\dataset_crack\final_dataset_v5\train\images\sewage_000121.jpg,0,1,1,1
D:\Study Material\Sem VI\Projects\PBL2\RoadEye\dataset_crack\final_dataset_v5\train\images\sewage_000122.jpg,1,0,0,1
D:\Study Material\Sem VI\Projects\PBL2\RoadEye\dataset_crack\final_dataset_v5\train\images\sewage_000123.jpg,4,1,1,1
D:\Study Material\Sem VI\Projects\PBL2\RoadEye\dataset_crack\final_dataset_v5\train\images\sewage_000142.jpg,1,4,1,1
D:\Study Material\Sem VI\Projects\PBL2\RoadEye\dataset_crack\final_dataset_v5\train\images\sewage_000145.jpg,1,0,0,1
D:\Study Material\Sem VI\Projects\PBL2\RoadEye\dataset_crack\final_dataset_v5\train\images\sewage_000160.jpg,2,1,1,1
D:\Study Material\Sem VI\Projects\PBL2\RoadEye\dataset_crack\final_dataset_v5\train\images\sewage_000165.jpg,1,0,0,1
D:\Study Material\Sem VI\Projects\PBL2\RoadEye\dataset_crack\final_dataset_v5\train\images\sewage_000171.jpg,1,3,1,1
D:\Study Material\Sem VI\Projects\PBL2\RoadEye\dataset_crack\final_dataset_v5\train\images\sewage_000189.jpg,3,0,0,1
D:\Study Material\Sem VI\Projects\PBL2\RoadEye\dataset_crack\final_dataset_v5\train\images\sewage_000192.jpg,1,0,0,1
D:\Study Material\Sem VI\Projects\PBL2\RoadEye\dataset_crack\final_dataset_v5\train\images\sewage_000193.jpg,1,1,1,1
D:\Study Material\Sem VI\Projects\PBL2\RoadEye\dataset_crack\final_dataset_v5\train\images\sewage_000199.jpg,1,1,0,1
D:\Study Material\Sem VI\Projects\PBL2\RoadEye\dataset_crack\final_dataset_v5\train\images\sewage_000248.jpg,1,0,0,1
D:\Study Material\Sem VI\Projects\PBL2\RoadEye\dataset_crack\final_dataset_v5\train\images\sewage_000249.jpg,2,1,1,1
D:\Study Material\Sem VI\Projects\PBL2\RoadEye\dataset_crack\final_dataset_v5\train\images\sewage_000258.jpg,1,0,0,1
D:\Study Material\Sem VI\Projects\PBL2\RoadEye\dataset_crack\final_dataset_v5\train\images\sewage_000263.jpg,1,1,1,1
D:\Study Material\Sem VI\Projects\PBL2\RoadEye\dataset_crack\final_dataset_v5\train\images\sewage_000270.jpg,2,0,0,1
D:\Study Material\Sem VI\Projects\PBL2\RoadEye\dataset_crack\final_dataset_v5\train\images\sewage_000278.jpg,1,0,0,1
D:\Study Material\Sem VI\Projects\PBL2\RoadEye\dataset_crack\final_dataset_v5\train\images\sewage_000285.jpg,2,0,0,1
D:\Study Material\Sem VI\Projects\PBL2\RoadEye\dataset_crack\final_dataset_v5\train\images\sewage_000311.jpg,0,1,1,1
D:\Study Material\Sem VI\Projects\PBL2\RoadEye\dataset_crack\final_dataset_v5\train\images\sewage_000319.jpg,0,1,0,0
D:\Study Material\Sem VI\Projects\PBL2\RoadEye\dataset_crack\final_dataset_v5\train\images\sewage_000326.jpg,1,0,0,1
D:\Study Material\Sem VI\Projects\PBL2\RoadEye\dataset_crack\final_dataset_v5\train\images\sewage_000330.jpg,1,0,0,1
D:\Study Material\Sem VI\Projects\PBL2\RoadEye\dataset_crack\final_dataset_v5\train\images\sewage_000345.jpg,1,0,0,1
D:\Study Material\Sem VI\Projects\PBL2\RoadEye\dataset_crack\final_dataset_v5\train\images\sewage_000366.jpg,0,1,0,0
D:\Study Material\Sem VI\Projects\PBL2\RoadEye\dataset_crack\final_dataset_v5\train\images\sewage_000368.jpg,0,1,0,0
D:\Study Material\Sem VI\Projects\PBL2\RoadEye\dataset_crack\final_dataset_v5\train\images\sewage_000416.jpg,2,2,1,1
D:\Study Material\Sem VI\Projects\PBL2\RoadEye\dataset_crack\final_dataset_v5\train\images\sewage_000421.jpg,1,0,0,1
D:\Study Material\Sem VI\Projects\PBL2\RoadEye\dataset_crack\final_dataset_v5\train\images\sewage_000460.jpg,1,1,1,1
D:\Study Material\Sem VI\Projects\PBL2\RoadEye\dataset_crack\final_dataset_v5\train\images\sewage_000495.jpg,2,1,1,1
D:\Study Material\Sem VI\Projects\PBL2\RoadEye\dataset_crack\final_dataset_v5\train\images\sewage_000525.jpg,0,1,0,0
D:\Study Material\Sem VI\Projects\PBL2\RoadEye\dataset_crack\final_dataset_v5\train\images\sewage_000530.jpg,1,0,0,1
D:\Study Material\Sem VI\Projects\PBL2\RoadEye\dataset_crack\final_dataset_v5\train\images\sewage_000536.jpg,1,0,0,1
D:\Study Material\Sem VI\Projects\PBL2\RoadEye\dataset_crack\final_dataset_v5\train\images\sewage_000542.jpg,0,1,0,0
D:\Study Material\Sem VI\Projects\PBL2\RoadEye\dataset_crack\final_dataset_v5\train\images\sewage_000595.jpg,1,0,0,1
D:\Study Material\Sem VI\Projects\PBL2\RoadEye\dataset_crack\final_dataset_v5\train\images\sewage_000597.jpg,2,0,0,1
D:\Study Material\Sem VI\Projects\PBL2\RoadEye\dataset_crack\final_dataset_v5\train\images\sewage_000604.jpg,1,2,1,1
D:\Study Material\Sem VI\Projects\PBL2\RoadEye\dataset_crack\final_dataset_v5\train\images\sewage_000612.jpg,1,0,0,1
D:\Study Material\Sem VI\Projects\PBL2\RoadEye\dataset_crack\final_dataset_v5\train\images\sewage_000619.jpg,1,0,0,1
D:\Study Material\Sem VI\Projects\PBL2\RoadEye\dataset_crack\final_dataset_v5\train\images\sewage_000625.jpg,2,0,0,1
D:\Study Material\Sem VI\Projects\PBL2\RoadEye\dataset_crack\final_dataset_v5\train\images\sewage_000640.jpg,1,1,1,1
D:\Study Material\Sem VI\Projects\PBL2\RoadEye\dataset_crack\final_dataset_v5\train\images\sewage_000657.jpg,0,1,1,1
D:\Study Material\Sem VI\Projects\PBL2\RoadEye\dataset_crack\final_dataset_v5\train\images\sewage_000713.jpg,1,0,0,1
D:\Study Material\Sem VI\Projects\PBL2\RoadEye\dataset_crack\final_dataset_v5\train\images\sewage_000717.jpg,1,0,0,1
D:\Study Material\Sem VI\Projects\PBL2\RoadEye\dataset_crack\final_dataset_v5\train\images\sewage_000723.jpg,2,0,0,1
D:\Study Material\Sem VI\Projects\PBL2\RoadEye\dataset_crack\final_dataset_v5\train\images\sewage_000726.jpg,1,2,0,1
D:\Study Material\Sem VI\Projects\PBL2\RoadEye\dataset_crack\final_dataset_v5\train\images\sewage_000759.jpg,4,1,1,1
D:\Study Material\Sem VI\Projects\PBL2\RoadEye\dataset_crack\final_dataset_v5\train\images\sewage_000798.jpg,1,0,0,1
D:\Study Material\Sem VI\Projects\PBL2\RoadEye\dataset_crack\final_dataset_v5\train\images\sewage_000802.jpg,3,4,0,1
D:\Study Material\Sem VI\Projects\PBL2\RoadEye\dataset_crack\final_dataset_v5\train\images\sewage_000826.jpg,0,1,1,1
D:\Study Material\Sem VI\Projects\PBL2\RoadEye\dataset_crack\final_dataset_v5\train\images\sewage_000849.jpg,0,1,1,1
D:\Study Material\Sem VI\Projects\PBL2\RoadEye\dataset_crack\final_dataset_v5\train\images\sewage_000883.jpg,1,0,0,1
D:\Study Material\Sem VI\Projects\PBL2\RoadEye\dataset_crack\final_dataset_v5\train\images\sewage_000886.jpg,4,1,1,1
D:\Study Material\Sem VI\Projects\PBL2\RoadEye\dataset_crack\final_dataset_v5\train\images\sewage_000896.jpg,1,0,0,1
D:\Study Material\Sem VI\Projects\PBL2\RoadEye\dataset_crack\final_dataset_v5\train\images\sewage_000901.jpg,0,1,0,0
D:\Study Material\Sem VI\Projects\PBL2\RoadEye\dataset_crack\final_dataset_v5\train\images\sewage_000973.jpg,1,0,0,1
D:\Study Material\Sem VI\Projects\PBL2\RoadEye\dataset_crack\final_dataset_v5\train\images\sewage_000977.jpg,1,0,0,1
D:\Study Material\Sem VI\Projects\PBL2\RoadEye\dataset_crack\final_dataset_v5\train\images\sewage_000984.jpg,2,0,0,1
D:\Study Material\Sem VI\Projects\PBL2\RoadEye\dataset_crack\final_dataset_v5\train\images\sewage_001015.jpg,1,0,0,1
D:\Study Material\Sem VI\Projects\PBL2\RoadEye\dataset_crack\final_dataset_v5\train\images\sewage_001065.jpg,1,0,0,1
D:\Study Material\Sem VI\Projects\PBL2\RoadEye\dataset_crack\final_dataset_v5\train\images\sewage_001071.jpg,1,1,0,1
D:\Study Material\Sem VI\Projects\PBL2\RoadEye\dataset_crack\final_dataset_v5\train\images\sewage_001077.jpg,0,1,1,1
D:\Study Material\Sem VI\Projects\PBL2\RoadEye\dataset_crack\final_dataset_v5\train\images\sewage_001083.jpg,0,1,1,1
D:\Study Material\Sem VI\Projects\PBL2\RoadEye\dataset_crack\final_dataset_v5\train\images\sewage_001098.jpg,1,1,0,1
D:\Study Material\Sem VI\Projects\PBL2\RoadEye\dataset_crack\final_dataset_v5\train\images\sewage_001117.jpg,0,1,1,1
D:\Study Material\Sem VI\Projects\PBL2\RoadEye\dataset_crack\final_dataset_v5\train\images\sewage_001121.jpg,1,2,1,1
D:\Study Material\Sem VI\Projects\PBL2\RoadEye\dataset_crack\final_dataset_v5\train\images\sewage_001128.jpg,2,0,0,1
D:\Study Material\Sem VI\Projects\PBL2\RoadEye\dataset_crack\final_dataset_v5\train\images\sewage_001135.jpg,1,0,0,1
D:\Study Material\Sem VI\Projects\PBL2\RoadEye\dataset_crack\final_dataset_v5\train\images\sewage_001175.jpg,0,1,1,1
D:\Study Material\Sem VI\Projects\PBL2\RoadEye\dataset_crack\final_dataset_v5\train\images\sewage_001181.jpg,1,2,1,1
D:\Study Material\Sem VI\Projects\PBL2\RoadEye\dataset_crack\final_dataset_v5\train\images\sewage_001194.jpg,0,1,1,1
D:\Study Material\Sem VI\Projects\PBL2\RoadEye\dataset_crack\final_dataset_v5\train\images\sewage_001207.jpg,1,0,0,1
D:\Study Material\Sem VI\Projects\PBL2\RoadEye\dataset_crack\final_dataset_v5\train\images\sewage_001208.jpg,2,0,0,1
D:\Study Material\Sem VI\Projects\PBL2\RoadEye\dataset_crack\final_dataset_v5\train\images\sewage_001217.jpg,0,2,1,1
D:\Study Material\Sem VI\Projects\PBL2\RoadEye\dataset_crack\final_dataset_v5\train\images\sewage_001229.jpg,1,0,0,1
D:\Study Material\Sem VI\Projects\PBL2\RoadEye\dataset_crack\final_dataset_v5\train\images\sewage_001248.jpg,2,1,1,1
D:\Study Material\Sem VI\Projects\PBL2\RoadEye\dataset_crack\final_dataset_v5\train\images\sewage_001268.jpg,3,5,1,1
D:\Study Material\Sem VI\Projects\PBL2\RoadEye\dataset_crack\final_dataset_v5\train\images\sewage_001274.jpg,1,0,0,1
D:\Study Material\Sem VI\Projects\PBL2\RoadEye\dataset_crack\final_dataset_v5\train\images\sewage_001283.jpg,2,2,0,1
D:\Study Material\Sem VI\Projects\PBL2\RoadEye\dataset_crack\final_dataset_v5\train\images\sewage_001284.jpg,0,1,1,1
D:\Study Material\Sem VI\Projects\PBL2\RoadEye\dataset_crack\final_dataset_v5\train\images\sewage_001301.jpg,1,0,0,1
D:\Study Material\Sem VI\Projects\PBL2\RoadEye\dataset_crack\final_dataset_v5\train\images\sewage_001327.jpg,0,1,1,1
D:\Study Material\Sem VI\Projects\PBL2\RoadEye\dataset_crack\final_dataset_v5\train\images\sewage_001361.jpg,2,0,0,1
D:\Study Material\Sem VI\Projects\PBL2\RoadEye\dataset_crack\final_dataset_v5\train\images\sewage_001387.jpg,2,1,1,1
D:\Study Material\Sem VI\Projects\PBL2\RoadEye\dataset_crack\final_dataset_v5\train\images\sewage_001388.jpg,0,1,0,0
D:\Study Material\Sem VI\Projects\PBL2\RoadEye\dataset_crack\final_dataset_v5\train\images\sewage_001389.jpg,0,2,1,1
D:\Study Material\Sem VI\Projects\PBL2\RoadEye\dataset_crack\final_dataset_v5\train\images\sewage_001420.jpg,2,1,1,1
D:\Study Material\Sem VI\Projects\PBL2\RoadEye\dataset_crack\final_dataset_v5\train\images\sewage_001447.jpg,1,0,0,1
D:\Study Material\Sem VI\Projects\PBL2\RoadEye\dataset_crack\final_dataset_v5\train\images\sewage_001452.jpg,1,0,0,1
D:\Study Material\Sem VI\Projects\PBL2\RoadEye\dataset_crack\final_dataset_v5\train\images\sewage_001457.jpg,1,0,0,1
D:\Study Material\Sem VI\Projects\PBL2\RoadEye\dataset_crack\final_dataset_v5\train\images\sewage_001460.jpg,3,2,0,1
D:\Study Material\Sem VI\Projects\PBL2\RoadEye\dataset_crack\final_dataset_v5\train\images\sewage_001466.jpg,2,0,0,1
D:\Study Material\Sem VI\Projects\PBL2\RoadEye\dataset_crack\final_dataset_v5\train\images\sewage_001500.jpg,1,1,1,1
D:\Study Material\Sem VI\Projects\PBL2\RoadEye\dataset_crack\final_dataset_v5\train\images\sewage_001507.jpg,0,1,1,1
D:\Study Material\Sem VI\Projects\PBL2\RoadEye\dataset_crack\final_dataset_v5\train\images\sewage_001522.jpg,0,1,0,0
D:\Study Material\Sem VI\Projects\PBL2\RoadEye\dataset_crack\final_dataset_v5\train\images\sewage_001525.jpg,0,1,0,0
D:\Study Material\Sem VI\Projects\PBL2\RoadEye\dataset_crack\final_dataset_v5\train\images\sewage_001535.jpg,1,0,0,1
D:\Study Material\Sem VI\Projects\PBL2\RoadEye\dataset_crack\final_dataset_v5\train\images\sewage_001555.jpg,0,2,1,1
D:\Study Material\Sem VI\Projects\PBL2\RoadEye\dataset_crack\final_dataset_v5\train\images\sewage_001571.jpg,2,0,0,1
D:\Study Material\Sem VI\Projects\PBL2\RoadEye\dataset_crack\final_dataset_v5\train\images\sewage_001580.jpg,1,0,0,1
D:\Study Material\Sem VI\Projects\PBL2\RoadEye\dataset_crack\final_dataset_v5\train\images\sewage_001588.jpg,0,1,1,1
D:\Study Material\Sem VI\Projects\PBL2\RoadEye\dataset_crack\final_dataset_v5\train\images\sewage_001601.jpg,2,1,1,1
D:\Study Material\Sem VI\Projects\PBL2\RoadEye\dataset_crack\final_dataset_v5\train\images\sewage_001618.jpg,1,0,0,1
D:\Study Material\Sem VI\Projects\PBL2\RoadEye\dataset_crack\final_dataset_v5\train\images\sewage_001625.jpg,1,0,0,1
D:\Study Material\Sem VI\Projects\PBL2\RoadEye\dataset_crack\final_dataset_v5\train\images\sewage_001644.jpg,1,0,0,1
D:\Study Material\Sem VI\Projects\PBL2\RoadEye\dataset_crack\final_dataset_v5\train\images\sewage_001671.jpg,2,1,1,1
D:\Study Material\Sem VI\Projects\PBL2\RoadEye\dataset_crack\final_dataset_v5\train\images\sewage_001675.jpg,2,0,0,1
D:\Study Material\Sem VI\Projects\PBL2\RoadEye\dataset_crack\final_dataset_v5\train\images\sewage_001680.jpg,4,1,1,1
D:\Study Material\Sem VI\Projects\PBL2\RoadEye\dataset_crack\final_dataset_v5\train\images\sewage_001698.jpg,1,0,0,1
D:\Study Material\Sem VI\Projects\PBL2\RoadEye\dataset_crack\final_dataset_v5\train\images\sewage_001752.jpg,1,0,0,1
D:\Study Material\Sem VI\Projects\PBL2\RoadEye\dataset_crack\final_dataset_v5\train\images\sewage_001755.jpg,0,1,0,0
D:\Study Material\Sem VI\Projects\PBL2\RoadEye\dataset_crack\final_dataset_v5\train\images\sewage_001762.jpg,2,4,1,1
D:\Study Material\Sem VI\Projects\PBL2\RoadEye\dataset_crack\final_dataset_v5\train\images\sewage_001780.jpg,1,1,1,1
D:\Study Material\Sem VI\Projects\PBL2\RoadEye\dataset_crack\final_dataset_v5\train\images\sewage_001790.jpg,1,2,0,1
D:\Study Material\Sem VI\Projects\PBL2\RoadEye\dataset_crack\final_dataset_v5\train\images\sewage_001804.jpg,1,0,0,1
D:\Study Material\Sem VI\Projects\PBL2\RoadEye\dataset_crack\final_dataset_v5\train\images\sewage_001824.jpg,1,1,1,1
D:\Study Material\Sem VI\Projects\PBL2\RoadEye\dataset_crack\final_dataset_v5\train\images\sewage_001828.jpg,1,1,1,1
D:\Study Material\Sem VI\Projects\PBL2\RoadEye\dataset_crack\final_dataset_v5\train\images\sewage_001832.jpg,0,1,1,1
D:\Study Material\Sem VI\Projects\PBL2\RoadEye\dataset_crack\final_dataset_v5\train\images\sewage_001901.jpg,1,0,0,1
D:\Study Material\Sem VI\Projects\PBL2\RoadEye\dataset_crack\final_dataset_v5\train\images\sewage_001909.jpg,1,0,0,1
D:\Study Material\Sem VI\Projects\PBL2\RoadEye\dataset_crack\final_dataset_v5\train\images\sewage_001923.jpg,0,1,1,1
D:\Study Material\Sem VI\Projects\PBL2\RoadEye\dataset_crack\final_dataset_v5\train\images\sewage_001933.jpg,2,2,1,1
D:\Study Material\Sem VI\Projects\PBL2\RoadEye\dataset_crack\final_dataset_v5\train\images\sewage_001965.jpg,1,0,0,1
D:\Study Material\Sem VI\Projects\PBL2\RoadEye\dataset_crack\final_dataset_v5\train\images\sewage_001969.jpg,1,0,0,1
D:\Study Material\Sem VI\Projects\PBL2\RoadEye\dataset_crack\final_dataset_v5\train\images\sewage_001982.jpg,1,1,1,1
D:\Study Material\Sem VI\Projects\PBL2\RoadEye\dataset_crack\final_dataset_v5\train\images\sewage_001991.jpg,0,1,0,0
D:\Study Material\Sem VI\Projects\PBL2\RoadEye\dataset_crack\final_dataset_v5\train\images\sewage_002035.jpg,0,1,1,1
D:\Study Material\Sem VI\Projects\PBL2\RoadEye\dataset_crack\final_dataset_v5\train\images\sewage_002041.jpg,1,0,0,1
D:\Study Material\Sem VI\Projects\PBL2\RoadEye\dataset_crack\final_dataset_v5\train\images\sewage_002042.jpg,1,1,1,1
D:\Study Material\Sem VI\Projects\PBL2\RoadEye\dataset_crack\final_dataset_v5\train\images\sewage_002044.jpg,1,1,0,1
D:\Study Material\Sem VI\Projects\PBL2\RoadEye\dataset_crack\final_dataset_v5\train\images\sewage_002057.jpg,1,0,0,1
D:\Study Material\Sem VI\Projects\PBL2\RoadEye\dataset_crack\final_dataset_v5\train\images\sewage_002101.jpg,1,2,1,1
D:\Study Material\Sem VI\Projects\PBL2\RoadEye\dataset_crack\final_dataset_v5\train\images\sewage_002140.jpg,0,1,1,1
D:\Study Material\Sem VI\Projects\PBL2\RoadEye\dataset_crack\final_dataset_v5\train\images\sewage_002149.jpg,1,0,0,1
D:\Study Material\Sem VI\Projects\PBL2\RoadEye\dataset_crack\final_dataset_v5\train\images\sewage_002152.jpg,1,0,0,1
D:\Study Material\Sem VI\Projects\PBL2\RoadEye\dataset_crack\final_dataset_v5\train\images\sewage_002167.jpg,0,1,0,0
D:\Study Material\Sem VI\Projects\PBL2\RoadEye\dataset_crack\final_dataset_v5\train\images\sewage_002179.jpg,1,0,0,1
D:\Study Material\Sem VI\Projects\PBL2\RoadEye\dataset_crack\final_dataset_v5\train\images\sewage_002193.jpg,1,0,0,1
D:\Study Material\Sem VI\Projects\PBL2\RoadEye\dataset_crack\final_dataset_v5\train\images\sewage_002235.jpg,4,2,1,1
D:\Study Material\Sem VI\Projects\PBL2\RoadEye\dataset_crack\final_dataset_v5\train\images\sewage_002285.jpg,0,1,1,1
D:\Study Material\Sem VI\Projects\PBL2\RoadEye\dataset_crack\final_dataset_v5\train\images\sewage_002356.jpg,1,1,1,1
D:\Study Material\Sem VI\Projects\PBL2\RoadEye\dataset_crack\final_dataset_v5\train\images\sewage_002369.jpg,0,2,1,1
D:\Study Material\Sem VI\Projects\PBL2\RoadEye\dataset_crack\final_dataset_v5\train\images\sewage_002396.jpg,1,1,1,1
D:\Study Material\Sem VI\Projects\PBL2\RoadEye\dataset_crack\final_dataset_v5\train\images\sewage_002401.jpg,1,2,1,1
D:\Study Material\Sem VI\Projects\PBL2\RoadEye\dataset_crack\final_dataset_v5\train\images\sewage_002428.jpg,0,1,1,1
D:\Study Material\Sem VI\Projects\PBL2\RoadEye\dataset_crack\final_dataset_v5\train\images\sewage_002459.jpg,1,0,0,1
D:\Study Material\Sem VI\Projects\PBL2\RoadEye\dataset_crack\final_dataset_v5\train\images\sewage_002467.jpg,1,1,1,1
D:\Study Material\Sem VI\Projects\PBL2\RoadEye\dataset_crack\final_dataset_v5\train\images\sewage_002470.jpg,0,1,1,1
D:\Study Material\Sem VI\Projects\PBL2\RoadEye\dataset_crack\final_dataset_v5\train\images\sewage_002475.jpg,0,1,0,0
D:\Study Material\Sem VI\Projects\PBL2\RoadEye\dataset_crack\final_dataset_v5\train\images\sewage_002510.jpg,0,1,1,1
D:\Study Material\Sem VI\Projects\PBL2\RoadEye\dataset_crack\final_dataset_v5\train\images\sewage_002516.jpg,0,1,0,0
D:\Study Material\Sem VI\Projects\PBL2\RoadEye\dataset_crack\final_dataset_v5\train\images\sewage_002525.jpg,1,1,0,1
D:\Study Material\Sem VI\Projects\PBL2\RoadEye\dataset_crack\final_dataset_v5\train\images\sewage_002534.jpg,0,1,1,1
D:\Study Material\Sem VI\Projects\PBL2\RoadEye\dataset_crack\final_dataset_v5\train\images\sewage_002568.jpg,0,1,1,1
D:\Study Material\Sem VI\Projects\PBL2\RoadEye\dataset_crack\final_dataset_v5\train\images\sewage_002620.jpg,0,1,1,1
D:\Study Material\Sem VI\Projects\PBL2\RoadEye\dataset_crack\final_dataset_v5\train\images\sewage_002625.jpg,1,0,0,1
D:\Study Material\Sem VI\Projects\PBL2\RoadEye\dataset_crack\final_dataset_v5\train\images\sewage_002636.jpg,0,3,1,1
D:\Study Material\Sem VI\Projects\PBL2\RoadEye\dataset_crack\final_dataset_v5\train\images\sewage_002678.jpg,2,0,0,1
D:\Study Material\Sem VI\Projects\PBL2\RoadEye\dataset_crack\final_dataset_v5\train\images\sewage_002728.jpg,2,1,1,1
D:\Study Material\Sem VI\Projects\PBL2\RoadEye\dataset_crack\final_dataset_v5\train\images\sewage_002733.jpg,2,0,0,1
D:\Study Material\Sem VI\Projects\PBL2\RoadEye\dataset_crack\final_dataset_v5\train\images\sewage_002734.jpg,2,0,0,1
D:\Study Material\Sem VI\Projects\PBL2\RoadEye\dataset_crack\final_dataset_v5\train\images\sewage_002751.jpg,0,1,0,0
D:\Study Material\Sem VI\Projects\PBL2\RoadEye\dataset_crack\final_dataset_v5\train\images\sewage_002780.jpg,3,0,0,1
D:\Study Material\Sem VI\Projects\PBL2\RoadEye\dataset_crack\final_dataset_v5\train\images\sewage_002787.jpg,1,2,1,1
D:\Study Material\Sem VI\Projects\PBL2\RoadEye\dataset_crack\final_dataset_v5\train\images\sewage_002802.jpg,0,1,1,1
D:\Study Material\Sem VI\Projects\PBL2\RoadEye\dataset_crack\final_dataset_v5\train\images\sewage_002839.jpg,0,1,1,1
D:\Study Material\Sem VI\Projects\PBL2\RoadEye\dataset_crack\final_dataset_v5\train\images\sewage_002864.jpg,4,1,1,1
D:\Study Material\Sem VI\Projects\PBL2\RoadEye\dataset_crack\final_dataset_v5\train\images\sewage_002870.jpg,3,0,0,1
D:\Study Material\Sem VI\Projects\PBL2\RoadEye\dataset_crack\final_dataset_v5\train\images\sewage_002879.jpg,2,0,0,1
D:\Study Material\Sem VI\Projects\PBL2\RoadEye\dataset_crack\final_dataset_v5\train\images\sewage_002887.jpg,1,1,1,1
D:\Study Material\Sem VI\Projects\PBL2\RoadEye\dataset_crack\final_dataset_v5\train\images\sewage_002928.jpg,1,0,0,1
D:\Study Material\Sem VI\Projects\PBL2\RoadEye\dataset_crack\final_dataset_v5\train\images\sewage_002947.jpg,2,0,0,1
D:\Study Material\Sem VI\Projects\PBL2\RoadEye\dataset_crack\final_dataset_v5\train\images\sewage_002960.jpg,0,1,0,0
D:\Study Material\Sem VI\Projects\PBL2\RoadEye\dataset_crack\final_dataset_v5\train\images\sewage_002972.jpg,2,0,0,1
D:\Study Material\Sem VI\Projects\PBL2\RoadEye\dataset_crack\final_dataset_v5\train\images\sewage_002974.jpg,1,0,0,1
D:\Study Material\Sem VI\Projects\PBL2\RoadEye\dataset_crack\final_dataset_v5\train\images\sewage_003040.jpg,1,0,0,1
D:\Study Material\Sem VI\Projects\PBL2\RoadEye\dataset_crack\final_dataset_v5\train\images\sewage_003041.jpg,1,0,0,1
D:\Study Material\Sem VI\Projects\PBL2\RoadEye\dataset_crack\final_dataset_v5\train\images\sewage_003043.jpg,0,1,1,1
D:\Study Material\Sem VI\Projects\PBL2\RoadEye\dataset_crack\final_dataset_v5\train\images\sewage_003047.jpg,1,1,1,1
D:\Study Material\Sem VI\Projects\PBL2\RoadEye\dataset_crack\final_dataset_v5\train\images\sewage_003049.jpg,0,2,0,0
D:\Study Material\Sem VI\Projects\PBL2\RoadEye\dataset_crack\final_dataset_v5\train\images\sewage_003060.jpg,2,2,1,1
D:\Study Material\Sem VI\Projects\PBL2\RoadEye\dataset_crack\final_dataset_v5\train\images\sewage_003066.jpg,2,0,0,1
D:\Study Material\Sem VI\Projects\PBL2\RoadEye\dataset_crack\final_dataset_v5\train\images\sewage_003070.jpg,1,0,0,1
D:\Study Material\Sem VI\Projects\PBL2\RoadEye\dataset_crack\final_dataset_v5\train\images\sewage_003076.jpg,0,1,1,1
D:\Study Material\Sem VI\Projects\PBL2\RoadEye\dataset_crack\final_dataset_v5\train\images\sewage_003105.jpg,1,1,1,1
D:\Study Material\Sem VI\Projects\PBL2\RoadEye\dataset_crack\final_dataset_v5\train\images\sewage_003113.jpg,1,0,0,1
D:\Study Material\Sem VI\Projects\PBL2\RoadEye\dataset_crack\final_dataset_v5\train\images\sewage_003135.jpg,0,1,1,1
D:\Study Material\Sem VI\Projects\PBL2\RoadEye\dataset_crack\final_dataset_v5\train\images\sewage_003166.jpg,0,1,1,1
D:\Study Material\Sem VI\Projects\PBL2\RoadEye\dataset_crack\final_dataset_v5\train\images\sewage_003171.jpg,1,0,0,1
D:\Study Material\Sem VI\Projects\PBL2\RoadEye\dataset_crack\final_dataset_v5\train\images\sewage_003172.jpg,1,2,1,1
D:\Study Material\Sem VI\Projects\PBL2\RoadEye\dataset_crack\final_dataset_v5\train\images\sewage_003197.jpg,1,0,0,1
D:\Study Material\Sem VI\Projects\PBL2\RoadEye\dataset_crack\final_dataset_v5\train\images\sewage_003198.jpg,0,1,1,1
D:\Study Material\Sem VI\Projects\PBL2\RoadEye\dataset_crack\final_dataset_v5\train\images\sewage_003220.jpg,1,0,0,1
D:\Study Material\Sem VI\Projects\PBL2\RoadEye\dataset_crack\final_dataset_v5\train\images\sewage_003229.jpg,0,1,0,0
D:\Study Material\Sem VI\Projects\PBL2\RoadEye\dataset_crack\final_dataset_v5\train\images\sewage_003244.jpg,1,1,1,1
D:\Study Material\Sem VI\Projects\PBL2\RoadEye\dataset_crack\final_dataset_v5\train\images\sewage_003249.jpg,2,0,0,1
D:\Study Material\Sem VI\Projects\PBL2\RoadEye\dataset_crack\final_dataset_v5\train\images\sewage_003268.jpg,1,0,0,1
D:\Study Material\Sem VI\Projects\PBL2\RoadEye\dataset_crack\final_dataset_v5\train\images\sewage_003275.jpg,4,2,1,1
D:\Study Material\Sem VI\Projects\PBL2\RoadEye\dataset_crack\final_dataset_v5\train\images\sewage_003277.jpg,2,0,0,1
D:\Study Material\Sem VI\Projects\PBL2\RoadEye\dataset_crack\final_dataset_v5\train\images\sewage_003285.jpg,1,1,1,1
D:\Study Material\Sem VI\Projects\PBL2\RoadEye\dataset_crack\final_dataset_v5\train\images\sewage_003305.jpg,1,0,0,1
D:\Study Material\Sem VI\Projects\PBL2\RoadEye\dataset_crack\final_dataset_v5\train\images\sewage_003316.jpg,1,1,0,1
D:\Study Material\Sem VI\Projects\PBL2\RoadEye\dataset_crack\final_dataset_v5\train\images\sewage_003329.jpg,1,0,0,1
D:\Study Material\Sem VI\Projects\PBL2\RoadEye\dataset_crack\final_dataset_v5\train\images\sewage_003345.jpg,0,1,1,1
D:\Study Material\Sem VI\Projects\PBL2\RoadEye\dataset_crack\final_dataset_v5\train\images\sewage_003354.jpg,2,0,0,1
D:\Study Material\Sem VI\Projects\PBL2\RoadEye\dataset_crack\final_dataset_v5\train\images\sewage_003357.jpg,0,1,1,1
D:\Study Material\Sem VI\Projects\PBL2\RoadEye\dataset_crack\final_dataset_v5\train\images\sewage_003365.jpg,1,2,1,1
D:\Study Material\Sem VI\Projects\PBL2\RoadEye\dataset_crack\final_dataset_v5\train\images\sewage_003375.jpg,1,1,1,1
D:\Study Material\Sem VI\Projects\PBL2\RoadEye\dataset_crack\final_dataset_v5\train\images\sewage_003380.jpg,1,1,1,1
D:\Study Material\Sem VI\Projects\PBL2\RoadEye\dataset_crack\final_dataset_v5\train\images\sewage_003382.jpg,1,1,1,1
D:\Study Material\Sem VI\Projects\PBL2\RoadEye\dataset_crack\final_dataset_v5\train\images\sewage_003401.jpg,2,0,0,1
D:\Study Material\Sem VI\Projects\PBL2\RoadEye\dataset_crack\final_dataset_v5\train\images\sewage_003406.jpg,1,0,0,1
D:\Study Material\Sem VI\Projects\PBL2\RoadEye\dataset_crack\final_dataset_v5\train\images\sewage_003426.jpg,1,0,0,1
D:\Study Material\Sem VI\Projects\PBL2\RoadEye\dataset_crack\final_dataset_v5\train\images\sewage_003448.jpg,0,1,1,1
D:\Study Material\Sem VI\Projects\PBL2\RoadEye\dataset_crack\final_dataset_v5\train\images\sewage_003510.jpg,2,0,0,1
D:\Study Material\Sem VI\Projects\PBL2\RoadEye\dataset_crack\final_dataset_v5\train\images\sewage_003533.jpg,1,1,1,1
D:\Study Material\Sem VI\Projects\PBL2\RoadEye\dataset_crack\final_dataset_v5\train\images\sewage_003553.jpg,1,0,0,1
D:\Study Material\Sem VI\Projects\PBL2\RoadEye\dataset_crack\final_dataset_v5\train\images\sewage_003562.jpg,2,2,1,1
D:\Study Material\Sem VI\Projects\PBL2\RoadEye\dataset_crack\final_dataset_v5\train\images\sewage_003566.jpg,1,1,1,1
D:\Study Material\Sem VI\Projects\PBL2\RoadEye\dataset_crack\final_dataset_v5\train\images\sewage_003595.jpg,1,1,1,1
D:\Study Material\Sem VI\Projects\PBL2\RoadEye\dataset_crack\final_dataset_v5\train\images\sewage_003596.jpg,2,0,0,1
D:\Study Material\Sem VI\Projects\PBL2\RoadEye\dataset_crack\final_dataset_v5\train\images\sewage_003614.jpg,0,1,1,1
D:\Study Material\Sem VI\Projects\PBL2\RoadEye\dataset_crack\final_dataset_v5\train\images\sewage_003629.jpg,2,0,0,1
D:\Study Material\Sem VI\Projects\PBL2\RoadEye\dataset_crack\final_dataset_v5\train\images\sewage_003632.jpg,1,0,0,1
D:\Study Material\Sem VI\Projects\PBL2\RoadEye\dataset_crack\final_dataset_v5\train\images\sewage_003646.jpg,1,1,1,1
D:\Study Material\Sem VI\Projects\PBL2\RoadEye\dataset_crack\final_dataset_v5\train\images\sewage_003647.jpg,3,1,1,1
D:\Study Material\Sem VI\Projects\PBL2\RoadEye\dataset_crack\final_dataset_v5\train\images\sewage_003653.jpg,1,1,1,1
D:\Study Material\Sem VI\Projects\PBL2\RoadEye\dataset_crack\final_dataset_v5\train\images\sewage_003654.jpg,0,2,1,1
D:\Study Material\Sem VI\Projects\PBL2\RoadEye\dataset_crack\final_dataset_v5\train\images\sewage_003686.jpg,1,0,0,1
D:\Study Material\Sem VI\Projects\PBL2\RoadEye\dataset_crack\final_dataset_v5\train\images\sewage_003689.jpg,1,2,0,1
D:\Study Material\Sem VI\Projects\PBL2\RoadEye\dataset_crack\final_dataset_v5\train\images\sewage_003718.jpg,0,1,1,1
D:\Study Material\Sem VI\Projects\PBL2\RoadEye\dataset_crack\final_dataset_v5\train\images\sewage_003719.jpg,2,1,1,1
D:\Study Material\Sem VI\Projects\PBL2\RoadEye\dataset_crack\final_dataset_v5\train\images\sewage_003735.jpg,2,0,0,1
D:\Study Material\Sem VI\Projects\PBL2\RoadEye\dataset_crack\final_dataset_v5\train\images\sewage_003757.jpg,0,1,1,1
D:\Study Material\Sem VI\Projects\PBL2\RoadEye\dataset_crack\final_dataset_v5\train\images\sewage_003773.jpg,1,0,0,1
D:\Study Material\Sem VI\Projects\PBL2\RoadEye\dataset_crack\final_dataset_v5\train\images\sewage_003775.jpg,0,1,1,1
D:\Study Material\Sem VI\Projects\PBL2\RoadEye\dataset_crack\final_dataset_v5\train\images\sewage_003794.jpg,1,1,1,1
D:\Study Material\Sem VI\Projects\PBL2\RoadEye\dataset_crack\final_dataset_v5\train\images\sewage_003817.jpg,0,1,1,1
D:\Study Material\Sem VI\Projects\PBL2\RoadEye\dataset_crack\final_dataset_v5\train\images\sewage_003827.jpg,2,1,1,1
D:\Study Material\Sem VI\Projects\PBL2\RoadEye\dataset_crack\final_dataset_v5\train\images\sewage_003833.jpg,0,1,0,0
D:\Study Material\Sem VI\Projects\PBL2\RoadEye\dataset_crack\final_dataset_v5\train\images\sewage_003837.jpg,0,1,0,0
D:\Study Material\Sem VI\Projects\PBL2\RoadEye\dataset_crack\final_dataset_v5\train\images\sewage_003859.jpg,3,0,0,1
D:\Study Material\Sem VI\Projects\PBL2\RoadEye\dataset_crack\final_dataset_v5\train\images\sewage_003873.jpg,1,0,0,1
D:\Study Material\Sem VI\Projects\PBL2\RoadEye\dataset_crack\final_dataset_v5\train\images\sewage_003879.jpg,1,1,1,1
D:\Study Material\Sem VI\Projects\PBL2\RoadEye\dataset_crack\final_dataset_v5\train\images\sewage_003902.jpg,0,1,0,0
D:\Study Material\Sem VI\Projects\PBL2\RoadEye\dataset_crack\final_dataset_v5\train\images\sewage_003909.jpg,0,1,1,1
D:\Study Material\Sem VI\Projects\PBL2\RoadEye\dataset_crack\final_dataset_v5\train\images\sewage_003927.jpg,0,1,0,0
D:\Study Material\Sem VI\Projects\PBL2\RoadEye\dataset_crack\final_dataset_v5\train\images\sewage_003944.jpg,2,1,1,1
D:\Study Material\Sem VI\Projects\PBL2\RoadEye\dataset_crack\final_dataset_v5\train\images\sewage_003945.jpg,1,0,0,1
D:\Study Material\Sem VI\Projects\PBL2\RoadEye\dataset_crack\final_dataset_v5\train\images\sewage_003952.jpg,1,0,0,1
D:\Study Material\Sem VI\Projects\PBL2\RoadEye\dataset_crack\final_dataset_v5\train\images\sewage_003954.jpg,0,2,1,1
D:\Study Material\Sem VI\Projects\PBL2\RoadEye\dataset_crack\final_dataset_v5\train\images\sewage_003997.jpg,0,1,1,1
D:\Study Material\Sem VI\Projects\PBL2\RoadEye\dataset_crack\final_dataset_v5\train\images\sewage_004013.jpg,0,1,0,0
D:\Study Material\Sem VI\Projects\PBL2\RoadEye\dataset_crack\final_dataset_v5\train\images\sewage_004026.jpg,0,1,1,1
D:\Study Material\Sem VI\Projects\PBL2\RoadEye\dataset_crack\final_dataset_v5\train\images\sewage_004046.jpg,0,1,0,0
D:\Study Material\Sem VI\Projects\PBL2\RoadEye\dataset_crack\final_dataset_v5\train\images\sewage_004059.jpg,1,0,0,1
D:\Study Material\Sem VI\Projects\PBL2\RoadEye\dataset_crack\final_dataset_v5\train\images\sewage_004079.jpg,0,1,1,1
D:\Study Material\Sem VI\Projects\PBL2\RoadEye\dataset_crack\final_dataset_v5\train\images\sewage_004088.jpg,3,0,0,1
D:\Study Material\Sem VI\Projects\PBL2\RoadEye\dataset_crack\final_dataset_v5\train\images\sewage_004089.jpg,0,1,0,0
D:\Study Material\Sem VI\Projects\PBL2\RoadEye\dataset_crack\final_dataset_v5\train\images\sewage_004118.jpg,2,1,1,1
D:\Study Material\Sem VI\Projects\PBL2\RoadEye\dataset_crack\final_dataset_v5\train\images\sewage_004124.jpg,2,2,1,1
D:\Study Material\Sem VI\Projects\PBL2\RoadEye\dataset_crack\final_dataset_v5\train\images\sewage_004135.jpg,2,0,0,1
D:\Study Material\Sem VI\Projects\PBL2\RoadEye\dataset_crack\final_dataset_v5\train\images\sewage_004153.jpg,2,2,0,1
D:\Study Material\Sem VI\Projects\PBL2\RoadEye\dataset_crack\final_dataset_v5\train\images\sewage_004156.jpg,1,2,1,1
D:\Study Material\Sem VI\Projects\PBL2\RoadEye\dataset_crack\final_dataset_v5\train\images\sewage_004191.jpg,4,1,1,1
D:\Study Material\Sem VI\Projects\PBL2\RoadEye\dataset_crack\final_dataset_v5\train\images\sewage_004214.jpg,0,1,1,1
D:\Study Material\Sem VI\Projects\PBL2\RoadEye\dataset_crack\final_dataset_v5\train\images\sewage_004221.jpg,2,0,0,1
D:\Study Material\Sem VI\Projects\PBL2\RoadEye\dataset_crack\final_dataset_v5\train\images\sewage_004226.jpg,2,0,0,1
D:\Study Material\Sem VI\Projects\PBL2\RoadEye\dataset_crack\final_dataset_v5\train\images\sewage_004245.jpg,0,2,0,0
D:\Study Material\Sem VI\Projects\PBL2\RoadEye\dataset_crack\final_dataset_v5\train\images\sewage_004254.jpg,1,0,0,1
D:\Study Material\Sem VI\Projects\PBL2\RoadEye\dataset_crack\final_dataset_v5\train\images\sewage_004255.jpg,0,2,1,1
D:\Study Material\Sem VI\Projects\PBL2\RoadEye\dataset_crack\final_dataset_v5\train\images\sewage_004273.jpg,1,0,0,1
D:\Study Material\Sem VI\Projects\PBL2\RoadEye\dataset_crack\final_dataset_v5\train\images\sewage_004309.jpg,2,1,1,1
D:\Study Material\Sem VI\Projects\PBL2\RoadEye\dataset_crack\final_dataset_v5\train\images\sewage_004341.jpg,1,0,0,1
D:\Study Material\Sem VI\Projects\PBL2\RoadEye\dataset_crack\final_dataset_v5\train\images\sewage_004355.jpg,4,1,1,1
D:\Study Material\Sem VI\Projects\PBL2\RoadEye\dataset_crack\final_dataset_v5\train\images\sewage_004362.jpg,2,1,1,1
D:\Study Material\Sem VI\Projects\PBL2\RoadEye\dataset_crack\final_dataset_v5\train\images\sewage_004382.jpg,1,1,1,1
D:\Study Material\Sem VI\Projects\PBL2\RoadEye\dataset_crack\final_dataset_v5\train\images\sewage_004385.jpg,1,1,1,1
D:\Study Material\Sem VI\Projects\PBL2\RoadEye\dataset_crack\final_dataset_v5\train\images\sewage_004395.jpg,0,1,1,1
D:\Study Material\Sem VI\Projects\PBL2\RoadEye\dataset_crack\final_dataset_v5\train\images\sewage_004398.jpg,1,0,0,1
D:\Study Material\Sem VI\Projects\PBL2\RoadEye\dataset_crack\final_dataset_v5\train\images\sewage_004413.jpg,1,0,0,1
D:\Study Material\Sem VI\Projects\PBL2\RoadEye\dataset_crack\final_dataset_v5\train\images\sewage_004414.jpg,1,0,0,1
D:\Study Material\Sem VI\Projects\PBL2\RoadEye\dataset_crack\final_dataset_v5\train\images\sewage_004421.jpg,3,3,1,1
D:\Study Material\Sem VI\Projects\PBL2\RoadEye\dataset_crack\final_dataset_v5\train\images\sewage_004448.jpg,0,1,1,1
D:\Study Material\Sem VI\Projects\PBL2\RoadEye\dataset_crack\final_dataset_v5\train\images\sewage_004463.jpg,1,2,1,1
D:\Study Material\Sem VI\Projects\PBL2\RoadEye\dataset_crack\final_dataset_v5\train\images\sewage_004476.jpg,1,0,0,1
D:\Study Material\Sem VI\Projects\PBL2\RoadEye\dataset_crack\final_dataset_v5\train\images\sewage_004478.jpg,1,2,0,1
D:\Study Material\Sem VI\Projects\PBL2\RoadEye\dataset_crack\final_dataset_v5\train\images\sewage_004484.jpg,1,0,0,1
D:\Study Material\Sem VI\Projects\PBL2\RoadEye\dataset_crack\final_dataset_v5\train\images\sewage_004498.jpg,4,1,1,1
D:\Study Material\Sem VI\Projects\PBL2\RoadEye\dataset_crack\final_dataset_v5\train\images\sewage_004516.jpg,1,0,0,1
D:\Study Material\Sem VI\Projects\PBL2\RoadEye\dataset_crack\final_dataset_v5\train\images\sewage_004524.jpg,0,2,1,1
D:\Study Material\Sem VI\Projects\PBL2\RoadEye\dataset_crack\final_dataset_v5\train\images\sewage_004541.jpg,1,0,0,1
D:\Study Material\Sem VI\Projects\PBL2\RoadEye\dataset_crack\final_dataset_v5\train\images\sewage_004544.jpg,1,2,1,1
D:\Study Material\Sem VI\Projects\PBL2\RoadEye\dataset_crack\final_dataset_v5\train\images\sewage_004578.jpg,6,1,1,1
D:\Study Material\Sem VI\Projects\PBL2\RoadEye\dataset_crack\final_dataset_v5\train\images\sewage_004614.jpg,1,0,0,1
D:\Study Material\Sem VI\Projects\PBL2\RoadEye\dataset_crack\final_dataset_v5\train\images\sewage_004619.jpg,1,0,0,1
D:\Study Material\Sem VI\Projects\PBL2\RoadEye\dataset_crack\final_dataset_v5\train\images\sewage_004624.jpg,5,1,1,1
D:\Study Material\Sem VI\Projects\PBL2\RoadEye\dataset_crack\final_dataset_v5\train\images\sewage_004625.jpg,1,0,0,1
D:\Study Material\Sem VI\Projects\PBL2\RoadEye\dataset_crack\final_dataset_v5\train\images\sewage_004657.jpg,1,0,0,1
D:\Study Material\Sem VI\Projects\PBL2\RoadEye\dataset_crack\final_dataset_v5\train\images\sewage_004663.jpg,1,0,0,1
D:\Study Material\Sem VI\Projects\PBL2\RoadEye\dataset_crack\final_dataset_v5\train\images\sewage_004683.jpg,1,0,0,1
D:\Study Material\Sem VI\Projects\PBL2\RoadEye\dataset_crack\final_dataset_v5\train\images\sewage_004684.jpg,1,1,1,1
D:\Study Material\Sem VI\Projects\PBL2\RoadEye\dataset_crack\final_dataset_v5\train\images\sewage_004699.jpg,1,0,0,1
D:\Study Material\Sem VI\Projects\PBL2\RoadEye\dataset_crack\final_dataset_v5\train\images\sewage_004723.jpg,0,1,1,1
D:\Study Material\Sem VI\Projects\PBL2\RoadEye\dataset_crack\final_dataset_v5\train\images\sewage_004745.jpg,2,1,1,1
D:\Study Material\Sem VI\Projects\PBL2\RoadEye\dataset_crack\final_dataset_v5\train\images\sewage_004748.jpg,2,1,1,1
D:\Study Material\Sem VI\Projects\PBL2\RoadEye\dataset_crack\final_dataset_v5\train\images\sewage_004765.jpg,1,1,1,1
D:\Study Material\Sem VI\Projects\PBL2\RoadEye\dataset_crack\final_dataset_v5\train\images\sewage_004772.jpg,0,1,0,0
D:\Study Material\Sem VI\Projects\PBL2\RoadEye\dataset_crack\final_dataset_v5\train\images\sewage_004815.jpg,0,1,1,1
D:\Study Material\Sem VI\Projects\PBL2\RoadEye\dataset_crack\final_dataset_v5\train\images\sewage_004829.jpg,1,0,0,1
D:\Study Material\Sem VI\Projects\PBL2\RoadEye\dataset_crack\final_dataset_v5\train\images\sewage_004831.jpg,2,1,1,1
D:\Study Material\Sem VI\Projects\PBL2\RoadEye\dataset_crack\final_dataset_v5\train\images\sewage_004838.jpg,2,1,1,1
D:\Study Material\Sem VI\Projects\PBL2\RoadEye\dataset_crack\final_dataset_v5\train\images\sewage_004864.jpg,1,0,0,1
D:\Study Material\Sem VI\Projects\PBL2\RoadEye\dataset_crack\final_dataset_v5\train\images\sewage_004941.jpg,1,0,0,1
D:\Study Material\Sem VI\Projects\PBL2\RoadEye\dataset_crack\final_dataset_v5\train\images\sewage_004946.jpg,1,0,0,1
D:\Study Material\Sem VI\Projects\PBL2\RoadEye\dataset_crack\final_dataset_v5\train\images\sewage_004952.jpg,2,0,0,1
D:\Study Material\Sem VI\Projects\PBL2\RoadEye\dataset_crack\final_dataset_v5\train\images\sewage_004954.jpg,2,0,0,1
D:\Study Material\Sem VI\Projects\PBL2\RoadEye\dataset_crack\final_dataset_v5\train\images\sewage_004996.jpg,1,0,0,1
D:\Study Material\Sem VI\Projects\PBL2\RoadEye\dataset_crack\final_dataset_v5\train\images\sewage_005002.jpg,0,2,1,1
D:\Study Material\Sem VI\Projects\PBL2\RoadEye\dataset_crack\final_dataset_v5\train\images\sewage_005005.jpg,2,0,0,1
D:\Study Material\Sem VI\Projects\PBL2\RoadEye\dataset_crack\final_dataset_v5\train\images\sewage_005014.jpg,1,0,0,1
D:\Study Material\Sem VI\Projects\PBL2\RoadEye\dataset_crack\final_dataset_v5\train\images\sewage_005021.jpg,1,3,1,1
D:\Study Material\Sem VI\Projects\PBL2\RoadEye\dataset_crack\final_dataset_v5\train\images\sewage_005024.jpg,1,0,0,1
D:\Study Material\Sem VI\Projects\PBL2\RoadEye\dataset_crack\final_dataset_v5\train\images\sewage_005032.jpg,1,1,1,1
D:\Study Material\Sem VI\Projects\PBL2\RoadEye\dataset_crack\final_dataset_v5\train\images\sewage_005041.jpg,1,0,0,1
D:\Study Material\Sem VI\Projects\PBL2\RoadEye\dataset_crack\final_dataset_v5\train\images\sewage_005046.jpg,1,0,0,1
D:\Study Material\Sem VI\Projects\PBL2\RoadEye\dataset_crack\final_dataset_v5\train\images\sewage_005062.jpg,0,1,0,0
D:\Study Material\Sem VI\Projects\PBL2\RoadEye\dataset_crack\final_dataset_v5\train\images\sewage_005069.jpg,0,2,1,1
D:\Study Material\Sem VI\Projects\PBL2\RoadEye\dataset_crack\final_dataset_v5\train\images\sewage_005077.jpg,2,0,0,1
D:\Study Material\Sem VI\Projects\PBL2\RoadEye\dataset_crack\final_dataset_v5\train\images\sewage_005082.jpg,3,0,0,1
D:\Study Material\Sem VI\Projects\PBL2\RoadEye\dataset_crack\final_dataset_v5\train\images\sewage_005094.jpg,0,1,1,1
D:\Study Material\Sem VI\Projects\PBL2\RoadEye\dataset_crack\final_dataset_v5\train\images\sewage_005108.jpg,0,1,1,1
D:\Study Material\Sem VI\Projects\PBL2\RoadEye\dataset_crack\final_dataset_v5\train\images\sewage_005141.jpg,1,0,0,1
D:\Study Material\Sem VI\Projects\PBL2\RoadEye\dataset_crack\final_dataset_v5\train\images\sewage_005169.jpg,1,0,0,1
D:\Study Material\Sem VI\Projects\PBL2\RoadEye\dataset_crack\final_dataset_v5\train\images\sewage_005186.jpg,1,2,1,1
D:\Study Material\Sem VI\Projects\PBL2\RoadEye\dataset_crack\final_dataset_v5\train\images\sewage_005206.jpg,3,0,0,1
D:\Study Material\Sem VI\Projects\PBL2\RoadEye\dataset_crack\final_dataset_v5\train\images\sewage_005305.jpg,0,1,1,1
D:\Study Material\Sem VI\Projects\PBL2\RoadEye\dataset_crack\final_dataset_v5\train\images\sewage_005313.jpg,2,0,0,1
D:\Study Material\Sem VI\Projects\PBL2\RoadEye\dataset_crack\final_dataset_v5\train\images\sewage_005316.jpg,0,2,1,1
D:\Study Material\Sem VI\Projects\PBL2\RoadEye\dataset_crack\final_dataset_v5\train\images\sewage_005325.jpg,2,1,0,1
D:\Study Material\Sem VI\Projects\PBL2\RoadEye\dataset_crack\final_dataset_v5\train\images\sewage_005333.jpg,0,2,1,1
D:\Study Material\Sem VI\Projects\PBL2\RoadEye\dataset_crack\final_dataset_v5\train\images\sewage_005362.jpg,0,1,0,0
D:\Study Material\Sem VI\Projects\PBL2\RoadEye\dataset_crack\final_dataset_v5\train\images\sewage_005374.jpg,1,1,1,1
D:\Study Material\Sem VI\Projects\PBL2\RoadEye\dataset_crack\final_dataset_v5\train\images\sewage_005395.jpg,1,3,1,1
D:\Study Material\Sem VI\Projects\PBL2\RoadEye\dataset_crack\final_dataset_v5\train\images\sewage_005412.jpg,2,1,1,1
D:\Study Material\Sem VI\Projects\PBL2\RoadEye\dataset_crack\final_dataset_v5\train\images\sewage_005419.jpg,0,1,1,1
D:\Study Material\Sem VI\Projects\PBL2\RoadEye\dataset_crack\final_dataset_v5\train\images\sewage_005421.jpg,1,0,0,1
D:\Study Material\Sem VI\Projects\PBL2\RoadEye\dataset_crack\final_dataset_v5\train\images\sewage_005424.jpg,0,1,1,1
D:\Study Material\Sem VI\Projects\PBL2\RoadEye\dataset_crack\final_dataset_v5\train\images\sewage_005436.jpg,2,0,0,1
D:\Study Material\Sem VI\Projects\PBL2\RoadEye\dataset_crack\final_dataset_v5\train\images\sewage_005451.jpg,1,0,0,1
D:\Study Material\Sem VI\Projects\PBL2\RoadEye\dataset_crack\final_dataset_v5\train\images\sewage_005456.jpg,0,3,1,1
D:\Study Material\Sem VI\Projects\PBL2\RoadEye\dataset_crack\final_dataset_v5\train\images\sewage_005462.jpg,2,0,0,1
D:\Study Material\Sem VI\Projects\PBL2\RoadEye\dataset_crack\final_dataset_v5\train\images\sewage_005484.jpg,1,0,0,1
D:\Study Material\Sem VI\Projects\PBL2\RoadEye\dataset_crack\final_dataset_v5\train\images\sewage_005494.jpg,2,0,0,1
D:\Study Material\Sem VI\Projects\PBL2\RoadEye\dataset_crack\final_dataset_v5\train\images\sewage_005506.jpg,0,1,1,1
D:\Study Material\Sem VI\Projects\PBL2\RoadEye\dataset_crack\final_dataset_v5\train\images\sewage_005508.jpg,1,0,0,1
D:\Study Material\Sem VI\Projects\PBL2\RoadEye\dataset_crack\final_dataset_v5\train\images\sewage_005515.jpg,1,0,0,1
D:\Study Material\Sem VI\Projects\PBL2\RoadEye\dataset_crack\final_dataset_v5\train\images\sewage_005530.jpg,1,0,0,1
D:\Study Material\Sem VI\Projects\PBL2\RoadEye\dataset_crack\final_dataset_v5\train\images\sewage_005555.jpg,1,3,0,1
D:\Study Material\Sem VI\Projects\PBL2\RoadEye\dataset_crack\final_dataset_v5\train\images\sewage_005565.jpg,0,2,0,0
D:\Study Material\Sem VI\Projects\PBL2\RoadEye\dataset_crack\final_dataset_v5\train\images\sewage_005568.jpg,1,0,0,1
D:\Study Material\Sem VI\Projects\PBL2\RoadEye\dataset_crack\final_dataset_v5\train\images\sewage_005582.jpg,1,2,1,1
D:\Study Material\Sem VI\Projects\PBL2\RoadEye\dataset_crack\final_dataset_v5\train\images\sewage_005591.jpg,2,1,0,1
D:\Study Material\Sem VI\Projects\PBL2\RoadEye\dataset_crack\final_dataset_v5\train\images\sewage_005592.jpg,2,0,0,1
D:\Study Material\Sem VI\Projects\PBL2\RoadEye\dataset_crack\final_dataset_v5\train\images\sewage_005595.jpg,2,0,0,1
D:\Study Material\Sem VI\Projects\PBL2\RoadEye\dataset_crack\final_dataset_v5\train\images\sewage_005626.jpg,1,1,1,1
D:\Study Material\Sem VI\Projects\PBL2\RoadEye\dataset_crack\final_dataset_v5\train\images\sewage_005638.jpg,2,1,1,1
D:\Study Material\Sem VI\Projects\PBL2\RoadEye\dataset_crack\final_dataset_v5\train\images\sewage_005653.jpg,1,1,1,1
D:\Study Material\Sem VI\Projects\PBL2\RoadEye\dataset_crack\final_dataset_v5\train\images\sewage_005691.jpg,1,0,0,1
D:\Study Material\Sem VI\Projects\PBL2\RoadEye\dataset_crack\final_dataset_v5\train\images\sewage_005692.jpg,0,1,1,1
D:\Study Material\Sem VI\Projects\PBL2\RoadEye\dataset_crack\final_dataset_v5\train\images\sewage_005740.jpg,0,1,1,1
D:\Study Material\Sem VI\Projects\PBL2\RoadEye\dataset_crack\final_dataset_v5\train\images\sewage_005781.jpg,1,0,0,1
D:\Study Material\Sem VI\Projects\PBL2\RoadEye\dataset_crack\final_dataset_v5\train\images\sewage_005824.jpg,1,1,1,1
D:\Study Material\Sem VI\Projects\PBL2\RoadEye\dataset_crack\final_dataset_v5\train\images\sewage_005825.jpg,0,1,0,0
D:\Study Material\Sem VI\Projects\PBL2\RoadEye\dataset_crack\final_dataset_v5\train\images\sewage_005834.jpg,0,1,1,1
D:\Study Material\Sem VI\Projects\PBL2\RoadEye\dataset_crack\final_dataset_v5\train\images\sewage_005867.jpg,2,3,1,1
D:\Study Material\Sem VI\Projects\PBL2\RoadEye\dataset_crack\final_dataset_v5\train\images\sewage_005915.jpg,0,2,1,1
D:\Study Material\Sem VI\Projects\PBL2\RoadEye\dataset_crack\final_dataset_v5\train\images\sewage_005928.jpg,2,0,0,1
D:\Study Material\Sem VI\Projects\PBL2\RoadEye\dataset_crack\final_dataset_v5\train\images\sewage_005980.jpg,1,0,0,1
D:\Study Material\Sem VI\Projects\PBL2\RoadEye\dataset_crack\final_dataset_v5\train\images\sewage_005985.jpg,0,1,1,1
D:\Study Material\Sem VI\Projects\PBL2\RoadEye\dataset_crack\final_dataset_v5\train\images\sewage_006014.jpg,1,0,0,1
D:\Study Material\Sem VI\Projects\PBL2\RoadEye\dataset_crack\final_dataset_v5\train\images\sewage_006031.jpg,0,1,1,1
D:\Study Material\Sem VI\Projects\PBL2\RoadEye\dataset_crack\final_dataset_v5\train\images\sewage_006044.jpg,1,0,0,1
D:\Study Material\Sem VI\Projects\PBL2\RoadEye\dataset_crack\final_dataset_v5\train\images\sewage_006047.jpg,1,0,0,1
D:\Study Material\Sem VI\Projects\PBL2\RoadEye\dataset_crack\final_dataset_v5\train\images\sewage_006054.jpg,0,1,1,1
D:\Study Material\Sem VI\Projects\PBL2\RoadEye\dataset_crack\final_dataset_v5\train\images\sewage_006069.jpg,1,1,1,1
D:\Study Material\Sem VI\Projects\PBL2\RoadEye\dataset_crack\final_dataset_v5\train\images\sewage_006122.jpg,0,1,1,1
D:\Study Material\Sem VI\Projects\PBL2\RoadEye\dataset_crack\final_dataset_v5\train\images\sewage_006135.jpg,1,0,0,1
D:\Study Material\Sem VI\Projects\PBL2\RoadEye\dataset_crack\final_dataset_v5\train\images\sewage_006175.jpg,0,1,1,1
D:\Study Material\Sem VI\Projects\PBL2\RoadEye\dataset_crack\final_dataset_v5\train\images\sewage_006194.jpg,0,1,1,1
D:\Study Material\Sem VI\Projects\PBL2\RoadEye\dataset_crack\final_dataset_v5\train\images\sewage_006197.jpg,1,1,0,1
D:\Study Material\Sem VI\Projects\PBL2\RoadEye\dataset_crack\final_dataset_v5\train\images\sewage_006206.jpg,2,2,1,1
D:\Study Material\Sem VI\Projects\PBL2\RoadEye\dataset_crack\final_dataset_v5\train\images\sewage_006231.jpg,0,1,1,1
D:\Study Material\Sem VI\Projects\PBL2\RoadEye\dataset_crack\final_dataset_v5\train\images\sewage_006281.jpg,2,0,0,1
D:\Study Material\Sem VI\Projects\PBL2\RoadEye\dataset_crack\final_dataset_v5\train\images\sewage_006294.jpg,0,1,1,1
D:\Study Material\Sem VI\Projects\PBL2\RoadEye\dataset_crack\final_dataset_v5\train\images\sewage_006307.jpg,3,0,0,1
D:\Study Material\Sem VI\Projects\PBL2\RoadEye\dataset_crack\final_dataset_v5\train\images\sewage_006311.jpg,0,1,1,1
D:\Study Material\Sem VI\Projects\PBL2\RoadEye\dataset_crack\final_dataset_v5\train\images\sewage_006312.jpg,0,1,1,1
D:\Study Material\Sem VI\Projects\PBL2\RoadEye\dataset_crack\final_dataset_v5\train\images\sewage_006324.jpg,0,1,1,1
D:\Study Material\Sem VI\Projects\PBL2\RoadEye\dataset_crack\final_dataset_v5\train\images\sewage_006385.jpg,2,1,1,1
D:\Study Material\Sem VI\Projects\PBL2\RoadEye\dataset_crack\final_dataset_v5\train\images\sewage_006403.jpg,1,0,0,1
D:\Study Material\Sem VI\Projects\PBL2\RoadEye\dataset_crack\final_dataset_v5\train\images\sewage_006405.jpg,2,1,1,1
D:\Study Material\Sem VI\Projects\PBL2\RoadEye\dataset_crack\final_dataset_v5\train\images\sewage_006415.jpg,0,2,1,1
D:\Study Material\Sem VI\Projects\PBL2\RoadEye\dataset_crack\final_dataset_v5\train\images\sewage_006420.jpg,1,2,0,1
D:\Study Material\Sem VI\Projects\PBL2\RoadEye\dataset_crack\final_dataset_v5\train\images\sewage_006423.jpg,0,1,1,1
D:\Study Material\Sem VI\Projects\PBL2\RoadEye\dataset_crack\final_dataset_v5\train\images\sewage_006446.jpg,2,1,1,1
D:\Study Material\Sem VI\Projects\PBL2\RoadEye\dataset_crack\final_dataset_v5\train\images\sewage_006469.jpg,0,1,1,1
D:\Study Material\Sem VI\Projects\PBL2\RoadEye\dataset_crack\final_dataset_v5\train\images\sewage_006544.jpg,0,1,1,1
D:\Study Material\Sem VI\Projects\PBL2\RoadEye\dataset_crack\final_dataset_v5\train\images\sewage_006557.jpg,0,1,1,1
D:\Study Material\Sem VI\Projects\PBL2\RoadEye\dataset_crack\final_dataset_v5\train\images\sewage_006566.jpg,0,2,1,1
D:\Study Material\Sem VI\Projects\PBL2\RoadEye\dataset_crack\final_dataset_v5\train\images\sewage_006568.jpg,2,1,1,1
D:\Study Material\Sem VI\Projects\PBL2\RoadEye\dataset_crack\final_dataset_v5\train\images\sewage_006569.jpg,1,0,0,1
D:\Study Material\Sem VI\Projects\PBL2\RoadEye\dataset_crack\final_dataset_v5\train\images\sewage_006570.jpg,1,0,0,1
D:\Study Material\Sem VI\Projects\PBL2\RoadEye\dataset_crack\final_dataset_v5\train\images\sewage_006607.jpg,1,1,1,1
D:\Study Material\Sem VI\Projects\PBL2\RoadEye\dataset_crack\final_dataset_v5\train\images\sewage_006619.jpg,2,0,0,1
D:\Study Material\Sem VI\Projects\PBL2\RoadEye\dataset_crack\final_dataset_v5\train\images\sewage_006624.jpg,1,2,1,1
D:\Study Material\Sem VI\Projects\PBL2\RoadEye\dataset_crack\final_dataset_v5\train\images\sewage_006630.jpg,1,0,0,1
D:\Study Material\Sem VI\Projects\PBL2\RoadEye\dataset_crack\final_dataset_v5\train\images\sewage_006651.jpg,2,1,1,1
D:\Study Material\Sem VI\Projects\PBL2\RoadEye\dataset_crack\final_dataset_v5\train\images\sewage_006659.jpg,0,1,1,1
D:\Study Material\Sem VI\Projects\PBL2\RoadEye\dataset_crack\final_dataset_v5\train\images\sewage_006660.jpg,1,0,0,1
D:\Study Material\Sem VI\Projects\PBL2\RoadEye\dataset_crack\final_dataset_v5\train\images\sewage_006661.jpg,0,1,1,1
D:\Study Material\Sem VI\Projects\PBL2\RoadEye\dataset_crack\final_dataset_v5\train\images\sewage_006705.jpg,1,0,0,1
D:\Study Material\Sem VI\Projects\PBL2\RoadEye\dataset_crack\final_dataset_v5\train\images\sewage_006706.jpg,0,1,1,1
D:\Study Material\Sem VI\Projects\PBL2\RoadEye\dataset_crack\final_dataset_v5\train\images\sewage_006743.jpg,1,2,1,1
D:\Study Material\Sem VI\Projects\PBL2\RoadEye\dataset_crack\final_dataset_v5\train\images\sewage_006764.jpg,1,0,0,1
D:\Study Material\Sem VI\Projects\PBL2\RoadEye\dataset_crack\final_dataset_v5\train\images\sewage_006791.jpg,1,1,0,1
D:\Study Material\Sem VI\Projects\PBL2\RoadEye\dataset_crack\final_dataset_v5\train\images\sewage_006793.jpg,2,0,0,1
D:\Study Material\Sem VI\Projects\PBL2\RoadEye\dataset_crack\final_dataset_v5\train\images\sewage_006837.jpg,2,2,1,1
D:\Study Material\Sem VI\Projects\PBL2\RoadEye\dataset_crack\final_dataset_v5\train\images\sewage_006852.jpg,0,1,1,1
D:\Study Material\Sem VI\Projects\PBL2\RoadEye\dataset_crack\final_dataset_v5\train\images\sewage_006861.jpg,0,1,1,1
D:\Study Material\Sem VI\Projects\PBL2\RoadEye\dataset_crack\final_dataset_v5\train\images\sewage_006862.jpg,2,1,1,1
D:\Study Material\Sem VI\Projects\PBL2\RoadEye\dataset_crack\final_dataset_v5\train\images\sewage_006873.jpg,0,1,0,0
D:\Study Material\Sem VI\Projects\PBL2\RoadEye\dataset_crack\final_dataset_v5\train\images\sewage_006882.jpg,1,0,0,1
D:\Study Material\Sem VI\Projects\PBL2\RoadEye\dataset_crack\final_dataset_v5\train\images\sewage_006890.jpg,0,3,1,1
D:\Study Material\Sem VI\Projects\PBL2\RoadEye\dataset_crack\final_dataset_v5\train\images\sewage_006896.jpg,1,0,0,1
D:\Study Material\Sem VI\Projects\PBL2\RoadEye\dataset_crack\final_dataset_v5\train\images\sewage_006911.jpg,1,0,0,1
D:\Study Material\Sem VI\Projects\PBL2\RoadEye\dataset_crack\final_dataset_v5\train\images\sewage_006913.jpg,0,1,0,0
D:\Study Material\Sem VI\Projects\PBL2\RoadEye\dataset_crack\final_dataset_v5\train\images\sewage_006946.jpg,2,1,1,1
D:\Study Material\Sem VI\Projects\PBL2\RoadEye\dataset_crack\final_dataset_v5\train\images\sewage_006947.jpg,1,0,0,1
D:\Study Material\Sem VI\Projects\PBL2\RoadEye\dataset_crack\final_dataset_v5\train\images\sewage_006952.jpg,3,1,1,1
D:\Study Material\Sem VI\Projects\PBL2\RoadEye\dataset_crack\final_dataset_v5\train\images\sewage_006965.jpg,3,0,0,1
D:\Study Material\Sem VI\Projects\PBL2\RoadEye\dataset_crack\final_dataset_v5\train\images\sewage_006987.jpg,1,0,0,1
D:\Study Material\Sem VI\Projects\PBL2\RoadEye\dataset_crack\final_dataset_v5\train\images\sewage_006988.jpg,4,1,1,1
D:\Study Material\Sem VI\Projects\PBL2\RoadEye\dataset_crack\final_dataset_v5\train\images\sewage_007015.jpg,1,1,1,1
D:\Study Material\Sem VI\Projects\PBL2\RoadEye\dataset_crack\final_dataset_v5\train\images\sewage_007032.jpg,1,1,1,1
D:\Study Material\Sem VI\Projects\PBL2\RoadEye\dataset_crack\final_dataset_v5\train\images\sewage_007033.jpg,1,0,0,1
D:\Study Material\Sem VI\Projects\PBL2\RoadEye\dataset_crack\final_dataset_v5\train\images\sewage_007040.jpg,1,0,0,1
D:\Study Material\Sem VI\Projects\PBL2\RoadEye\dataset_crack\final_dataset_v5\train\images\sewage_007057.jpg,0,2,1,1
D:\Study Material\Sem VI\Projects\PBL2\RoadEye\dataset_crack\final_dataset_v5\train\images\sewage_007068.jpg,1,1,1,1
D:\Study Material\Sem VI\Projects\PBL2\RoadEye\dataset_crack\final_dataset_v5\train\images\sewage_007112.jpg,0,1,1,1
D:\Study Material\Sem VI\Projects\PBL2\RoadEye\dataset_crack\final_dataset_v5\train\images\sewage_007122.jpg,0,1,1,1
D:\Study Material\Sem VI\Projects\PBL2\RoadEye\dataset_crack\final_dataset_v5\train\images\sewage_007129.jpg,1,1,1,1
D:\Study Material\Sem VI\Projects\PBL2\RoadEye\dataset_crack\final_dataset_v5\train\images\sewage_007137.jpg,1,0,0,1
D:\Study Material\Sem VI\Projects\PBL2\RoadEye\dataset_crack\final_dataset_v5\train\images\sewage_007158.jpg,1,1,1,1
D:\Study Material\Sem VI\Projects\PBL2\RoadEye\dataset_crack\final_dataset_v5\train\images\sewage_007180.jpg,1,1,1,1
D:\Study Material\Sem VI\Projects\PBL2\RoadEye\dataset_crack\final_dataset_v5\train\images\sewage_007310.jpg,1,0,0,1
D:\Study Material\Sem VI\Projects\PBL2\RoadEye\dataset_crack\final_dataset_v5\train\images\sewage_007311.jpg,1,0,0,1
D:\Study Material\Sem VI\Projects\PBL2\RoadEye\dataset_crack\final_dataset_v5\train\images\sewage_007315.jpg,1,0,0,1
D:\Study Material\Sem VI\Projects\PBL2\RoadEye\dataset_crack\final_dataset_v5\train\images\sewage_007367.jpg,1,0,0,1
D:\Study Material\Sem VI\Projects\PBL2\RoadEye\dataset_crack\final_dataset_v5\train\images\sewage_007390.jpg,0,1,1,1
D:\Study Material\Sem VI\Projects\PBL2\RoadEye\dataset_crack\final_dataset_v5\train\images\sewage_007404.jpg,1,0,0,1
D:\Study Material\Sem VI\Projects\PBL2\RoadEye\dataset_crack\final_dataset_v5\train\images\sewage_007431.jpg,2,0,0,1
D:\Study Material\Sem VI\Projects\PBL2\RoadEye\dataset_crack\final_dataset_v5\train\images\sewage_007438.jpg,1,0,0,1
D:\Study Material\Sem VI\Projects\PBL2\RoadEye\dataset_crack\final_dataset_v5\train\images\sewage_007505.jpg,1,1,1,1
D:\Study Material\Sem VI\Projects\PBL2\RoadEye\dataset_crack\final_dataset_v5\train\images\sewage_007512.jpg,1,0,0,1
D:\Study Material\Sem VI\Projects\PBL2\RoadEye\dataset_crack\final_dataset_v5\train\images\sewage_007526.jpg,0,1,1,1
D:\Study Material\Sem VI\Projects\PBL2\RoadEye\dataset_crack\final_dataset_v5\train\images\sewage_007537.jpg,1,1,1,1
D:\Study Material\Sem VI\Projects\PBL2\RoadEye\dataset_crack\final_dataset_v5\train\images\sewage_007546.jpg,0,1,1,1
D:\Study Material\Sem VI\Projects\PBL2\RoadEye\dataset_crack\final_dataset_v5\train\images\sewage_007553.jpg,1,0,0,1
D:\Study Material\Sem VI\Projects\PBL2\RoadEye\dataset_crack\final_dataset_v5\train\images\sewage_007574.jpg,1,1,0,1
D:\Study Material\Sem VI\Projects\PBL2\RoadEye\dataset_crack\final_dataset_v5\train\images\sewage_007604.jpg,2,0,0,1
D:\Study Material\Sem VI\Projects\PBL2\RoadEye\dataset_crack\final_dataset_v5\train\images\sewage_007628.jpg,1,0,0,1
D:\Study Material\Sem VI\Projects\PBL2\RoadEye\dataset_crack\final_dataset_v5\train\images\sewage_007634.jpg,0,1,0,0
D:\Study Material\Sem VI\Projects\PBL2\RoadEye\dataset_crack\final_dataset_v5\train\images\sewage_007649.jpg,1,0,0,1
D:\Study Material\Sem VI\Projects\PBL2\RoadEye\dataset_crack\final_dataset_v5\train\images\sewage_007650.jpg,2,0,0,1
D:\Study Material\Sem VI\Projects\PBL2\RoadEye\dataset_crack\final_dataset_v5\train\images\sewage_007701.jpg,0,2,1,1
D:\Study Material\Sem VI\Projects\PBL2\RoadEye\dataset_crack\final_dataset_v5\train\images\sewage_007787.jpg,0,1,0,0
D:\Study Material\Sem VI\Projects\PBL2\RoadEye\dataset_crack\final_dataset_v5\train\images\sewage_007815.jpg,1,0,0,1
D:\Study Material\Sem VI\Projects\PBL2\RoadEye\dataset_crack\final_dataset_v5\train\images\sewage_007820.jpg,1,0,0,1
D:\Study Material\Sem VI\Projects\PBL2\RoadEye\dataset_crack\final_dataset_v5\train\images\sewage_007831.jpg,2,1,1,1
D:\Study Material\Sem VI\Projects\PBL2\RoadEye\dataset_crack\final_dataset_v5\train\images\sewage_007853.jpg,1,0,0,1
D:\Study Material\Sem VI\Projects\PBL2\RoadEye\dataset_crack\final_dataset_v5\train\images\sewage_007861.jpg,0,1,1,1
D:\Study Material\Sem VI\Projects\PBL2\RoadEye\dataset_crack\final_dataset_v5\train\images\sewage_007867.jpg,2,0,0,1
D:\Study Material\Sem VI\Projects\PBL2\RoadEye\dataset_crack\final_dataset_v5\train\images\sewage_007877.jpg,4,1,0,1
D:\Study Material\Sem VI\Projects\PBL2\RoadEye\dataset_crack\final_dataset_v5\train\images\sewage_007881.jpg,0,2,1,1
D:\Study Material\Sem VI\Projects\PBL2\RoadEye\dataset_crack\final_dataset_v5\train\images\sewage_007945.jpg,0,1,1,1
D:\Study Material\Sem VI\Projects\PBL2\RoadEye\dataset_crack\final_dataset_v5\train\images\sewage_007946.jpg,1,1,1,1
D:\Study Material\Sem VI\Projects\PBL2\RoadEye\dataset_crack\final_dataset_v5\train\images\sewage_007969.jpg,1,0,0,1
D:\Study Material\Sem VI\Projects\PBL2\RoadEye\dataset_crack\final_dataset_v5\train\images\sewage_007986.jpg,4,0,0,1
D:\Study Material\Sem VI\Projects\PBL2\RoadEye\dataset_crack\final_dataset_v5\train\images\sewage_008001.jpg,0,1,1,1
D:\Study Material\Sem VI\Projects\PBL2\RoadEye\dataset_crack\final_dataset_v5\train\images\sewage_008007.jpg,1,0,0,1
D:\Study Material\Sem VI\Projects\PBL2\RoadEye\dataset_crack\final_dataset_v5\train\images\sewage_008032.jpg,1,0,0,1
D:\Study Material\Sem VI\Projects\PBL2\RoadEye\dataset_crack\final_dataset_v5\train\images\sewage_008048.jpg,0,1,1,1
D:\Study Material\Sem VI\Projects\PBL2\RoadEye\dataset_crack\final_dataset_v5\train\images\sewage_008065.jpg,1,1,1,1
D:\Study Material\Sem VI\Projects\PBL2\RoadEye\dataset_crack\final_dataset_v5\train\images\sewage_008075.jpg,1,0,0,1
D:\Study Material\Sem VI\Projects\PBL2\RoadEye\dataset_crack\final_dataset_v5\train\images\sewage_008097.jpg,0,1,1,1
D:\Study Material\Sem VI\Projects\PBL2\RoadEye\dataset_crack\final_dataset_v5\train\images\sewage_008115.jpg,0,2,0,0
D:\Study Material\Sem VI\Projects\PBL2\RoadEye\dataset_crack\final_dataset_v5\train\images\sewage_008116.jpg,1,0,0,1
D:\Study Material\Sem VI\Projects\PBL2\RoadEye\dataset_crack\final_dataset_v5\train\images\sewage_008174.jpg,1,0,0,1
D:\Study Material\Sem VI\Projects\PBL2\RoadEye\dataset_crack\final_dataset_v5\train\images\sewage_008261.jpg,2,0,0,1
D:\Study Material\Sem VI\Projects\PBL2\RoadEye\dataset_crack\final_dataset_v5\train\images\sewage_008277.jpg,1,3,1,1
D:\Study Material\Sem VI\Projects\PBL2\RoadEye\dataset_crack\final_dataset_v5\train\images\sewage_008283.jpg,1,2,1,1
D:\Study Material\Sem VI\Projects\PBL2\RoadEye\dataset_crack\final_dataset_v5\train\images\sewage_008297.jpg,2,1,0,1
D:\Study Material\Sem VI\Projects\PBL2\RoadEye\dataset_crack\final_dataset_v5\train\images\sewage_008307.jpg,1,1,1,1
D:\Study Material\Sem VI\Projects\PBL2\RoadEye\dataset_crack\final_dataset_v5\train\images\sewage_008345.jpg,2,0,0,1
D:\Study Material\Sem VI\Projects\PBL2\RoadEye\dataset_crack\final_dataset_v5\train\images\sewage_008350.jpg,1,1,1,1
D:\Study Material\Sem VI\Projects\PBL2\RoadEye\dataset_crack\final_dataset_v5\train\images\sewage_008375.jpg,0,2,0,0
D:\Study Material\Sem VI\Projects\PBL2\RoadEye\dataset_crack\final_dataset_v5\train\images\sewage_008378.jpg,1,2,1,1
D:\Study Material\Sem VI\Projects\PBL2\RoadEye\dataset_crack\final_dataset_v5\train\images\sewage_008382.jpg,2,0,0,1
D:\Study Material\Sem VI\Projects\PBL2\RoadEye\dataset_crack\final_dataset_v5\train\images\sewage_008403.jpg,2,0,0,1
D:\Study Material\Sem VI\Projects\PBL2\RoadEye\dataset_crack\final_dataset_v5\train\images\sewage_008413.jpg,2,0,0,1
D:\Study Material\Sem VI\Projects\PBL2\RoadEye\dataset_crack\final_dataset_v5\train\images\sewage_008421.jpg,0,2,1,1
D:\Study Material\Sem VI\Projects\PBL2\RoadEye\dataset_crack\final_dataset_v5\train\images\sewage_008422.jpg,0,1,1,1
D:\Study Material\Sem VI\Projects\PBL2\RoadEye\dataset_crack\final_dataset_v5\train\images\sewage_008465.jpg,1,0,0,1
D:\Study Material\Sem VI\Projects\PBL2\RoadEye\dataset_crack\final_dataset_v5\train\images\sewage_008483.jpg,1,0,0,1
D:\Study Material\Sem VI\Projects\PBL2\RoadEye\dataset_crack\final_dataset_v5\train\images\sewage_008491.jpg,1,1,1,1
D:\Study Material\Sem VI\Projects\PBL2\RoadEye\dataset_crack\final_dataset_v5\train\images\sewage_008509.jpg,1,2,1,1
D:\Study Material\Sem VI\Projects\PBL2\RoadEye\dataset_crack\final_dataset_v5\train\images\sewage_008539.jpg,1,2,1,1
D:\Study Material\Sem VI\Projects\PBL2\RoadEye\dataset_crack\final_dataset_v5\train\images\sewage_008552.jpg,1,0,0,1
D:\Study Material\Sem VI\Projects\PBL2\RoadEye\dataset_crack\final_dataset_v5\train\images\sewage_008573.jpg,1,0,0,1
D:\Study Material\Sem VI\Projects\PBL2\RoadEye\dataset_crack\final_dataset_v5\train\images\sewage_008576.jpg,4,3,1,1
D:\Study Material\Sem VI\Projects\PBL2\RoadEye\dataset_crack\final_dataset_v5\train\images\sewage_008591.jpg,0,3,1,1
D:\Study Material\Sem VI\Projects\PBL2\RoadEye\dataset_crack\final_dataset_v5\train\images\sewage_008599.jpg,1,1,1,1
D:\Study Material\Sem VI\Projects\PBL2\RoadEye\dataset_crack\final_dataset_v5\train\images\sewage_008615.jpg,1,0,0,1
D:\Study Material\Sem VI\Projects\PBL2\RoadEye\dataset_crack\final_dataset_v5\train\images\sewage_008630.jpg,1,0,0,1
D:\Study Material\Sem VI\Projects\PBL2\RoadEye\dataset_crack\final_dataset_v5\train\images\sewage_008636.jpg,0,1,1,1
D:\Study Material\Sem VI\Projects\PBL2\RoadEye\dataset_crack\final_dataset_v5\train\images\sewage_008647.jpg,1,0,0,1
D:\Study Material\Sem VI\Projects\PBL2\RoadEye\dataset_crack\final_dataset_v5\train\images\sewage_008648.jpg,2,1,1,1
D:\Study Material\Sem VI\Projects\PBL2\RoadEye\dataset_crack\final_dataset_v5\train\images\sewage_008663.jpg,2,0,0,1
D:\Study Material\Sem VI\Projects\PBL2\RoadEye\dataset_crack\final_dataset_v5\train\images\sewage_008677.jpg,1,3,1,1
D:\Study Material\Sem VI\Projects\PBL2\RoadEye\dataset_crack\final_dataset_v5\train\images\sewage_008681.jpg,3,3,1,1
D:\Study Material\Sem VI\Projects\PBL2\RoadEye\dataset_crack\final_dataset_v5\train\images\sewage_008686.jpg,2,1,1,1
D:\Study Material\Sem VI\Projects\PBL2\RoadEye\dataset_crack\final_dataset_v5\train\images\sewage_008697.jpg,1,1,1,1
D:\Study Material\Sem VI\Projects\PBL2\RoadEye\dataset_crack\final_dataset_v5\train\images\sewage_008742.jpg,1,0,0,1
D:\Study Material\Sem VI\Projects\PBL2\RoadEye\dataset_crack\final_dataset_v5\train\images\sewage_008764.jpg,1,1,1,1
D:\Study Material\Sem VI\Projects\PBL2\RoadEye\dataset_crack\final_dataset_v5\train\images\sewage_008766.jpg,0,2,1,1
D:\Study Material\Sem VI\Projects\PBL2\RoadEye\dataset_crack\final_dataset_v5\train\images\sewage_008824.jpg,1,1,1,1
D:\Study Material\Sem VI\Projects\PBL2\RoadEye\dataset_crack\final_dataset_v5\train\images\sewage_008842.jpg,2,0,0,1
D:\Study Material\Sem VI\Projects\PBL2\RoadEye\dataset_crack\final_dataset_v5\train\images\sewage_008870.jpg,2,1,1,1
D:\Study Material\Sem VI\Projects\PBL2\RoadEye\dataset_crack\final_dataset_v5\train\images\sewage_008872.jpg,1,0,0,1
D:\Study Material\Sem VI\Projects\PBL2\RoadEye\dataset_crack\final_dataset_v5\train\images\sewage_008882.jpg,1,0,0,1
D:\Study Material\Sem VI\Projects\PBL2\RoadEye\dataset_crack\final_dataset_v5\train\images\sewage_008889.jpg,3,0,0,1
D:\Study Material\Sem VI\Projects\PBL2\RoadEye\dataset_crack\final_dataset_v5\train\images\sewage_008890.jpg,2,0,0,1
D:\Study Material\Sem VI\Projects\PBL2\RoadEye\dataset_crack\final_dataset_v5\train\images\sewage_008899.jpg,2,0,0,1
D:\Study Material\Sem VI\Projects\PBL2\RoadEye\dataset_crack\final_dataset_v5\train\images\sewage_008904.jpg,1,1,1,1
D:\Study Material\Sem VI\Projects\PBL2\RoadEye\dataset_crack\final_dataset_v5\train\images\sewage_008920.jpg,1,1,1,1
D:\Study Material\Sem VI\Projects\PBL2\RoadEye\dataset_crack\final_dataset_v5\train\images\sewage_008937.jpg,1,0,0,1
D:\Study Material\Sem VI\Projects\PBL2\RoadEye\dataset_crack\final_dataset_v5\train\images\sewage_008949.jpg,2,2,1,1
D:\Study Material\Sem VI\Projects\PBL2\RoadEye\dataset_crack\final_dataset_v5\train\images\sewage_008953.jpg,2,0,0,1
D:\Study Material\Sem VI\Projects\PBL2\RoadEye\dataset_crack\final_dataset_v5\train\images\sewage_008955.jpg,1,0,0,1
D:\Study Material\Sem VI\Projects\PBL2\RoadEye\dataset_crack\final_dataset_v5\train\images\sewage_008961.jpg,0,2,0,0
D:\Study Material\Sem VI\Projects\PBL2\RoadEye\dataset_crack\final_dataset_v5\train\images\sewage_008975.jpg,1,0,0,1
D:\Study Material\Sem VI\Projects\PBL2\RoadEye\dataset_crack\final_dataset_v5\train\images\sewage_008981.jpg,0,1,0,0
D:\Study Material\Sem VI\Projects\PBL2\RoadEye\dataset_crack\final_dataset_v5\train\images\sewage_009015.jpg,2,1,1,1
D:\Study Material\Sem VI\Projects\PBL2\RoadEye\dataset_crack\final_dataset_v5\train\images\sewage_009026.jpg,0,1,1,1
D:\Study Material\Sem VI\Projects\PBL2\RoadEye\dataset_crack\final_dataset_v5\train\images\sewage_009095.jpg,3,1,0,1
D:\Study Material\Sem VI\Projects\PBL2\RoadEye\dataset_crack\final_dataset_v5\train\images\sewage_009106.jpg,1,0,0,1
D:\Study Material\Sem VI\Projects\PBL2\RoadEye\dataset_crack\final_dataset_v5\train\images\sewage_009118.jpg,0,2,1,1
D:\Study Material\Sem VI\Projects\PBL2\RoadEye\dataset_crack\final_dataset_v5\train\images\sewage_009121.jpg,1,1,0,1
D:\Study Material\Sem VI\Projects\PBL2\RoadEye\dataset_crack\final_dataset_v5\train\images\sewage_009150.jpg,1,1,1,1
D:\Study Material\Sem VI\Projects\PBL2\RoadEye\dataset_crack\final_dataset_v5\train\images\sewage_009181.jpg,1,0,0,1
D:\Study Material\Sem VI\Projects\PBL2\RoadEye\dataset_crack\final_dataset_v5\train\images\sewage_009205.jpg,1,0,0,1
D:\Study Material\Sem VI\Projects\PBL2\RoadEye\dataset_crack\final_dataset_v5\train\images\sewage_009209.jpg,0,1,1,1
D:\Study Material\Sem VI\Projects\PBL2\RoadEye\dataset_crack\final_dataset_v5\train\images\sewage_009213.jpg,1,0,0,1
D:\Study Material\Sem VI\Projects\PBL2\RoadEye\dataset_crack\final_dataset_v5\train\images\sewage_009230.jpg,2,0,0,1
D:\Study Material\Sem VI\Projects\PBL2\RoadEye\dataset_crack\final_dataset_v5\train\images\sewage_009261.jpg,3,2,1,1
D:\Study Material\Sem VI\Projects\PBL2\RoadEye\dataset_crack\final_dataset_v5\train\images\sewage_009278.jpg,1,1,1,1
D:\Study Material\Sem VI\Projects\PBL2\RoadEye\dataset_crack\final_dataset_v5\train\images\sewage_009310.jpg,0,2,1,1
D:\Study Material\Sem VI\Projects\PBL2\RoadEye\dataset_crack\final_dataset_v5\train\images\sewage_009320.jpg,0,1,1,1
D:\Study Material\Sem VI\Projects\PBL2\RoadEye\dataset_crack\final_dataset_v5\train\images\sewage_009334.jpg,1,1,0,1
D:\Study Material\Sem VI\Projects\PBL2\RoadEye\dataset_crack\final_dataset_v5\train\images\sewage_009345.jpg,1,1,1,1
D:\Study Material\Sem VI\Projects\PBL2\RoadEye\dataset_crack\final_dataset_v5\train\images\sewage_009350.jpg,2,3,1,1
D:\Study Material\Sem VI\Projects\PBL2\RoadEye\dataset_crack\final_dataset_v5\train\images\sewage_009354.jpg,2,2,1,1
D:\Study Material\Sem VI\Projects\PBL2\RoadEye\dataset_crack\final_dataset_v5\train\images\sewage_009356.jpg,2,0,0,1
D:\Study Material\Sem VI\Projects\PBL2\RoadEye\dataset_crack\final_dataset_v5\train\images\sewage_009367.jpg,0,1,1,1
D:\Study Material\Sem VI\Projects\PBL2\RoadEye\dataset_crack\final_dataset_v5\train\images\sewage_009388.jpg,1,0,0,1
D:\Study Material\Sem VI\Projects\PBL2\RoadEye\dataset_crack\final_dataset_v5\train\images\sewage_009442.jpg,1,0,0,1
D:\Study Material\Sem VI\Projects\PBL2\RoadEye\dataset_crack\final_dataset_v5\train\images\sewage_009457.jpg,1,0,0,1
D:\Study Material\Sem VI\Projects\PBL2\RoadEye\dataset_crack\final_dataset_v5\train\images\sewage_009466.jpg,2,1,1,1
D:\Study Material\Sem VI\Projects\PBL2\RoadEye\dataset_crack\final_dataset_v5\train\images\sewage_009467.jpg,7,3,1,1
D:\Study Material\Sem VI\Projects\PBL2\RoadEye\dataset_crack\final_dataset_v5\train\images\sewage_009537.jpg,0,1,0,0
D:\Study Material\Sem VI\Projects\PBL2\RoadEye\dataset_crack\final_dataset_v5\train\images\sewage_009566.jpg,3,0,0,1
D:\Study Material\Sem VI\Projects\PBL2\RoadEye\dataset_crack\final_dataset_v5\train\images\sewage_009567.jpg,1,0,0,1
D:\Study Material\Sem VI\Projects\PBL2\RoadEye\dataset_crack\final_dataset_v5\train\images\sewage_009579.jpg,2,0,0,1
D:\Study Material\Sem VI\Projects\PBL2\RoadEye\dataset_crack\final_dataset_v5\train\images\sewage_009589.jpg,1,0,0,1
D:\Study Material\Sem VI\Projects\PBL2\RoadEye\dataset_crack\final_dataset_v5\train\images\sewage_009590.jpg,0,2,1,1
D:\Study Material\Sem VI\Projects\PBL2\RoadEye\dataset_crack\final_dataset_v5\train\images\sewage_009610.jpg,2,1,1,1
D:\Study Material\Sem VI\Projects\PBL2\RoadEye\dataset_crack\final_dataset_v5\train\images\sewage_009623.jpg,1,0,0,1
D:\Study Material\Sem VI\Projects\PBL2\RoadEye\dataset_crack\final_dataset_v5\train\images\sewage_009631.jpg,1,1,1,1
D:\Study Material\Sem VI\Projects\PBL2\RoadEye\dataset_crack\final_dataset_v5\train\images\sewage_009652.jpg,1,0,0,1
D:\Study Material\Sem VI\Projects\PBL2\RoadEye\dataset_crack\final_dataset_v5\train\images\sewage_009661.jpg,1,0,0,1
D:\Study Material\Sem VI\Projects\PBL2\RoadEye\dataset_crack\final_dataset_v5\train\images\sewage_009678.jpg,1,0,0,1
D:\Study Material\Sem VI\Projects\PBL2\RoadEye\dataset_crack\final_dataset_v5\train\images\sewage_009704.jpg,2,2,1,1
D:\Study Material\Sem VI\Projects\PBL2\RoadEye\dataset_crack\final_dataset_v5\train\images\sewage_009709.jpg,6,0,0,1
D:\Study Material\Sem VI\Projects\PBL2\RoadEye\dataset_crack\final_dataset_v5\train\images\sewage_009729.jpg,2,4,0,1
D:\Study Material\Sem VI\Projects\PBL2\RoadEye\dataset_crack\final_dataset_v5\train\images\sewage_009732.jpg,0,1,1,1
D:\Study Material\Sem VI\Projects\PBL2\RoadEye\dataset_crack\final_dataset_v5\train\images\sewage_009754.jpg,2,1,1,1
D:\Study Material\Sem VI\Projects\PBL2\RoadEye\dataset_crack\final_dataset_v5\train\images\sewage_009788.jpg,2,0,0,1
D:\Study Material\Sem VI\Projects\PBL2\RoadEye\dataset_crack\final_dataset_v5\train\images\sewage_009794.jpg,1,1,0,1
D:\Study Material\Sem VI\Projects\PBL2\RoadEye\dataset_crack\final_dataset_v5\train\images\sewage_009810.jpg,1,0,0,1
D:\Study Material\Sem VI\Projects\PBL2\RoadEye\dataset_crack\final_dataset_v5\train\images\sewage_009821.jpg,0,1,1,1
D:\Study Material\Sem VI\Projects\PBL2\RoadEye\dataset_crack\final_dataset_v5\train\images\sewage_009837.jpg,1,0,0,1
D:\Study Material\Sem VI\Projects\PBL2\RoadEye\dataset_crack\final_dataset_v5\train\images\sewage_009840.jpg,0,1,0,0
D:\Study Material\Sem VI\Projects\PBL2\RoadEye\dataset_crack\final_dataset_v5\train\images\sewage_009847.jpg,1,0,0,1
D:\Study Material\Sem VI\Projects\PBL2\RoadEye\dataset_crack\final_dataset_v5\train\images\sewage_009879.jpg,0,1,1,1
D:\Study Material\Sem VI\Projects\PBL2\RoadEye\dataset_crack\final_dataset_v5\train\images\sewage_009882.jpg,1,0,0,1
D:\Study Material\Sem VI\Projects\PBL2\RoadEye\dataset_crack\final_dataset_v5\train\images\sewage_009924.jpg,1,2,1,1
D:\Study Material\Sem VI\Projects\PBL2\RoadEye\dataset_crack\final_dataset_v5\train\images\sewage_009950.jpg,2,0,0,1
D:\Study Material\Sem VI\Projects\PBL2\RoadEye\dataset_crack\final_dataset_v5\train\images\sewage_009954.jpg,0,1,1,1
D:\Study Material\Sem VI\Projects\PBL2\RoadEye\dataset_crack\final_dataset_v5\train\images\sewage_009956.jpg,0,1,1,1
D:\Study Material\Sem VI\Projects\PBL2\RoadEye\dataset_crack\final_dataset_v5\train\images\sewage_009968.jpg,2,1,1,1
D:\Study Material\Sem VI\Projects\PBL2\RoadEye\dataset_crack\final_dataset_v5\train\images\sewage_009986.jpg,2,0,0,1
D:\Study Material\Sem VI\Projects\PBL2\RoadEye\dataset_crack\final_dataset_v5\train\images\sewage_009987.jpg,1,0,0,1
D:\Study Material\Sem VI\Projects\PBL2\RoadEye\dataset_crack\final_dataset_v5\train\images\sewage_010006.jpg,2,0,0,1
D:\Study Material\Sem VI\Projects\PBL2\RoadEye\dataset_crack\final_dataset_v5\train\images\sewage_010030.jpg,1,1,0,1
D:\Study Material\Sem VI\Projects\PBL2\RoadEye\dataset_crack\final_dataset_v5\train\images\sewage_010037.jpg,1,0,0,1
D:\Study Material\Sem VI\Projects\PBL2\RoadEye\dataset_crack\final_dataset_v5\train\images\sewage_010043.jpg,2,0,0,1
D:\Study Material\Sem VI\Projects\PBL2\RoadEye\dataset_crack\final_dataset_v5\train\images\sewage_010044.jpg,1,1,1,1
D:\Study Material\Sem VI\Projects\PBL2\RoadEye\dataset_crack\final_dataset_v5\train\images\sewage_010045.jpg,1,1,1,1
D:\Study Material\Sem VI\Projects\PBL2\RoadEye\dataset_crack\final_dataset_v5\train\images\sewage_010066.jpg,0,1,0,0
D:\Study Material\Sem VI\Projects\PBL2\RoadEye\dataset_crack\final_dataset_v5\train\images\sewage_010068.jpg,0,1,0,0
D:\Study Material\Sem VI\Projects\PBL2\RoadEye\dataset_crack\final_dataset_v5\train\images\sewage_010082.jpg,4,2,1,1
D:\Study Material\Sem VI\Projects\PBL2\RoadEye\dataset_crack\final_dataset_v5\train\images\sewage_010084.jpg,0,1,1,1
D:\Study Material\Sem VI\Projects\PBL2\RoadEye\dataset_crack\final_dataset_v5\train\images\sewage_010086.jpg,1,1,1,1
D:\Study Material\Sem VI\Projects\PBL2\RoadEye\dataset_crack\final_dataset_v5\train\images\sewage_010095.jpg,0,1,1,1
D:\Study Material\Sem VI\Projects\PBL2\RoadEye\dataset_crack\final_dataset_v5\train\images\sewage_010120.jpg,1,0,0,1
D:\Study Material\Sem VI\Projects\PBL2\RoadEye\dataset_crack\final_dataset_v5\train\images\sewage_010126.jpg,1,0,0,1
D:\Study Material\Sem VI\Projects\PBL2\RoadEye\dataset_crack\final_dataset_v5\train\images\sewage_010128.jpg,3,0,0,1
D:\Study Material\Sem VI\Projects\PBL2\RoadEye\dataset_crack\final_dataset_v5\train\images\sewage_010139.jpg,1,0,0,1
D:\Study Material\Sem VI\Projects\PBL2\RoadEye\dataset_crack\final_dataset_v5\train\images\sewage_010173.jpg,1,1,1,1
D:\Study Material\Sem VI\Projects\PBL2\RoadEye\dataset_crack\final_dataset_v5\train\images\sewage_010182.jpg,2,1,1,1
D:\Study Material\Sem VI\Projects\PBL2\RoadEye\dataset_crack\final_dataset_v5\train\images\sewage_010183.jpg,0,1,1,1
D:\Study Material\Sem VI\Projects\PBL2\RoadEye\dataset_crack\final_dataset_v5\train\images\sewage_010185.jpg,1,0,0,1
D:\Study Material\Sem VI\Projects\PBL2\RoadEye\dataset_crack\final_dataset_v5\train\images\sewage_010225.jpg,1,0,0,1
D:\Study Material\Sem VI\Projects\PBL2\RoadEye\dataset_crack\final_dataset_v5\train\images\sewage_010232.jpg,0,1,1,1
D:\Study Material\Sem VI\Projects\PBL2\RoadEye\dataset_crack\final_dataset_v5\train\images\sewage_010255.jpg,3,0,0,1
D:\Study Material\Sem VI\Projects\PBL2\RoadEye\dataset_crack\final_dataset_v5\train\images\sewage_010282.jpg,1,0,0,1
D:\Study Material\Sem VI\Projects\PBL2\RoadEye\dataset_crack\final_dataset_v5\train\images\sewage_010289.jpg,1,0,0,1
D:\Study Material\Sem VI\Projects\PBL2\RoadEye\dataset_crack\final_dataset_v5\train\images\sewage_010291.jpg,1,2,1,1
D:\Study Material\Sem VI\Projects\PBL2\RoadEye\dataset_crack\final_dataset_v5\train\images\sewage_010297.jpg,1,0,0,1
D:\Study Material\Sem VI\Projects\PBL2\RoadEye\dataset_crack\final_dataset_v5\train\images\sewage_010318.jpg,0,1,1,1
D:\Study Material\Sem VI\Projects\PBL2\RoadEye\dataset_crack\final_dataset_v5\train\images\sewage_010326.jpg,2,0,0,1
D:\Study Material\Sem VI\Projects\PBL2\RoadEye\dataset_crack\final_dataset_v5\train\images\sewage_010334.jpg,0,1,0,0
D:\Study Material\Sem VI\Projects\PBL2\RoadEye\dataset_crack\final_dataset_v5\train\images\sewage_010356.jpg,2,2,1,1
D:\Study Material\Sem VI\Projects\PBL2\RoadEye\dataset_crack\final_dataset_v5\train\images\sewage_010410.jpg,0,1,1,1
D:\Study Material\Sem VI\Projects\PBL2\RoadEye\dataset_crack\final_dataset_v5\train\images\sewage_010442.jpg,1,1,1,1
D:\Study Material\Sem VI\Projects\PBL2\RoadEye\dataset_crack\final_dataset_v5\train\images\sewage_010463.jpg,0,1,1,1
D:\Study Material\Sem VI\Projects\PBL2\RoadEye\dataset_crack\final_dataset_v5\train\images\sewage_010476.jpg,1,0,0,1
D:\Study Material\Sem VI\Projects\PBL2\RoadEye\dataset_crack\final_dataset_v5\train\images\sewage_010491.jpg,0,1,1,1
D:\Study Material\Sem VI\Projects\PBL2\RoadEye\dataset_crack\final_dataset_v5\train\images\sewage_010527.jpg,1,0,0,1
D:\Study Material\Sem VI\Projects\PBL2\RoadEye\dataset_crack\final_dataset_v5\train\images\sewage_010541.jpg,1,0,0,1
D:\Study Material\Sem VI\Projects\PBL2\RoadEye\dataset_crack\final_dataset_v5\train\images\sewage_010570.jpg,1,0,0,1
D:\Study Material\Sem VI\Projects\PBL2\RoadEye\dataset_crack\final_dataset_v5\train\images\sewage_010572.jpg,1,0,0,1
D:\Study Material\Sem VI\Projects\PBL2\RoadEye\dataset_crack\final_dataset_v5\train\images\sewage_010575.jpg,1,0,0,1
D:\Study Material\Sem VI\Projects\PBL2\RoadEye\dataset_crack\final_dataset_v5\train\images\sewage_010587.jpg,1,0,0,1
D:\Study Material\Sem VI\Projects\PBL2\RoadEye\dataset_crack\final_dataset_v5\train\images\sewage_010589.jpg,2,0,0,1
D:\Study Material\Sem VI\Projects\PBL2\RoadEye\dataset_crack\final_dataset_v5\train\images\sewage_010590.jpg,2,0,0,1
D:\Study Material\Sem VI\Projects\PBL2\RoadEye\dataset_crack\final_dataset_v5\train\images\sewage_010648.jpg,1,0,0,1
D:\Study Material\Sem VI\Projects\PBL2\RoadEye\dataset_crack\final_dataset_v5\train\images\sewage_010658.jpg,0,1,0,0
D:\Study Material\Sem VI\Projects\PBL2\RoadEye\dataset_crack\final_dataset_v5\train\images\sewage_010664.jpg,0,2,1,1
D:\Study Material\Sem VI\Projects\PBL2\RoadEye\dataset_crack\final_dataset_v5\train\images\sewage_010681.jpg,2,0,0,1
D:\Study Material\Sem VI\Projects\PBL2\RoadEye\dataset_crack\final_dataset_v5\train\images\sewage_010684.jpg,2,0,0,1
D:\Study Material\Sem VI\Projects\PBL2\RoadEye\dataset_crack\final_dataset_v5\train\images\sewage_010687.jpg,1,0,0,1
D:\Study Material\Sem VI\Projects\PBL2\RoadEye\dataset_crack\final_dataset_v5\train\images\sewage_010727.jpg,1,0,0,1
D:\Study Material\Sem VI\Projects\PBL2\RoadEye\dataset_crack\final_dataset_v5\train\images\sewage_010743.jpg,2,0,0,1
D:\Study Material\Sem VI\Projects\PBL2\RoadEye\dataset_crack\final_dataset_v5\train\images\sewage_010744.jpg,1,1,1,1
D:\Study Material\Sem VI\Projects\PBL2\RoadEye\dataset_crack\final_dataset_v5\train\images\sewage_010766.jpg,1,1,1,1
D:\Study Material\Sem VI\Projects\PBL2\RoadEye\dataset_crack\final_dataset_v5\train\images\sewage_010785.jpg,2,1,1,1
D:\Study Material\Sem VI\Projects\PBL2\RoadEye\dataset_crack\final_dataset_v5\train\images\sewage_010801.jpg,1,0,0,1
D:\Study Material\Sem VI\Projects\PBL2\RoadEye\dataset_crack\final_dataset_v5\train\images\sewage_010806.jpg,0,1,1,1
D:\Study Material\Sem VI\Projects\PBL2\RoadEye\dataset_crack\final_dataset_v5\train\images\sewage_010822.jpg,1,1,0,1
D:\Study Material\Sem VI\Projects\PBL2\RoadEye\dataset_crack\final_dataset_v5\train\images\sewage_010860.jpg,2,2,1,1
D:\Study Material\Sem VI\Projects\PBL2\RoadEye\dataset_crack\final_dataset_v5\train\images\sewage_010888.jpg,0,2,0,0
D:\Study Material\Sem VI\Projects\PBL2\RoadEye\dataset_crack\final_dataset_v5\train\images\sewage_010893.jpg,1,1,1,1
D:\Study Material\Sem VI\Projects\PBL2\RoadEye\dataset_crack\final_dataset_v5\train\images\sewage_010896.jpg,0,1,1,1
D:\Study Material\Sem VI\Projects\PBL2\RoadEye\dataset_crack\final_dataset_v5\train\images\sewage_010897.jpg,4,2,1,1
D:\Study Material\Sem VI\Projects\PBL2\RoadEye\dataset_crack\final_dataset_v5\train\images\sewage_010931.jpg,2,1,1,1
D:\Study Material\Sem VI\Projects\PBL2\RoadEye\dataset_crack\final_dataset_v5\train\images\sewage_010936.jpg,2,0,0,1
D:\Study Material\Sem VI\Projects\PBL2\RoadEye\dataset_crack\final_dataset_v5\train\images\sewage_010955.jpg,1,0,0,1
D:\Study Material\Sem VI\Projects\PBL2\RoadEye\dataset_crack\final_dataset_v5\train\images\sewage_010959.jpg,1,0,0,1
D:\Study Material\Sem VI\Projects\PBL2\RoadEye\dataset_crack\final_dataset_v5\train\images\sewage_010992.jpg,0,1,1,1
D:\Study Material\Sem VI\Projects\PBL2\RoadEye\dataset_crack\final_dataset_v5\train\images\sewage_011030.jpg,2,4,0,1
D:\Study Material\Sem VI\Projects\PBL2\RoadEye\dataset_crack\final_dataset_v5\train\images\sewage_011036.jpg,2,0,0,1
D:\Study Material\Sem VI\Projects\PBL2\RoadEye\dataset_crack\final_dataset_v5\train\images\sewage_011049.jpg,1,1,0,1
D:\Study Material\Sem VI\Projects\PBL2\RoadEye\dataset_crack\final_dataset_v5\train\images\sewage_011098.jpg,4,0,0,1
D:\Study Material\Sem VI\Projects\PBL2\RoadEye\dataset_crack\final_dataset_v5\train\images\sewage_011129.jpg,0,1,1,1
D:\Study Material\Sem VI\Projects\PBL2\RoadEye\dataset_crack\final_dataset_v5\train\images\sewage_011157.jpg,0,1,1,1
D:\Study Material\Sem VI\Projects\PBL2\RoadEye\dataset_crack\final_dataset_v5\train\images\sewage_011162.jpg,1,0,0,1
D:\Study Material\Sem VI\Projects\PBL2\RoadEye\dataset_crack\final_dataset_v5\train\images\sewage_011175.jpg,1,0,0,1
D:\Study Material\Sem VI\Projects\PBL2\RoadEye\dataset_crack\final_dataset_v5\train\images\sewage_011182.jpg,1,1,1,1
D:\Study Material\Sem VI\Projects\PBL2\RoadEye\dataset_crack\final_dataset_v5\train\images\sewage_011183.jpg,0,1,1,1
D:\Study Material\Sem VI\Projects\PBL2\RoadEye\dataset_crack\final_dataset_v5\train\images\sewage_011184.jpg,2,0,0,1
D:\Study Material\Sem VI\Projects\PBL2\RoadEye\dataset_crack\final_dataset_v5\train\images\sewage_011190.jpg,1,1,0,1
D:\Study Material\Sem VI\Projects\PBL2\RoadEye\dataset_crack\final_dataset_v5\train\images\sewage_011235.jpg,1,1,1,1
D:\Study Material\Sem VI\Projects\PBL2\RoadEye\dataset_crack\final_dataset_v5\train\images\sewage_011252.jpg,2,1,0,1
D:\Study Material\Sem VI\Projects\PBL2\RoadEye\dataset_crack\final_dataset_v5\train\images\sewage_011273.jpg,1,1,0,1
D:\Study Material\Sem VI\Projects\PBL2\RoadEye\dataset_crack\final_dataset_v5\train\images\sewage_011316.jpg,0,1,1,1
D:\Study Material\Sem VI\Projects\PBL2\RoadEye\dataset_crack\final_dataset_v5\train\images\sewage_011348.jpg,1,0,0,1
D:\Study Material\Sem VI\Projects\PBL2\RoadEye\dataset_crack\final_dataset_v5\train\images\sewage_011397.jpg,4,4,1,1
D:\Study Material\Sem VI\Projects\PBL2\RoadEye\dataset_crack\final_dataset_v5\train\images\sewage_011427.jpg,1,0,0,1
D:\Study Material\Sem VI\Projects\PBL2\RoadEye\dataset_crack\final_dataset_v5\train\images\sewage_011434.jpg,0,2,1,1
D:\Study Material\Sem VI\Projects\PBL2\RoadEye\dataset_crack\final_dataset_v5\train\images\sewage_011446.jpg,1,0,0,1
D:\Study Material\Sem VI\Projects\PBL2\RoadEye\dataset_crack\final_dataset_v5\train\images\sewage_011454.jpg,2,4,1,1
D:\Study Material\Sem VI\Projects\PBL2\RoadEye\dataset_crack\final_dataset_v5\train\images\sewage_011467.jpg,0,1,1,1
D:\Study Material\Sem VI\Projects\PBL2\RoadEye\dataset_crack\final_dataset_v5\train\images\sewage_011479.jpg,1,0,0,1
D:\Study Material\Sem VI\Projects\PBL2\RoadEye\dataset_crack\final_dataset_v5\train\images\sewage_011521.jpg,3,0,0,1
D:\Study Material\Sem VI\Projects\PBL2\RoadEye\dataset_crack\final_dataset_v5\train\images\sewage_011533.jpg,1,0,0,1
D:\Study Material\Sem VI\Projects\PBL2\RoadEye\dataset_crack\final_dataset_v5\train\images\sewage_011537.jpg,1,0,0,1
D:\Study Material\Sem VI\Projects\PBL2\RoadEye\dataset_crack\final_dataset_v5\train\images\sewage_011562.jpg,0,2,1,1
D:\Study Material\Sem VI\Projects\PBL2\RoadEye\dataset_crack\final_dataset_v5\train\images\sewage_011568.jpg,0,1,1,1
D:\Study Material\Sem VI\Projects\PBL2\RoadEye\dataset_crack\final_dataset_v5\train\images\sewage_011570.jpg,0,1,1,1
D:\Study Material\Sem VI\Projects\PBL2\RoadEye\dataset_crack\final_dataset_v5\train\images\sewage_011580.jpg,2,2,1,1
D:\Study Material\Sem VI\Projects\PBL2\RoadEye\dataset_crack\final_dataset_v5\train\images\sewage_011587.jpg,0,1,1,1
D:\Study Material\Sem VI\Projects\PBL2\RoadEye\dataset_crack\final_dataset_v5\train\images\sewage_011633.jpg,0,1,1,1
D:\Study Material\Sem VI\Projects\PBL2\RoadEye\dataset_crack\final_dataset_v5\train\images\sewage_011637.jpg,2,1,1,1
D:\Study Material\Sem VI\Projects\PBL2\RoadEye\dataset_crack\final_dataset_v5\train\images\sewage_011647.jpg,1,0,0,1
D:\Study Material\Sem VI\Projects\PBL2\RoadEye\dataset_crack\final_dataset_v5\train\images\sewage_011658.jpg,2,3,1,1
D:\Study Material\Sem VI\Projects\PBL2\RoadEye\dataset_crack\final_dataset_v5\train\images\sewage_011669.jpg,0,1,1,1
D:\Study Material\Sem VI\Projects\PBL2\RoadEye\dataset_crack\final_dataset_v5\train\images\sewage_011676.jpg,2,0,0,1
D:\Study Material\Sem VI\Projects\PBL2\RoadEye\dataset_crack\final_dataset_v5\train\images\sewage_011682.jpg,1,0,0,1
D:\Study Material\Sem VI\Projects\PBL2\RoadEye\dataset_crack\final_dataset_v5\train\images\sewage_011695.jpg,1,2,1,1
D:\Study Material\Sem VI\Projects\PBL2\RoadEye\dataset_crack\final_dataset_v5\train\images\sewage_011696.jpg,2,0,0,1
D:\Study Material\Sem VI\Projects\PBL2\RoadEye\dataset_crack\final_dataset_v5\train\images\sewage_011761.jpg,1,1,1,1
D:\Study Material\Sem VI\Projects\PBL2\RoadEye\dataset_crack\final_dataset_v5\train\images\sewage_011776.jpg,1,1,1,1
D:\Study Material\Sem VI\Projects\PBL2\RoadEye\dataset_crack\final_dataset_v5\train\images\sewage_011785.jpg,0,1,1,1
D:\Study Material\Sem VI\Projects\PBL2\RoadEye\dataset_crack\final_dataset_v5\train\images\sewage_011795.jpg,2,0,0,1
D:\Study Material\Sem VI\Projects\PBL2\RoadEye\dataset_crack\final_dataset_v5\train\images\sewage_011826.jpg,0,3,1,1
D:\Study Material\Sem VI\Projects\PBL2\RoadEye\dataset_crack\final_dataset_v5\train\images\sewage_011845.jpg,2,0,0,1
D:\Study Material\Sem VI\Projects\PBL2\RoadEye\dataset_crack\final_dataset_v5\train\images\sewage_011894.jpg,0,1,1,1
D:\Study Material\Sem VI\Projects\PBL2\RoadEye\dataset_crack\final_dataset_v5\train\images\sewage_011936.jpg,2,1,1,1
D:\Study Material\Sem VI\Projects\PBL2\RoadEye\dataset_crack\final_dataset_v5\train\images\sewage_011973.jpg,1,0,0,1
D:\Study Material\Sem VI\Projects\PBL2\RoadEye\dataset_crack\final_dataset_v5\train\images\sewage_012018.jpg,1,0,0,1
D:\Study Material\Sem VI\Projects\PBL2\RoadEye\dataset_crack\final_dataset_v5\train\images\sewage_012030.jpg,0,1,1,1
D:\Study Material\Sem VI\Projects\PBL2\RoadEye\dataset_crack\final_dataset_v5\train\images\sewage_012073.jpg,1,0,0,1
D:\Study Material\Sem VI\Projects\PBL2\RoadEye\dataset_crack\final_dataset_v5\train\images\sewage_012111.jpg,1,0,0,1
D:\Study Material\Sem VI\Projects\PBL2\RoadEye\dataset_crack\final_dataset_v5\train\images\sewage_012138.jpg,0,1,1,1
D:\Study Material\Sem VI\Projects\PBL2\RoadEye\dataset_crack\final_dataset_v5\train\images\sewage_012141.jpg,2,0,0,1
D:\Study Material\Sem VI\Projects\PBL2\RoadEye\dataset_crack\final_dataset_v5\train\images\sewage_012187.jpg,1,0,0,1
D:\Study Material\Sem VI\Projects\PBL2\RoadEye\dataset_crack\final_dataset_v5\train\images\sewage_012191.jpg,2,2,1,1
D:\Study Material\Sem VI\Projects\PBL2\RoadEye\dataset_crack\final_dataset_v5\train\images\sewage_012199.jpg,1,0,0,1
D:\Study Material\Sem VI\Projects\PBL2\RoadEye\dataset_crack\final_dataset_v5\train\images\sewage_012220.jpg,1,0,0,1
D:\Study Material\Sem VI\Projects\PBL2\RoadEye\dataset_crack\final_dataset_v5\train\images\sewage_012240.jpg,0,2,1,1
D:\Study Material\Sem VI\Projects\PBL2\RoadEye\dataset_crack\final_dataset_v5\train\images\sewage_012242.jpg,1,0,0,1
D:\Study Material\Sem VI\Projects\PBL2\RoadEye\dataset_crack\final_dataset_v5\train\images\sewage_012264.jpg,0,1,1,1
D:\Study Material\Sem VI\Projects\PBL2\RoadEye\dataset_crack\final_dataset_v5\train\images\sewage_012285.jpg,1,0,0,1
D:\Study Material\Sem VI\Projects\PBL2\RoadEye\dataset_crack\final_dataset_v5\train\images\sewage_012292.jpg,1,0,0,1
D:\Study Material\Sem VI\Projects\PBL2\RoadEye\dataset_crack\final_dataset_v5\train\images\sewage_012303.jpg,1,0,0,1
D:\Study Material\Sem VI\Projects\PBL2\RoadEye\dataset_crack\final_dataset_v5\train\images\sewage_012324.jpg,1,0,0,1
D:\Study Material\Sem VI\Projects\PBL2\RoadEye\dataset_crack\final_dataset_v5\train\images\sewage_012329.jpg,1,0,0,1
D:\Study Material\Sem VI\Projects\PBL2\RoadEye\dataset_crack\final_dataset_v5\train\images\sewage_012348.jpg,1,0,0,1
D:\Study Material\Sem VI\Projects\PBL2\RoadEye\dataset_crack\final_dataset_v5\train\images\sewage_012350.jpg,0,1,0,0
D:\Study Material\Sem VI\Projects\PBL2\RoadEye\dataset_crack\final_dataset_v5\train\images\sewage_012411.jpg,1,0,0,1
D:\Study Material\Sem VI\Projects\PBL2\RoadEye\dataset_crack\final_dataset_v5\train\images\sewage_012420.jpg,1,1,1,1
D:\Study Material\Sem VI\Projects\PBL2\RoadEye\dataset_crack\final_dataset_v5\train\images\sewage_012429.jpg,0,1,1,1
D:\Study Material\Sem VI\Projects\PBL2\RoadEye\dataset_crack\final_dataset_v5\train\images\sewage_012438.jpg,2,0,0,1
D:\Study Material\Sem VI\Projects\PBL2\RoadEye\dataset_crack\final_dataset_v5\train\images\sewage_012454.jpg,0,1,1,1
D:\Study Material\Sem VI\Projects\PBL2\RoadEye\dataset_crack\final_dataset_v5\train\images\sewage_012472.jpg,2,2,1,1
D:\Study Material\Sem VI\Projects\PBL2\RoadEye\dataset_crack\final_dataset_v5\train\images\sewage_012490.jpg,1,1,1,1
D:\Study Material\Sem VI\Projects\PBL2\RoadEye\dataset_crack\final_dataset_v5\train\images\sewage_012506.jpg,1,1,1,1
D:\Study Material\Sem VI\Projects\PBL2\RoadEye\dataset_crack\final_dataset_v5\train\images\sewage_012517.jpg,1,2,1,1
D:\Study Material\Sem VI\Projects\PBL2\RoadEye\dataset_crack\final_dataset_v5\train\images\sewage_012522.jpg,0,1,0,0
D:\Study Material\Sem VI\Projects\PBL2\RoadEye\dataset_crack\final_dataset_v5\train\images\sewage_012528.jpg,0,3,1,1
D:\Study Material\Sem VI\Projects\PBL2\RoadEye\dataset_crack\final_dataset_v5\train\images\sewage_012551.jpg,1,1,1,1
D:\Study Material\Sem VI\Projects\PBL2\RoadEye\dataset_crack\final_dataset_v5\train\images\sewage_012582.jpg,1,0,0,1
D:\Study Material\Sem VI\Projects\PBL2\RoadEye\dataset_crack\final_dataset_v5\train\images\sewage_012591.jpg,2,0,0,1
D:\Study Material\Sem VI\Projects\PBL2\RoadEye\dataset_crack\final_dataset_v5\train\images\sewage_012619.jpg,2,0,0,1
D:\Study Material\Sem VI\Projects\PBL2\RoadEye\dataset_crack\final_dataset_v5\train\images\sewage_012633.jpg,1,1,0,1
D:\Study Material\Sem VI\Projects\PBL2\RoadEye\dataset_crack\final_dataset_v5\train\images\sewage_012665.jpg,3,0,0,1
D:\Study Material\Sem VI\Projects\PBL2\RoadEye\dataset_crack\final_dataset_v5\train\images\sewage_012693.jpg,0,1,0,0
D:\Study Material\Sem VI\Projects\PBL2\RoadEye\dataset_crack\final_dataset_v5\train\images\sewage_012721.jpg,1,1,1,1
D:\Study Material\Sem VI\Projects\PBL2\RoadEye\dataset_crack\final_dataset_v5\train\images\sewage_012757.jpg,0,2,1,1
D:\Study Material\Sem VI\Projects\PBL2\RoadEye\dataset_crack\final_dataset_v5\train\images\sewage_012780.jpg,0,1,1,1
D:\Study Material\Sem VI\Projects\PBL2\RoadEye\dataset_crack\final_dataset_v5\train\images\sewage_012811.jpg,0,1,1,1
D:\Study Material\Sem VI\Projects\PBL2\RoadEye\dataset_crack\final_dataset_v5\train\images\sewage_012816.jpg,1,1,1,1
D:\Study Material\Sem VI\Projects\PBL2\RoadEye\dataset_crack\final_dataset_v5\train\images\sewage_012819.jpg,3,0,0,1
D:\Study Material\Sem VI\Projects\PBL2\RoadEye\dataset_crack\final_dataset_v5\train\images\sewage_012855.jpg,0,1,1,1
D:\Study Material\Sem VI\Projects\PBL2\RoadEye\dataset_crack\final_dataset_v5\train\images\sewage_012856.jpg,0,1,1,1
D:\Study Material\Sem VI\Projects\PBL2\RoadEye\dataset_crack\final_dataset_v5\train\images\sewage_012860.jpg,1,0,0,1
D:\Study Material\Sem VI\Projects\PBL2\RoadEye\dataset_crack\final_dataset_v5\train\images\sewage_012864.jpg,1,0,0,1
D:\Study Material\Sem VI\Projects\PBL2\RoadEye\dataset_crack\final_dataset_v5\train\images\sewage_defect_detection_000012.jpg,1,2,1,1
D:\Study Material\Sem VI\Projects\PBL2\RoadEye\dataset_crack\final_dataset_v5\train\images\sewage_defect_detection_000014.jpg,1,1,1,1
D:\Study Material\Sem VI\Projects\PBL2\RoadEye\dataset_crack\final_dataset_v5\train\images\sewage_defect_detection_000026.jpg,2,4,1,1
D:\Study Material\Sem VI\Projects\PBL2\RoadEye\dataset_crack\final_dataset_v5\train\images\sewage_defect_detection_000046.jpg,1,0,0,1
D:\Study Material\Sem VI\Projects\PBL2\RoadEye\dataset_crack\final_dataset_v5\train\images\sewage_defect_detection_000048.jpg,1,0,0,1
D:\Study Material\Sem VI\Projects\PBL2\RoadEye\dataset_crack\final_dataset_v5\train\images\sewage_defect_detection_000105.jpg,2,0,0,1
D:\Study Material\Sem VI\Projects\PBL2\RoadEye\dataset_crack\final_dataset_v5\train\images\sewage_defect_detection_000117.jpg,1,0,0,1
D:\Study Material\Sem VI\Projects\PBL2\RoadEye\dataset_crack\final_dataset_v5\train\images\sewage_defect_detection_000166.jpg,0,1,0,0
D:\Study Material\Sem VI\Projects\PBL2\RoadEye\dataset_crack\final_dataset_v5\train\images\sewage_defect_detection_000220.jpg,1,0,0,1
D:\Study Material\Sem VI\Projects\PBL2\RoadEye\dataset_crack\final_dataset_v5\train\images\sewage_defect_detection_000222.jpg,1,2,0,1
D:\Study Material\Sem VI\Projects\PBL2\RoadEye\dataset_crack\final_dataset_v5\train\images\sewage_defect_detection_000223.jpg,1,1,1,1
D:\Study Material\Sem VI\Projects\PBL2\RoadEye\dataset_crack\final_dataset_v5\train\images\sewage_defect_detection_000289.jpg,3,6,1,1
D:\Study Material\Sem VI\Projects\PBL2\RoadEye\dataset_crack\final_dataset_v5\train\images\sewage_defect_detection_000297.jpg,1,0,0,1
D:\Study Material\Sem VI\Projects\PBL2\RoadEye\dataset_crack\final_dataset_v5\train\images\sewage_defect_detection_000323.jpg,1,0,0,1
D:\Study Material\Sem VI\Projects\PBL2\RoadEye\dataset_crack\final_dataset_v5\train\images\sewage_defect_detection_000325.jpg,1,3,1,1
D:\Study Material\Sem VI\Projects\PBL2\RoadEye\dataset_crack\final_dataset_v5\train\images\sewage_defect_detection_000327.jpg,2,0,0,1
D:\Study Material\Sem VI\Projects\PBL2\RoadEye\dataset_crack\final_dataset_v5\train\images\sewage_defect_detection_000341.jpg,1,0,0,1
D:\Study Material\Sem VI\Projects\PBL2\RoadEye\dataset_crack\final_dataset_v5\train\images\sewage_defect_detection_000385.jpg,0,2,1,1
D:\Study Material\Sem VI\Projects\PBL2\RoadEye\dataset_crack\final_dataset_v5\train\images\sewage_defect_detection_000390.jpg,1,0,0,1
D:\Study Material\Sem VI\Projects\PBL2\RoadEye\dataset_crack\final_dataset_v5\train\images\sewage_defect_detection_000393.jpg,2,0,0,1
D:\Study Material\Sem VI\Projects\PBL2\RoadEye\dataset_crack\final_dataset_v5\train\images\sewage_defect_detection_000395.jpg,4,2,0,1
D:\Study Material\Sem VI\Projects\PBL2\RoadEye\dataset_crack\final_dataset_v5\train\images\sewage_defect_detection_000449.jpg,1,0,0,1
D:\Study Material\Sem VI\Projects\PBL2\RoadEye\dataset_crack\final_dataset_v5\train\images\sewage_defect_detection_000554.jpg,1,0,0,1
D:\Study Material\Sem VI\Projects\PBL2\RoadEye\dataset_crack\final_dataset_v5\train\images\sewage_defect_detection_000573.jpg,1,0,0,1
D:\Study Material\Sem VI\Projects\PBL2\RoadEye\dataset_crack\final_dataset_v5\train\images\sewage_defect_detection_000674.jpg,1,0,0,1
D:\Study Material\Sem VI\Projects\PBL2\RoadEye\dataset_crack\final_dataset_v5\train\images\sewage_defect_detection_000705.jpg,1,0,0,1
D:\Study Material\Sem VI\Projects\PBL2\RoadEye\dataset_crack\final_dataset_v5\train\images\sewage_defect_detection_000768.jpg,1,3,1,1
D:\Study Material\Sem VI\Projects\PBL2\RoadEye\dataset_crack\final_dataset_v5\train\images\sewage_defect_detection_000791.jpg,2,0,0,1
D:\Study Material\Sem VI\Projects\PBL2\RoadEye\dataset_crack\final_dataset_v5\train\images\sewage_defect_detection_000851.jpg,2,0,0,1
D:\Study Material\Sem VI\Projects\PBL2\RoadEye\dataset_crack\final_dataset_v5\train\images\sewage_defect_detection_000861.jpg,1,0,0,1
D:\Study Material\Sem VI\Projects\PBL2\RoadEye\dataset_crack\final_dataset_v5\train\images\sewage_defect_detection_000898.jpg,2,1,1,1
D:\Study Material\Sem VI\Projects\PBL2\RoadEye\dataset_crack\final_dataset_v5\train\images\sewage_defect_detection_000908.jpg,2,0,0,1
D:\Study Material\Sem VI\Projects\PBL2\RoadEye\dataset_crack\final_dataset_v5\train\images\sewage_defect_detection_000931.jpg,1,0,0,1
D:\Study Material\Sem VI\Projects\PBL2\RoadEye\dataset_crack\final_dataset_v5\train\images\sewage_defect_detection_000948.jpg,1,1,1,1
D:\Study Material\Sem VI\Projects\PBL2\RoadEye\dataset_crack\final_dataset_v5\train\images\sewage_defect_detection_000968.jpg,3,0,0,1
D:\Study Material\Sem VI\Projects\PBL2\RoadEye\dataset_crack\final_dataset_v5\train\images\sewage_defect_detection_001007.jpg,2,1,1,1
D:\Study Material\Sem VI\Projects\PBL2\RoadEye\dataset_crack\final_dataset_v5\train\images\sewage_defect_detection_001036.jpg,2,1,1,1
D:\Study Material\Sem VI\Projects\PBL2\RoadEye\dataset_crack\final_dataset_v5\train\images\sewage_defect_detection_001052.jpg,1,0,0,1
D:\Study Material\Sem VI\Projects\PBL2\RoadEye\dataset_crack\final_dataset_v5\train\images\sewage_defect_detection_001157.jpg,3,0,0,1
D:\Study Material\Sem VI\Projects\PBL2\RoadEye\dataset_crack\final_dataset_v5\train\images\sewage_defect_detection_001190.jpg,1,0,0,1
D:\Study Material\Sem VI\Projects\PBL2\RoadEye\dataset_crack\final_dataset_v5\train\images\sewage_defect_detection_001197.jpg,3,0,0,1
D:\Study Material\Sem VI\Projects\PBL2\RoadEye\dataset_crack\final_dataset_v5\train\images\sewage_defect_detection_001270.jpg,3,0,0,1
D:\Study Material\Sem VI\Projects\PBL2\RoadEye\dataset_crack\final_dataset_v5\train\images\sewage_defect_detection_001316.jpg,2,1,1,1
D:\Study Material\Sem VI\Projects\PBL2\RoadEye\dataset_crack\final_dataset_v5\train\images\sewage_defect_detection_001324.jpg,1,1,0,1
D:\Study Material\Sem VI\Projects\PBL2\RoadEye\dataset_crack\final_dataset_v5\train\images\sewage_defect_detection_001349.jpg,1,0,0,1
D:\Study Material\Sem VI\Projects\PBL2\RoadEye\dataset_crack\final_dataset_v5\train\images\sewage_defect_detection_001356.jpg,1,0,0,1
D:\Study Material\Sem VI\Projects\PBL2\RoadEye\dataset_crack\final_dataset_v5\train\images\sewage_defect_detection_001386.jpg,1,1,1,1
D:\Study Material\Sem VI\Projects\PBL2\RoadEye\dataset_crack\final_dataset_v5\train\images\sewage_defect_detection_001431.jpg,3,3,1,1
D:\Study Material\Sem VI\Projects\PBL2\RoadEye\dataset_crack\final_dataset_v5\train\images\sewage_defect_detection_001456.jpg,2,0,0,1
D:\Study Material\Sem VI\Projects\PBL2\RoadEye\dataset_crack\final_dataset_v5\train\images\sewage_defect_detection_001484.jpg,1,0,0,1
D:\Study Material\Sem VI\Projects\PBL2\RoadEye\dataset_crack\final_dataset_v5\train\images\sewage_defect_detection_001516.jpg,1,1,1,1
D:\Study Material\Sem VI\Projects\PBL2\RoadEye\dataset_crack\final_dataset_v5\train\images\sewage_defect_detection_001576.jpg,3,0,0,1
D:\Study Material\Sem VI\Projects\PBL2\RoadEye\dataset_crack\final_dataset_v5\train\images\sewage_defect_detection_001587.jpg,3,2,1,1
D:\Study Material\Sem VI\Projects\PBL2\RoadEye\dataset_crack\final_dataset_v5\train\images\sewage_defect_detection_001594.jpg,0,2,1,1
D:\Study Material\Sem VI\Projects\PBL2\RoadEye\dataset_crack\final_dataset_v5\train\images\sewage_defect_detection_001633.jpg,3,1,1,1
D:\Study Material\Sem VI\Projects\PBL2\RoadEye\dataset_crack\final_dataset_v5\train\images\sewage_defect_detection_001692.jpg,1,0,0,1
D:\Study Material\Sem VI\Projects\PBL2\RoadEye\dataset_crack\final_dataset_v5\train\images\sewage_defect_detection_001723.jpg,0,1,1,1
D:\Study Material\Sem VI\Projects\PBL2\RoadEye\dataset_crack\final_dataset_v5\train\images\sewage_defect_detection_001751.jpg,1,1,0,1
D:\Study Material\Sem VI\Projects\PBL2\RoadEye\dataset_crack\final_dataset_v5\train\images\sewage_defect_detection_001758.jpg,1,0,0,1
D:\Study Material\Sem VI\Projects\PBL2\RoadEye\dataset_crack\final_dataset_v5\train\images\sewage_defect_detection_001763.jpg,1,0,0,1
D:\Study Material\Sem VI\Projects\PBL2\RoadEye\dataset_crack\final_dataset_v5\train\images\sewage_defect_detection_001787.jpg,2,0,0,1
D:\Study Material\Sem VI\Projects\PBL2\RoadEye\dataset_crack\final_dataset_v5\train\images\sewage_defect_detection_001844.jpg,2,0,0,1
D:\Study Material\Sem VI\Projects\PBL2\RoadEye\dataset_crack\final_dataset_v5\train\images\sewage_defect_detection_001846.jpg,2,0,0,1
D:\Study Material\Sem VI\Projects\PBL2\RoadEye\dataset_crack\final_dataset_v5\train\images\sewage_defect_detection_001858.jpg,2,0,0,1
D:\Study Material\Sem VI\Projects\PBL2\RoadEye\dataset_crack\final_dataset_v5\train\images\sewage_defect_detection_001879.jpg,1,1,1,1
D:\Study Material\Sem VI\Projects\PBL2\RoadEye\dataset_crack\final_dataset_v5\train\images\sewage_defect_detection_001881.jpg,2,5,0,1
D:\Study Material\Sem VI\Projects\PBL2\RoadEye\dataset_crack\final_dataset_v5\train\images\sewage_defect_detection_001904.jpg,2,0,0,1
D:\Study Material\Sem VI\Projects\PBL2\RoadEye\dataset_crack\final_dataset_v5\train\images\sewage_defect_detection_001913.jpg,1,2,1,1
D:\Study Material\Sem VI\Projects\PBL2\RoadEye\dataset_crack\final_dataset_v5\train\images\sewage_defect_detection_001925.jpg,1,0,0,1
D:\Study Material\Sem VI\Projects\PBL2\RoadEye\dataset_crack\final_dataset_v5\train\images\sewage_defect_detection_001927.jpg,3,0,0,1
D:\Study Material\Sem VI\Projects\PBL2\RoadEye\dataset_crack\final_dataset_v5\train\images\sewage_defect_detection_001945.jpg,1,0,0,1
D:\Study Material\Sem VI\Projects\PBL2\RoadEye\dataset_crack\final_dataset_v5\train\images\sewage_defect_detection_001953.jpg,2,1,1,1
D:\Study Material\Sem VI\Projects\PBL2\RoadEye\dataset_crack\final_dataset_v5\train\images\sewage_defect_detection_001961.jpg,1,0,0,1
D:\Study Material\Sem VI\Projects\PBL2\RoadEye\dataset_crack\final_dataset_v5\train\images\sewage_defect_detection_001963.jpg,1,0,0,1
D:\Study Material\Sem VI\Projects\PBL2\RoadEye\dataset_crack\final_dataset_v5\train\images\sewage_defect_detection_001984.jpg,1,0,0,1
D:\Study Material\Sem VI\Projects\PBL2\RoadEye\dataset_crack\final_dataset_v5\train\images\sewage_defect_detection_001993.jpg,1,0,0,1
D:\Study Material\Sem VI\Projects\PBL2\RoadEye\dataset_crack\final_dataset_v5\train\images\sewage_defect_detection_001996.jpg,2,0,0,1
D:\Study Material\Sem VI\Projects\PBL2\RoadEye\dataset_crack\final_dataset_v5\train\images\sewage_defect_detection_002001.jpg,2,0,0,1
D:\Study Material\Sem VI\Projects\PBL2\RoadEye\dataset_crack\final_dataset_v5\train\images\sewage_defect_detection_002009.jpg,0,1,0,0
D:\Study Material\Sem VI\Projects\PBL2\RoadEye\dataset_crack\final_dataset_v5\train\images\sewage_defect_detection_002068.jpg,2,0,0,1
D:\Study Material\Sem VI\Projects\PBL2\RoadEye\dataset_crack\final_dataset_v5\train\images\sewage_defect_detection_002073.jpg,0,1,1,1
D:\Study Material\Sem VI\Projects\PBL2\RoadEye\dataset_crack\final_dataset_v5\train\images\sewage_defect_detection_002128.jpg,1,3,1,1
D:\Study Material\Sem VI\Projects\PBL2\RoadEye\dataset_crack\final_dataset_v5\train\images\sewage_defect_detection_002133.jpg,1,0,0,1
D:\Study Material\Sem VI\Projects\PBL2\RoadEye\dataset_crack\final_dataset_v5\train\images\sewage_defect_detection_002159.jpg,2,0,0,1
D:\Study Material\Sem VI\Projects\PBL2\RoadEye\dataset_crack\final_dataset_v5\train\images\sewage_defect_detection_002175.jpg,5,0,0,1
D:\Study Material\Sem VI\Projects\PBL2\RoadEye\dataset_crack\final_dataset_v5\train\images\sewage_defect_detection_002180.jpg,1,0,0,1
D:\Study Material\Sem VI\Projects\PBL2\RoadEye\dataset_crack\final_dataset_v5\train\images\sewage_defect_detection_002190.jpg,1,0,0,1
D:\Study Material\Sem VI\Projects\PBL2\RoadEye\dataset_crack\final_dataset_v5\train\images\sewage_defect_detection_002212.jpg,1,0,0,1
D:\Study Material\Sem VI\Projects\PBL2\RoadEye\dataset_crack\final_dataset_v5\train\images\sewage_defect_detection_002219.jpg,2,2,0,1
D:\Study Material\Sem VI\Projects\PBL2\RoadEye\dataset_crack\final_dataset_v5\train\images\sewage_defect_detection_002246.jpg,1,0,0,1
D:\Study Material\Sem VI\Projects\PBL2\RoadEye\dataset_crack\final_dataset_v5\train\images\sewage_defect_detection_002296.jpg,2,0,0,1
D:\Study Material\Sem VI\Projects\PBL2\RoadEye\dataset_crack\final_dataset_v5\train\images\sewage_defect_detection_002317.jpg,1,1,1,1
D:\Study Material\Sem VI\Projects\PBL2\RoadEye\dataset_crack\final_dataset_v5\train\images\sewage_defect_detection_002339.jpg,1,0,0,1
D:\Study Material\Sem VI\Projects\PBL2\RoadEye\dataset_crack\final_dataset_v5\train\images\sewage_defect_detection_002400.jpg,2,0,0,1
D:\Study Material\Sem VI\Projects\PBL2\RoadEye\dataset_crack\final_dataset_v5\train\images\sewage_defect_detection_002439.jpg,1,1,0,1
D:\Study Material\Sem VI\Projects\PBL2\RoadEye\dataset_crack\final_dataset_v5\train\images\sewage_defect_detection_002457.jpg,2,0,0,1
D:\Study Material\Sem VI\Projects\PBL2\RoadEye\dataset_crack\final_dataset_v5\train\images\sewage_defect_detection_002474.jpg,1,0,0,1
D:\Study Material\Sem VI\Projects\PBL2\RoadEye\dataset_crack\final_dataset_v5\train\images\sewage_defect_detection_002488.jpg,3,0,0,1
D:\Study Material\Sem VI\Projects\PBL2\RoadEye\dataset_crack\final_dataset_v5\train\images\sewage_defect_detection_002497.jpg,2,2,1,1
D:\Study Material\Sem VI\Projects\PBL2\RoadEye\dataset_crack\final_dataset_v5\train\images\sewage_defect_detection_002546.jpg,2,0,0,1
D:\Study Material\Sem VI\Projects\PBL2\RoadEye\dataset_crack\final_dataset_v5\train\images\sewage_defect_detection_002554.jpg,1,0,0,1
D:\Study Material\Sem VI\Projects\PBL2\RoadEye\dataset_crack\final_dataset_v5\train\images\sewage_defect_detection_002555.jpg,0,1,1,1
D:\Study Material\Sem VI\Projects\PBL2\RoadEye\dataset_crack\final_dataset_v5\train\images\sewage_defect_detection_002585.jpg,2,1,1,1
D:\Study Material\Sem VI\Projects\PBL2\RoadEye\dataset_crack\final_dataset_v5\train\images\sewage_defect_detection_002605.jpg,2,1,0,1
D:\Study Material\Sem VI\Projects\PBL2\RoadEye\dataset_crack\final_dataset_v5\train\images\sewage_defect_detection_002615.jpg,1,0,0,1
D:\Study Material\Sem VI\Projects\PBL2\RoadEye\dataset_crack\final_dataset_v5\train\images\sewage_defect_detection_002617.jpg,1,0,0,1
D:\Study Material\Sem VI\Projects\PBL2\RoadEye\dataset_crack\final_dataset_v5\train\images\sewage_defect_detection_002629.jpg,2,3,1,1
D:\Study Material\Sem VI\Projects\PBL2\RoadEye\dataset_crack\final_dataset_v5\train\images\sewage_defect_detection_002679.jpg,2,0,0,1
D:\Study Material\Sem VI\Projects\PBL2\RoadEye\dataset_crack\final_dataset_v5\train\images\sewage_defect_detection_002680.jpg,2,3,0,1
D:\Study Material\Sem VI\Projects\PBL2\RoadEye\dataset_crack\final_dataset_v5\train\images\sewage_defect_detection_002682.jpg,0,1,1,1
D:\Study Material\Sem VI\Projects\PBL2\RoadEye\dataset_crack\final_dataset_v5\train\images\sewage_defect_detection_002731.jpg,1,0,0,1
D:\Study Material\Sem VI\Projects\PBL2\RoadEye\dataset_crack\final_dataset_v5\train\images\sewage_defect_detection_002735.jpg,4,0,0,1
D:\Study Material\Sem VI\Projects\PBL2\RoadEye\dataset_crack\final_dataset_v5\train\images\sewage_defect_detection_002760.jpg,1,0,0,1
D:\Study Material\Sem VI\Projects\PBL2\RoadEye\dataset_crack\final_dataset_v5\train\images\sewage_defect_detection_002843.jpg,1,0,0,1
D:\Study Material\Sem VI\Projects\PBL2\RoadEye\dataset_crack\final_dataset_v5\train\images\sewage_defect_detection_002846.jpg,1,0,0,1
D:\Study Material\Sem VI\Projects\PBL2\RoadEye\dataset_crack\final_dataset_v5\train\images\sewage_defect_detection_002861.jpg,1,0,0,1
D:\Study Material\Sem VI\Projects\PBL2\RoadEye\dataset_crack\final_dataset_v5\train\images\sewage_defect_detection_002895.jpg,1,0,0,1
D:\Study Material\Sem VI\Projects\PBL2\RoadEye\dataset_crack\final_dataset_v5\train\images\sewage_defect_detection_002949.jpg,1,0,0,1
D:\Study Material\Sem VI\Projects\PBL2\RoadEye\dataset_crack\final_dataset_v5\train\images\sewage_defect_detection_002975.jpg,1,1,0,1
D:\Study Material\Sem VI\Projects\PBL2\RoadEye\dataset_crack\final_dataset_v5\train\images\sewage_defect_detection_002983.jpg,1,0,0,1
D:\Study Material\Sem VI\Projects\PBL2\RoadEye\dataset_crack\final_dataset_v5\train\images\sewage_defect_detection_002984.jpg,1,0,0,1
D:\Study Material\Sem VI\Projects\PBL2\RoadEye\dataset_crack\final_dataset_v5\train\images\sewage_defect_detection_002994.jpg,1,7,1,1
D:\Study Material\Sem VI\Projects\PBL2\RoadEye\dataset_crack\final_dataset_v5\train\images\sewage_defect_detection_003009.jpg,1,2,0,1
D:\Study Material\Sem VI\Projects\PBL2\RoadEye\dataset_crack\final_dataset_v5\train\images\sewage_defect_detection_003020.jpg,1,0,0,1
D:\Study Material\Sem VI\Projects\PBL2\RoadEye\dataset_crack\final_dataset_v5\train\images\sewage_defect_detection_003034.jpg,1,0,0,1
D:\Study Material\Sem VI\Projects\PBL2\RoadEye\dataset_crack\final_dataset_v5\train\images\sewage_defect_detection_003048.jpg,2,0,0,1
D:\Study Material\Sem VI\Projects\PBL2\RoadEye\dataset_crack\final_dataset_v5\train\images\sewage_defect_detection_003058.jpg,1,1,0,1
D:\Study Material\Sem VI\Projects\PBL2\RoadEye\dataset_crack\final_dataset_v5\train\images\sewage_defect_detection_003095.jpg,1,0,0,1
D:\Study Material\Sem VI\Projects\PBL2\RoadEye\dataset_crack\final_dataset_v5\train\images\sewage_defect_detection_003115.jpg,3,3,1,1
D:\Study Material\Sem VI\Projects\PBL2\RoadEye\dataset_crack\final_dataset_v5\train\images\sewage_defect_detection_003118.jpg,3,0,0,1
D:\Study Material\Sem VI\Projects\PBL2\RoadEye\dataset_crack\final_dataset_v5\train\images\sewage_defect_detection_003124.jpg,1,0,0,1
D:\Study Material\Sem VI\Projects\PBL2\RoadEye\dataset_crack\final_dataset_v5\train\images\sewage_defect_detection_003126.jpg,2,1,1,1
D:\Study Material\Sem VI\Projects\PBL2\RoadEye\dataset_crack\final_dataset_v5\train\images\sewage_defect_detection_003182.jpg,1,0,0,1
D:\Study Material\Sem VI\Projects\PBL2\RoadEye\dataset_crack\final_dataset_v5\train\images\sewage_defect_detection_003216.jpg,1,0,0,1
D:\Study Material\Sem VI\Projects\PBL2\RoadEye\dataset_crack\final_dataset_v5\train\images\sewage_defect_detection_003233.jpg,1,3,1,1
D:\Study Material\Sem VI\Projects\PBL2\RoadEye\dataset_crack\final_dataset_v5\train\images\sewage_defect_detection_003253.jpg,3,1,1,1
D:\Study Material\Sem VI\Projects\PBL2\RoadEye\dataset_crack\final_dataset_v5\train\images\sewage_defect_detection_003262.jpg,0,2,1,1
D:\Study Material\Sem VI\Projects\PBL2\RoadEye\dataset_crack\final_dataset_v5\train\images\sewage_defect_detection_003266.jpg,4,1,1,1
D:\Study Material\Sem VI\Projects\PBL2\RoadEye\dataset_crack\final_dataset_v5\train\images\sewage_defect_detection_003289.jpg,1,1,1,1
D:\Study Material\Sem VI\Projects\PBL2\RoadEye\dataset_crack\final_dataset_v5\train\images\sewage_defect_detection_003309.jpg,2,0,0,1
D:\Study Material\Sem VI\Projects\PBL2\RoadEye\dataset_crack\final_dataset_v5\train\images\sewage_defect_detection_003411.jpg,5,5,1,1
D:\Study Material\Sem VI\Projects\PBL2\RoadEye\dataset_crack\final_dataset_v5\train\images\sewage_defect_detection_003425.jpg,1,0,0,1
D:\Study Material\Sem VI\Projects\PBL2\RoadEye\dataset_crack\final_dataset_v5\train\images\sewage_defect_detection_003436.jpg,1,0,0,1
D:\Study Material\Sem VI\Projects\PBL2\RoadEye\dataset_crack\final_dataset_v5\train\images\sewage_defect_detection_003456.jpg,3,1,1,1
D:\Study Material\Sem VI\Projects\PBL2\RoadEye\dataset_crack\final_dataset_v5\train\images\sewage_defect_detection_003459.jpg,1,2,1,1
D:\Study Material\Sem VI\Projects\PBL2\RoadEye\dataset_crack\final_dataset_v5\train\images\sewage_defect_detection_003464.jpg,0,1,1,1
D:\Study Material\Sem VI\Projects\PBL2\RoadEye\dataset_crack\final_dataset_v5\train\images\sewage_defect_detection_003469.jpg,1,0,0,1
D:\Study Material\Sem VI\Projects\PBL2\RoadEye\dataset_crack\final_dataset_v5\train\images\sewage_defect_detection_003475.jpg,2,0,0,1
D:\Study Material\Sem VI\Projects\PBL2\RoadEye\dataset_crack\final_dataset_v5\train\images\sewage_defect_detection_003488.jpg,1,0,0,1
D:\Study Material\Sem VI\Projects\PBL2\RoadEye\dataset_crack\final_dataset_v5\train\images\sewage_defect_detection_003492.jpg,1,0,0,1
D:\Study Material\Sem VI\Projects\PBL2\RoadEye\dataset_crack\final_dataset_v5\train\images\sewage_defect_detection_003504.jpg,2,2,1,1
D:\Study Material\Sem VI\Projects\PBL2\RoadEye\dataset_crack\final_dataset_v5\train\images\sewage_defect_detection_003509.jpg,0,1,1,1
D:\Study Material\Sem VI\Projects\PBL2\RoadEye\dataset_crack\final_dataset_v5\train\images\sewage_defect_detection_003522.jpg,2,0,0,1
D:\Study Material\Sem VI\Projects\PBL2\RoadEye\dataset_crack\final_dataset_v5\train\images\sewage_defect_detection_003532.jpg,1,0,0,1
D:\Study Material\Sem VI\Projects\PBL2\RoadEye\dataset_crack\final_dataset_v5\train\images\sewage_defect_detection_003557.jpg,2,6,1,1
D:\Study Material\Sem VI\Projects\PBL2\RoadEye\dataset_crack\final_dataset_v5\train\images\sewage_defect_detection_003575.jpg,2,0,0,1
D:\Study Material\Sem VI\Projects\PBL2\RoadEye\dataset_crack\final_dataset_v5\train\images\sewage_defect_detection_003588.jpg,2,0,0,1
D:\Study Material\Sem VI\Projects\PBL2\RoadEye\dataset_crack\final_dataset_v5\train\images\sewage_defect_detection_003623.jpg,1,0,0,1
D:\Study Material\Sem VI\Projects\PBL2\RoadEye\dataset_crack\final_dataset_v5\train\images\sewage_defect_detection_003738.jpg,2,0,0,1
D:\Study Material\Sem VI\Projects\PBL2\RoadEye\dataset_crack\final_dataset_v5\train\images\sewage_defect_detection_003764.jpg,1,2,1,1
D:\Study Material\Sem VI\Projects\PBL2\RoadEye\dataset_crack\final_dataset_v5\train\images\sewage_defect_detection_003765.jpg,1,0,0,1
D:\Study Material\Sem VI\Projects\PBL2\RoadEye\dataset_crack\final_dataset_v5\train\images\sewage_defect_detection_003796.jpg,1,0,0,1
D:\Study Material\Sem VI\Projects\PBL2\RoadEye\dataset_crack\final_dataset_v5\train\images\sewage_defect_detection_003825.jpg,1,0,0,1
D:\Study Material\Sem VI\Projects\PBL2\RoadEye\dataset_crack\final_dataset_v5\train\images\sewage_defect_detection_003864.jpg,1,0,0,1
D:\Study Material\Sem VI\Projects\PBL2\RoadEye\dataset_crack\final_dataset_v5\train\images\sewage_defect_detection_003889.jpg,1,0,0,1
D:\Study Material\Sem VI\Projects\PBL2\RoadEye\dataset_crack\final_dataset_v5\train\images\sewage_defect_detection_003896.jpg,1,0,0,1
D:\Study Material\Sem VI\Projects\PBL2\RoadEye\dataset_crack\final_dataset_v5\train\images\sewage_defect_detection_003941.jpg,2,1,1,1
D:\Study Material\Sem VI\Projects\PBL2\RoadEye\dataset_crack\final_dataset_v5\train\images\sewage_defect_detection_003965.jpg,1,2,1,1
D:\Study Material\Sem VI\Projects\PBL2\RoadEye\dataset_crack\final_dataset_v5\train\images\sewage_defect_detection_003996.jpg,1,0,0,1
D:\Study Material\Sem VI\Projects\PBL2\RoadEye\dataset_crack\final_dataset_v5\train\images\sewage_defect_detection_004029.jpg,2,0,0,1
D:\Study Material\Sem VI\Projects\PBL2\RoadEye\dataset_crack\final_dataset_v5\train\images\sewage_defect_detection_004038.jpg,3,3,1,1
D:\Study Material\Sem VI\Projects\PBL2\RoadEye\dataset_crack\final_dataset_v5\train\images\sewage_defect_detection_004073.jpg,2,1,1,1
D:\Study Material\Sem VI\Projects\PBL2\RoadEye\dataset_crack\final_dataset_v5\train\images\sewage_defect_detection_004081.jpg,3,0,0,1
D:\Study Material\Sem VI\Projects\PBL2\RoadEye\dataset_crack\final_dataset_v5\train\images\sewage_defect_detection_004101.jpg,3,3,0,1
D:\Study Material\Sem VI\Projects\PBL2\RoadEye\dataset_crack\final_dataset_v5\train\images\sewage_defect_detection_004144.jpg,2,3,1,1
D:\Study Material\Sem VI\Projects\PBL2\RoadEye\dataset_crack\final_dataset_v5\train\images\sewage_defect_detection_004145.jpg,1,0,0,1
D:\Study Material\Sem VI\Projects\PBL2\RoadEye\dataset_crack\final_dataset_v5\train\images\sewage_defect_detection_004157.jpg,0,2,1,1
D:\Study Material\Sem VI\Projects\PBL2\RoadEye\dataset_crack\final_dataset_v5\train\images\sewage_defect_detection_004164.jpg,2,1,1,1
D:\Study Material\Sem VI\Projects\PBL2\RoadEye\dataset_crack\final_dataset_v5\train\images\sewage_defect_detection_004168.jpg,1,0,0,1
D:\Study Material\Sem VI\Projects\PBL2\RoadEye\dataset_crack\final_dataset_v5\train\images\sewage_defect_detection_004180.jpg,1,0,0,1
D:\Study Material\Sem VI\Projects\PBL2\RoadEye\dataset_crack\final_dataset_v5\train\images\sewage_defect_detection_004203.jpg,1,3,1,1
D:\Study Material\Sem VI\Projects\PBL2\RoadEye\dataset_crack\final_dataset_v5\train\images\sewage_defect_detection_004211.jpg,1,3,1,1
D:\Study Material\Sem VI\Projects\PBL2\RoadEye\dataset_crack\final_dataset_v5\train\images\sewage_defect_detection_004213.jpg,2,0,0,1
D:\Study Material\Sem VI\Projects\PBL2\RoadEye\dataset_crack\final_dataset_v5\train\images\sewage_defect_detection_004246.jpg,1,1,0,1
D:\Study Material\Sem VI\Projects\PBL2\RoadEye\dataset_crack\final_dataset_v5\train\images\sewage_defect_detection_004256.jpg,1,1,1,1
D:\Study Material\Sem VI\Projects\PBL2\RoadEye\dataset_crack\final_dataset_v5\train\images\sewage_defect_detection_004260.jpg,2,2,1,1
D:\Study Material\Sem VI\Projects\PBL2\RoadEye\dataset_crack\final_dataset_v5\train\images\sewage_defect_detection_004288.jpg,1,0,0,1
D:\Study Material\Sem VI\Projects\PBL2\RoadEye\dataset_crack\final_dataset_v5\train\images\sewage_defect_detection_004328.jpg,0,1,1,1
D:\Study Material\Sem VI\Projects\PBL2\RoadEye\dataset_crack\final_dataset_v5\train\images\sewage_defect_detection_004337.jpg,1,5,1,1
D:\Study Material\Sem VI\Projects\PBL2\RoadEye\dataset_crack\final_dataset_v5\train\images\sewage_defect_detection_004368.jpg,1,2,1,1
D:\Study Material\Sem VI\Projects\PBL2\RoadEye\dataset_crack\final_dataset_v5\train\images\sewage_defect_detection_004377.jpg,1,0,0,1
D:\Study Material\Sem VI\Projects\PBL2\RoadEye\dataset_crack\final_dataset_v5\train\images\sewage_defect_detection_004420.jpg,2,0,0,1
D:\Study Material\Sem VI\Projects\PBL2\RoadEye\dataset_crack\final_dataset_v5\train\images\sewage_defect_detection_004432.jpg,0,1,1,1
D:\Study Material\Sem VI\Projects\PBL2\RoadEye\dataset_crack\final_dataset_v5\train\images\sewage_defect_detection_004436.jpg,1,0,0,1
D:\Study Material\Sem VI\Projects\PBL2\RoadEye\dataset_crack\final_dataset_v5\train\images\sewage_defect_detection_004458.jpg,0,1,1,1
D:\Study Material\Sem VI\Projects\PBL2\RoadEye\dataset_crack\final_dataset_v5\train\images\sewage_defect_detection_004473.jpg,1,0,0,1
D:\Study Material\Sem VI\Projects\PBL2\RoadEye\dataset_crack\final_dataset_v5\train\images\sewage_defect_detection_004486.jpg,1,0,0,1
D:\Study Material\Sem VI\Projects\PBL2\RoadEye\dataset_crack\final_dataset_v5\train\images\sewage_defect_detection_004551.jpg,1,1,1,1
D:\Study Material\Sem VI\Projects\PBL2\RoadEye\dataset_crack\final_dataset_v5\train\images\sewage_defect_detection_004567.jpg,1,3,1,1
D:\Study Material\Sem VI\Projects\PBL2\RoadEye\dataset_crack\final_dataset_v5\train\images\sewage_defect_detection_004569.jpg,1,2,1,1
D:\Study Material\Sem VI\Projects\PBL2\RoadEye\dataset_crack\final_dataset_v5\train\images\sewage_defect_detection_004623.jpg,1,0,0,1
D:\Study Material\Sem VI\Projects\PBL2\RoadEye\dataset_crack\final_dataset_v5\train\images\sewage_defect_detection_004639.jpg,1,0,0,1
D:\Study Material\Sem VI\Projects\PBL2\RoadEye\dataset_crack\final_dataset_v5\train\images\sewage_defect_detection_004669.jpg,1,0,0,1
D:\Study Material\Sem VI\Projects\PBL2\RoadEye\dataset_crack\final_dataset_v5\train\images\sewage_defect_detection_004672.jpg,3,0,0,1
D:\Study Material\Sem VI\Projects\PBL2\RoadEye\dataset_crack\final_dataset_v5\train\images\sewage_defect_detection_004673.jpg,1,1,1,1
D:\Study Material\Sem VI\Projects\PBL2\RoadEye\dataset_crack\final_dataset_v5\train\images\sewage_defect_detection_004681.jpg,3,0,0,1
D:\Study Material\Sem VI\Projects\PBL2\RoadEye\dataset_crack\final_dataset_v5\train\images\sewage_defect_detection_004703.jpg,2,0,0,1
D:\Study Material\Sem VI\Projects\PBL2\RoadEye\dataset_crack\final_dataset_v5\train\images\sewage_defect_detection_004727.jpg,1,0,0,1
D:\Study Material\Sem VI\Projects\PBL2\RoadEye\dataset_crack\final_dataset_v5\train\images\sewage_defect_detection_004740.jpg,2,0,0,1
D:\Study Material\Sem VI\Projects\PBL2\RoadEye\dataset_crack\final_dataset_v5\train\images\sewage_defect_detection_004753.jpg,1,0,0,1
D:\Study Material\Sem VI\Projects\PBL2\RoadEye\dataset_crack\final_dataset_v5\train\images\sewage_defect_detection_004756.jpg,1,0,0,1
D:\Study Material\Sem VI\Projects\PBL2\RoadEye\dataset_crack\final_dataset_v5\train\images\sewage_defect_detection_004761.jpg,1,0,0,1
D:\Study Material\Sem VI\Projects\PBL2\RoadEye\dataset_crack\final_dataset_v5\train\images\sewage_defect_detection_004762.jpg,1,1,1,1
D:\Study Material\Sem VI\Projects\PBL2\RoadEye\dataset_crack\final_dataset_v5\train\images\sewage_defect_detection_004779.jpg,1,1,1,1
D:\Study Material\Sem VI\Projects\PBL2\RoadEye\dataset_crack\final_dataset_v5\train\images\sewage_defect_detection_004799.jpg,1,4,0,1
D:\Study Material\Sem VI\Projects\PBL2\RoadEye\dataset_crack\final_dataset_v5\train\images\sewage_defect_detection_004800.jpg,1,0,0,1
D:\Study Material\Sem VI\Projects\PBL2\RoadEye\dataset_crack\final_dataset_v5\train\images\sewage_defect_detection_004813.jpg,1,3,0,1
D:\Study Material\Sem VI\Projects\PBL2\RoadEye\dataset_crack\final_dataset_v5\train\images\sewage_defect_detection_004826.jpg,2,1,1,1
D:\Study Material\Sem VI\Projects\PBL2\RoadEye\dataset_crack\final_dataset_v5\train\images\sewage_defect_detection_004857.jpg,2,3,1,1
D:\Study Material\Sem VI\Projects\PBL2\RoadEye\dataset_crack\final_dataset_v5\train\images\sewage_defect_detection_004905.jpg,2,1,1,1
D:\Study Material\Sem VI\Projects\PBL2\RoadEye\dataset_crack\final_dataset_v5\train\images\sewage_defect_detection_004960.jpg,0,1,1,1
D:\Study Material\Sem VI\Projects\PBL2\RoadEye\dataset_crack\final_dataset_v5\train\images\sewage_defect_detection_004978.jpg,1,1,1,1
D:\Study Material\Sem VI\Projects\PBL2\RoadEye\dataset_crack\final_dataset_v5\train\images\sewage_defect_detection_004980.jpg,2,0,0,1
D:\Study Material\Sem VI\Projects\PBL2\RoadEye\dataset_crack\final_dataset_v5\train\images\sewage_defect_detection_004988.jpg,1,2,1,1
D:\Study Material\Sem VI\Projects\PBL2\RoadEye\dataset_crack\final_dataset_v5\train\images\sewage_defect_detection_005001.jpg,1,1,1,1
D:\Study Material\Sem VI\Projects\PBL2\RoadEye\dataset_crack\final_dataset_v5\train\images\sewage_defect_detection_005006.jpg,1,2,1,1
D:\Study Material\Sem VI\Projects\PBL2\RoadEye\dataset_crack\final_dataset_v5\train\images\sewage_defect_detection_005017.jpg,1,0,0,1
D:\Study Material\Sem VI\Projects\PBL2\RoadEye\dataset_crack\final_dataset_v5\train\images\sewage_defect_detection_005030.jpg,2,0,0,1
D:\Study Material\Sem VI\Projects\PBL2\RoadEye\dataset_crack\final_dataset_v5\train\images\sewage_defect_detection_005054.jpg,2,0,0,1
D:\Study Material\Sem VI\Projects\PBL2\RoadEye\dataset_crack\final_dataset_v5\train\images\sewage_defect_detection_005113.jpg,1,0,0,1
D:\Study Material\Sem VI\Projects\PBL2\RoadEye\dataset_crack\final_dataset_v5\train\images\sewage_defect_detection_005194.jpg,1,0,0,1
D:\Study Material\Sem VI\Projects\PBL2\RoadEye\dataset_crack\final_dataset_v5\train\images\sewage_defect_detection_005210.jpg,1,0,0,1
D:\Study Material\Sem VI\Projects\PBL2\RoadEye\dataset_crack\final_dataset_v5\train\images\sewage_defect_detection_005242.jpg,2,3,1,1
D:\Study Material\Sem VI\Projects\PBL2\RoadEye\dataset_crack\final_dataset_v5\train\images\sewage_defect_detection_005269.jpg,1,1,0,1
D:\Study Material\Sem VI\Projects\PBL2\RoadEye\dataset_crack\final_dataset_v5\train\images\sewage_defect_detection_005282.jpg,1,0,0,1
D:\Study Material\Sem VI\Projects\PBL2\RoadEye\dataset_crack\final_dataset_v5\train\images\sewage_defect_detection_005307.jpg,1,0,0,1
D:\Study Material\Sem VI\Projects\PBL2\RoadEye\dataset_crack\final_dataset_v5\train\images\sewage_defect_detection_005322.jpg,1,0,0,1
D:\Study Material\Sem VI\Projects\PBL2\RoadEye\dataset_crack\final_dataset_v5\train\images\sewage_defect_detection_005335.jpg,1,1,0,1
D:\Study Material\Sem VI\Projects\PBL2\RoadEye\dataset_crack\final_dataset_v5\train\images\sewage_defect_detection_005392.jpg,2,2,1,1
D:\Study Material\Sem VI\Projects\PBL2\RoadEye\dataset_crack\final_dataset_v5\train\images\sewage_defect_detection_005398.jpg,1,0,0,1
D:\Study Material\Sem VI\Projects\PBL2\RoadEye\dataset_crack\final_dataset_v5\train\images\sewage_defect_detection_005425.jpg,1,1,1,1
D:\Study Material\Sem VI\Projects\PBL2\RoadEye\dataset_crack\final_dataset_v5\train\images\sewage_defect_detection_005471.jpg,1,0,0,1
D:\Study Material\Sem VI\Projects\PBL2\RoadEye\dataset_crack\final_dataset_v5\train\images\sewage_defect_detection_005472.jpg,1,0,0,1
D:\Study Material\Sem VI\Projects\PBL2\RoadEye\dataset_crack\final_dataset_v5\train\images\sewage_defect_detection_005479.jpg,1,1,1,1
D:\Study Material\Sem VI\Projects\PBL2\RoadEye\dataset_crack\final_dataset_v5\train\images\sewage_defect_detection_005495.jpg,4,3,1,1
D:\Study Material\Sem VI\Projects\PBL2\RoadEye\dataset_crack\final_dataset_v5\train\images\sewage_defect_detection_005497.jpg,2,0,0,1
D:\Study Material\Sem VI\Projects\PBL2\RoadEye\dataset_crack\final_dataset_v5\train\images\sewage_defect_detection_005522.jpg,1,0,0,1
D:\Study Material\Sem VI\Projects\PBL2\RoadEye\dataset_crack\final_dataset_v5\train\images\sewage_defect_detection_005573.jpg,1,0,0,1
D:\Study Material\Sem VI\Projects\PBL2\RoadEye\dataset_crack\final_dataset_v5\train\images\sewage_defect_detection_005601.jpg,1,1,1,1
D:\Study Material\Sem VI\Projects\PBL2\RoadEye\dataset_crack\final_dataset_v5\train\images\sewage_defect_detection_005616.jpg,2,0,0,1
D:\Study Material\Sem VI\Projects\PBL2\RoadEye\dataset_crack\final_dataset_v5\train\images\sewage_defect_detection_005662.jpg,0,2,1,1
D:\Study Material\Sem VI\Projects\PBL2\RoadEye\dataset_crack\final_dataset_v5\train\images\sewage_defect_detection_005663.jpg,2,0,0,1
D:\Study Material\Sem VI\Projects\PBL2\RoadEye\dataset_crack\final_dataset_v5\train\images\sewage_defect_detection_005700.jpg,2,0,0,1
D:\Study Material\Sem VI\Projects\PBL2\RoadEye\dataset_crack\final_dataset_v5\train\images\sewage_defect_detection_005727.jpg,3,0,0,1
D:\Study Material\Sem VI\Projects\PBL2\RoadEye\dataset_crack\final_dataset_v5\train\images\sewage_defect_detection_005800.jpg,5,4,1,1
D:\Study Material\Sem VI\Projects\PBL2\RoadEye\dataset_crack\final_dataset_v5\train\images\sewage_defect_detection_005806.jpg,1,0,0,1
D:\Study Material\Sem VI\Projects\PBL2\RoadEye\dataset_crack\final_dataset_v5\train\images\sewage_defect_detection_005811.jpg,1,0,0,1
D:\Study Material\Sem VI\Projects\PBL2\RoadEye\dataset_crack\final_dataset_v5\train\images\sewage_defect_detection_005812.jpg,1,2,1,1
D:\Study Material\Sem VI\Projects\PBL2\RoadEye\dataset_crack\final_dataset_v5\train\images\sewage_defect_detection_005861.jpg,2,3,0,1
D:\Study Material\Sem VI\Projects\PBL2\RoadEye\dataset_crack\final_dataset_v5\train\images\sewage_defect_detection_005864.jpg,2,0,0,1
D:\Study Material\Sem VI\Projects\PBL2\RoadEye\dataset_crack\final_dataset_v5\train\images\sewage_defect_detection_005875.jpg,1,0,0,1
D:\Study Material\Sem VI\Projects\PBL2\RoadEye\dataset_crack\final_dataset_v5\train\images\sewage_defect_detection_005877.jpg,1,2,1,1
D:\Study Material\Sem VI\Projects\PBL2\RoadEye\dataset_crack\final_dataset_v5\train\images\sewage_defect_detection_005904.jpg,1,0,0,1
D:\Study Material\Sem VI\Projects\PBL2\RoadEye\dataset_crack\final_dataset_v5\train\images\sewage_defect_detection_005905.jpg,1,0,0,1
D:\Study Material\Sem VI\Projects\PBL2\RoadEye\dataset_crack\final_dataset_v5\train\images\sewage_defect_detection_005944.jpg,1,0,0,1
D:\Study Material\Sem VI\Projects\PBL2\RoadEye\dataset_crack\final_dataset_v5\train\images\sewage_defect_detection_005950.jpg,0,3,0,0
D:\Study Material\Sem VI\Projects\PBL2\RoadEye\dataset_crack\final_dataset_v5\train\images\sewage_defect_detection_005952.jpg,1,0,0,1
D:\Study Material\Sem VI\Projects\PBL2\RoadEye\dataset_crack\final_dataset_v5\train\images\sewage_defect_detection_006053.jpg,1,0,0,1
D:\Study Material\Sem VI\Projects\PBL2\RoadEye\dataset_crack\final_dataset_v5\train\images\sewage_defect_detection_006061.jpg,2,1,0,1
D:\Study Material\Sem VI\Projects\PBL2\RoadEye\dataset_crack\final_dataset_v5\train\images\sewage_defect_detection_006062.jpg,1,0,0,1
D:\Study Material\Sem VI\Projects\PBL2\RoadEye\dataset_crack\final_dataset_v5\train\images\sewage_defect_detection_006088.jpg,1,1,0,1
D:\Study Material\Sem VI\Projects\PBL2\RoadEye\dataset_crack\final_dataset_v5\train\images\sewage_defect_detection_006120.jpg,1,1,1,1
D:\Study Material\Sem VI\Projects\PBL2\RoadEye\dataset_crack\final_dataset_v5\train\images\sewage_defect_detection_006121.jpg,2,2,1,1
D:\Study Material\Sem VI\Projects\PBL2\RoadEye\dataset_crack\final_dataset_v5\train\images\sewage_defect_detection_006179.jpg,1,0,0,1
D:\Study Material\Sem VI\Projects\PBL2\RoadEye\dataset_crack\final_dataset_v5\train\images\sewage_defect_detection_006184.jpg,0,7,1,1
D:\Study Material\Sem VI\Projects\PBL2\RoadEye\dataset_crack\final_dataset_v5\train\images\sewage_defect_detection_006202.jpg,1,0,0,1
D:\Study Material\Sem VI\Projects\PBL2\RoadEye\dataset_crack\final_dataset_v5\train\images\sewage_defect_detection_006246.jpg,1,0,0,1
D:\Study Material\Sem VI\Projects\PBL2\RoadEye\dataset_crack\final_dataset_v5\train\images\sewage_defect_detection_006248.jpg,2,0,0,1
D:\Study Material\Sem VI\Projects\PBL2\RoadEye\dataset_crack\final_dataset_v5\train\images\sewage_defect_detection_006266.jpg,1,2,1,1
D:\Study Material\Sem VI\Projects\PBL2\RoadEye\dataset_crack\final_dataset_v5\train\images\sewage_defect_detection_006327.jpg,1,1,1,1
D:\Study Material\Sem VI\Projects\PBL2\RoadEye\dataset_crack\final_dataset_v5\train\images\sewage_defect_detection_006368.jpg,1,0,0,1
D:\Study Material\Sem VI\Projects\PBL2\RoadEye\dataset_crack\final_dataset_v5\train\images\sewage_defect_detection_006383.jpg,0,1,1,1
D:\Study Material\Sem VI\Projects\PBL2\RoadEye\dataset_crack\final_dataset_v5\train\images\sewage_defect_detection_006391.jpg,1,3,1,1
D:\Study Material\Sem VI\Projects\PBL2\RoadEye\dataset_crack\final_dataset_v5\train\images\sewage_defect_detection_006428.jpg,2,2,1,1
D:\Study Material\Sem VI\Projects\PBL2\RoadEye\dataset_crack\final_dataset_v5\train\images\sewage_defect_detection_006431.jpg,1,0,0,1
D:\Study Material\Sem VI\Projects\PBL2\RoadEye\dataset_crack\final_dataset_v5\train\images\sewage_defect_detection_006444.jpg,1,0,0,1
D:\Study Material\Sem VI\Projects\PBL2\RoadEye\dataset_crack\final_dataset_v5\train\images\sewage_defect_detection_006451.jpg,4,4,1,1
D:\Study Material\Sem VI\Projects\PBL2\RoadEye\dataset_crack\final_dataset_v5\train\images\sewage_defect_detection_006474.jpg,1,0,0,1
D:\Study Material\Sem VI\Projects\PBL2\RoadEye\dataset_crack\final_dataset_v5\train\images\sewage_defect_detection_006489.jpg,1,1,1,1
D:\Study Material\Sem VI\Projects\PBL2\RoadEye\dataset_crack\final_dataset_v5\train\images\sewage_defect_detection_006521.jpg,0,1,0,0
D:\Study Material\Sem VI\Projects\PBL2\RoadEye\dataset_crack\final_dataset_v5\train\images\sewage_defect_detection_006534.jpg,1,0,0,1
D:\Study Material\Sem VI\Projects\PBL2\RoadEye\dataset_crack\final_dataset_v5\train\images\sewage_defect_detection_006554.jpg,0,2,1,1
D:\Study Material\Sem VI\Projects\PBL2\RoadEye\dataset_crack\final_dataset_v5\train\images\sewage_defect_detection_006565.jpg,0,2,1,1
D:\Study Material\Sem VI\Projects\PBL2\RoadEye\dataset_crack\final_dataset_v5\train\images\sewage_defect_detection_006572.jpg,2,0,0,1
D:\Study Material\Sem VI\Projects\PBL2\RoadEye\dataset_crack\final_dataset_v5\train\images\sewage_defect_detection_006593.jpg,1,1,0,1
D:\Study Material\Sem VI\Projects\PBL2\RoadEye\dataset_crack\final_dataset_v5\train\images\sewage_defect_detection_006597.jpg,2,3,1,1
D:\Study Material\Sem VI\Projects\PBL2\RoadEye\dataset_crack\final_dataset_v5\train\images\sewage_defect_detection_006645.jpg,1,1,1,1
D:\Study Material\Sem VI\Projects\PBL2\RoadEye\dataset_crack\final_dataset_v5\train\images\sewage_defect_detection_006649.jpg,0,1,1,1
D:\Study Material\Sem VI\Projects\PBL2\RoadEye\dataset_crack\final_dataset_v5\train\images\sewage_defect_detection_006677.jpg,1,0,0,1
D:\Study Material\Sem VI\Projects\PBL2\RoadEye\dataset_crack\final_dataset_v5\train\images\sewage_defect_detection_006688.jpg,1,0,0,1
D:\Study Material\Sem VI\Projects\PBL2\RoadEye\dataset_crack\final_dataset_v5\train\images\sewage_defect_detection_006776.jpg,1,1,1,1
D:\Study Material\Sem VI\Projects\PBL2\RoadEye\dataset_crack\final_dataset_v5\train\images\sewage_defect_detection_006804.jpg,2,2,1,1
D:\Study Material\Sem VI\Projects\PBL2\RoadEye\dataset_crack\final_dataset_v5\train\images\sewage_defect_detection_006849.jpg,0,2,1,1
D:\Study Material\Sem VI\Projects\PBL2\RoadEye\dataset_crack\final_dataset_v5\train\images\sewage_defect_detection_006859.jpg,0,1,1,1
D:\Study Material\Sem VI\Projects\PBL2\RoadEye\dataset_crack\final_dataset_v5\train\images\sewage_defect_detection_006864.jpg,0,1,1,1
D:\Study Material\Sem VI\Projects\PBL2\RoadEye\dataset_crack\final_dataset_v5\train\images\sewage_defect_detection_006883.jpg,3,2,1,1
D:\Study Material\Sem VI\Projects\PBL2\RoadEye\dataset_crack\final_dataset_v5\train\images\sewage_defect_detection_006887.jpg,1,1,1,1
D:\Study Material\Sem VI\Projects\PBL2\RoadEye\dataset_crack\final_dataset_v5\train\images\sewage_defect_detection_006892.jpg,1,0,0,1
D:\Study Material\Sem VI\Projects\PBL2\RoadEye\dataset_crack\final_dataset_v5\train\images\sewage_defect_detection_006910.jpg,2,0,0,1
D:\Study Material\Sem VI\Projects\PBL2\RoadEye\dataset_crack\final_dataset_v5\train\images\sewage_defect_detection_006919.jpg,2,1,1,1
D:\Study Material\Sem VI\Projects\PBL2\RoadEye\dataset_crack\final_dataset_v5\train\images\sewage_defect_detection_006979.jpg,1,1,1,1
D:\Study Material\Sem VI\Projects\PBL2\RoadEye\dataset_crack\final_dataset_v5\train\images\sewage_defect_detection_006981.jpg,1,0,0,1
D:\Study Material\Sem VI\Projects\PBL2\RoadEye\dataset_crack\final_dataset_v5\train\images\sewage_defect_detection_006985.jpg,2,0,0,1
D:\Study Material\Sem VI\Projects\PBL2\RoadEye\dataset_crack\final_dataset_v5\train\images\sewage_defect_detection_006998.jpg,3,0,0,1
D:\Study Material\Sem VI\Projects\PBL2\RoadEye\dataset_crack\final_dataset_v5\train\images\sewage_defect_detection_007002.jpg,1,1,0,1
D:\Study Material\Sem VI\Projects\PBL2\RoadEye\dataset_crack\final_dataset_v5\train\images\sewage_defect_detection_007058.jpg,1,1,1,1
D:\Study Material\Sem VI\Projects\PBL2\RoadEye\dataset_crack\final_dataset_v5\train\images\sewage_defect_detection_007081.jpg,1,0,0,1
D:\Study Material\Sem VI\Projects\PBL2\RoadEye\dataset_crack\final_dataset_v5\train\images\sewage_defect_detection_007114.jpg,2,0,0,1
D:\Study Material\Sem VI\Projects\PBL2\RoadEye\dataset_crack\final_dataset_v5\train\images\sewage_defect_detection_007165.jpg,3,0,0,1
D:\Study Material\Sem VI\Projects\PBL2\RoadEye\dataset_crack\final_dataset_v5\train\images\sewage_defect_detection_007212.jpg,1,0,0,1
D:\Study Material\Sem VI\Projects\PBL2\RoadEye\dataset_crack\final_dataset_v5\train\images\sewage_defect_detection_007242.jpg,1,0,0,1
D:\Study Material\Sem VI\Projects\PBL2\RoadEye\dataset_crack\final_dataset_v5\train\images\sewage_defect_detection_007244.jpg,1,0,0,1
D:\Study Material\Sem VI\Projects\PBL2\RoadEye\dataset_crack\final_dataset_v5\train\images\sewage_defect_detection_007280.jpg,2,0,0,1
D:\Study Material\Sem VI\Projects\PBL2\RoadEye\dataset_crack\final_dataset_v5\train\images\sewage_defect_detection_007282.jpg,2,0,0,1
D:\Study Material\Sem VI\Projects\PBL2\RoadEye\dataset_crack\final_dataset_v5\train\images\sewage_defect_detection_007309.jpg,2,0,0,1
D:\Study Material\Sem VI\Projects\PBL2\RoadEye\dataset_crack\final_dataset_v5\train\images\sewage_defect_detection_007341.jpg,2,4,1,1
D:\Study Material\Sem VI\Projects\PBL2\RoadEye\dataset_crack\final_dataset_v5\train\images\sewage_defect_detection_007353.jpg,2,0,0,1
D:\Study Material\Sem VI\Projects\PBL2\RoadEye\dataset_crack\final_dataset_v5\train\images\sewage_defect_detection_007377.jpg,1,0,0,1
D:\Study Material\Sem VI\Projects\PBL2\RoadEye\dataset_crack\final_dataset_v5\train\images\sewage_defect_detection_007382.jpg,1,3,0,1
D:\Study Material\Sem VI\Projects\PBL2\RoadEye\dataset_crack\final_dataset_v5\train\images\sewage_defect_detection_007383.jpg,0,1,1,1
D:\Study Material\Sem VI\Projects\PBL2\RoadEye\dataset_crack\final_dataset_v5\train\images\sewage_defect_detection_007427.jpg,0,1,1,1
D:\Study Material\Sem VI\Projects\PBL2\RoadEye\dataset_crack\final_dataset_v5\train\images\sewage_defect_detection_007432.jpg,1,1,1,1
D:\Study Material\Sem VI\Projects\PBL2\RoadEye\dataset_crack\final_dataset_v5\train\images\sewage_defect_detection_007433.jpg,1,0,0,1
D:\Study Material\Sem VI\Projects\PBL2\RoadEye\dataset_crack\final_dataset_v5\train\images\sewage_defect_detection_007462.jpg,2,0,0,1
D:\Study Material\Sem VI\Projects\PBL2\RoadEye\dataset_crack\final_dataset_v5\train\images\sewage_defect_detection_007488.jpg,1,0,0,1
D:\Study Material\Sem VI\Projects\PBL2\RoadEye\dataset_crack\final_dataset_v5\train\images\sewage_defect_detection_007543.jpg,1,0,0,1
D:\Study Material\Sem VI\Projects\PBL2\RoadEye\dataset_crack\final_dataset_v5\train\images\sewage_defect_detection_007580.jpg,2,2,1,1
D:\Study Material\Sem VI\Projects\PBL2\RoadEye\dataset_crack\final_dataset_v5\train\images\sewage_defect_detection_007633.jpg,1,1,1,1
D:\Study Material\Sem VI\Projects\PBL2\RoadEye\dataset_crack\final_dataset_v5\train\images\sewage_defect_detection_007666.jpg,1,0,0,1
D:\Study Material\Sem VI\Projects\PBL2\RoadEye\dataset_crack\final_dataset_v5\train\images\sewage_defect_detection_007685.jpg,0,1,1,1
D:\Study Material\Sem VI\Projects\PBL2\RoadEye\dataset_crack\final_dataset_v5\train\images\sewage_defect_detection_007713.jpg,2,0,0,1
D:\Study Material\Sem VI\Projects\PBL2\RoadEye\dataset_crack\final_dataset_v5\train\images\sewage_defect_detection_007825.jpg,1,0,0,1
D:\Study Material\Sem VI\Projects\PBL2\RoadEye\dataset_crack\final_dataset_v5\train\images\sewage_defect_detection_007865.jpg,2,3,1,1
D:\Study Material\Sem VI\Projects\PBL2\RoadEye\dataset_crack\final_dataset_v5\train\images\sewage_defect_detection_007900.jpg,2,0,0,1
D:\Study Material\Sem VI\Projects\PBL2\RoadEye\dataset_crack\final_dataset_v5\train\images\sewage_defect_detection_007902.jpg,1,0,0,1
D:\Study Material\Sem VI\Projects\PBL2\RoadEye\dataset_crack\final_dataset_v5\train\images\sewage_defect_detection_007905.jpg,1,0,0,1
D:\Study Material\Sem VI\Projects\PBL2\RoadEye\dataset_crack\final_dataset_v5\train\images\sewage_defect_detection_007920.jpg,1,0,0,1
D:\Study Material\Sem VI\Projects\PBL2\RoadEye\dataset_crack\final_dataset_v5\train\images\sewage_defect_detection_007953.jpg,1,1,1,1
D:\Study Material\Sem VI\Projects\PBL2\RoadEye\dataset_crack\final_dataset_v5\train\images\sewage_defect_detection_007964.jpg,1,0,0,1
D:\Study Material\Sem VI\Projects\PBL2\RoadEye\dataset_crack\final_dataset_v5\train\images\sewage_defect_detection_007970.jpg,1,0,0,1
D:\Study Material\Sem VI\Projects\PBL2\RoadEye\dataset_crack\final_dataset_v5\train\images\sewage_defect_detection_007995.jpg,1,0,0,1
D:\Study Material\Sem VI\Projects\PBL2\RoadEye\dataset_crack\final_dataset_v5\train\images\sewage_defect_detection_008017.jpg,0,1,1,1
D:\Study Material\Sem VI\Projects\PBL2\RoadEye\dataset_crack\final_dataset_v5\train\images\sewage_defect_detection_008023.jpg,1,0,0,1
D:\Study Material\Sem VI\Projects\PBL2\RoadEye\dataset_crack\final_dataset_v5\train\images\sewage_defect_detection_008068.jpg,1,0,0,1
D:\Study Material\Sem VI\Projects\PBL2\RoadEye\dataset_crack\final_dataset_v5\train\images\sewage_defect_detection_008069.jpg,0,1,0,0
D:\Study Material\Sem VI\Projects\PBL2\RoadEye\dataset_crack\final_dataset_v5\train\images\sewage_defect_detection_008139.jpg,1,0,0,1
D:\Study Material\Sem VI\Projects\PBL2\RoadEye\dataset_crack\final_dataset_v5\train\images\sewage_defect_detection_008154.jpg,2,0,0,1
D:\Study Material\Sem VI\Projects\PBL2\RoadEye\dataset_crack\final_dataset_v5\train\images\sewage_defect_detection_008164.jpg,1,0,0,1
D:\Study Material\Sem VI\Projects\PBL2\RoadEye\dataset_crack\final_dataset_v5\train\images\sewage_defect_detection_008244.jpg,1,0,0,1
D:\Study Material\Sem VI\Projects\PBL2\RoadEye\dataset_crack\final_dataset_v5\train\images\sewage_defect_detection_008260.jpg,1,0,0,1
D:\Study Material\Sem VI\Projects\PBL2\RoadEye\dataset_crack\final_dataset_v5\train\images\sewage_defect_detection_008270.jpg,2,2,1,1
D:\Study Material\Sem VI\Projects\PBL2\RoadEye\dataset_crack\final_dataset_v5\train\images\sewage_defect_detection_008335.jpg,3,0,0,1
D:\Study Material\Sem VI\Projects\PBL2\RoadEye\dataset_crack\final_dataset_v5\train\images\sewage_defect_detection_008365.jpg,1,0,0,1
D:\Study Material\Sem VI\Projects\PBL2\RoadEye\dataset_crack\final_dataset_v5\train\images\sewage_defect_detection_008392.jpg,1,1,0,1
D:\Study Material\Sem VI\Projects\PBL2\RoadEye\dataset_crack\final_dataset_v5\train\images\sewage_defect_detection_008405.jpg,1,2,1,1
D:\Study Material\Sem VI\Projects\PBL2\RoadEye\dataset_crack\final_dataset_v5\train\images\sewage_defect_detection_008479.jpg,1,0,0,1
D:\Study Material\Sem VI\Projects\PBL2\RoadEye\dataset_crack\final_dataset_v5\train\images\sewage_defect_detection_008502.jpg,2,2,1,1
D:\Study Material\Sem VI\Projects\PBL2\RoadEye\dataset_crack\final_dataset_v5\train\images\sewage_defect_detection_008537.jpg,2,0,0,1
D:\Study Material\Sem VI\Projects\PBL2\RoadEye\dataset_crack\final_dataset_v5\train\images\sewage_defect_detection_008550.jpg,1,0,0,1
D:\Study Material\Sem VI\Projects\PBL2\RoadEye\dataset_crack\final_dataset_v5\train\images\sewage_defect_detection_008558.jpg,1,0,0,1
D:\Study Material\Sem VI\Projects\PBL2\RoadEye\dataset_crack\final_dataset_v5\train\images\sewage_defect_detection_008586.jpg,4,1,0,1
D:\Study Material\Sem VI\Projects\PBL2\RoadEye\dataset_crack\final_dataset_v5\train\images\sewage_defect_detection_008611.jpg,1,1,0,1
D:\Study Material\Sem VI\Projects\PBL2\RoadEye\dataset_crack\final_dataset_v5\train\images\sewage_defect_detection_008622.jpg,5,1,1,1
D:\Study Material\Sem VI\Projects\PBL2\RoadEye\dataset_crack\final_dataset_v5\train\images\sewage_defect_detection_008725.jpg,3,2,1,1
D:\Study Material\Sem VI\Projects\PBL2\RoadEye\dataset_crack\final_dataset_v5\train\images\sewage_defect_detection_008756.jpg,3,0,0,1
D:\Study Material\Sem VI\Projects\PBL2\RoadEye\dataset_crack\final_dataset_v5\train\images\sewage_defect_detection_008772.jpg,0,1,1,1
D:\Study Material\Sem VI\Projects\PBL2\RoadEye\dataset_crack\final_dataset_v5\train\images\sewage_defect_detection_008773.jpg,1,1,1,1
D:\Study Material\Sem VI\Projects\PBL2\RoadEye\dataset_crack\final_dataset_v5\train\images\sewage_defect_detection_008788.jpg,3,0,0,1
D:\Study Material\Sem VI\Projects\PBL2\RoadEye\dataset_crack\final_dataset_v5\train\images\sewage_defect_detection_008853.jpg,3,1,1,1
D:\Study Material\Sem VI\Projects\PBL2\RoadEye\dataset_crack\final_dataset_v5\train\images\sewage_defect_detection_008869.jpg,1,0,0,1
D:\Study Material\Sem VI\Projects\PBL2\RoadEye\dataset_crack\final_dataset_v5\train\images\sewage_defect_detection_008906.jpg,1,0,0,1
D:\Study Material\Sem VI\Projects\PBL2\RoadEye\dataset_crack\final_dataset_v5\train\images\sewage_defect_detection_008946.jpg,0,1,1,1
D:\Study Material\Sem VI\Projects\PBL2\RoadEye\dataset_crack\final_dataset_v5\train\images\sewage_defect_detection_008997.jpg,1,0,0,1
D:\Study Material\Sem VI\Projects\PBL2\RoadEye\dataset_crack\final_dataset_v5\train\images\sewage_defect_detection_009001.jpg,1,1,0,1
D:\Study Material\Sem VI\Projects\PBL2\RoadEye\dataset_crack\final_dataset_v5\train\images\sewage_defect_detection_009049.jpg,2,1,1,1
D:\Study Material\Sem VI\Projects\PBL2\RoadEye\dataset_crack\final_dataset_v5\train\images\sewage_defect_detection_009067.jpg,1,0,0,1
D:\Study Material\Sem VI\Projects\PBL2\RoadEye\dataset_crack\final_dataset_v5\train\images\sewage_defect_detection_009125.jpg,2,0,0,1
D:\Study Material\Sem VI\Projects\PBL2\RoadEye\dataset_crack\final_dataset_v5\train\images\sewage_defect_detection_009204.jpg,1,2,1,1
D:\Study Material\Sem VI\Projects\PBL2\RoadEye\dataset_crack\final_dataset_v5\train\images\sewage_defect_detection_009206.jpg,1,2,0,1
D:\Study Material\Sem VI\Projects\PBL2\RoadEye\dataset_crack\final_dataset_v5\train\images\sewage_defect_detection_009252.jpg,1,0,0,1
D:\Study Material\Sem VI\Projects\PBL2\RoadEye\dataset_crack\final_dataset_v5\train\images\sewage_defect_detection_009272.jpg,1,2,0,1
D:\Study Material\Sem VI\Projects\PBL2\RoadEye\dataset_crack\final_dataset_v5\train\images\sewage_defect_detection_009308.jpg,2,0,0,1
D:\Study Material\Sem VI\Projects\PBL2\RoadEye\dataset_crack\final_dataset_v5\train\images\sewage_defect_detection_009311.jpg,2,0,0,1
D:\Study Material\Sem VI\Projects\PBL2\RoadEye\dataset_crack\final_dataset_v5\train\images\sewage_defect_detection_009322.jpg,1,1,1,1
D:\Study Material\Sem VI\Projects\PBL2\RoadEye\dataset_crack\final_dataset_v5\train\images\sewage_defect_detection_009331.jpg,2,1,0,1
D:\Study Material\Sem VI\Projects\PBL2\RoadEye\dataset_crack\final_dataset_v5\train\images\sewage_defect_detection_009343.jpg,0,2,1,1
D:\Study Material\Sem VI\Projects\PBL2\RoadEye\dataset_crack\final_dataset_v5\train\images\sewage_defect_detection_009368.jpg,2,0,0,1
D:\Study Material\Sem VI\Projects\PBL2\RoadEye\dataset_crack\final_dataset_v5\train\images\sewage_defect_detection_009429.jpg,1,0,0,1
D:\Study Material\Sem VI\Projects\PBL2\RoadEye\dataset_crack\final_dataset_v5\train\images\sewage_defect_detection_009446.jpg,1,0,0,1
D:\Study Material\Sem VI\Projects\PBL2\RoadEye\dataset_crack\final_dataset_v5\train\images\sewage_defect_detection_009620.jpg,1,0,0,1
D:\Study Material\Sem VI\Projects\PBL2\RoadEye\dataset_crack\final_dataset_v5\train\images\sewage_defect_detection_009677.jpg,1,0,0,1
D:\Study Material\Sem VI\Projects\PBL2\RoadEye\dataset_crack\final_dataset_v5\train\images\sewage_defect_detection_009683.jpg,1,0,0,1
D:\Study Material\Sem VI\Projects\PBL2\RoadEye\dataset_crack\final_dataset_v5\train\images\sewage_defect_detection_009695.jpg,3,1,1,1
D:\Study Material\Sem VI\Projects\PBL2\RoadEye\dataset_crack\final_dataset_v5\train\images\sewage_defect_detection_009706.jpg,1,0,0,1
D:\Study Material\Sem VI\Projects\PBL2\RoadEye\dataset_crack\final_dataset_v5\train\images\sewage_defect_detection_009720.jpg,1,1,1,1
D:\Study Material\Sem VI\Projects\PBL2\RoadEye\dataset_crack\final_dataset_v5\train\images\sewage_defect_detection_009730.jpg,1,0,0,1
D:\Study Material\Sem VI\Projects\PBL2\RoadEye\dataset_crack\final_dataset_v5\train\images\sewage_defect_detection_009857.jpg,1,0,0,1
D:\Study Material\Sem VI\Projects\PBL2\RoadEye\dataset_crack\final_dataset_v5\train\images\sewage_defect_detection_009883.jpg,1,0,0,1
D:\Study Material\Sem VI\Projects\PBL2\RoadEye\dataset_crack\final_dataset_v5\train\images\sewage_defect_detection_009886.jpg,2,0,0,1
D:\Study Material\Sem VI\Projects\PBL2\RoadEye\dataset_crack\final_dataset_v5\train\images\sewage_defect_detection_009888.jpg,2,0,0,1
D:\Study Material\Sem VI\Projects\PBL2\RoadEye\dataset_crack\final_dataset_v5\train\images\sewage_defect_detection_009894.jpg,4,2,1,1
D:\Study Material\Sem VI\Projects\PBL2\RoadEye\dataset_crack\final_dataset_v5\train\images\sewage_defect_detection_009900.jpg,3,3,1,1
D:\Study Material\Sem VI\Projects\PBL2\RoadEye\dataset_crack\final_dataset_v5\train\images\sewage_defect_detection_009906.jpg,2,0,0,1
D:\Study Material\Sem VI\Projects\PBL2\RoadEye\dataset_crack\final_dataset_v5\train\images\sewage_defect_detection_009916.jpg,1,0,0,1
D:\Study Material\Sem VI\Projects\PBL2\RoadEye\dataset_crack\final_dataset_v5\train\images\sewage_defect_detection_009961.jpg,1,0,0,1
D:\Study Material\Sem VI\Projects\PBL2\RoadEye\dataset_crack\final_dataset_v5\train\images\sewage_defect_detection_009966.jpg,1,1,1,1
D:\Study Material\Sem VI\Projects\PBL2\RoadEye\dataset_crack\final_dataset_v5\train\images\sewage_defect_detection_009989.jpg,2,2,0,1
D:\Study Material\Sem VI\Projects\PBL2\RoadEye\dataset_crack\final_dataset_v5\train\images\sewage_defect_detection_010005.jpg,1,0,0,1
D:\Study Material\Sem VI\Projects\PBL2\RoadEye\dataset_crack\final_dataset_v5\train\images\sewage_defect_detection_010031.jpg,2,0,0,1
D:\Study Material\Sem VI\Projects\PBL2\RoadEye\dataset_crack\final_dataset_v5\train\images\sewage_defect_detection_010038.jpg,1,2,0,1
D:\Study Material\Sem VI\Projects\PBL2\RoadEye\dataset_crack\final_dataset_v5\train\images\sewage_defect_detection_010042.jpg,2,0,0,1
D:\Study Material\Sem VI\Projects\PBL2\RoadEye\dataset_crack\final_dataset_v5\train\images\sewage_defect_detection_010056.jpg,0,1,0,0
D:\Study Material\Sem VI\Projects\PBL2\RoadEye\dataset_crack\final_dataset_v5\train\images\sewage_defect_detection_010060.jpg,2,1,1,1
D:\Study Material\Sem VI\Projects\PBL2\RoadEye\dataset_crack\final_dataset_v5\train\images\sewage_defect_detection_010122.jpg,1,0,0,1
D:\Study Material\Sem VI\Projects\PBL2\RoadEye\dataset_crack\final_dataset_v5\train\images\sewage_defect_detection_010186.jpg,0,1,0,0
D:\Study Material\Sem VI\Projects\PBL2\RoadEye\dataset_crack\final_dataset_v5\train\images\sewage_defect_detection_010228.jpg,2,4,1,1
D:\Study Material\Sem VI\Projects\PBL2\RoadEye\dataset_crack\final_dataset_v5\train\images\sewage_defect_detection_010236.jpg,1,0,0,1
D:\Study Material\Sem VI\Projects\PBL2\RoadEye\dataset_crack\final_dataset_v5\train\images\sewage_defect_detection_010274.jpg,1,0,0,1
D:\Study Material\Sem VI\Projects\PBL2\RoadEye\dataset_crack\final_dataset_v5\train\images\sewage_defect_detection_010320.jpg,1,0,0,1
D:\Study Material\Sem VI\Projects\PBL2\RoadEye\dataset_crack\final_dataset_v5\train\images\sewage_defect_detection_010392.jpg,4,0,0,1
D:\Study Material\Sem VI\Projects\PBL2\RoadEye\dataset_crack\final_dataset_v5\train\images\sewage_defect_detection_010481.jpg,1,0,0,1
D:\Study Material\Sem VI\Projects\PBL2\RoadEye\dataset_crack\final_dataset_v5\train\images\sewage_defect_detection_010492.jpg,1,0,0,1
D:\Study Material\Sem VI\Projects\PBL2\RoadEye\dataset_crack\final_dataset_v5\train\images\sewage_defect_detection_010493.jpg,2,0,0,1
D:\Study Material\Sem VI\Projects\PBL2\RoadEye\dataset_crack\final_dataset_v5\train\images\sewage_defect_detection_010522.jpg,1,0,0,1
D:\Study Material\Sem VI\Projects\PBL2\RoadEye\dataset_crack\final_dataset_v5\train\images\sewage_defect_detection_010531.jpg,1,2,1,1
D:\Study Material\Sem VI\Projects\PBL2\RoadEye\dataset_crack\final_dataset_v5\train\images\sewage_defect_detection_010532.jpg,2,1,1,1
D:\Study Material\Sem VI\Projects\PBL2\RoadEye\dataset_crack\final_dataset_v5\train\images\sewage_defect_detection_010537.jpg,2,0,0,1
D:\Study Material\Sem VI\Projects\PBL2\RoadEye\dataset_crack\final_dataset_v5\train\images\sewage_defect_detection_010546.jpg,1,0,0,1
D:\Study Material\Sem VI\Projects\PBL2\RoadEye\dataset_crack\final_dataset_v5\train\images\sewage_defect_detection_010583.jpg,1,1,1,1
D:\Study Material\Sem VI\Projects\PBL2\RoadEye\dataset_crack\final_dataset_v5\train\images\sewage_defect_detection_010593.jpg,2,2,1,1
D:\Study Material\Sem VI\Projects\PBL2\RoadEye\dataset_crack\final_dataset_v5\train\images\sewage_defect_detection_010650.jpg,1,1,1,1
D:\Study Material\Sem VI\Projects\PBL2\RoadEye\dataset_crack\final_dataset_v5\train\images\sewage_defect_detection_010668.jpg,1,1,1,1
D:\Study Material\Sem VI\Projects\PBL2\RoadEye\dataset_crack\final_dataset_v5\train\images\sewage_defect_detection_010677.jpg,1,0,0,1
D:\Study Material\Sem VI\Projects\PBL2\RoadEye\dataset_crack\final_dataset_v5\train\images\sewage_defect_detection_010697.jpg,1,0,0,1
D:\Study Material\Sem VI\Projects\PBL2\RoadEye\dataset_crack\final_dataset_v5\train\images\sewage_defect_detection_010779.jpg,2,0,0,1
D:\Study Material\Sem VI\Projects\PBL2\RoadEye\dataset_crack\final_dataset_v5\train\images\sewage_defect_detection_010839.jpg,1,0,0,1
D:\Study Material\Sem VI\Projects\PBL2\RoadEye\dataset_crack\final_dataset_v5\train\images\sewage_defect_detection_010887.jpg,1,0,0,1
D:\Study Material\Sem VI\Projects\PBL2\RoadEye\dataset_crack\final_dataset_v5\train\images\sewage_defect_detection_010908.jpg,1,0,0,1
D:\Study Material\Sem VI\Projects\PBL2\RoadEye\dataset_crack\final_dataset_v5\train\images\sewage_defect_detection_010916.jpg,1,0,0,1
D:\Study Material\Sem VI\Projects\PBL2\RoadEye\dataset_crack\final_dataset_v5\train\images\sewage_defect_detection_010920.jpg,1,0,0,1
D:\Study Material\Sem VI\Projects\PBL2\RoadEye\dataset_crack\final_dataset_v5\train\images\sewage_defect_detection_010982.jpg,1,0,0,1
D:\Study Material\Sem VI\Projects\PBL2\RoadEye\dataset_crack\final_dataset_v5\train\images\sewage_defect_detection_010983.jpg,1,0,0,1
D:\Study Material\Sem VI\Projects\PBL2\RoadEye\dataset_crack\final_dataset_v5\train\images\sewage_defect_detection_010985.jpg,1,0,0,1
D:\Study Material\Sem VI\Projects\PBL2\RoadEye\dataset_crack\final_dataset_v5\train\images\sewage_defect_detection_011015.jpg,1,0,0,1
D:\Study Material\Sem VI\Projects\PBL2\RoadEye\dataset_crack\final_dataset_v5\train\images\sewage_defect_detection_011046.jpg,5,2,1,1
D:\Study Material\Sem VI\Projects\PBL2\RoadEye\dataset_crack\final_dataset_v5\train\images\sewage_defect_detection_011052.jpg,0,3,1,1
D:\Study Material\Sem VI\Projects\PBL2\RoadEye\dataset_crack\final_dataset_v5\train\images\sewage_defect_detection_011118.jpg,1,0,0,1
D:\Study Material\Sem VI\Projects\PBL2\RoadEye\dataset_crack\final_dataset_v5\train\images\sewage_defect_detection_011134.jpg,1,0,0,1
D:\Study Material\Sem VI\Projects\PBL2\RoadEye\dataset_crack\final_dataset_v5\train\images\sewage_defect_detection_011146.jpg,0,2,1,1
D:\Study Material\Sem VI\Projects\PBL2\RoadEye\dataset_crack\final_dataset_v5\train\images\sewage_defect_detection_011195.jpg,2,1,1,1
D:\Study Material\Sem VI\Projects\PBL2\RoadEye\dataset_crack\final_dataset_v5\train\images\sewage_defect_detection_011278.jpg,1,0,0,1
D:\Study Material\Sem VI\Projects\PBL2\RoadEye\dataset_crack\final_dataset_v5\train\images\sewage_defect_detection_011374.jpg,1,0,0,1
D:\Study Material\Sem VI\Projects\PBL2\RoadEye\dataset_crack\final_dataset_v5\train\images\sewage_defect_detection_011380.jpg,0,3,0,0
D:\Study Material\Sem VI\Projects\PBL2\RoadEye\dataset_crack\final_dataset_v5\train\images\sewage_defect_detection_011392.jpg,2,0,0,1
D:\Study Material\Sem VI\Projects\PBL2\RoadEye\dataset_crack\final_dataset_v5\train\images\sewage_defect_detection_011414.jpg,1,0,0,1
D:\Study Material\Sem VI\Projects\PBL2\RoadEye\dataset_crack\final_dataset_v5\train\images\sewage_defect_detection_011418.jpg,1,0,0,1
D:\Study Material\Sem VI\Projects\PBL2\RoadEye\dataset_crack\final_dataset_v5\train\images\sewage_defect_detection_011443.jpg,1,0,0,1
D:\Study Material\Sem VI\Projects\PBL2\RoadEye\dataset_crack\final_dataset_v5\train\images\sewage_defect_detection_011462.jpg,1,0,0,1
D:\Study Material\Sem VI\Projects\PBL2\RoadEye\dataset_crack\final_dataset_v5\train\images\sewage_defect_detection_011481.jpg,3,0,0,1
D:\Study Material\Sem VI\Projects\PBL2\RoadEye\dataset_crack\final_dataset_v5\train\images\sewage_defect_detection_011524.jpg,1,0,0,1
D:\Study Material\Sem VI\Projects\PBL2\RoadEye\dataset_crack\final_dataset_v5\train\images\sewage_defect_detection_011576.jpg,1,0,0,1
D:\Study Material\Sem VI\Projects\PBL2\RoadEye\dataset_crack\final_dataset_v5\train\images\sewage_defect_detection_011693.jpg,0,2,0,0
D:\Study Material\Sem VI\Projects\PBL2\RoadEye\dataset_crack\final_dataset_v5\train\images\sewage_defect_detection_011730.jpg,1,0,0,1
D:\Study Material\Sem VI\Projects\PBL2\RoadEye\dataset_crack\final_dataset_v5\train\images\sewage_defect_detection_011779.jpg,2,0,0,1
D:\Study Material\Sem VI\Projects\PBL2\RoadEye\dataset_crack\final_dataset_v5\train\images\sewage_defect_detection_011799.jpg,0,1,0,0
D:\Study Material\Sem VI\Projects\PBL2\RoadEye\dataset_crack\final_dataset_v5\train\images\sewage_defect_detection_011815.jpg,1,0,0,1
D:\Study Material\Sem VI\Projects\PBL2\RoadEye\dataset_crack\final_dataset_v5\train\images\sewage_defect_detection_011832.jpg,2,1,1,1
D:\Study Material\Sem VI\Projects\PBL2\RoadEye\dataset_crack\final_dataset_v5\train\images\sewage_defect_detection_011849.jpg,1,0,0,1
D:\Study Material\Sem VI\Projects\PBL2\RoadEye\dataset_crack\final_dataset_v5\train\images\sewage_defect_detection_011863.jpg,2,0,0,1
D:\Study Material\Sem VI\Projects\PBL2\RoadEye\dataset_crack\final_dataset_v5\train\images\sewage_defect_detection_011892.jpg,1,3,1,1
D:\Study Material\Sem VI\Projects\PBL2\RoadEye\dataset_crack\final_dataset_v5\train\images\sewage_defect_detection_011908.jpg,1,0,0,1
D:\Study Material\Sem VI\Projects\PBL2\RoadEye\dataset_crack\final_dataset_v5\train\images\sewage_defect_detection_011915.jpg,1,3,1,1
D:\Study Material\Sem VI\Projects\PBL2\RoadEye\dataset_crack\final_dataset_v5\train\images\sewage_defect_detection_011929.jpg,2,0,0,1
D:\Study Material\Sem VI\Projects\PBL2\RoadEye\dataset_crack\final_dataset_v5\train\images\sewage_defect_detection_011932.jpg,1,0,0,1
D:\Study Material\Sem VI\Projects\PBL2\RoadEye\dataset_crack\final_dataset_v5\train\images\sewage_defect_detection_011959.jpg,1,0,0,1
D:\Study Material\Sem VI\Projects\PBL2\RoadEye\dataset_crack\final_dataset_v5\train\images\sewage_defect_detection_011994.jpg,1,0,0,1
D:\Study Material\Sem VI\Projects\PBL2\RoadEye\dataset_crack\final_dataset_v5\train\images\sewage_defect_detection_012022.jpg,2,2,1,1
D:\Study Material\Sem VI\Projects\PBL2\RoadEye\dataset_crack\final_dataset_v5\train\images\sewage_defect_detection_012063.jpg,0,3,1,1
D:\Study Material\Sem VI\Projects\PBL2\RoadEye\dataset_crack\final_dataset_v5\train\images\sewage_defect_detection_012117.jpg,2,1,0,1
D:\Study Material\Sem VI\Projects\PBL2\RoadEye\dataset_crack\final_dataset_v5\train\images\sewage_defect_detection_012122.jpg,1,0,0,1
D:\Study Material\Sem VI\Projects\PBL2\RoadEye\dataset_crack\final_dataset_v5\train\images\sewage_defect_detection_012127.jpg,0,1,1,1
D:\Study Material\Sem VI\Projects\PBL2\RoadEye\dataset_crack\final_dataset_v5\train\images\sewage_defect_detection_012137.jpg,1,0,0,1
D:\Study Material\Sem VI\Projects\PBL2\RoadEye\dataset_crack\final_dataset_v5\train\images\sewage_defect_detection_012205.jpg,1,1,1,1
D:\Study Material\Sem VI\Projects\PBL2\RoadEye\dataset_crack\final_dataset_v5\train\images\sewage_defect_detection_012206.jpg,1,0,0,1
D:\Study Material\Sem VI\Projects\PBL2\RoadEye\dataset_crack\final_dataset_v5\train\images\sewage_defect_detection_012218.jpg,1,1,1,1
D:\Study Material\Sem VI\Projects\PBL2\RoadEye\dataset_crack\final_dataset_v5\train\images\sewage_defect_detection_012227.jpg,1,0,0,1
D:\Study Material\Sem VI\Projects\PBL2\RoadEye\dataset_crack\final_dataset_v5\train\images\sewage_defect_detection_012230.jpg,1,0,0,1
D:\Study Material\Sem VI\Projects\PBL2\RoadEye\dataset_crack\final_dataset_v5\train\images\sewage_defect_detection_012249.jpg,1,0,0,1
D:\Study Material\Sem VI\Projects\PBL2\RoadEye\dataset_crack\final_dataset_v5\train\images\sewage_defect_detection_012253.jpg,2,7,0,1
D:\Study Material\Sem VI\Projects\PBL2\RoadEye\dataset_crack\final_dataset_v5\train\images\sewage_defect_detection_012283.jpg,1,0,0,1
D:\Study Material\Sem VI\Projects\PBL2\RoadEye\dataset_crack\final_dataset_v5\train\images\sewage_defect_detection_012302.jpg,2,1,1,1
D:\Study Material\Sem VI\Projects\PBL2\RoadEye\dataset_crack\final_dataset_v5\train\images\sewage_defect_detection_012306.jpg,1,1,1,1
D:\Study Material\Sem VI\Projects\PBL2\RoadEye\dataset_crack\final_dataset_v5\train\images\sewage_defect_detection_012310.jpg,1,0,0,1
D:\Study Material\Sem VI\Projects\PBL2\RoadEye\dataset_crack\final_dataset_v5\train\images\sewage_defect_detection_012317.jpg,1,0,0,1
D:\Study Material\Sem VI\Projects\PBL2\RoadEye\dataset_crack\final_dataset_v5\train\images\sewage_defect_detection_012374.jpg,2,1,1,1
D:\Study Material\Sem VI\Projects\PBL2\RoadEye\dataset_crack\final_dataset_v5\train\images\sewage_defect_detection_012382.jpg,1,0,0,1
D:\Study Material\Sem VI\Projects\PBL2\RoadEye\dataset_crack\final_dataset_v5\train\images\sewage_defect_detection_012391.jpg,1,1,1,1
D:\Study Material\Sem VI\Projects\PBL2\RoadEye\dataset_crack\final_dataset_v5\train\images\sewage_defect_detection_012406.jpg,1,0,0,1
D:\Study Material\Sem VI\Projects\PBL2\RoadEye\dataset_crack\final_dataset_v5\train\images\sewage_defect_detection_012416.jpg,1,0,0,1
D:\Study Material\Sem VI\Projects\PBL2\RoadEye\dataset_crack\final_dataset_v5\train\images\sewage_defect_detection_012425.jpg,2,0,0,1
D:\Study Material\Sem VI\Projects\PBL2\RoadEye\dataset_crack\final_dataset_v5\train\images\sewage_defect_detection_012430.jpg,1,0,0,1
D:\Study Material\Sem VI\Projects\PBL2\RoadEye\dataset_crack\final_dataset_v5\train\images\sewage_defect_detection_012432.jpg,2,0,0,1
D:\Study Material\Sem VI\Projects\PBL2\RoadEye\dataset_crack\final_dataset_v5\train\images\sewage_defect_detection_012507.jpg,1,0,0,1
D:\Study Material\Sem VI\Projects\PBL2\RoadEye\dataset_crack\final_dataset_v5\train\images\sewage_defect_detection_012527.jpg,1,0,0,1
D:\Study Material\Sem VI\Projects\PBL2\RoadEye\dataset_crack\final_dataset_v5\train\images\sewage_defect_detection_012532.jpg,0,1,1,1
D:\Study Material\Sem VI\Projects\PBL2\RoadEye\dataset_crack\final_dataset_v5\train\images\sewage_defect_detection_012561.jpg,1,2,1,1
D:\Study Material\Sem VI\Projects\PBL2\RoadEye\dataset_crack\final_dataset_v5\train\images\sewage_defect_detection_012585.jpg,1,0,0,1
D:\Study Material\Sem VI\Projects\PBL2\RoadEye\dataset_crack\final_dataset_v5\train\images\sewage_defect_detection_012604.jpg,1,0,0,1
D:\Study Material\Sem VI\Projects\PBL2\RoadEye\dataset_crack\final_dataset_v5\train\images\sewage_defect_detection_012613.jpg,1,0,0,1
D:\Study Material\Sem VI\Projects\PBL2\RoadEye\dataset_crack\final_dataset_v5\train\images\sewage_defect_detection_012616.jpg,1,1,0,1
D:\Study Material\Sem VI\Projects\PBL2\RoadEye\dataset_crack\final_dataset_v5\train\images\sewage_defect_detection_012653.jpg,1,0,0,1
D:\Study Material\Sem VI\Projects\PBL2\RoadEye\dataset_crack\final_dataset_v5\train\images\sewage_defect_detection_012662.jpg,1,4,1,1
D:\Study Material\Sem VI\Projects\PBL2\RoadEye\dataset_crack\final_dataset_v5\train\images\sewage_defect_detection_012689.jpg,2,4,1,1
D:\Study Material\Sem VI\Projects\PBL2\RoadEye\dataset_crack\final_dataset_v5\train\images\sewage_defect_detection_012696.jpg,0,4,1,1
D:\Study Material\Sem VI\Projects\PBL2\RoadEye\dataset_crack\final_dataset_v5\train\images\sewage_defect_detection_012702.jpg,0,3,1,1
D:\Study Material\Sem VI\Projects\PBL2\RoadEye\dataset_crack\final_dataset_v5\train\images\sewage_defect_detection_012707.jpg,1,2,1,1
D:\Study Material\Sem VI\Projects\PBL2\RoadEye\dataset_crack\final_dataset_v5\train\images\sewage_defect_detection_012712.jpg,1,0,0,1
D:\Study Material\Sem VI\Projects\PBL2\RoadEye\dataset_crack\final_dataset_v5\train\images\sewage_defect_detection_012713.jpg,1,0,0,1
D:\Study Material\Sem VI\Projects\PBL2\RoadEye\dataset_crack\final_dataset_v5\train\images\sewage_defect_detection_012737.jpg,2,0,0,1
D:\Study Material\Sem VI\Projects\PBL2\RoadEye\dataset_crack\final_dataset_v5\train\images\sewage_defect_detection_012739.jpg,2,0,0,1
D:\Study Material\Sem VI\Projects\PBL2\RoadEye\dataset_crack\final_dataset_v5\train\images\sewage_defect_detection_012772.jpg,1,0,0,1
D:\Study Material\Sem VI\Projects\PBL2\RoadEye\dataset_crack\final_dataset_v5\train\images\sewage_defect_detection_012808.jpg,0,2,1,1
D:\Study Material\Sem VI\Projects\PBL2\RoadEye\dataset_crack\final_dataset_v5\train\images\sewage_defect_detection_012817.jpg,0,2,1,1
D:\Study Material\Sem VI\Projects\PBL2\RoadEye\dataset_crack\final_dataset_v5\train\images\sewage_defect_detection_012831.jpg,2,1,1,1
D:\Study Material\Sem VI\Projects\PBL2\RoadEye\dataset_crack\final_dataset_v5\train\images\sewage_defect_detection_012834.jpg,1,0,0,1
D:\Study Material\Sem VI\Projects\PBL2\RoadEye\dataset_crack\final_dataset_v5\train\images\sewage_defect_detection_012881.jpg,2,0,0,1
D:\Study Material\Sem VI\Projects\PBL2\RoadEye\dataset_crack\final_dataset_v5\train\images\sewer_defects_000002.jpg,1,0,0,1
D:\Study Material\Sem VI\Projects\PBL2\RoadEye\dataset_crack\final_dataset_v5\train\images\sewer_defects_000006.jpg,1,0,0,1
D:\Study Material\Sem VI\Projects\PBL2\RoadEye\dataset_crack\final_dataset_v5\train\images\sewer_defects_000056.jpg,1,1,1,1
D:\Study Material\Sem VI\Projects\PBL2\RoadEye\dataset_crack\final_dataset_v5\train\images\sewer_defects_000066.jpg,2,0,0,1
D:\Study Material\Sem VI\Projects\PBL2\RoadEye\dataset_crack\final_dataset_v5\train\images\sewer_defects_000127.jpg,1,0,0,1
D:\Study Material\Sem VI\Projects\PBL2\RoadEye\dataset_crack\final_dataset_v5\train\images\sewer_defects_000143.jpg,1,0,0,1
D:\Study Material\Sem VI\Projects\PBL2\RoadEye\dataset_crack\final_dataset_v5\train\images\sewer_defects_000235.jpg,1,0,0,1
D:\Study Material\Sem VI\Projects\PBL2\RoadEye\dataset_crack\final_dataset_v5\train\images\sewer_defects_000303.jpg,2,0,0,1
D:\Study Material\Sem VI\Projects\PBL2\RoadEye\dataset_crack\final_dataset_v5\train\images\sewer_defects_000343.jpg,2,4,0,1
D:\Study Material\Sem VI\Projects\PBL2\RoadEye\dataset_crack\final_dataset_v5\train\images\sewer_defects_000356.jpg,1,0,0,1
D:\Study Material\Sem VI\Projects\PBL2\RoadEye\dataset_crack\final_dataset_v5\train\images\sewer_defects_000373.jpg,2,0,0,1
D:\Study Material\Sem VI\Projects\PBL2\RoadEye\dataset_crack\final_dataset_v5\train\images\sewer_defects_000404.jpg,1,0,0,1
D:\Study Material\Sem VI\Projects\PBL2\RoadEye\dataset_crack\final_dataset_v5\train\images\sewer_defects_000424.jpg,1,1,1,1
D:\Study Material\Sem VI\Projects\PBL2\RoadEye\dataset_crack\final_dataset_v5\train\images\sewer_defects_000467.jpg,1,0,0,1
D:\Study Material\Sem VI\Projects\PBL2\RoadEye\dataset_crack\final_dataset_v5\train\images\sewer_defects_000470.jpg,1,0,0,1
D:\Study Material\Sem VI\Projects\PBL2\RoadEye\dataset_crack\final_dataset_v5\train\images\sewer_defects_000477.jpg,2,1,1,1
D:\Study Material\Sem VI\Projects\PBL2\RoadEye\dataset_crack\final_dataset_v5\train\images\sewer_defects_000490.jpg,1,0,0,1
D:\Study Material\Sem VI\Projects\PBL2\RoadEye\dataset_crack\final_dataset_v5\train\images\sewer_defects_000523.jpg,1,0,0,1
D:\Study Material\Sem VI\Projects\PBL2\RoadEye\dataset_crack\final_dataset_v5\train\images\sewer_defects_000527.jpg,3,0,0,1
D:\Study Material\Sem VI\Projects\PBL2\RoadEye\dataset_crack\final_dataset_v5\train\images\sewer_defects_000592.jpg,2,2,1,1
D:\Study Material\Sem VI\Projects\PBL2\RoadEye\dataset_crack\final_dataset_v5\train\images\sewer_defects_000593.jpg,1,0,0,1
D:\Study Material\Sem VI\Projects\PBL2\RoadEye\dataset_crack\final_dataset_v5\train\images\sewer_defects_000601.jpg,2,1,0,1
D:\Study Material\Sem VI\Projects\PBL2\RoadEye\dataset_crack\final_dataset_v5\train\images\sewer_defects_000636.jpg,2,0,0,1
D:\Study Material\Sem VI\Projects\PBL2\RoadEye\dataset_crack\final_dataset_v5\train\images\sewer_defects_000638.jpg,1,0,0,1
D:\Study Material\Sem VI\Projects\PBL2\RoadEye\dataset_crack\final_dataset_v5\train\images\sewer_defects_000655.jpg,1,2,1,1
D:\Study Material\Sem VI\Projects\PBL2\RoadEye\dataset_crack\final_dataset_v5\train\images\sewer_defects_000665.jpg,1,0,0,1
D:\Study Material\Sem VI\Projects\PBL2\RoadEye\dataset_crack\final_dataset_v5\train\images\sewer_defects_000669.jpg,0,2,0,0
D:\Study Material\Sem VI\Projects\PBL2\RoadEye\dataset_crack\final_dataset_v5\train\images\sewer_defects_000697.jpg,1,0,0,1
D:\Study Material\Sem VI\Projects\PBL2\RoadEye\dataset_crack\final_dataset_v5\train\images\sewer_defects_000706.jpg,1,1,1,1
D:\Study Material\Sem VI\Projects\PBL2\RoadEye\dataset_crack\final_dataset_v5\train\images\sewer_defects_000735.jpg,1,0,0,1
D:\Study Material\Sem VI\Projects\PBL2\RoadEye\dataset_crack\final_dataset_v5\train\images\sewer_defects_000804.jpg,1,0,0,1
D:\Study Material\Sem VI\Projects\PBL2\RoadEye\dataset_crack\final_dataset_v5\train\images\sewer_defects_000818.jpg,2,0,0,1
D:\Study Material\Sem VI\Projects\PBL2\RoadEye\dataset_crack\final_dataset_v5\train\images\sewer_defects_000832.jpg,1,3,1,1
D:\Study Material\Sem VI\Projects\PBL2\RoadEye\dataset_crack\final_dataset_v5\train\images\sewer_defects_000868.jpg,2,3,1,1
D:\Study Material\Sem VI\Projects\PBL2\RoadEye\dataset_crack\final_dataset_v5\train\images\sewer_defects_000879.jpg,4,0,0,1
D:\Study Material\Sem VI\Projects\PBL2\RoadEye\dataset_crack\final_dataset_v5\train\images\sewer_defects_000890.jpg,1,0,0,1
D:\Study Material\Sem VI\Projects\PBL2\RoadEye\dataset_crack\final_dataset_v5\train\images\sewer_defects_000924.jpg,0,1,1,1
D:\Study Material\Sem VI\Projects\PBL2\RoadEye\dataset_crack\final_dataset_v5\train\images\sewer_defects_000955.jpg,2,1,1,1
D:\Study Material\Sem VI\Projects\PBL2\RoadEye\dataset_crack\final_dataset_v5\train\images\sewer_defects_000972.jpg,2,2,1,1
D:\Study Material\Sem VI\Projects\PBL2\RoadEye\dataset_crack\final_dataset_v5\train\images\sewer_defects_000979.jpg,1,0,0,1
D:\Study Material\Sem VI\Projects\PBL2\RoadEye\dataset_crack\final_dataset_v5\train\images\sewer_defects_000989.jpg,1,0,0,1
D:\Study Material\Sem VI\Projects\PBL2\RoadEye\dataset_crack\final_dataset_v5\train\images\sewer_defects_001002.jpg,3,0,0,1
D:\Study Material\Sem VI\Projects\PBL2\RoadEye\dataset_crack\final_dataset_v5\train\images\sewer_defects_001010.jpg,1,0,0,1
D:\Study Material\Sem VI\Projects\PBL2\RoadEye\dataset_crack\final_dataset_v5\train\images\sewer_defects_001022.jpg,1,2,1,1
D:\Study Material\Sem VI\Projects\PBL2\RoadEye\dataset_crack\final_dataset_v5\train\images\sewer_defects_001102.jpg,1,0,0,1
D:\Study Material\Sem VI\Projects\PBL2\RoadEye\dataset_crack\final_dataset_v5\train\images\sewer_defects_001152.jpg,1,0,0,1
D:\Study Material\Sem VI\Projects\PBL2\RoadEye\dataset_crack\final_dataset_v5\train\images\sewer_defects_001158.jpg,1,2,0,1
D:\Study Material\Sem VI\Projects\PBL2\RoadEye\dataset_crack\final_dataset_v5\train\images\sewer_defects_001177.jpg,0,2,1,1
D:\Study Material\Sem VI\Projects\PBL2\RoadEye\dataset_crack\final_dataset_v5\train\images\sewer_defects_001182.jpg,0,2,1,1
D:\Study Material\Sem VI\Projects\PBL2\RoadEye\dataset_crack\final_dataset_v5\train\images\sewer_defects_001186.jpg,2,2,1,1
D:\Study Material\Sem VI\Projects\PBL2\RoadEye\dataset_crack\final_dataset_v5\train\images\sewer_defects_001231.jpg,1,0,0,1
D:\Study Material\Sem VI\Projects\PBL2\RoadEye\dataset_crack\final_dataset_v5\train\images\sewer_defects_001262.jpg,2,0,0,1
D:\Study Material\Sem VI\Projects\PBL2\RoadEye\dataset_crack\final_dataset_v5\train\images\sewer_defects_001290.jpg,0,2,1,1
D:\Study Material\Sem VI\Projects\PBL2\RoadEye\dataset_crack\final_dataset_v5\train\images\sewer_defects_001295.jpg,1,0,0,1
D:\Study Material\Sem VI\Projects\PBL2\RoadEye\dataset_crack\final_dataset_v5\train\images\sewer_defects_001296.jpg,2,1,1,1
D:\Study Material\Sem VI\Projects\PBL2\RoadEye\dataset_crack\final_dataset_v5\train\images\sewer_defects_001305.jpg,1,1,0,1
D:\Study Material\Sem VI\Projects\PBL2\RoadEye\dataset_crack\final_dataset_v5\train\images\sewer_defects_001318.jpg,2,0,0,1
D:\Study Material\Sem VI\Projects\PBL2\RoadEye\dataset_crack\final_dataset_v5\train\images\sewer_defects_001332.jpg,2,3,0,1
D:\Study Material\Sem VI\Projects\PBL2\RoadEye\dataset_crack\final_dataset_v5\train\images\sewer_defects_001340.jpg,1,0,0,1
D:\Study Material\Sem VI\Projects\PBL2\RoadEye\dataset_crack\final_dataset_v5\train\images\sewer_defects_001364.jpg,2,2,0,1
D:\Study Material\Sem VI\Projects\PBL2\RoadEye\dataset_crack\final_dataset_v5\train\images\sewer_defects_001399.jpg,1,0,0,1
D:\Study Material\Sem VI\Projects\PBL2\RoadEye\dataset_crack\final_dataset_v5\train\images\sewer_defects_001436.jpg,1,0,0,1
D:\Study Material\Sem VI\Projects\PBL2\RoadEye\dataset_crack\final_dataset_v5\train\images\sewer_defects_001444.jpg,1,0,0,1
D:\Study Material\Sem VI\Projects\PBL2\RoadEye\dataset_crack\final_dataset_v5\train\images\sewer_defects_001501.jpg,1,0,0,1
D:\Study Material\Sem VI\Projects\PBL2\RoadEye\dataset_crack\final_dataset_v5\train\images\sewer_defects_001530.jpg,1,1,0,1
D:\Study Material\Sem VI\Projects\PBL2\RoadEye\dataset_crack\final_dataset_v5\train\images\sewer_defects_001532.jpg,1,1,1,1
D:\Study Material\Sem VI\Projects\PBL2\RoadEye\dataset_crack\final_dataset_v5\train\images\sewer_defects_001604.jpg,1,1,1,1
D:\Study Material\Sem VI\Projects\PBL2\RoadEye\dataset_crack\final_dataset_v5\train\images\sewer_defects_001662.jpg,1,0,0,1
D:\Study Material\Sem VI\Projects\PBL2\RoadEye\dataset_crack\final_dataset_v5\train\images\sewer_defects_001665.jpg,1,3,1,1
D:\Study Material\Sem VI\Projects\PBL2\RoadEye\dataset_crack\final_dataset_v5\train\images\sewer_defects_001676.jpg,4,0,0,1
D:\Study Material\Sem VI\Projects\PBL2\RoadEye\dataset_crack\final_dataset_v5\train\images\sewer_defects_001710.jpg,3,0,0,1
D:\Study Material\Sem VI\Projects\PBL2\RoadEye\dataset_crack\final_dataset_v5\train\images\sewer_defects_001713.jpg,1,0,0,1
D:\Study Material\Sem VI\Projects\PBL2\RoadEye\dataset_crack\final_dataset_v5\train\images\sewer_defects_001717.jpg,1,1,1,1
D:\Study Material\Sem VI\Projects\PBL2\RoadEye\dataset_crack\final_dataset_v5\train\images\sewer_defects_001759.jpg,1,0,0,1
D:\Study Material\Sem VI\Projects\PBL2\RoadEye\dataset_crack\final_dataset_v5\train\images\sewer_defects_001792.jpg,1,4,1,1
D:\Study Material\Sem VI\Projects\PBL2\RoadEye\dataset_crack\final_dataset_v5\train\images\sewer_defects_001794.jpg,2,3,1,1
D:\Study Material\Sem VI\Projects\PBL2\RoadEye\dataset_crack\final_dataset_v5\train\images\sewer_defects_001801.jpg,2,0,0,1
D:\Study Material\Sem VI\Projects\PBL2\RoadEye\dataset_crack\final_dataset_v5\train\images\sewer_defects_001842.jpg,2,0,0,1
D:\Study Material\Sem VI\Projects\PBL2\RoadEye\dataset_crack\final_dataset_v5\train\images\sewer_defects_001870.jpg,2,1,1,1
D:\Study Material\Sem VI\Projects\PBL2\RoadEye\dataset_crack\final_dataset_v5\train\images\sewer_defects_001875.jpg,0,2,1,1
D:\Study Material\Sem VI\Projects\PBL2\RoadEye\dataset_crack\final_dataset_v5\train\images\sewer_defects_001880.jpg,1,4,1,1
D:\Study Material\Sem VI\Projects\PBL2\RoadEye\dataset_crack\final_dataset_v5\train\images\sewer_defects_001942.jpg,1,0,0,1
D:\Study Material\Sem VI\Projects\PBL2\RoadEye\dataset_crack\final_dataset_v5\train\images\sewer_defects_001968.jpg,2,1,0,1
D:\Study Material\Sem VI\Projects\PBL2\RoadEye\dataset_crack\final_dataset_v5\train\images\sewer_defects_001970.jpg,1,0,0,1
D:\Study Material\Sem VI\Projects\PBL2\RoadEye\dataset_crack\final_dataset_v5\train\images\sewer_defects_002023.jpg,1,0,0,1
D:\Study Material\Sem VI\Projects\PBL2\RoadEye\dataset_crack\final_dataset_v5\train\images\sewer_defects_002036.jpg,1,0,0,1
D:\Study Material\Sem VI\Projects\PBL2\RoadEye\dataset_crack\final_dataset_v5\train\images\sewer_defects_002081.jpg,1,1,1,1
D:\Study Material\Sem VI\Projects\PBL2\RoadEye\dataset_crack\final_dataset_v5\train\images\sewer_defects_002088.jpg,2,4,1,1
D:\Study Material\Sem VI\Projects\PBL2\RoadEye\dataset_crack\final_dataset_v5\train\images\sewer_defects_002094.jpg,1,0,0,1
D:\Study Material\Sem VI\Projects\PBL2\RoadEye\dataset_crack\final_dataset_v5\train\images\sewer_defects_002165.jpg,1,1,1,1
D:\Study Material\Sem VI\Projects\PBL2\RoadEye\dataset_crack\final_dataset_v5\train\images\sewer_defects_002177.jpg,0,1,0,0
D:\Study Material\Sem VI\Projects\PBL2\RoadEye\dataset_crack\final_dataset_v5\train\images\sewer_defects_002184.jpg,1,0,0,1
D:\Study Material\Sem VI\Projects\PBL2\RoadEye\dataset_crack\final_dataset_v5\train\images\sewer_defects_002237.jpg,3,2,1,1
D:\Study Material\Sem VI\Projects\PBL2\RoadEye\dataset_crack\final_dataset_v5\train\images\sewer_defects_002255.jpg,1,0,0,1
D:\Study Material\Sem VI\Projects\PBL2\RoadEye\dataset_crack\final_dataset_v5\train\images\sewer_defects_002281.jpg,2,0,0,1
D:\Study Material\Sem VI\Projects\PBL2\RoadEye\dataset_crack\final_dataset_v5\train\images\sewer_defects_002282.jpg,1,0,0,1
D:\Study Material\Sem VI\Projects\PBL2\RoadEye\dataset_crack\final_dataset_v5\train\images\sewer_defects_002348.jpg,1,0,0,1
D:\Study Material\Sem VI\Projects\PBL2\RoadEye\dataset_crack\final_dataset_v5\train\images\sewer_defects_002382.jpg,2,0,0,1
D:\Study Material\Sem VI\Projects\PBL2\RoadEye\dataset_crack\final_dataset_v5\train\images\sewer_defects_002424.jpg,2,0,0,1
D:\Study Material\Sem VI\Projects\PBL2\RoadEye\dataset_crack\final_dataset_v5\train\images\sewer_defects_002429.jpg,1,1,1,1
D:\Study Material\Sem VI\Projects\PBL2\RoadEye\dataset_crack\final_dataset_v5\train\images\sewer_defects_002473.jpg,1,1,1,1
D:\Study Material\Sem VI\Projects\PBL2\RoadEye\dataset_crack\final_dataset_v5\train\images\sewer_defects_002521.jpg,1,0,0,1
D:\Study Material\Sem VI\Projects\PBL2\RoadEye\dataset_crack\final_dataset_v5\train\images\sewer_defects_002624.jpg,3,4,1,1
D:\Study Material\Sem VI\Projects\PBL2\RoadEye\dataset_crack\final_dataset_v5\train\images\sewer_defects_002627.jpg,2,2,1,1
D:\Study Material\Sem VI\Projects\PBL2\RoadEye\dataset_crack\final_dataset_v5\train\images\sewer_defects_002643.jpg,0,1,1,1
D:\Study Material\Sem VI\Projects\PBL2\RoadEye\dataset_crack\final_dataset_v5\train\images\sewer_defects_002645.jpg,1,0,0,1
D:\Study Material\Sem VI\Projects\PBL2\RoadEye\dataset_crack\final_dataset_v5\train\images\sewer_defects_002655.jpg,1,1,1,1
D:\Study Material\Sem VI\Projects\PBL2\RoadEye\dataset_crack\final_dataset_v5\train\images\sewer_defects_002674.jpg,3,0,0,1
D:\Study Material\Sem VI\Projects\PBL2\RoadEye\dataset_crack\final_dataset_v5\train\images\sewer_defects_002681.jpg,3,0,0,1
D:\Study Material\Sem VI\Projects\PBL2\RoadEye\dataset_crack\final_dataset_v5\train\images\sewer_defects_002702.jpg,0,3,0,0
D:\Study Material\Sem VI\Projects\PBL2\RoadEye\dataset_crack\final_dataset_v5\train\images\sewer_defects_002707.jpg,1,0,0,1
D:\Study Material\Sem VI\Projects\PBL2\RoadEye\dataset_crack\final_dataset_v5\train\images\sewer_defects_002768.jpg,1,1,0,1
D:\Study Material\Sem VI\Projects\PBL2\RoadEye\dataset_crack\final_dataset_v5\train\images\sewer_defects_002779.jpg,1,0,0,1
D:\Study Material\Sem VI\Projects\PBL2\RoadEye\dataset_crack\final_dataset_v5\train\images\sewer_defects_002853.jpg,3,0,0,1
D:\Study Material\Sem VI\Projects\PBL2\RoadEye\dataset_crack\final_dataset_v5\train\images\sewer_defects_002869.jpg,2,1,1,1
D:\Study Material\Sem VI\Projects\PBL2\RoadEye\dataset_crack\final_dataset_v5\train\images\sewer_defects_002883.jpg,0,1,1,1
D:\Study Material\Sem VI\Projects\PBL2\RoadEye\dataset_crack\final_dataset_v5\train\images\sewer_defects_002899.jpg,1,0,0,1
D:\Study Material\Sem VI\Projects\PBL2\RoadEye\dataset_crack\final_dataset_v5\train\images\sewer_defects_002933.jpg,2,1,1,1
D:\Study Material\Sem VI\Projects\PBL2\RoadEye\dataset_crack\final_dataset_v5\train\images\sewer_defects_002985.jpg,2,2,1,1
D:\Study Material\Sem VI\Projects\PBL2\RoadEye\dataset_crack\final_dataset_v5\train\images\sewer_defects_003011.jpg,1,3,0,1
D:\Study Material\Sem VI\Projects\PBL2\RoadEye\dataset_crack\final_dataset_v5\train\images\sewer_defects_003067.jpg,1,0,0,1
D:\Study Material\Sem VI\Projects\PBL2\RoadEye\dataset_crack\final_dataset_v5\train\images\sewer_defects_003092.jpg,0,2,1,1
D:\Study Material\Sem VI\Projects\PBL2\RoadEye\dataset_crack\final_dataset_v5\train\images\sewer_defects_003114.jpg,1,2,1,1
D:\Study Material\Sem VI\Projects\PBL2\RoadEye\dataset_crack\final_dataset_v5\train\images\sewer_defects_003121.jpg,3,1,1,1
D:\Study Material\Sem VI\Projects\PBL2\RoadEye\dataset_crack\final_dataset_v5\train\images\sewer_defects_003125.jpg,0,1,1,1
D:\Study Material\Sem VI\Projects\PBL2\RoadEye\dataset_crack\final_dataset_v5\train\images\sewer_defects_003162.jpg,1,0,0,1
D:\Study Material\Sem VI\Projects\PBL2\RoadEye\dataset_crack\final_dataset_v5\train\images\sewer_defects_003189.jpg,1,0,0,1
D:\Study Material\Sem VI\Projects\PBL2\RoadEye\dataset_crack\final_dataset_v5\train\images\sewer_defects_003206.jpg,1,0,0,1
D:\Study Material\Sem VI\Projects\PBL2\RoadEye\dataset_crack\final_dataset_v5\train\images\sewer_defects_003256.jpg,1,0,0,1
D:\Study Material\Sem VI\Projects\PBL2\RoadEye\dataset_crack\final_dataset_v5\train\images\sewer_defects_003257.jpg,2,1,1,1
D:\Study Material\Sem VI\Projects\PBL2\RoadEye\dataset_crack\final_dataset_v5\train\images\sewer_defects_003281.jpg,1,0,0,1
D:\Study Material\Sem VI\Projects\PBL2\RoadEye\dataset_crack\final_dataset_v5\train\images\sewer_defects_003292.jpg,1,0,0,1
D:\Study Material\Sem VI\Projects\PBL2\RoadEye\dataset_crack\final_dataset_v5\train\images\sewer_defects_003303.jpg,0,2,1,1
D:\Study Material\Sem VI\Projects\PBL2\RoadEye\dataset_crack\final_dataset_v5\train\images\sewer_defects_003334.jpg,1,2,1,1
D:\Study Material\Sem VI\Projects\PBL2\RoadEye\dataset_crack\final_dataset_v5\train\images\sewer_defects_003350.jpg,1,0,0,1
D:\Study Material\Sem VI\Projects\PBL2\RoadEye\dataset_crack\final_dataset_v5\train\images\sewer_defects_003359.jpg,1,0,0,1
D:\Study Material\Sem VI\Projects\PBL2\RoadEye\dataset_crack\final_dataset_v5\train\images\sewer_defects_003372.jpg,1,0,0,1
D:\Study Material\Sem VI\Projects\PBL2\RoadEye\dataset_crack\final_dataset_v5\train\images\sewer_defects_003503.jpg,1,0,0,1
D:\Study Material\Sem VI\Projects\PBL2\RoadEye\dataset_crack\final_dataset_v5\train\images\sewer_defects_003537.jpg,1,0,0,1
D:\Study Material\Sem VI\Projects\PBL2\RoadEye\dataset_crack\final_dataset_v5\train\images\sewer_defects_003599.jpg,0,1,0,0
D:\Study Material\Sem VI\Projects\PBL2\RoadEye\dataset_crack\final_dataset_v5\train\images\sewer_defects_003602.jpg,1,0,0,1
D:\Study Material\Sem VI\Projects\PBL2\RoadEye\dataset_crack\final_dataset_v5\train\images\sewer_defects_003618.jpg,2,0,0,1
D:\Study Material\Sem VI\Projects\PBL2\RoadEye\dataset_crack\final_dataset_v5\train\images\sewer_defects_003619.jpg,1,0,0,1
D:\Study Material\Sem VI\Projects\PBL2\RoadEye\dataset_crack\final_dataset_v5\train\images\sewer_defects_003625.jpg,2,0,0,1
D:\Study Material\Sem VI\Projects\PBL2\RoadEye\dataset_crack\final_dataset_v5\train\images\sewer_defects_003666.jpg,2,2,1,1
D:\Study Material\Sem VI\Projects\PBL2\RoadEye\dataset_crack\final_dataset_v5\train\images\sewer_defects_003963.jpg,1,0,0,1
D:\Study Material\Sem VI\Projects\PBL2\RoadEye\dataset_crack\final_dataset_v5\train\images\sewer_defects_004023.jpg,1,0,0,1
D:\Study Material\Sem VI\Projects\PBL2\RoadEye\dataset_crack\final_dataset_v5\train\images\sewer_defects_004034.jpg,1,0,0,1
D:\Study Material\Sem VI\Projects\PBL2\RoadEye\dataset_crack\final_dataset_v5\train\images\sewer_defects_004037.jpg,1,0,0,1
D:\Study Material\Sem VI\Projects\PBL2\RoadEye\dataset_crack\final_dataset_v5\train\images\sewer_defects_004039.jpg,0,2,0,0
D:\Study Material\Sem VI\Projects\PBL2\RoadEye\dataset_crack\final_dataset_v5\train\images\sewer_defects_004143.jpg,1,0,0,1
D:\Study Material\Sem VI\Projects\PBL2\RoadEye\dataset_crack\final_dataset_v5\train\images\sewer_defects_004147.jpg,1,1,1,1
D:\Study Material\Sem VI\Projects\PBL2\RoadEye\dataset_crack\final_dataset_v5\train\images\sewer_defects_004148.jpg,1,0,0,1
D:\Study Material\Sem VI\Projects\PBL2\RoadEye\dataset_crack\final_dataset_v5\train\images\sewer_defects_004160.jpg,0,1,1,1
D:\Study Material\Sem VI\Projects\PBL2\RoadEye\dataset_crack\final_dataset_v5\train\images\sewer_defects_004210.jpg,1,0,0,1
D:\Study Material\Sem VI\Projects\PBL2\RoadEye\dataset_crack\final_dataset_v5\train\images\sewer_defects_004238.jpg,3,0,0,1
D:\Study Material\Sem VI\Projects\PBL2\RoadEye\dataset_crack\final_dataset_v5\train\images\sewer_defects_004252.jpg,1,0,0,1
D:\Study Material\Sem VI\Projects\PBL2\RoadEye\dataset_crack\final_dataset_v5\train\images\sewer_defects_004277.jpg,1,1,1,1
D:\Study Material\Sem VI\Projects\PBL2\RoadEye\dataset_crack\final_dataset_v5\train\images\sewer_defects_004371.jpg,1,1,0,1
D:\Study Material\Sem VI\Projects\PBL2\RoadEye\dataset_crack\final_dataset_v5\train\images\sewer_defects_004372.jpg,1,0,0,1
D:\Study Material\Sem VI\Projects\PBL2\RoadEye\dataset_crack\final_dataset_v5\train\images\sewer_defects_004373.jpg,2,0,0,1
D:\Study Material\Sem VI\Projects\PBL2\RoadEye\dataset_crack\final_dataset_v5\train\images\sewer_defects_004408.jpg,0,1,1,1
D:\Study Material\Sem VI\Projects\PBL2\RoadEye\dataset_crack\final_dataset_v5\train\images\sewer_defects_004466.jpg,1,0,0,1
D:\Study Material\Sem VI\Projects\PBL2\RoadEye\dataset_crack\final_dataset_v5\train\images\sewer_defects_004485.jpg,1,1,1,1
D:\Study Material\Sem VI\Projects\PBL2\RoadEye\dataset_crack\final_dataset_v5\train\images\sewer_defects_004503.jpg,1,0,0,1
D:\Study Material\Sem VI\Projects\PBL2\RoadEye\dataset_crack\final_dataset_v5\train\images\sewer_defects_004548.jpg,1,0,0,1
D:\Study Material\Sem VI\Projects\PBL2\RoadEye\dataset_crack\final_dataset_v5\train\images\sewer_defects_004583.jpg,1,1,1,1
D:\Study Material\Sem VI\Projects\PBL2\RoadEye\dataset_crack\final_dataset_v5\train\images\sewer_defects_004641.jpg,2,0,0,1
D:\Study Material\Sem VI\Projects\PBL2\RoadEye\dataset_crack\final_dataset_v5\train\images\sewer_defects_004667.jpg,1,0,0,1
D:\Study Material\Sem VI\Projects\PBL2\RoadEye\dataset_crack\final_dataset_v5\train\images\sewer_defects_004668.jpg,1,0,0,1
D:\Study Material\Sem VI\Projects\PBL2\RoadEye\dataset_crack\final_dataset_v5\train\images\sewer_defects_004671.jpg,3,0,0,1
D:\Study Material\Sem VI\Projects\PBL2\RoadEye\dataset_crack\final_dataset_v5\train\images\sewer_defects_004695.jpg,1,0,0,1
D:\Study Material\Sem VI\Projects\PBL2\RoadEye\dataset_crack\final_dataset_v5\train\images\sewer_defects_004716.jpg,1,0,0,1
D:\Study Material\Sem VI\Projects\PBL2\RoadEye\dataset_crack\final_dataset_v5\train\images\sewer_defects_004758.jpg,1,0,0,1
D:\Study Material\Sem VI\Projects\PBL2\RoadEye\dataset_crack\final_dataset_v5\train\images\sewer_defects_004788.jpg,1,2,1,1
D:\Study Material\Sem VI\Projects\PBL2\RoadEye\dataset_crack\final_dataset_v5\train\images\sewer_defects_004885.jpg,0,2,0,0
D:\Study Material\Sem VI\Projects\PBL2\RoadEye\dataset_crack\final_dataset_v5\train\images\sewer_defects_004933.jpg,2,0,0,1
D:\Study Material\Sem VI\Projects\PBL2\RoadEye\dataset_crack\final_dataset_v5\train\images\sewer_defects_005042.jpg,1,0,0,1
D:\Study Material\Sem VI\Projects\PBL2\RoadEye\dataset_crack\final_dataset_v5\train\images\sewer_defects_005055.jpg,2,0,0,1
D:\Study Material\Sem VI\Projects\PBL2\RoadEye\dataset_crack\final_dataset_v5\train\images\sewer_defects_005119.jpg,2,0,0,1
D:\Study Material\Sem VI\Projects\PBL2\RoadEye\dataset_crack\final_dataset_v5\train\images\sewer_defects_005150.jpg,1,0,0,1
D:\Study Material\Sem VI\Projects\PBL2\RoadEye\dataset_crack\final_dataset_v5\train\images\sewer_defects_005154.jpg,1,1,1,1
D:\Study Material\Sem VI\Projects\PBL2\RoadEye\dataset_crack\final_dataset_v5\train\images\sewer_defects_005175.jpg,3,1,0,1
D:\Study Material\Sem VI\Projects\PBL2\RoadEye\dataset_crack\final_dataset_v5\train\images\sewer_defects_005189.jpg,1,0,0,1
D:\Study Material\Sem VI\Projects\PBL2\RoadEye\dataset_crack\final_dataset_v5\train\images\sewer_defects_005217.jpg,0,1,1,1
D:\Study Material\Sem VI\Projects\PBL2\RoadEye\dataset_crack\final_dataset_v5\train\images\sewer_defects_005256.jpg,1,0,0,1
D:\Study Material\Sem VI\Projects\PBL2\RoadEye\dataset_crack\final_dataset_v5\train\images\sewer_defects_005272.jpg,3,2,1,1
D:\Study Material\Sem VI\Projects\PBL2\RoadEye\dataset_crack\final_dataset_v5\train\images\sewer_defects_005278.jpg,3,0,0,1
D:\Study Material\Sem VI\Projects\PBL2\RoadEye\dataset_crack\final_dataset_v5\train\images\sewer_defects_005288.jpg,1,0,0,1
D:\Study Material\Sem VI\Projects\PBL2\RoadEye\dataset_crack\final_dataset_v5\train\images\sewer_defects_005291.jpg,2,0,0,1
D:\Study Material\Sem VI\Projects\PBL2\RoadEye\dataset_crack\final_dataset_v5\train\images\sewer_defects_005304.jpg,1,1,1,1
D:\Study Material\Sem VI\Projects\PBL2\RoadEye\dataset_crack\final_dataset_v5\train\images\sewer_defects_005348.jpg,1,0,0,1
D:\Study Material\Sem VI\Projects\PBL2\RoadEye\dataset_crack\final_dataset_v5\train\images\sewer_defects_005355.jpg,2,2,1,1
D:\Study Material\Sem VI\Projects\PBL2\RoadEye\dataset_crack\final_dataset_v5\train\images\sewer_defects_005370.jpg,2,0,0,1
D:\Study Material\Sem VI\Projects\PBL2\RoadEye\dataset_crack\final_dataset_v5\train\images\sewer_defects_005447.jpg,1,0,0,1
D:\Study Material\Sem VI\Projects\PBL2\RoadEye\dataset_crack\final_dataset_v5\train\images\sewer_defects_005455.jpg,1,0,0,1
D:\Study Material\Sem VI\Projects\PBL2\RoadEye\dataset_crack\final_dataset_v5\train\images\sewer_defects_005459.jpg,1,0,0,1
D:\Study Material\Sem VI\Projects\PBL2\RoadEye\dataset_crack\final_dataset_v5\train\images\sewer_defects_005544.jpg,1,0,0,1
D:\Study Material\Sem VI\Projects\PBL2\RoadEye\dataset_crack\final_dataset_v5\train\images\sewer_defects_005545.jpg,3,2,1,1
D:\Study Material\Sem VI\Projects\PBL2\RoadEye\dataset_crack\final_dataset_v5\train\images\sewer_defects_005581.jpg,1,1,1,1
D:\Study Material\Sem VI\Projects\PBL2\RoadEye\dataset_crack\final_dataset_v5\train\images\sewer_defects_005593.jpg,1,0,0,1
D:\Study Material\Sem VI\Projects\PBL2\RoadEye\dataset_crack\final_dataset_v5\train\images\sewer_defects_005643.jpg,2,1,0,1
D:\Study Material\Sem VI\Projects\PBL2\RoadEye\dataset_crack\final_dataset_v5\train\images\sewer_defects_005644.jpg,2,1,0,1
D:\Study Material\Sem VI\Projects\PBL2\RoadEye\dataset_crack\final_dataset_v5\train\images\sewer_defects_005690.jpg,2,0,0,1
D:\Study Material\Sem VI\Projects\PBL2\RoadEye\dataset_crack\final_dataset_v5\train\images\sewer_defects_005714.jpg,1,1,1,1
D:\Study Material\Sem VI\Projects\PBL2\RoadEye\dataset_crack\final_dataset_v5\train\images\sewer_defects_005739.jpg,1,0,0,1
D:\Study Material\Sem VI\Projects\PBL2\RoadEye\dataset_crack\final_dataset_v5\train\images\sewer_defects_005747.jpg,0,10,1,1
D:\Study Material\Sem VI\Projects\PBL2\RoadEye\dataset_crack\final_dataset_v5\train\images\sewer_defects_005895.jpg,0,1,0,0
D:\Study Material\Sem VI\Projects\PBL2\RoadEye\dataset_crack\final_dataset_v5\train\images\sewer_defects_005897.jpg,1,0,0,1
D:\Study Material\Sem VI\Projects\PBL2\RoadEye\dataset_crack\final_dataset_v5\train\images\sewer_defects_005900.jpg,1,0,0,1
D:\Study Material\Sem VI\Projects\PBL2\RoadEye\dataset_crack\final_dataset_v5\train\images\sewer_defects_005901.jpg,1,4,1,1
D:\Study Material\Sem VI\Projects\PBL2\RoadEye\dataset_crack\final_dataset_v5\train\images\sewer_defects_005910.jpg,0,1,1,1
D:\Study Material\Sem VI\Projects\PBL2\RoadEye\dataset_crack\final_dataset_v5\train\images\sewer_defects_005911.jpg,1,1,1,1
D:\Study Material\Sem VI\Projects\PBL2\RoadEye\dataset_crack\final_dataset_v5\train\images\sewer_defects_005988.jpg,1,0,0,1
D:\Study Material\Sem VI\Projects\PBL2\RoadEye\dataset_crack\final_dataset_v5\train\images\sewer_defects_005993.jpg,1,0,0,1
D:\Study Material\Sem VI\Projects\PBL2\RoadEye\dataset_crack\final_dataset_v5\train\images\sewer_defects_006025.jpg,1,1,1,1
D:\Study Material\Sem VI\Projects\PBL2\RoadEye\dataset_crack\final_dataset_v5\train\images\sewer_defects_006035.jpg,1,0,0,1
D:\Study Material\Sem VI\Projects\PBL2\RoadEye\dataset_crack\final_dataset_v5\train\images\sewer_defects_006060.jpg,1,1,1,1
D:\Study Material\Sem VI\Projects\PBL2\RoadEye\dataset_crack\final_dataset_v5\train\images\sewer_defects_006066.jpg,1,0,0,1
D:\Study Material\Sem VI\Projects\PBL2\RoadEye\dataset_crack\final_dataset_v5\train\images\sewer_defects_006071.jpg,2,0,0,1
D:\Study Material\Sem VI\Projects\PBL2\RoadEye\dataset_crack\final_dataset_v5\train\images\sewer_defects_006099.jpg,1,0,0,1
D:\Study Material\Sem VI\Projects\PBL2\RoadEye\dataset_crack\final_dataset_v5\train\images\sewer_defects_006110.jpg,1,0,0,1
D:\Study Material\Sem VI\Projects\PBL2\RoadEye\dataset_crack\final_dataset_v5\train\images\sewer_defects_006112.jpg,0,1,0,0
D:\Study Material\Sem VI\Projects\PBL2\RoadEye\dataset_crack\final_dataset_v5\train\images\sewer_defects_006215.jpg,2,0,0,1
D:\Study Material\Sem VI\Projects\PBL2\RoadEye\dataset_crack\final_dataset_v5\train\images\sewer_defects_006216.jpg,1,0,0,1
D:\Study Material\Sem VI\Projects\PBL2\RoadEye\dataset_crack\final_dataset_v5\train\images\sewer_defects_006273.jpg,1,1,1,1
D:\Study Material\Sem VI\Projects\PBL2\RoadEye\dataset_crack\final_dataset_v5\train\images\sewer_defects_006274.jpg,0,1,1,1
D:\Study Material\Sem VI\Projects\PBL2\RoadEye\dataset_crack\final_dataset_v5\train\images\sewer_defects_006285.jpg,3,3,1,1
D:\Study Material\Sem VI\Projects\PBL2\RoadEye\dataset_crack\final_dataset_v5\train\images\sewer_defects_006296.jpg,2,0,0,1
D:\Study Material\Sem VI\Projects\PBL2\RoadEye\dataset_crack\final_dataset_v5\train\images\sewer_defects_006334.jpg,2,0,0,1
D:\Study Material\Sem VI\Projects\PBL2\RoadEye\dataset_crack\final_dataset_v5\train\images\sewer_defects_006341.jpg,1,0,0,1
D:\Study Material\Sem VI\Projects\PBL2\RoadEye\dataset_crack\final_dataset_v5\train\images\sewer_defects_006382.jpg,4,0,0,1
D:\Study Material\Sem VI\Projects\PBL2\RoadEye\dataset_crack\final_dataset_v5\train\images\sewer_defects_006400.jpg,2,0,0,1
D:\Study Material\Sem VI\Projects\PBL2\RoadEye\dataset_crack\final_dataset_v5\train\images\sewer_defects_006410.jpg,0,3,1,1
D:\Study Material\Sem VI\Projects\PBL2\RoadEye\dataset_crack\final_dataset_v5\train\images\sewer_defects_006413.jpg,1,2,1,1
D:\Study Material\Sem VI\Projects\PBL2\RoadEye\dataset_crack\final_dataset_v5\train\images\sewer_defects_006433.jpg,2,0,0,1
D:\Study Material\Sem VI\Projects\PBL2\RoadEye\dataset_crack\final_dataset_v5\train\images\sewer_defects_006438.jpg,1,0,0,1
D:\Study Material\Sem VI\Projects\PBL2\RoadEye\dataset_crack\final_dataset_v5\train\images\sewer_defects_006447.jpg,4,5,1,1
D:\Study Material\Sem VI\Projects\PBL2\RoadEye\dataset_crack\final_dataset_v5\train\images\sewer_defects_006471.jpg,2,0,0,1
D:\Study Material\Sem VI\Projects\PBL2\RoadEye\dataset_crack\final_dataset_v5\train\images\sewer_defects_006477.jpg,4,3,1,1
D:\Study Material\Sem VI\Projects\PBL2\RoadEye\dataset_crack\final_dataset_v5\train\images\sewer_defects_006524.jpg,2,0,0,1
D:\Study Material\Sem VI\Projects\PBL2\RoadEye\dataset_crack\final_dataset_v5\train\images\sewer_defects_006555.jpg,0,2,1,1
D:\Study Material\Sem VI\Projects\PBL2\RoadEye\dataset_crack\final_dataset_v5\train\images\sewer_defects_006632.jpg,1,2,1,1
D:\Study Material\Sem VI\Projects\PBL2\RoadEye\dataset_crack\final_dataset_v5\train\images\sewer_defects_006636.jpg,1,0,0,1
D:\Study Material\Sem VI\Projects\PBL2\RoadEye\dataset_crack\final_dataset_v5\train\images\sewer_defects_006648.jpg,3,3,1,1
D:\Study Material\Sem VI\Projects\PBL2\RoadEye\dataset_crack\final_dataset_v5\train\images\sewer_defects_006665.jpg,1,0,0,1
D:\Study Material\Sem VI\Projects\PBL2\RoadEye\dataset_crack\final_dataset_v5\train\images\sewer_defects_006674.jpg,2,1,0,1
D:\Study Material\Sem VI\Projects\PBL2\RoadEye\dataset_crack\final_dataset_v5\train\images\sewer_defects_006739.jpg,3,0,0,1
D:\Study Material\Sem VI\Projects\PBL2\RoadEye\dataset_crack\final_dataset_v5\train\images\sewer_defects_006777.jpg,2,3,1,1
D:\Study Material\Sem VI\Projects\PBL2\RoadEye\dataset_crack\final_dataset_v5\train\images\sewer_defects_006817.jpg,2,1,0,1
D:\Study Material\Sem VI\Projects\PBL2\RoadEye\dataset_crack\final_dataset_v5\train\images\sewer_defects_006824.jpg,1,1,1,1
D:\Study Material\Sem VI\Projects\PBL2\RoadEye\dataset_crack\final_dataset_v5\train\images\sewer_defects_006838.jpg,0,2,1,1
D:\Study Material\Sem VI\Projects\PBL2\RoadEye\dataset_crack\final_dataset_v5\train\images\sewer_defects_006884.jpg,1,2,1,1
D:\Study Material\Sem VI\Projects\PBL2\RoadEye\dataset_crack\final_dataset_v5\train\images\sewer_defects_006894.jpg,2,0,0,1
D:\Study Material\Sem VI\Projects\PBL2\RoadEye\dataset_crack\final_dataset_v5\train\images\sewer_defects_006897.jpg,1,2,1,1
D:\Study Material\Sem VI\Projects\PBL2\RoadEye\dataset_crack\final_dataset_v5\train\images\sewer_defects_006905.jpg,2,0,0,1
D:\Study Material\Sem VI\Projects\PBL2\RoadEye\dataset_crack\final_dataset_v5\train\images\sewer_defects_006986.jpg,2,0,0,1
D:\Study Material\Sem VI\Projects\PBL2\RoadEye\dataset_crack\final_dataset_v5\train\images\sewer_defects_007047.jpg,3,0,0,1
D:\Study Material\Sem VI\Projects\PBL2\RoadEye\dataset_crack\final_dataset_v5\train\images\sewer_defects_007048.jpg,3,4,1,1
D:\Study Material\Sem VI\Projects\PBL2\RoadEye\dataset_crack\final_dataset_v5\train\images\sewer_defects_007053.jpg,1,2,1,1
D:\Study Material\Sem VI\Projects\PBL2\RoadEye\dataset_crack\final_dataset_v5\train\images\sewer_defects_007065.jpg,1,1,0,1
D:\Study Material\Sem VI\Projects\PBL2\RoadEye\dataset_crack\final_dataset_v5\train\images\sewer_defects_007093.jpg,2,9,1,1
D:\Study Material\Sem VI\Projects\PBL2\RoadEye\dataset_crack\final_dataset_v5\train\images\sewer_defects_007116.jpg,3,0,0,1
D:\Study Material\Sem VI\Projects\PBL2\RoadEye\dataset_crack\final_dataset_v5\train\images\sewer_defects_007120.jpg,1,0,0,1
D:\Study Material\Sem VI\Projects\PBL2\RoadEye\dataset_crack\final_dataset_v5\train\images\sewer_defects_007130.jpg,2,0,0,1
D:\Study Material\Sem VI\Projects\PBL2\RoadEye\dataset_crack\final_dataset_v5\train\images\sewer_defects_007132.jpg,3,1,1,1
D:\Study Material\Sem VI\Projects\PBL2\RoadEye\dataset_crack\final_dataset_v5\train\images\sewer_defects_007159.jpg,3,3,1,1
D:\Study Material\Sem VI\Projects\PBL2\RoadEye\dataset_crack\final_dataset_v5\train\images\sewer_defects_007186.jpg,1,0,0,1
D:\Study Material\Sem VI\Projects\PBL2\RoadEye\dataset_crack\final_dataset_v5\train\images\sewer_defects_007256.jpg,1,0,0,1
D:\Study Material\Sem VI\Projects\PBL2\RoadEye\dataset_crack\final_dataset_v5\train\images\sewer_defects_007264.jpg,2,0,0,1
D:\Study Material\Sem VI\Projects\PBL2\RoadEye\dataset_crack\final_dataset_v5\train\images\sewer_defects_007313.jpg,1,0,0,1
D:\Study Material\Sem VI\Projects\PBL2\RoadEye\dataset_crack\final_dataset_v5\train\images\sewer_defects_007327.jpg,1,3,0,1
D:\Study Material\Sem VI\Projects\PBL2\RoadEye\dataset_crack\final_dataset_v5\train\images\sewer_defects_007333.jpg,3,0,0,1
D:\Study Material\Sem VI\Projects\PBL2\RoadEye\dataset_crack\final_dataset_v5\train\images\sewer_defects_007369.jpg,1,0,0,1
D:\Study Material\Sem VI\Projects\PBL2\RoadEye\dataset_crack\final_dataset_v5\train\images\sewer_defects_007381.jpg,0,2,1,1
D:\Study Material\Sem VI\Projects\PBL2\RoadEye\dataset_crack\final_dataset_v5\train\images\sewer_defects_007397.jpg,0,2,1,1
D:\Study Material\Sem VI\Projects\PBL2\RoadEye\dataset_crack\final_dataset_v5\train\images\sewer_defects_007418.jpg,1,0,0,1
D:\Study Material\Sem VI\Projects\PBL2\RoadEye\dataset_crack\final_dataset_v5\train\images\sewer_defects_007454.jpg,1,0,0,1
D:\Study Material\Sem VI\Projects\PBL2\RoadEye\dataset_crack\final_dataset_v5\train\images\sewer_defects_007503.jpg,1,0,0,1
D:\Study Material\Sem VI\Projects\PBL2\RoadEye\dataset_crack\final_dataset_v5\train\images\sewer_defects_007514.jpg,1,0,0,1
D:\Study Material\Sem VI\Projects\PBL2\RoadEye\dataset_crack\final_dataset_v5\train\images\sewer_defects_007523.jpg,1,0,0,1
D:\Study Material\Sem VI\Projects\PBL2\RoadEye\dataset_crack\final_dataset_v5\train\images\sewer_defects_007535.jpg,1,0,0,1
D:\Study Material\Sem VI\Projects\PBL2\RoadEye\dataset_crack\final_dataset_v5\train\images\sewer_defects_007541.jpg,1,0,0,1
D:\Study Material\Sem VI\Projects\PBL2\RoadEye\dataset_crack\final_dataset_v5\train\images\sewer_defects_007571.jpg,1,1,1,1
D:\Study Material\Sem VI\Projects\PBL2\RoadEye\dataset_crack\final_dataset_v5\train\images\sewer_defects_007608.jpg,2,0,0,1
D:\Study Material\Sem VI\Projects\PBL2\RoadEye\dataset_crack\final_dataset_v5\train\images\sewer_defects_007621.jpg,1,0,0,1
D:\Study Material\Sem VI\Projects\PBL2\RoadEye\dataset_crack\final_dataset_v5\train\images\sewer_defects_007622.jpg,1,0,0,1
D:\Study Material\Sem VI\Projects\PBL2\RoadEye\dataset_crack\final_dataset_v5\train\images\sewer_defects_007627.jpg,2,0,0,1
D:\Study Material\Sem VI\Projects\PBL2\RoadEye\dataset_crack\final_dataset_v5\train\images\sewer_defects_007635.jpg,1,1,1,1
D:\Study Material\Sem VI\Projects\PBL2\RoadEye\dataset_crack\final_dataset_v5\train\images\sewer_defects_007637.jpg,1,0,0,1
D:\Study Material\Sem VI\Projects\PBL2\RoadEye\dataset_crack\final_dataset_v5\train\images\sewer_defects_007640.jpg,1,0,0,1
D:\Study Material\Sem VI\Projects\PBL2\RoadEye\dataset_crack\final_dataset_v5\train\images\sewer_defects_007644.jpg,2,0,0,1
D:\Study Material\Sem VI\Projects\PBL2\RoadEye\dataset_crack\final_dataset_v5\train\images\sewer_defects_007665.jpg,1,0,0,1
D:\Study Material\Sem VI\Projects\PBL2\RoadEye\dataset_crack\final_dataset_v5\train\images\sewer_defects_007691.jpg,2,0,0,1
D:\Study Material\Sem VI\Projects\PBL2\RoadEye\dataset_crack\final_dataset_v5\train\images\sewer_defects_007721.jpg,3,2,1,1
D:\Study Material\Sem VI\Projects\PBL2\RoadEye\dataset_crack\final_dataset_v5\train\images\sewer_defects_007742.jpg,1,1,1,1
D:\Study Material\Sem VI\Projects\PBL2\RoadEye\dataset_crack\final_dataset_v5\train\images\sewer_defects_007759.jpg,2,1,1,1
D:\Study Material\Sem VI\Projects\PBL2\RoadEye\dataset_crack\final_dataset_v5\train\images\sewer_defects_007774.jpg,2,1,1,1
D:\Study Material\Sem VI\Projects\PBL2\RoadEye\dataset_crack\final_dataset_v5\train\images\sewer_defects_007777.jpg,2,1,1,1
D:\Study Material\Sem VI\Projects\PBL2\RoadEye\dataset_crack\final_dataset_v5\train\images\sewer_defects_007781.jpg,0,1,0,0
D:\Study Material\Sem VI\Projects\PBL2\RoadEye\dataset_crack\final_dataset_v5\train\images\sewer_defects_007812.jpg,4,1,1,1
D:\Study Material\Sem VI\Projects\PBL2\RoadEye\dataset_crack\final_dataset_v5\train\images\sewer_defects_007826.jpg,0,1,1,1
D:\Study Material\Sem VI\Projects\PBL2\RoadEye\dataset_crack\final_dataset_v5\train\images\sewer_defects_007850.jpg,1,0,0,1
D:\Study Material\Sem VI\Projects\PBL2\RoadEye\dataset_crack\final_dataset_v5\train\images\sewer_defects_007898.jpg,1,0,0,1
D:\Study Material\Sem VI\Projects\PBL2\RoadEye\dataset_crack\final_dataset_v5\train\images\sewer_defects_007940.jpg,1,0,0,1
D:\Study Material\Sem VI\Projects\PBL2\RoadEye\dataset_crack\final_dataset_v5\train\images\sewer_defects_007941.jpg,1,0,0,1
D:\Study Material\Sem VI\Projects\PBL2\RoadEye\dataset_crack\final_dataset_v5\train\images\sewer_defects_007974.jpg,1,2,1,1
D:\Study Material\Sem VI\Projects\PBL2\RoadEye\dataset_crack\final_dataset_v5\train\images\sewer_defects_007975.jpg,2,0,0,1
D:\Study Material\Sem VI\Projects\PBL2\RoadEye\dataset_crack\final_dataset_v5\train\images\sewer_defects_008009.jpg,3,7,1,1
D:\Study Material\Sem VI\Projects\PBL2\RoadEye\dataset_crack\final_dataset_v5\train\images\sewer_defects_008011.jpg,4,3,0,1
D:\Study Material\Sem VI\Projects\PBL2\RoadEye\dataset_crack\final_dataset_v5\train\images\sewer_defects_008029.jpg,3,0,0,1
D:\Study Material\Sem VI\Projects\PBL2\RoadEye\dataset_crack\final_dataset_v5\train\images\sewer_defects_008047.jpg,1,0,0,1
D:\Study Material\Sem VI\Projects\PBL2\RoadEye\dataset_crack\final_dataset_v5\train\images\sewer_defects_008051.jpg,2,0,0,1
D:\Study Material\Sem VI\Projects\PBL2\RoadEye\dataset_crack\final_dataset_v5\train\images\sewer_defects_008056.jpg,1,0,0,1
D:\Study Material\Sem VI\Projects\PBL2\RoadEye\dataset_crack\final_dataset_v5\train\images\sewer_defects_008168.jpg,1,0,0,1
D:\Study Material\Sem VI\Projects\PBL2\RoadEye\dataset_crack\final_dataset_v5\train\images\sewer_defects_008176.jpg,2,0,0,1
D:\Study Material\Sem VI\Projects\PBL2\RoadEye\dataset_crack\final_dataset_v5\train\images\sewer_defects_008191.jpg,1,0,0,1
D:\Study Material\Sem VI\Projects\PBL2\RoadEye\dataset_crack\final_dataset_v5\train\images\sewer_defects_008215.jpg,1,1,1,1
D:\Study Material\Sem VI\Projects\PBL2\RoadEye\dataset_crack\final_dataset_v5\train\images\sewer_defects_008232.jpg,1,0,0,1
D:\Study Material\Sem VI\Projects\PBL2\RoadEye\dataset_crack\final_dataset_v5\train\images\sewer_defects_008266.jpg,3,1,0,1
D:\Study Material\Sem VI\Projects\PBL2\RoadEye\dataset_crack\final_dataset_v5\train\images\sewer_defects_008386.jpg,2,0,0,1
D:\Study Material\Sem VI\Projects\PBL2\RoadEye\dataset_crack\final_dataset_v5\train\images\sewer_defects_008408.jpg,2,2,1,1
D:\Study Material\Sem VI\Projects\PBL2\RoadEye\dataset_crack\final_dataset_v5\train\images\sewer_defects_008442.jpg,1,0,0,1
D:\Study Material\Sem VI\Projects\PBL2\RoadEye\dataset_crack\final_dataset_v5\train\images\sewer_defects_008464.jpg,2,0,0,1
D:\Study Material\Sem VI\Projects\PBL2\RoadEye\dataset_crack\final_dataset_v5\train\images\sewer_defects_008469.jpg,1,0,0,1
D:\Study Material\Sem VI\Projects\PBL2\RoadEye\dataset_crack\final_dataset_v5\train\images\sewer_defects_008476.jpg,2,0,0,1
D:\Study Material\Sem VI\Projects\PBL2\RoadEye\dataset_crack\final_dataset_v5\train\images\sewer_defects_008508.jpg,2,0,0,1
D:\Study Material\Sem VI\Projects\PBL2\RoadEye\dataset_crack\final_dataset_v5\train\images\sewer_defects_008535.jpg,1,0,0,1
D:\Study Material\Sem VI\Projects\PBL2\RoadEye\dataset_crack\final_dataset_v5\train\images\sewer_defects_008574.jpg,2,0,0,1
D:\Study Material\Sem VI\Projects\PBL2\RoadEye\dataset_crack\final_dataset_v5\train\images\sewer_defects_008580.jpg,2,2,1,1
D:\Study Material\Sem VI\Projects\PBL2\RoadEye\dataset_crack\final_dataset_v5\train\images\sewer_defects_008584.jpg,1,0,0,1
D:\Study Material\Sem VI\Projects\PBL2\RoadEye\dataset_crack\final_dataset_v5\train\images\sewer_defects_008678.jpg,2,3,1,1
D:\Study Material\Sem VI\Projects\PBL2\RoadEye\dataset_crack\final_dataset_v5\train\images\sewer_defects_008713.jpg,0,2,1,1
D:\Study Material\Sem VI\Projects\PBL2\RoadEye\dataset_crack\final_dataset_v5\train\images\sewer_defects_008730.jpg,1,0,0,1
D:\Study Material\Sem VI\Projects\PBL2\RoadEye\dataset_crack\final_dataset_v5\train\images\sewer_defects_008735.jpg,1,0,0,1
D:\Study Material\Sem VI\Projects\PBL2\RoadEye\dataset_crack\final_dataset_v5\train\images\sewer_defects_008740.jpg,1,0,0,1
D:\Study Material\Sem VI\Projects\PBL2\RoadEye\dataset_crack\final_dataset_v5\train\images\sewer_defects_008767.jpg,3,3,1,1
D:\Study Material\Sem VI\Projects\PBL2\RoadEye\dataset_crack\final_dataset_v5\train\images\sewer_defects_008802.jpg,3,1,1,1
D:\Study Material\Sem VI\Projects\PBL2\RoadEye\dataset_crack\final_dataset_v5\train\images\sewer_defects_008812.jpg,1,0,0,1
D:\Study Material\Sem VI\Projects\PBL2\RoadEye\dataset_crack\final_dataset_v5\train\images\sewer_defects_008815.jpg,2,0,0,1
D:\Study Material\Sem VI\Projects\PBL2\RoadEye\dataset_crack\final_dataset_v5\train\images\sewer_defects_008836.jpg,0,1,1,1
D:\Study Material\Sem VI\Projects\PBL2\RoadEye\dataset_crack\final_dataset_v5\train\images\sewer_defects_008866.jpg,1,0,0,1
D:\Study Material\Sem VI\Projects\PBL2\RoadEye\dataset_crack\final_dataset_v5\train\images\sewer_defects_008908.jpg,2,0,0,1
D:\Study Material\Sem VI\Projects\PBL2\RoadEye\dataset_crack\final_dataset_v5\train\images\sewer_defects_008941.jpg,0,1,1,1
D:\Study Material\Sem VI\Projects\PBL2\RoadEye\dataset_crack\final_dataset_v5\train\images\sewer_defects_008965.jpg,1,0,0,1
D:\Study Material\Sem VI\Projects\PBL2\RoadEye\dataset_crack\final_dataset_v5\train\images\sewer_defects_009006.jpg,2,0,0,1
D:\Study Material\Sem VI\Projects\PBL2\RoadEye\dataset_crack\final_dataset_v5\train\images\sewer_defects_009048.jpg,1,1,1,1
D:\Study Material\Sem VI\Projects\PBL2\RoadEye\dataset_crack\final_dataset_v5\train\images\sewer_defects_009069.jpg,1,0,0,1
D:\Study Material\Sem VI\Projects\PBL2\RoadEye\dataset_crack\final_dataset_v5\train\images\sewer_defects_009081.jpg,1,0,0,1
D:\Study Material\Sem VI\Projects\PBL2\RoadEye\dataset_crack\final_dataset_v5\train\images\sewer_defects_009093.jpg,2,2,1,1
D:\Study Material\Sem VI\Projects\PBL2\RoadEye\dataset_crack\final_dataset_v5\train\images\sewer_defects_009167.jpg,2,1,1,1
D:\Study Material\Sem VI\Projects\PBL2\RoadEye\dataset_crack\final_dataset_v5\train\images\sewer_defects_009180.jpg,1,2,1,1
D:\Study Material\Sem VI\Projects\PBL2\RoadEye\dataset_crack\final_dataset_v5\train\images\sewer_defects_009210.jpg,1,0,0,1
D:\Study Material\Sem VI\Projects\PBL2\RoadEye\dataset_crack\final_dataset_v5\train\images\sewer_defects_009262.jpg,2,1,1,1
D:\Study Material\Sem VI\Projects\PBL2\RoadEye\dataset_crack\final_dataset_v5\train\images\sewer_defects_009275.jpg,2,0,0,1
D:\Study Material\Sem VI\Projects\PBL2\RoadEye\dataset_crack\final_dataset_v5\train\images\sewer_defects_009293.jpg,2,0,0,1
D:\Study Material\Sem VI\Projects\PBL2\RoadEye\dataset_crack\final_dataset_v5\train\images\sewer_defects_009317.jpg,1,0,0,1
D:\Study Material\Sem VI\Projects\PBL2\RoadEye\dataset_crack\final_dataset_v5\train\images\sewer_defects_009336.jpg,1,4,0,1
D:\Study Material\Sem VI\Projects\PBL2\RoadEye\dataset_crack\final_dataset_v5\train\images\sewer_defects_009361.jpg,0,1,1,1
D:\Study Material\Sem VI\Projects\PBL2\RoadEye\dataset_crack\final_dataset_v5\train\images\sewer_defects_009376.jpg,1,2,0,1
D:\Study Material\Sem VI\Projects\PBL2\RoadEye\dataset_crack\final_dataset_v5\train\images\sewer_defects_009395.jpg,2,0,0,1
D:\Study Material\Sem VI\Projects\PBL2\RoadEye\dataset_crack\final_dataset_v5\train\images\sewer_defects_009404.jpg,1,3,1,1
D:\Study Material\Sem VI\Projects\PBL2\RoadEye\dataset_crack\final_dataset_v5\train\images\sewer_defects_009427.jpg,2,0,0,1
D:\Study Material\Sem VI\Projects\PBL2\RoadEye\dataset_crack\final_dataset_v5\train\images\sewer_defects_009468.jpg,1,4,1,1
D:\Study Material\Sem VI\Projects\PBL2\RoadEye\dataset_crack\final_dataset_v5\train\images\sewer_defects_009472.jpg,0,1,0,0
D:\Study Material\Sem VI\Projects\PBL2\RoadEye\dataset_crack\final_dataset_v5\train\images\sewer_defects_009521.jpg,2,0,0,1
D:\Study Material\Sem VI\Projects\PBL2\RoadEye\dataset_crack\final_dataset_v5\train\images\sewer_defects_009540.jpg,1,0,0,1
D:\Study Material\Sem VI\Projects\PBL2\RoadEye\dataset_crack\final_dataset_v5\train\images\sewer_defects_009542.jpg,1,2,1,1
D:\Study Material\Sem VI\Projects\PBL2\RoadEye\dataset_crack\final_dataset_v5\train\images\sewer_defects_009697.jpg,2,2,1,1
D:\Study Material\Sem VI\Projects\PBL2\RoadEye\dataset_crack\final_dataset_v5\train\images\sewer_defects_009700.jpg,2,2,1,1
D:\Study Material\Sem VI\Projects\PBL2\RoadEye\dataset_crack\final_dataset_v5\train\images\sewer_defects_009737.jpg,2,3,1,1
D:\Study Material\Sem VI\Projects\PBL2\RoadEye\dataset_crack\final_dataset_v5\train\images\sewer_defects_009793.jpg,1,0,0,1
D:\Study Material\Sem VI\Projects\PBL2\RoadEye\dataset_crack\final_dataset_v5\train\images\sewer_defects_009856.jpg,2,0,0,1
D:\Study Material\Sem VI\Projects\PBL2\RoadEye\dataset_crack\final_dataset_v5\train\images\sewer_defects_009861.jpg,2,0,0,1
D:\Study Material\Sem VI\Projects\PBL2\RoadEye\dataset_crack\final_dataset_v5\train\images\sewer_defects_009866.jpg,2,1,1,1
D:\Study Material\Sem VI\Projects\PBL2\RoadEye\dataset_crack\final_dataset_v5\train\images\sewer_defects_009875.jpg,0,1,0,0
D:\Study Material\Sem VI\Projects\PBL2\RoadEye\dataset_crack\final_dataset_v5\train\images\sewer_defects_009908.jpg,1,0,0,1
D:\Study Material\Sem VI\Projects\PBL2\RoadEye\dataset_crack\final_dataset_v5\train\images\sewer_defects_009925.jpg,3,0,0,1
D:\Study Material\Sem VI\Projects\PBL2\RoadEye\dataset_crack\final_dataset_v5\train\images\sewer_defects_009960.jpg,1,0,0,1
D:\Study Material\Sem VI\Projects\PBL2\RoadEye\dataset_crack\final_dataset_v5\train\images\sewer_defects_010007.jpg,1,0,0,1
D:\Study Material\Sem VI\Projects\PBL2\RoadEye\dataset_crack\final_dataset_v5\train\images\sewer_defects_010074.jpg,1,2,0,1
D:\Study Material\Sem VI\Projects\PBL2\RoadEye\dataset_crack\final_dataset_v5\train\images\sewer_defects_010112.jpg,2,2,1,1
D:\Study Material\Sem VI\Projects\PBL2\RoadEye\dataset_crack\final_dataset_v5\train\images\sewer_defects_010119.jpg,1,0,0,1
D:\Study Material\Sem VI\Projects\PBL2\RoadEye\dataset_crack\final_dataset_v5\train\images\sewer_defects_010164.jpg,1,0,0,1
D:\Study Material\Sem VI\Projects\PBL2\RoadEye\dataset_crack\final_dataset_v5\train\images\sewer_defects_010245.jpg,1,0,0,1
D:\Study Material\Sem VI\Projects\PBL2\RoadEye\dataset_crack\final_dataset_v5\train\images\sewer_defects_010249.jpg,1,2,1,1
D:\Study Material\Sem VI\Projects\PBL2\RoadEye\dataset_crack\final_dataset_v5\train\images\sewer_defects_010265.jpg,1,0,0,1
D:\Study Material\Sem VI\Projects\PBL2\RoadEye\dataset_crack\final_dataset_v5\train\images\sewer_defects_010272.jpg,1,0,0,1
D:\Study Material\Sem VI\Projects\PBL2\RoadEye\dataset_crack\final_dataset_v5\train\images\sewer_defects_010353.jpg,1,0,0,1
D:\Study Material\Sem VI\Projects\PBL2\RoadEye\dataset_crack\final_dataset_v5\train\images\sewer_defects_010361.jpg,3,0,0,1
D:\Study Material\Sem VI\Projects\PBL2\RoadEye\dataset_crack\final_dataset_v5\train\images\sewer_defects_010402.jpg,1,0,0,1
D:\Study Material\Sem VI\Projects\PBL2\RoadEye\dataset_crack\final_dataset_v5\train\images\sewer_defects_010406.jpg,1,0,0,1
D:\Study Material\Sem VI\Projects\PBL2\RoadEye\dataset_crack\final_dataset_v5\train\images\sewer_defects_010420.jpg,1,1,1,1
D:\Study Material\Sem VI\Projects\PBL2\RoadEye\dataset_crack\final_dataset_v5\train\images\sewer_defects_010438.jpg,1,0,0,1
D:\Study Material\Sem VI\Projects\PBL2\RoadEye\dataset_crack\final_dataset_v5\train\images\sewer_defects_010450.jpg,3,0,0,1
D:\Study Material\Sem VI\Projects\PBL2\RoadEye\dataset_crack\final_dataset_v5\train\images\sewer_defects_010455.jpg,2,0,0,1
D:\Study Material\Sem VI\Projects\PBL2\RoadEye\dataset_crack\final_dataset_v5\train\images\sewer_defects_010470.jpg,3,0,0,1
D:\Study Material\Sem VI\Projects\PBL2\RoadEye\dataset_crack\final_dataset_v5\train\images\sewer_defects_010473.jpg,0,3,1,1
D:\Study Material\Sem VI\Projects\PBL2\RoadEye\dataset_crack\final_dataset_v5\train\images\sewer_defects_010477.jpg,1,2,1,1
D:\Study Material\Sem VI\Projects\PBL2\RoadEye\dataset_crack\final_dataset_v5\train\images\sewer_defects_010478.jpg,1,0,0,1
D:\Study Material\Sem VI\Projects\PBL2\RoadEye\dataset_crack\final_dataset_v5\train\images\sewer_defects_010514.jpg,2,2,1,1
D:\Study Material\Sem VI\Projects\PBL2\RoadEye\dataset_crack\final_dataset_v5\train\images\sewer_defects_010545.jpg,3,1,1,1
D:\Study Material\Sem VI\Projects\PBL2\RoadEye\dataset_crack\final_dataset_v5\train\images\sewer_defects_010561.jpg,2,0,0,1
D:\Study Material\Sem VI\Projects\PBL2\RoadEye\dataset_crack\final_dataset_v5\train\images\sewer_defects_010568.jpg,1,1,1,1
D:\Study Material\Sem VI\Projects\PBL2\RoadEye\dataset_crack\final_dataset_v5\train\images\sewer_defects_010586.jpg,3,4,0,1
D:\Study Material\Sem VI\Projects\PBL2\RoadEye\dataset_crack\final_dataset_v5\train\images\sewer_defects_010598.jpg,1,1,1,1
D:\Study Material\Sem VI\Projects\PBL2\RoadEye\dataset_crack\final_dataset_v5\train\images\sewer_defects_010627.jpg,0,2,1,1
D:\Study Material\Sem VI\Projects\PBL2\RoadEye\dataset_crack\final_dataset_v5\train\images\sewer_defects_010646.jpg,2,1,0,1
D:\Study Material\Sem VI\Projects\PBL2\RoadEye\dataset_crack\final_dataset_v5\train\images\sewer_defects_010660.jpg,2,3,1,1
D:\Study Material\Sem VI\Projects\PBL2\RoadEye\dataset_crack\final_dataset_v5\train\images\sewer_defects_010665.jpg,1,2,1,1
D:\Study Material\Sem VI\Projects\PBL2\RoadEye\dataset_crack\final_dataset_v5\train\images\sewer_defects_010678.jpg,1,0,0,1
D:\Study Material\Sem VI\Projects\PBL2\RoadEye\dataset_crack\final_dataset_v5\train\images\sewer_defects_010688.jpg,2,0,0,1
D:\Study Material\Sem VI\Projects\PBL2\RoadEye\dataset_crack\final_dataset_v5\train\images\sewer_defects_010698.jpg,1,0,0,1
D:\Study Material\Sem VI\Projects\PBL2\RoadEye\dataset_crack\final_dataset_v5\train\images\sewer_defects_010708.jpg,1,0,0,1
D:\Study Material\Sem VI\Projects\PBL2\RoadEye\dataset_crack\final_dataset_v5\train\images\sewer_defects_010714.jpg,1,0,0,1
D:\Study Material\Sem VI\Projects\PBL2\RoadEye\dataset_crack\final_dataset_v5\train\images\sewer_defects_010784.jpg,1,0,0,1
D:\Study Material\Sem VI\Projects\PBL2\RoadEye\dataset_crack\final_dataset_v5\train\images\sewer_defects_010810.jpg,2,0,0,1
D:\Study Material\Sem VI\Projects\PBL2\RoadEye\dataset_crack\final_dataset_v5\train\images\sewer_defects_010847.jpg,1,0,0,1
D:\Study Material\Sem VI\Projects\PBL2\RoadEye\dataset_crack\final_dataset_v5\train\images\sewer_defects_010910.jpg,2,1,1,1
D:\Study Material\Sem VI\Projects\PBL2\RoadEye\dataset_crack\final_dataset_v5\train\images\sewer_defects_010918.jpg,1,0,0,1
D:\Study Material\Sem VI\Projects\PBL2\RoadEye\dataset_crack\final_dataset_v5\train\images\sewer_defects_010990.jpg,1,0,0,1
D:\Study Material\Sem VI\Projects\PBL2\RoadEye\dataset_crack\final_dataset_v5\train\images\sewer_defects_010994.jpg,1,1,1,1
D:\Study Material\Sem VI\Projects\PBL2\RoadEye\dataset_crack\final_dataset_v5\train\images\sewer_defects_011007.jpg,0,1,1,1
D:\Study Material\Sem VI\Projects\PBL2\RoadEye\dataset_crack\final_dataset_v5\train\images\sewer_defects_011017.jpg,1,0,0,1
D:\Study Material\Sem VI\Projects\PBL2\RoadEye\dataset_crack\final_dataset_v5\train\images\sewer_defects_011053.jpg,1,0,0,1
D:\Study Material\Sem VI\Projects\PBL2\RoadEye\dataset_crack\final_dataset_v5\train\images\sewer_defects_011113.jpg,2,0,0,1
D:\Study Material\Sem VI\Projects\PBL2\RoadEye\dataset_crack\final_dataset_v5\train\images\sewer_defects_011143.jpg,2,1,1,1
D:\Study Material\Sem VI\Projects\PBL2\RoadEye\dataset_crack\final_dataset_v5\train\images\sewer_defects_011189.jpg,2,3,0,1
D:\Study Material\Sem VI\Projects\PBL2\RoadEye\dataset_crack\final_dataset_v5\train\images\sewer_defects_011254.jpg,4,2,1,1
D:\Study Material\Sem VI\Projects\PBL2\RoadEye\dataset_crack\final_dataset_v5\train\images\sewer_defects_011255.jpg,0,1,1,1
D:\Study Material\Sem VI\Projects\PBL2\RoadEye\dataset_crack\final_dataset_v5\train\images\sewer_defects_011290.jpg,1,0,0,1
D:\Study Material\Sem VI\Projects\PBL2\RoadEye\dataset_crack\final_dataset_v5\train\images\sewer_defects_011312.jpg,1,0,0,1
D:\Study Material\Sem VI\Projects\PBL2\RoadEye\dataset_crack\final_dataset_v5\train\images\sewer_defects_011324.jpg,1,0,0,1
D:\Study Material\Sem VI\Projects\PBL2\RoadEye\dataset_crack\final_dataset_v5\train\images\sewer_defects_011450.jpg,1,0,0,1
D:\Study Material\Sem VI\Projects\PBL2\RoadEye\dataset_crack\final_dataset_v5\train\images\sewer_defects_011518.jpg,2,1,1,1
D:\Study Material\Sem VI\Projects\PBL2\RoadEye\dataset_crack\final_dataset_v5\train\images\sewer_defects_011556.jpg,2,2,1,1
D:\Study Material\Sem VI\Projects\PBL2\RoadEye\dataset_crack\final_dataset_v5\train\images\sewer_defects_011573.jpg,1,0,0,1
D:\Study Material\Sem VI\Projects\PBL2\RoadEye\dataset_crack\final_dataset_v5\train\images\sewer_defects_011629.jpg,2,0,0,1
D:\Study Material\Sem VI\Projects\PBL2\RoadEye\dataset_crack\final_dataset_v5\train\images\sewer_defects_011648.jpg,1,0,0,1
D:\Study Material\Sem VI\Projects\PBL2\RoadEye\dataset_crack\final_dataset_v5\train\images\sewer_defects_011654.jpg,2,1,1,1
D:\Study Material\Sem VI\Projects\PBL2\RoadEye\dataset_crack\final_dataset_v5\train\images\sewer_defects_011681.jpg,1,0,0,1
D:\Study Material\Sem VI\Projects\PBL2\RoadEye\dataset_crack\final_dataset_v5\train\images\sewer_defects_011684.jpg,1,0,0,1
D:\Study Material\Sem VI\Projects\PBL2\RoadEye\dataset_crack\final_dataset_v5\train\images\sewer_defects_011688.jpg,1,0,0,1
D:\Study Material\Sem VI\Projects\PBL2\RoadEye\dataset_crack\final_dataset_v5\train\images\sewer_defects_011720.jpg,2,0,0,1
D:\Study Material\Sem VI\Projects\PBL2\RoadEye\dataset_crack\final_dataset_v5\train\images\sewer_defects_011775.jpg,0,1,1,1
D:\Study Material\Sem VI\Projects\PBL2\RoadEye\dataset_crack\final_dataset_v5\train\images\sewer_defects_011789.jpg,1,0,0,1
D:\Study Material\Sem VI\Projects\PBL2\RoadEye\dataset_crack\final_dataset_v5\train\images\sewer_defects_011808.jpg,1,1,0,1
D:\Study Material\Sem VI\Projects\PBL2\RoadEye\dataset_crack\final_dataset_v5\train\images\sewer_defects_011853.jpg,2,1,1,1
D:\Study Material\Sem VI\Projects\PBL2\RoadEye\dataset_crack\final_dataset_v5\train\images\sewer_defects_011857.jpg,1,0,0,1
D:\Study Material\Sem VI\Projects\PBL2\RoadEye\dataset_crack\final_dataset_v5\train\images\sewer_defects_011871.jpg,1,1,0,1
D:\Study Material\Sem VI\Projects\PBL2\RoadEye\dataset_crack\final_dataset_v5\train\images\sewer_defects_011873.jpg,2,1,1,1
D:\Study Material\Sem VI\Projects\PBL2\RoadEye\dataset_crack\final_dataset_v5\train\images\sewer_defects_011901.jpg,1,0,0,1
D:\Study Material\Sem VI\Projects\PBL2\RoadEye\dataset_crack\final_dataset_v5\train\images\sewer_defects_011925.jpg,0,1,0,0
D:\Study Material\Sem VI\Projects\PBL2\RoadEye\dataset_crack\final_dataset_v5\train\images\sewer_defects_011927.jpg,1,0,0,1
D:\Study Material\Sem VI\Projects\PBL2\RoadEye\dataset_crack\final_dataset_v5\train\images\sewer_defects_011970.jpg,2,4,1,1
D:\Study Material\Sem VI\Projects\PBL2\RoadEye\dataset_crack\final_dataset_v5\train\images\sewer_defects_012008.jpg,4,0,0,1
D:\Study Material\Sem VI\Projects\PBL2\RoadEye\dataset_crack\final_dataset_v5\train\images\sewer_defects_012010.jpg,1,0,0,1
D:\Study Material\Sem VI\Projects\PBL2\RoadEye\dataset_crack\final_dataset_v5\train\images\sewer_defects_012026.jpg,2,3,1,1
D:\Study Material\Sem VI\Projects\PBL2\RoadEye\dataset_crack\final_dataset_v5\train\images\sewer_defects_012047.jpg,1,0,0,1
D:\Study Material\Sem VI\Projects\PBL2\RoadEye\dataset_crack\final_dataset_v5\train\images\sewer_defects_012084.jpg,2,0,0,1
D:\Study Material\Sem VI\Projects\PBL2\RoadEye\dataset_crack\final_dataset_v5\train\images\sewer_defects_012103.jpg,2,0,0,1
D:\Study Material\Sem VI\Projects\PBL2\RoadEye\dataset_crack\final_dataset_v5\train\images\sewer_defects_012115.jpg,1,0,0,1
D:\Study Material\Sem VI\Projects\PBL2\RoadEye\dataset_crack\final_dataset_v5\train\images\sewer_defects_012121.jpg,2,0,0,1
D:\Study Material\Sem VI\Projects\PBL2\RoadEye\dataset_crack\final_dataset_v5\train\images\sewer_defects_012125.jpg,0,1,1,1
D:\Study Material\Sem VI\Projects\PBL2\RoadEye\dataset_crack\final_dataset_v5\train\images\sewer_defects_012193.jpg,2,0,0,1
D:\Study Material\Sem VI\Projects\PBL2\RoadEye\dataset_crack\final_dataset_v5\train\images\sewer_defects_012195.jpg,1,2,1,1
D:\Study Material\Sem VI\Projects\PBL2\RoadEye\dataset_crack\final_dataset_v5\train\images\sewer_defects_012235.jpg,2,1,1,1
D:\Study Material\Sem VI\Projects\PBL2\RoadEye\dataset_crack\final_dataset_v5\train\images\sewer_defects_012236.jpg,1,3,1,1
D:\Study Material\Sem VI\Projects\PBL2\RoadEye\dataset_crack\final_dataset_v5\train\images\sewer_defects_012238.jpg,1,0,0,1
D:\Study Material\Sem VI\Projects\PBL2\RoadEye\dataset_crack\final_dataset_v5\train\images\sewer_defects_012251.jpg,1,0,0,1
D:\Study Material\Sem VI\Projects\PBL2\RoadEye\dataset_crack\final_dataset_v5\train\images\sewer_defects_012260.jpg,2,0,0,1
D:\Study Material\Sem VI\Projects\PBL2\RoadEye\dataset_crack\final_dataset_v5\train\images\sewer_defects_012296.jpg,0,2,1,1
D:\Study Material\Sem VI\Projects\PBL2\RoadEye\dataset_crack\final_dataset_v5\train\images\sewer_defects_012327.jpg,2,2,1,1
D:\Study Material\Sem VI\Projects\PBL2\RoadEye\dataset_crack\final_dataset_v5\train\images\sewer_defects_012347.jpg,1,2,1,1
D:\Study Material\Sem VI\Projects\PBL2\RoadEye\dataset_crack\final_dataset_v5\train\images\sewer_defects_012381.jpg,2,0,0,1
D:\Study Material\Sem VI\Projects\PBL2\RoadEye\dataset_crack\final_dataset_v5\train\images\sewer_defects_012386.jpg,3,1,0,1
D:\Study Material\Sem VI\Projects\PBL2\RoadEye\dataset_crack\final_dataset_v5\train\images\sewer_defects_012390.jpg,1,0,0,1
D:\Study Material\Sem VI\Projects\PBL2\RoadEye\dataset_crack\final_dataset_v5\train\images\sewer_defects_012392.jpg,1,2,1,1
D:\Study Material\Sem VI\Projects\PBL2\RoadEye\dataset_crack\final_dataset_v5\train\images\sewer_defects_012478.jpg,2,1,1,1
D:\Study Material\Sem VI\Projects\PBL2\RoadEye\dataset_crack\final_dataset_v5\train\images\sewer_defects_012489.jpg,1,0,0,1
D:\Study Material\Sem VI\Projects\PBL2\RoadEye\dataset_crack\final_dataset_v5\train\images\sewer_defects_012499.jpg,2,2,1,1
D:\Study Material\Sem VI\Projects\PBL2\RoadEye\dataset_crack\final_dataset_v5\train\images\sewer_defects_012501.jpg,2,0,0,1
D:\Study Material\Sem VI\Projects\PBL2\RoadEye\dataset_crack\final_dataset_v5\train\images\sewer_defects_012518.jpg,1,0,0,1
D:\Study Material\Sem VI\Projects\PBL2\RoadEye\dataset_crack\final_dataset_v5\train\images\sewer_defects_012552.jpg,1,0,0,1
D:\Study Material\Sem VI\Projects\PBL2\RoadEye\dataset_crack\final_dataset_v5\train\images\sewer_defects_012557.jpg,2,1,1,1
D:\Study Material\Sem VI\Projects\PBL2\RoadEye\dataset_crack\final_dataset_v5\train\images\sewer_defects_012564.jpg,1,0,0,1
D:\Study Material\Sem VI\Projects\PBL2\RoadEye\dataset_crack\final_dataset_v5\train\images\sewer_defects_012568.jpg,1,0,0,1
D:\Study Material\Sem VI\Projects\PBL2\RoadEye\dataset_crack\final_dataset_v5\train\images\sewer_defects_012603.jpg,1,1,1,1
D:\Study Material\Sem VI\Projects\PBL2\RoadEye\dataset_crack\final_dataset_v5\train\images\sewer_defects_012607.jpg,2,1,1,1
D:\Study Material\Sem VI\Projects\PBL2\RoadEye\dataset_crack\final_dataset_v5\train\images\sewer_defects_012641.jpg,1,0,0,1
D:\Study Material\Sem VI\Projects\PBL2\RoadEye\dataset_crack\final_dataset_v5\train\images\sewer_defects_012726.jpg,1,0,0,1
D:\Study Material\Sem VI\Projects\PBL2\RoadEye\dataset_crack\final_dataset_v5\train\images\sewer_defects_012759.jpg,1,2,0,1
D:\Study Material\Sem VI\Projects\PBL2\RoadEye\dataset_crack\final_dataset_v5\train\images\sewer_defects_012791.jpg,1,0,0,1
D:\Study Material\Sem VI\Projects\PBL2\RoadEye\dataset_crack\final_dataset_v5\train\images\sewer_defects_012795.jpg,0,1,1,1
D:\Study Material\Sem VI\Projects\PBL2\RoadEye\dataset_crack\final_dataset_v5\train\images\sewer_defects_012804.jpg,1,0,0,1
D:\Study Material\Sem VI\Projects\PBL2\RoadEye\dataset_crack\final_dataset_v5\train\images\sewer_defects_012828.jpg,1,0,0,1
D:\Study Material\Sem VI\Projects\PBL2\RoadEye\dataset_crack\final_dataset_v5\train\images\sewer_defects_012847.jpg,2,0,0,1
D:\Study Material\Sem VI\Projects\PBL2\RoadEye\dataset_crack\final_dataset_v5\train\images\sewer_defects_012862.jpg,1,1,0,1
D:\Study Material\Sem VI\Projects\PBL2\RoadEye\dataset_crack\final_dataset_v5\train\images\sewer_defects_012882.jpg,3,1,0,1
D:\Study Material\Sem VI\Projects\PBL2\RoadEye\dataset_crack\final_dataset_v5\train\images\sewer_o8use_000007.jpg,1,0,0,1
D:\Study Material\Sem VI\Projects\PBL2\RoadEye\dataset_crack\final_dataset_v5\train\images\sewer_o8use_000067.jpg,1,0,0,1
D:\Study Material\Sem VI\Projects\PBL2\RoadEye\dataset_crack\final_dataset_v5\train\images\sewer_o8use_000080.jpg,1,0,0,1
D:\Study Material\Sem VI\Projects\PBL2\RoadEye\dataset_crack\final_dataset_v5\train\images\sewer_o8use_000109.jpg,1,0,0,1
D:\Study Material\Sem VI\Projects\PBL2\RoadEye\dataset_crack\final_dataset_v5\train\images\sewer_o8use_000158.jpg,1,1,0,1
D:\Study Material\Sem VI\Projects\PBL2\RoadEye\dataset_crack\final_dataset_v5\train\images\sewer_o8use_000214.jpg,1,0,0,1
D:\Study Material\Sem VI\Projects\PBL2\RoadEye\dataset_crack\final_dataset_v5\train\images\sewer_o8use_000225.jpg,1,0,0,1
D:\Study Material\Sem VI\Projects\PBL2\RoadEye\dataset_crack\final_dataset_v5\train\images\sewer_o8use_000229.jpg,1,0,0,1
D:\Study Material\Sem VI\Projects\PBL2\RoadEye\dataset_crack\final_dataset_v5\train\images\sewer_o8use_000240.jpg,1,0,0,1
D:\Study Material\Sem VI\Projects\PBL2\RoadEye\dataset_crack\final_dataset_v5\train\images\sewer_o8use_000265.jpg,0,1,1,1
D:\Study Material\Sem VI\Projects\PBL2\RoadEye\dataset_crack\final_dataset_v5\train\images\sewer_o8use_000281.jpg,0,1,1,1
D:\Study Material\Sem VI\Projects\PBL2\RoadEye\dataset_crack\final_dataset_v5\train\images\sewer_o8use_000295.jpg,1,0,0,1
D:\Study Material\Sem VI\Projects\PBL2\RoadEye\dataset_crack\final_dataset_v5\train\images\sewer_o8use_000315.jpg,1,0,0,1
D:\Study Material\Sem VI\Projects\PBL2\RoadEye\dataset_crack\final_dataset_v5\train\images\sewer_o8use_000321.jpg,1,0,0,1
D:\Study Material\Sem VI\Projects\PBL2\RoadEye\dataset_crack\final_dataset_v5\train\images\sewer_o8use_000333.jpg,1,0,0,1
D:\Study Material\Sem VI\Projects\PBL2\RoadEye\dataset_crack\final_dataset_v5\train\images\sewer_o8use_000336.jpg,0,1,0,0
D:\Study Material\Sem VI\Projects\PBL2\RoadEye\dataset_crack\final_dataset_v5\train\images\sewer_o8use_000344.jpg,1,0,0,1
D:\Study Material\Sem VI\Projects\PBL2\RoadEye\dataset_crack\final_dataset_v5\train\images\sewer_o8use_000389.jpg,0,1,1,1
D:\Study Material\Sem VI\Projects\PBL2\RoadEye\dataset_crack\final_dataset_v5\train\images\sewer_o8use_000392.jpg,1,0,0,1
D:\Study Material\Sem VI\Projects\PBL2\RoadEye\dataset_crack\final_dataset_v5\train\images\sewer_o8use_000453.jpg,1,0,0,1
D:\Study Material\Sem VI\Projects\PBL2\RoadEye\dataset_crack\final_dataset_v5\train\images\sewer_o8use_000473.jpg,1,0,0,1
D:\Study Material\Sem VI\Projects\PBL2\RoadEye\dataset_crack\final_dataset_v5\train\images\sewer_o8use_000500.jpg,0,1,1,1
D:\Study Material\Sem VI\Projects\PBL2\RoadEye\dataset_crack\final_dataset_v5\train\images\sewer_o8use_000504.jpg,1,0,0,1
D:\Study Material\Sem VI\Projects\PBL2\RoadEye\dataset_crack\final_dataset_v5\train\images\sewer_o8use_000505.jpg,1,0,0,1
D:\Study Material\Sem VI\Projects\PBL2\RoadEye\dataset_crack\final_dataset_v5\train\images\sewer_o8use_000507.jpg,1,0,0,1
D:\Study Material\Sem VI\Projects\PBL2\RoadEye\dataset_crack\final_dataset_v5\train\images\sewer_o8use_000514.jpg,1,0,0,1
D:\Study Material\Sem VI\Projects\PBL2\RoadEye\dataset_crack\final_dataset_v5\train\images\sewer_o8use_000515.jpg,1,0,0,1
D:\Study Material\Sem VI\Projects\PBL2\RoadEye\dataset_crack\final_dataset_v5\train\images\sewer_o8use_000539.jpg,1,1,1,1
D:\Study Material\Sem VI\Projects\PBL2\RoadEye\dataset_crack\final_dataset_v5\train\images\sewer_o8use_000550.jpg,1,0,0,1
D:\Study Material\Sem VI\Projects\PBL2\RoadEye\dataset_crack\final_dataset_v5\train\images\sewer_o8use_000567.jpg,1,0,0,1
D:\Study Material\Sem VI\Projects\PBL2\RoadEye\dataset_crack\final_dataset_v5\train\images\sewer_o8use_000605.jpg,0,1,1,1
D:\Study Material\Sem VI\Projects\PBL2\RoadEye\dataset_crack\final_dataset_v5\train\images\sewer_o8use_000613.jpg,1,0,0,1
D:\Study Material\Sem VI\Projects\PBL2\RoadEye\dataset_crack\final_dataset_v5\train\images\sewer_o8use_000620.jpg,1,0,0,1
D:\Study Material\Sem VI\Projects\PBL2\RoadEye\dataset_crack\final_dataset_v5\train\images\sewer_o8use_000624.jpg,1,0,0,1
D:\Study Material\Sem VI\Projects\PBL2\RoadEye\dataset_crack\final_dataset_v5\train\images\sewer_o8use_000629.jpg,1,0,0,1
D:\Study Material\Sem VI\Projects\PBL2\RoadEye\dataset_crack\final_dataset_v5\train\images\sewer_o8use_000667.jpg,2,0,0,1
D:\Study Material\Sem VI\Projects\PBL2\RoadEye\dataset_crack\final_dataset_v5\train\images\sewer_o8use_000692.jpg,1,0,0,1
D:\Study Material\Sem VI\Projects\PBL2\RoadEye\dataset_crack\final_dataset_v5\train\images\sewer_o8use_000702.jpg,1,0,0,1
D:\Study Material\Sem VI\Projects\PBL2\RoadEye\dataset_crack\final_dataset_v5\train\images\sewer_o8use_000714.jpg,1,0,0,1
D:\Study Material\Sem VI\Projects\PBL2\RoadEye\dataset_crack\final_dataset_v5\train\images\sewer_o8use_000756.jpg,1,0,0,1
D:\Study Material\Sem VI\Projects\PBL2\RoadEye\dataset_crack\final_dataset_v5\train\images\sewer_o8use_000800.jpg,0,1,1,1
D:\Study Material\Sem VI\Projects\PBL2\RoadEye\dataset_crack\final_dataset_v5\train\images\sewer_o8use_000805.jpg,1,0,0,1
D:\Study Material\Sem VI\Projects\PBL2\RoadEye\dataset_crack\final_dataset_v5\train\images\sewer_o8use_000815.jpg,1,0,0,1
D:\Study Material\Sem VI\Projects\PBL2\RoadEye\dataset_crack\final_dataset_v5\train\images\sewer_o8use_000824.jpg,1,0,0,1
D:\Study Material\Sem VI\Projects\PBL2\RoadEye\dataset_crack\final_dataset_v5\train\images\sewer_o8use_000833.jpg,1,0,0,1
D:\Study Material\Sem VI\Projects\PBL2\RoadEye\dataset_crack\final_dataset_v5\train\images\sewer_o8use_000843.jpg,2,0,0,1
D:\Study Material\Sem VI\Projects\PBL2\RoadEye\dataset_crack\final_dataset_v5\train\images\sewer_o8use_000845.jpg,2,0,0,1
D:\Study Material\Sem VI\Projects\PBL2\RoadEye\dataset_crack\final_dataset_v5\train\images\sewer_o8use_000855.jpg,1,0,0,1
D:\Study Material\Sem VI\Projects\PBL2\RoadEye\dataset_crack\final_dataset_v5\train\images\sewer_o8use_000863.jpg,1,0,0,1
D:\Study Material\Sem VI\Projects\PBL2\RoadEye\dataset_crack\final_dataset_v5\train\images\sewer_o8use_000911.jpg,1,0,0,1
D:\Study Material\Sem VI\Projects\PBL2\RoadEye\dataset_crack\final_dataset_v5\train\images\sewer_o8use_000912.jpg,1,0,0,1
D:\Study Material\Sem VI\Projects\PBL2\RoadEye\dataset_crack\final_dataset_v5\train\images\sewer_o8use_000922.jpg,0,1,1,1
D:\Study Material\Sem VI\Projects\PBL2\RoadEye\dataset_crack\final_dataset_v5\train\images\sewer_o8use_000938.jpg,1,0,0,1
D:\Study Material\Sem VI\Projects\PBL2\RoadEye\dataset_crack\final_dataset_v5\train\images\sewer_o8use_000959.jpg,1,1,1,1
D:\Study Material\Sem VI\Projects\PBL2\RoadEye\dataset_crack\final_dataset_v5\train\images\sewer_o8use_000962.jpg,1,1,1,1
D:\Study Material\Sem VI\Projects\PBL2\RoadEye\dataset_crack\final_dataset_v5\train\images\sewer_o8use_000999.jpg,1,0,0,1
D:\Study Material\Sem VI\Projects\PBL2\RoadEye\dataset_crack\final_dataset_v5\train\images\sewer_o8use_001030.jpg,1,0,0,1
D:\Study Material\Sem VI\Projects\PBL2\RoadEye\dataset_crack\final_dataset_v5\train\images\sewer_o8use_001033.jpg,1,0,0,1
D:\Study Material\Sem VI\Projects\PBL2\RoadEye\dataset_crack\final_dataset_v5\train\images\sewer_o8use_001047.jpg,0,1,1,1
D:\Study Material\Sem VI\Projects\PBL2\RoadEye\dataset_crack\final_dataset_v5\train\images\sewer_o8use_001050.jpg,1,0,0,1
D:\Study Material\Sem VI\Projects\PBL2\RoadEye\dataset_crack\final_dataset_v5\train\images\sewer_o8use_001051.jpg,1,0,0,1
D:\Study Material\Sem VI\Projects\PBL2\RoadEye\dataset_crack\final_dataset_v5\train\images\sewer_o8use_001094.jpg,1,0,0,1
D:\Study Material\Sem VI\Projects\PBL2\RoadEye\dataset_crack\final_dataset_v5\train\images\sewer_o8use_001115.jpg,2,1,0,1
D:\Study Material\Sem VI\Projects\PBL2\RoadEye\dataset_crack\final_dataset_v5\train\images\sewer_o8use_001125.jpg,2,0,0,1
D:\Study Material\Sem VI\Projects\PBL2\RoadEye\dataset_crack\final_dataset_v5\train\images\sewer_o8use_001133.jpg,1,0,0,1
D:\Study Material\Sem VI\Projects\PBL2\RoadEye\dataset_crack\final_dataset_v5\train\images\sewer_o8use_001139.jpg,1,0,0,1
D:\Study Material\Sem VI\Projects\PBL2\RoadEye\dataset_crack\final_dataset_v5\train\images\sewer_o8use_001142.jpg,1,0,0,1
D:\Study Material\Sem VI\Projects\PBL2\RoadEye\dataset_crack\final_dataset_v5\train\images\sewer_o8use_001154.jpg,0,1,0,0
D:\Study Material\Sem VI\Projects\PBL2\RoadEye\dataset_crack\final_dataset_v5\train\images\sewer_o8use_001174.jpg,1,0,0,1
D:\Study Material\Sem VI\Projects\PBL2\RoadEye\dataset_crack\final_dataset_v5\train\images\sewer_o8use_001187.jpg,0,1,1,1
D:\Study Material\Sem VI\Projects\PBL2\RoadEye\dataset_crack\final_dataset_v5\train\images\sewer_o8use_001195.jpg,1,0,0,1
D:\Study Material\Sem VI\Projects\PBL2\RoadEye\dataset_crack\final_dataset_v5\train\images\sewer_o8use_001200.jpg,2,0,0,1
D:\Study Material\Sem VI\Projects\PBL2\RoadEye\dataset_crack\final_dataset_v5\train\images\sewer_o8use_001205.jpg,1,0,0,1
D:\Study Material\Sem VI\Projects\PBL2\RoadEye\dataset_crack\final_dataset_v5\train\images\sewer_o8use_001224.jpg,1,0,0,1
D:\Study Material\Sem VI\Projects\PBL2\RoadEye\dataset_crack\final_dataset_v5\train\images\sewer_o8use_001251.jpg,1,0,0,1
D:\Study Material\Sem VI\Projects\PBL2\RoadEye\dataset_crack\final_dataset_v5\train\images\sewer_o8use_001257.jpg,1,0,0,1
D:\Study Material\Sem VI\Projects\PBL2\RoadEye\dataset_crack\final_dataset_v5\train\images\sewer_o8use_001278.jpg,1,0,0,1
D:\Study Material\Sem VI\Projects\PBL2\RoadEye\dataset_crack\final_dataset_v5\train\images\sewer_o8use_001312.jpg,0,1,0,0
D:\Study Material\Sem VI\Projects\PBL2\RoadEye\dataset_crack\final_dataset_v5\train\images\sewer_o8use_001369.jpg,1,1,1,1
D:\Study Material\Sem VI\Projects\PBL2\RoadEye\dataset_crack\final_dataset_v5\train\images\sewer_o8use_001373.jpg,0,1,1,1
D:\Study Material\Sem VI\Projects\PBL2\RoadEye\dataset_crack\final_dataset_v5\train\images\sewer_o8use_001393.jpg,1,0,0,1
D:\Study Material\Sem VI\Projects\PBL2\RoadEye\dataset_crack\final_dataset_v5\train\images\sewer_o8use_001418.jpg,1,0,0,1
D:\Study Material\Sem VI\Projects\PBL2\RoadEye\dataset_crack\final_dataset_v5\train\images\sewer_o8use_001446.jpg,1,0,0,1
D:\Study Material\Sem VI\Projects\PBL2\RoadEye\dataset_crack\final_dataset_v5\train\images\sewer_o8use_001489.jpg,1,0,0,1
D:\Study Material\Sem VI\Projects\PBL2\RoadEye\dataset_crack\final_dataset_v5\train\images\sewer_o8use_001496.jpg,1,0,0,1
D:\Study Material\Sem VI\Projects\PBL2\RoadEye\dataset_crack\final_dataset_v5\train\images\sewer_o8use_001536.jpg,1,0,0,1
D:\Study Material\Sem VI\Projects\PBL2\RoadEye\dataset_crack\final_dataset_v5\train\images\sewer_o8use_001544.jpg,1,0,0,1
D:\Study Material\Sem VI\Projects\PBL2\RoadEye\dataset_crack\final_dataset_v5\train\images\sewer_o8use_001552.jpg,0,1,1,1
D:\Study Material\Sem VI\Projects\PBL2\RoadEye\dataset_crack\final_dataset_v5\train\images\sewer_o8use_001583.jpg,1,0,0,1
D:\Study Material\Sem VI\Projects\PBL2\RoadEye\dataset_crack\final_dataset_v5\train\images\sewer_o8use_001584.jpg,0,1,1,1
D:\Study Material\Sem VI\Projects\PBL2\RoadEye\dataset_crack\final_dataset_v5\train\images\sewer_o8use_001598.jpg,1,1,0,1
D:\Study Material\Sem VI\Projects\PBL2\RoadEye\dataset_crack\final_dataset_v5\train\images\sewer_o8use_001616.jpg,0,1,1,1
D:\Study Material\Sem VI\Projects\PBL2\RoadEye\dataset_crack\final_dataset_v5\train\images\sewer_o8use_001617.jpg,1,1,1,1
D:\Study Material\Sem VI\Projects\PBL2\RoadEye\dataset_crack\final_dataset_v5\train\images\sewer_o8use_001635.jpg,0,1,1,1
D:\Study Material\Sem VI\Projects\PBL2\RoadEye\dataset_crack\final_dataset_v5\train\images\sewer_o8use_001708.jpg,1,0,0,1
D:\Study Material\Sem VI\Projects\PBL2\RoadEye\dataset_crack\final_dataset_v5\train\images\sewer_o8use_001741.jpg,1,0,0,1
D:\Study Material\Sem VI\Projects\PBL2\RoadEye\dataset_crack\final_dataset_v5\train\images\sewer_o8use_001743.jpg,1,0,0,1
D:\Study Material\Sem VI\Projects\PBL2\RoadEye\dataset_crack\final_dataset_v5\train\images\sewer_o8use_001747.jpg,1,0,0,1
D:\Study Material\Sem VI\Projects\PBL2\RoadEye\dataset_crack\final_dataset_v5\train\images\sewer_o8use_001781.jpg,0,1,0,0
D:\Study Material\Sem VI\Projects\PBL2\RoadEye\dataset_crack\final_dataset_v5\train\images\sewer_o8use_001789.jpg,0,1,1,1
D:\Study Material\Sem VI\Projects\PBL2\RoadEye\dataset_crack\final_dataset_v5\train\images\sewer_o8use_001812.jpg,1,0,0,1
D:\Study Material\Sem VI\Projects\PBL2\RoadEye\dataset_crack\final_dataset_v5\train\images\sewer_o8use_001817.jpg,1,0,0,1
D:\Study Material\Sem VI\Projects\PBL2\RoadEye\dataset_crack\final_dataset_v5\train\images\sewer_o8use_001818.jpg,1,0,0,1
D:\Study Material\Sem VI\Projects\PBL2\RoadEye\dataset_crack\final_dataset_v5\train\images\sewer_o8use_001838.jpg,1,0,0,1
D:\Study Material\Sem VI\Projects\PBL2\RoadEye\dataset_crack\final_dataset_v5\train\images\sewer_o8use_001857.jpg,1,1,1,1
D:\Study Material\Sem VI\Projects\PBL2\RoadEye\dataset_crack\final_dataset_v5\train\images\sewer_o8use_001859.jpg,1,1,0,1
D:\Study Material\Sem VI\Projects\PBL2\RoadEye\dataset_crack\final_dataset_v5\train\images\sewer_o8use_001862.jpg,1,0,0,1
D:\Study Material\Sem VI\Projects\PBL2\RoadEye\dataset_crack\final_dataset_v5\train\images\sewer_o8use_001871.jpg,0,1,1,1
D:\Study Material\Sem VI\Projects\PBL2\RoadEye\dataset_crack\final_dataset_v5\train\images\sewer_o8use_001896.jpg,1,0,0,1
D:\Study Material\Sem VI\Projects\PBL2\RoadEye\dataset_crack\final_dataset_v5\train\images\sewer_o8use_001929.jpg,2,0,0,1
D:\Study Material\Sem VI\Projects\PBL2\RoadEye\dataset_crack\final_dataset_v5\train\images\sewer_o8use_001936.jpg,1,0,0,1
D:\Study Material\Sem VI\Projects\PBL2\RoadEye\dataset_crack\final_dataset_v5\train\images\sewer_o8use_001958.jpg,1,0,0,1
D:\Study Material\Sem VI\Projects\PBL2\RoadEye\dataset_crack\final_dataset_v5\train\images\sewer_o8use_001971.jpg,2,0,0,1
D:\Study Material\Sem VI\Projects\PBL2\RoadEye\dataset_crack\final_dataset_v5\train\images\sewer_o8use_001988.jpg,0,1,0,0
D:\Study Material\Sem VI\Projects\PBL2\RoadEye\dataset_crack\final_dataset_v5\train\images\sewer_o8use_001990.jpg,0,1,1,1
D:\Study Material\Sem VI\Projects\PBL2\RoadEye\dataset_crack\final_dataset_v5\train\images\sewer_o8use_002008.jpg,1,0,0,1
D:\Study Material\Sem VI\Projects\PBL2\RoadEye\dataset_crack\final_dataset_v5\train\images\sewer_o8use_002043.jpg,1,0,0,1
D:\Study Material\Sem VI\Projects\PBL2\RoadEye\dataset_crack\final_dataset_v5\train\images\sewer_o8use_002052.jpg,1,0,0,1
D:\Study Material\Sem VI\Projects\PBL2\RoadEye\dataset_crack\final_dataset_v5\train\images\sewer_o8use_002053.jpg,0,1,1,1
D:\Study Material\Sem VI\Projects\PBL2\RoadEye\dataset_crack\final_dataset_v5\train\images\sewer_o8use_002061.jpg,0,1,1,1
D:\Study Material\Sem VI\Projects\PBL2\RoadEye\dataset_crack\final_dataset_v5\train\images\sewer_o8use_002087.jpg,1,0,0,1
D:\Study Material\Sem VI\Projects\PBL2\RoadEye\dataset_crack\final_dataset_v5\train\images\sewer_o8use_002108.jpg,1,0,0,1
D:\Study Material\Sem VI\Projects\PBL2\RoadEye\dataset_crack\final_dataset_v5\train\images\sewer_o8use_002119.jpg,1,0,0,1
D:\Study Material\Sem VI\Projects\PBL2\RoadEye\dataset_crack\final_dataset_v5\train\images\sewer_o8use_002142.jpg,1,0,0,1
D:\Study Material\Sem VI\Projects\PBL2\RoadEye\dataset_crack\final_dataset_v5\train\images\sewer_o8use_002146.jpg,1,0,0,1
D:\Study Material\Sem VI\Projects\PBL2\RoadEye\dataset_crack\final_dataset_v5\train\images\sewer_o8use_002148.jpg,1,1,0,1
D:\Study Material\Sem VI\Projects\PBL2\RoadEye\dataset_crack\final_dataset_v5\train\images\sewer_o8use_002171.jpg,1,0,0,1
D:\Study Material\Sem VI\Projects\PBL2\RoadEye\dataset_crack\final_dataset_v5\train\images\sewer_o8use_002176.jpg,1,0,0,1
D:\Study Material\Sem VI\Projects\PBL2\RoadEye\dataset_crack\final_dataset_v5\train\images\sewer_o8use_002205.jpg,0,1,1,1
D:\Study Material\Sem VI\Projects\PBL2\RoadEye\dataset_crack\final_dataset_v5\train\images\sewer_o8use_002217.jpg,1,0,0,1
D:\Study Material\Sem VI\Projects\PBL2\RoadEye\dataset_crack\final_dataset_v5\train\images\sewer_o8use_002218.jpg,1,1,1,1
D:\Study Material\Sem VI\Projects\PBL2\RoadEye\dataset_crack\final_dataset_v5\train\images\sewer_o8use_002226.jpg,1,0,0,1
D:\Study Material\Sem VI\Projects\PBL2\RoadEye\dataset_crack\final_dataset_v5\train\images\sewer_o8use_002236.jpg,1,0,0,1
D:\Study Material\Sem VI\Projects\PBL2\RoadEye\dataset_crack\final_dataset_v5\train\images\sewer_o8use_002241.jpg,1,0,0,1
D:\Study Material\Sem VI\Projects\PBL2\RoadEye\dataset_crack\final_dataset_v5\train\images\sewer_o8use_002268.jpg,0,1,1,1
D:\Study Material\Sem VI\Projects\PBL2\RoadEye\dataset_crack\final_dataset_v5\train\images\sewer_o8use_002288.jpg,1,0,0,1
D:\Study Material\Sem VI\Projects\PBL2\RoadEye\dataset_crack\final_dataset_v5\train\images\sewer_o8use_002306.jpg,1,0,0,1
D:\Study Material\Sem VI\Projects\PBL2\RoadEye\dataset_crack\final_dataset_v5\train\images\sewer_o8use_002309.jpg,1,0,0,1
D:\Study Material\Sem VI\Projects\PBL2\RoadEye\dataset_crack\final_dataset_v5\train\images\sewer_o8use_002320.jpg,1,0,0,1
D:\Study Material\Sem VI\Projects\PBL2\RoadEye\dataset_crack\final_dataset_v5\train\images\sewer_o8use_002326.jpg,2,1,1,1
D:\Study Material\Sem VI\Projects\PBL2\RoadEye\dataset_crack\final_dataset_v5\train\images\sewer_o8use_002358.jpg,1,1,1,1
D:\Study Material\Sem VI\Projects\PBL2\RoadEye\dataset_crack\final_dataset_v5\train\images\sewer_o8use_002361.jpg,1,0,0,1
D:\Study Material\Sem VI\Projects\PBL2\RoadEye\dataset_crack\final_dataset_v5\train\images\sewer_o8use_002362.jpg,0,1,1,1
D:\Study Material\Sem VI\Projects\PBL2\RoadEye\dataset_crack\final_dataset_v5\train\images\sewer_o8use_002395.jpg,0,1,1,1
D:\Study Material\Sem VI\Projects\PBL2\RoadEye\dataset_crack\final_dataset_v5\train\images\sewer_o8use_002458.jpg,1,0,0,1
D:\Study Material\Sem VI\Projects\PBL2\RoadEye\dataset_crack\final_dataset_v5\train\images\sewer_o8use_002486.jpg,1,0,0,1
D:\Study Material\Sem VI\Projects\PBL2\RoadEye\dataset_crack\final_dataset_v5\train\images\sewer_o8use_002487.jpg,1,0,0,1
D:\Study Material\Sem VI\Projects\PBL2\RoadEye\dataset_crack\final_dataset_v5\train\images\sewer_o8use_002502.jpg,1,1,1,1
D:\Study Material\Sem VI\Projects\PBL2\RoadEye\dataset_crack\final_dataset_v5\train\images\sewer_o8use_002504.jpg,0,1,0,0
D:\Study Material\Sem VI\Projects\PBL2\RoadEye\dataset_crack\final_dataset_v5\train\images\sewer_o8use_002535.jpg,1,0,0,1
D:\Study Material\Sem VI\Projects\PBL2\RoadEye\dataset_crack\final_dataset_v5\train\images\sewer_o8use_002541.jpg,1,1,1,1
D:\Study Material\Sem VI\Projects\PBL2\RoadEye\dataset_crack\final_dataset_v5\train\images\sewer_o8use_002543.jpg,1,0,0,1
D:\Study Material\Sem VI\Projects\PBL2\RoadEye\dataset_crack\final_dataset_v5\train\images\sewer_o8use_002552.jpg,1,1,0,1
D:\Study Material\Sem VI\Projects\PBL2\RoadEye\dataset_crack\final_dataset_v5\train\images\sewer_o8use_002559.jpg,1,1,1,1
D:\Study Material\Sem VI\Projects\PBL2\RoadEye\dataset_crack\final_dataset_v5\train\images\sewer_o8use_002596.jpg,1,0,0,1
D:\Study Material\Sem VI\Projects\PBL2\RoadEye\dataset_crack\final_dataset_v5\train\images\sewer_o8use_002613.jpg,0,1,1,1
D:\Study Material\Sem VI\Projects\PBL2\RoadEye\dataset_crack\final_dataset_v5\train\images\sewer_o8use_002626.jpg,1,0,0,1
D:\Study Material\Sem VI\Projects\PBL2\RoadEye\dataset_crack\final_dataset_v5\train\images\sewer_o8use_002634.jpg,1,0,0,1
D:\Study Material\Sem VI\Projects\PBL2\RoadEye\dataset_crack\final_dataset_v5\train\images\sewer_o8use_002662.jpg,1,0,0,1
D:\Study Material\Sem VI\Projects\PBL2\RoadEye\dataset_crack\final_dataset_v5\train\images\sewer_o8use_002671.jpg,0,1,1,1
D:\Study Material\Sem VI\Projects\PBL2\RoadEye\dataset_crack\final_dataset_v5\train\images\sewer_o8use_002687.jpg,0,1,1,1
D:\Study Material\Sem VI\Projects\PBL2\RoadEye\dataset_crack\final_dataset_v5\train\images\sewer_o8use_002693.jpg,1,0,0,1
D:\Study Material\Sem VI\Projects\PBL2\RoadEye\dataset_crack\final_dataset_v5\train\images\sewer_o8use_002699.jpg,1,0,0,1
D:\Study Material\Sem VI\Projects\PBL2\RoadEye\dataset_crack\final_dataset_v5\train\images\sewer_o8use_002717.jpg,1,0,0,1
D:\Study Material\Sem VI\Projects\PBL2\RoadEye\dataset_crack\final_dataset_v5\train\images\sewer_o8use_002738.jpg,2,1,1,1
D:\Study Material\Sem VI\Projects\PBL2\RoadEye\dataset_crack\final_dataset_v5\train\images\sewer_o8use_002742.jpg,1,0,0,1
D:\Study Material\Sem VI\Projects\PBL2\RoadEye\dataset_crack\final_dataset_v5\train\images\sewer_o8use_002745.jpg,1,0,0,1
D:\Study Material\Sem VI\Projects\PBL2\RoadEye\dataset_crack\final_dataset_v5\train\images\sewer_o8use_002747.jpg,0,1,0,0
D:\Study Material\Sem VI\Projects\PBL2\RoadEye\dataset_crack\final_dataset_v5\train\images\sewer_o8use_002753.jpg,1,1,1,1
D:\Study Material\Sem VI\Projects\PBL2\RoadEye\dataset_crack\final_dataset_v5\train\images\sewer_o8use_002766.jpg,1,0,0,1
D:\Study Material\Sem VI\Projects\PBL2\RoadEye\dataset_crack\final_dataset_v5\train\images\sewer_o8use_002774.jpg,1,0,0,1
D:\Study Material\Sem VI\Projects\PBL2\RoadEye\dataset_crack\final_dataset_v5\train\images\sewer_o8use_002789.jpg,1,0,0,1
D:\Study Material\Sem VI\Projects\PBL2\RoadEye\dataset_crack\final_dataset_v5\train\images\sewer_o8use_002794.jpg,1,0,0,1
D:\Study Material\Sem VI\Projects\PBL2\RoadEye\dataset_crack\final_dataset_v5\train\images\sewer_o8use_002796.jpg,1,0,0,1
D:\Study Material\Sem VI\Projects\PBL2\RoadEye\dataset_crack\final_dataset_v5\train\images\sewer_o8use_002815.jpg,2,0,0,1
D:\Study Material\Sem VI\Projects\PBL2\RoadEye\dataset_crack\final_dataset_v5\train\images\sewer_o8use_002863.jpg,1,1,1,1
D:\Study Material\Sem VI\Projects\PBL2\RoadEye\dataset_crack\final_dataset_v5\train\images\sewer_o8use_002893.jpg,1,0,0,1
D:\Study Material\Sem VI\Projects\PBL2\RoadEye\dataset_crack\final_dataset_v5\train\images\sewer_o8use_002911.jpg,1,0,0,1
D:\Study Material\Sem VI\Projects\PBL2\RoadEye\dataset_crack\final_dataset_v5\train\images\sewer_o8use_002916.jpg,2,1,1,1
D:\Study Material\Sem VI\Projects\PBL2\RoadEye\dataset_crack\final_dataset_v5\train\images\sewer_o8use_002920.jpg,1,0,0,1
D:\Study Material\Sem VI\Projects\PBL2\RoadEye\dataset_crack\final_dataset_v5\train\images\sewer_o8use_002937.jpg,1,0,0,1
D:\Study Material\Sem VI\Projects\PBL2\RoadEye\dataset_crack\final_dataset_v5\train\images\sewer_o8use_002944.jpg,1,0,0,1
D:\Study Material\Sem VI\Projects\PBL2\RoadEye\dataset_crack\final_dataset_v5\train\images\sewer_o8use_002946.jpg,1,1,1,1
D:\Study Material\Sem VI\Projects\PBL2\RoadEye\dataset_crack\final_dataset_v5\train\images\sewer_o8use_002952.jpg,1,0,0,1
D:\Study Material\Sem VI\Projects\PBL2\RoadEye\dataset_crack\final_dataset_v5\train\images\sewer_o8use_002955.jpg,1,0,0,1
D:\Study Material\Sem VI\Projects\PBL2\RoadEye\dataset_crack\final_dataset_v5\train\images\sewer_o8use_002992.jpg,1,0,0,1
D:\Study Material\Sem VI\Projects\PBL2\RoadEye\dataset_crack\final_dataset_v5\train\images\sewer_o8use_003014.jpg,1,0,0,1
D:\Study Material\Sem VI\Projects\PBL2\RoadEye\dataset_crack\final_dataset_v5\train\images\sewer_o8use_003037.jpg,1,1,1,1
D:\Study Material\Sem VI\Projects\PBL2\RoadEye\dataset_crack\final_dataset_v5\train\images\sewer_o8use_003064.jpg,3,0,0,1
D:\Study Material\Sem VI\Projects\PBL2\RoadEye\dataset_crack\final_dataset_v5\train\images\sewer_o8use_003084.jpg,1,0,0,1
D:\Study Material\Sem VI\Projects\PBL2\RoadEye\dataset_crack\final_dataset_v5\train\images\sewer_o8use_003097.jpg,0,1,1,1
D:\Study Material\Sem VI\Projects\PBL2\RoadEye\dataset_crack\final_dataset_v5\train\images\sewer_o8use_003138.jpg,0,1,1,1
D:\Study Material\Sem VI\Projects\PBL2\RoadEye\dataset_crack\final_dataset_v5\train\images\sewer_o8use_003141.jpg,0,1,1,1
D:\Study Material\Sem VI\Projects\PBL2\RoadEye\dataset_crack\final_dataset_v5\train\images\sewer_o8use_003207.jpg,1,0,0,1
D:\Study Material\Sem VI\Projects\PBL2\RoadEye\dataset_crack\final_dataset_v5\train\images\sewer_o8use_003217.jpg,1,1,0,1
D:\Study Material\Sem VI\Projects\PBL2\RoadEye\dataset_crack\final_dataset_v5\train\images\sewer_o8use_003223.jpg,0,1,1,1
D:\Study Material\Sem VI\Projects\PBL2\RoadEye\dataset_crack\final_dataset_v5\train\images\sewer_o8use_003228.jpg,1,0,0,1
D:\Study Material\Sem VI\Projects\PBL2\RoadEye\dataset_crack\final_dataset_v5\train\images\sewer_o8use_003237.jpg,1,1,1,1
D:\Study Material\Sem VI\Projects\PBL2\RoadEye\dataset_crack\final_dataset_v5\train\images\sewer_o8use_003260.jpg,1,0,0,1
D:\Study Material\Sem VI\Projects\PBL2\RoadEye\dataset_crack\final_dataset_v5\train\images\sewer_o8use_003274.jpg,1,0,0,1
D:\Study Material\Sem VI\Projects\PBL2\RoadEye\dataset_crack\final_dataset_v5\train\images\sewer_o8use_003276.jpg,0,1,1,1
D:\Study Material\Sem VI\Projects\PBL2\RoadEye\dataset_crack\final_dataset_v5\train\images\sewer_o8use_003327.jpg,1,0,0,1
D:\Study Material\Sem VI\Projects\PBL2\RoadEye\dataset_crack\final_dataset_v5\train\images\sewer_o8use_003340.jpg,1,0,0,1
D:\Study Material\Sem VI\Projects\PBL2\RoadEye\dataset_crack\final_dataset_v5\train\images\sewer_o8use_003348.jpg,1,0,0,1
D:\Study Material\Sem VI\Projects\PBL2\RoadEye\dataset_crack\final_dataset_v5\train\images\sewer_o8use_003384.jpg,1,0,0,1
D:\Study Material\Sem VI\Projects\PBL2\RoadEye\dataset_crack\final_dataset_v5\train\images\sewer_o8use_003391.jpg,1,0,0,1
D:\Study Material\Sem VI\Projects\PBL2\RoadEye\dataset_crack\final_dataset_v5\train\images\sewer_o8use_003408.jpg,1,0,0,1
D:\Study Material\Sem VI\Projects\PBL2\RoadEye\dataset_crack\final_dataset_v5\train\images\sewer_o8use_003415.jpg,1,0,0,1
D:\Study Material\Sem VI\Projects\PBL2\RoadEye\dataset_crack\final_dataset_v5\train\images\sewer_o8use_003433.jpg,1,0,0,1
D:\Study Material\Sem VI\Projects\PBL2\RoadEye\dataset_crack\final_dataset_v5\train\images\sewer_o8use_003450.jpg,1,0,0,1
D:\Study Material\Sem VI\Projects\PBL2\RoadEye\dataset_crack\final_dataset_v5\train\images\sewer_o8use_003457.jpg,1,0,0,1
D:\Study Material\Sem VI\Projects\PBL2\RoadEye\dataset_crack\final_dataset_v5\train\images\sewer_o8use_003458.jpg,1,0,0,1
D:\Study Material\Sem VI\Projects\PBL2\RoadEye\dataset_crack\final_dataset_v5\train\images\sewer_o8use_003467.jpg,0,1,1,1
D:\Study Material\Sem VI\Projects\PBL2\RoadEye\dataset_crack\final_dataset_v5\train\images\sewer_o8use_003470.jpg,1,0,0,1
D:\Study Material\Sem VI\Projects\PBL2\RoadEye\dataset_crack\final_dataset_v5\train\images\sewer_o8use_003500.jpg,2,1,1,1
D:\Study Material\Sem VI\Projects\PBL2\RoadEye\dataset_crack\final_dataset_v5\train\images\sewer_o8use_003506.jpg,1,0,0,1
D:\Study Material\Sem VI\Projects\PBL2\RoadEye\dataset_crack\final_dataset_v5\train\images\sewer_o8use_003512.jpg,1,0,0,1
D:\Study Material\Sem VI\Projects\PBL2\RoadEye\dataset_crack\final_dataset_v5\train\images\sewer_o8use_003536.jpg,1,0,0,1
D:\Study Material\Sem VI\Projects\PBL2\RoadEye\dataset_crack\final_dataset_v5\train\images\sewer_o8use_003665.jpg,1,0,0,1
D:\Study Material\Sem VI\Projects\PBL2\RoadEye\dataset_crack\final_dataset_v5\train\images\sewer_o8use_003685.jpg,1,0,0,1
D:\Study Material\Sem VI\Projects\PBL2\RoadEye\dataset_crack\final_dataset_v5\train\images\sewer_o8use_003731.jpg,1,0,0,1
D:\Study Material\Sem VI\Projects\PBL2\RoadEye\dataset_crack\final_dataset_v5\train\images\sewer_o8use_003777.jpg,1,0,0,1
D:\Study Material\Sem VI\Projects\PBL2\RoadEye\dataset_crack\final_dataset_v5\train\images\sewer_o8use_003799.jpg,1,1,1,1
D:\Study Material\Sem VI\Projects\PBL2\RoadEye\dataset_crack\final_dataset_v5\train\images\sewer_o8use_003809.jpg,1,0,0,1
D:\Study Material\Sem VI\Projects\PBL2\RoadEye\dataset_crack\final_dataset_v5\train\images\sewer_o8use_003882.jpg,1,0,0,1
D:\Study Material\Sem VI\Projects\PBL2\RoadEye\dataset_crack\final_dataset_v5\train\images\sewer_o8use_003899.jpg,1,1,1,1
D:\Study Material\Sem VI\Projects\PBL2\RoadEye\dataset_crack\final_dataset_v5\train\images\sewer_o8use_003911.jpg,1,0,0,1
D:\Study Material\Sem VI\Projects\PBL2\RoadEye\dataset_crack\final_dataset_v5\train\images\sewer_o8use_003921.jpg,1,0,0,1
D:\Study Material\Sem VI\Projects\PBL2\RoadEye\dataset_crack\final_dataset_v5\train\images\sewer_o8use_003930.jpg,0,1,0,0
D:\Study Material\Sem VI\Projects\PBL2\RoadEye\dataset_crack\final_dataset_v5\train\images\sewer_o8use_003931.jpg,1,0,0,1
D:\Study Material\Sem VI\Projects\PBL2\RoadEye\dataset_crack\final_dataset_v5\train\images\sewer_o8use_003936.jpg,1,0,0,1
D:\Study Material\Sem VI\Projects\PBL2\RoadEye\dataset_crack\final_dataset_v5\train\images\sewer_o8use_003937.jpg,0,1,1,1
D:\Study Material\Sem VI\Projects\PBL2\RoadEye\dataset_crack\final_dataset_v5\train\images\sewer_o8use_003943.jpg,1,0,0,1
D:\Study Material\Sem VI\Projects\PBL2\RoadEye\dataset_crack\final_dataset_v5\train\images\sewer_o8use_003991.jpg,0,1,1,1
D:\Study Material\Sem VI\Projects\PBL2\RoadEye\dataset_crack\final_dataset_v5\train\images\sewer_o8use_003993.jpg,1,0,0,1
D:\Study Material\Sem VI\Projects\PBL2\RoadEye\dataset_crack\final_dataset_v5\train\images\sewer_o8use_003995.jpg,1,1,1,1
D:\Study Material\Sem VI\Projects\PBL2\RoadEye\dataset_crack\final_dataset_v5\train\images\sewer_o8use_004003.jpg,1,0,0,1
D:\Study Material\Sem VI\Projects\PBL2\RoadEye\dataset_crack\final_dataset_v5\train\images\sewer_o8use_004027.jpg,1,0,0,1
D:\Study Material\Sem VI\Projects\PBL2\RoadEye\dataset_crack\final_dataset_v5\train\images\sewer_o8use_004033.jpg,1,0,0,1
D:\Study Material\Sem VI\Projects\PBL2\RoadEye\dataset_crack\final_dataset_v5\train\images\sewer_o8use_004044.jpg,0,1,0,0
D:\Study Material\Sem VI\Projects\PBL2\RoadEye\dataset_crack\final_dataset_v5\train\images\sewer_o8use_004053.jpg,1,1,1,1
D:\Study Material\Sem VI\Projects\PBL2\RoadEye\dataset_crack\final_dataset_v5\train\images\sewer_o8use_004054.jpg,0,1,0,0
D:\Study Material\Sem VI\Projects\PBL2\RoadEye\dataset_crack\final_dataset_v5\train\images\sewer_o8use_004062.jpg,1,0,0,1
D:\Study Material\Sem VI\Projects\PBL2\RoadEye\dataset_crack\final_dataset_v5\train\images\sewer_o8use_004119.jpg,0,2,1,1
D:\Study Material\Sem VI\Projects\PBL2\RoadEye\dataset_crack\final_dataset_v5\train\images\sewer_o8use_004120.jpg,1,0,0,1
D:\Study Material\Sem VI\Projects\PBL2\RoadEye\dataset_crack\final_dataset_v5\train\images\sewer_o8use_004122.jpg,2,1,0,1
D:\Study Material\Sem VI\Projects\PBL2\RoadEye\dataset_crack\final_dataset_v5\train\images\sewer_o8use_004131.jpg,1,0,0,1
D:\Study Material\Sem VI\Projects\PBL2\RoadEye\dataset_crack\final_dataset_v5\train\images\sewer_o8use_004172.jpg,0,1,1,1
D:\Study Material\Sem VI\Projects\PBL2\RoadEye\dataset_crack\final_dataset_v5\train\images\sewer_o8use_004207.jpg,2,0,0,1
D:\Study Material\Sem VI\Projects\PBL2\RoadEye\dataset_crack\final_dataset_v5\train\images\sewer_o8use_004218.jpg,1,0,0,1
D:\Study Material\Sem VI\Projects\PBL2\RoadEye\dataset_crack\final_dataset_v5\train\images\sewer_o8use_004237.jpg,1,0,0,1
D:\Study Material\Sem VI\Projects\PBL2\RoadEye\dataset_crack\final_dataset_v5\train\images\sewer_o8use_004264.jpg,1,0,0,1
D:\Study Material\Sem VI\Projects\PBL2\RoadEye\dataset_crack\final_dataset_v5\train\images\sewer_o8use_004274.jpg,0,1,0,0
D:\Study Material\Sem VI\Projects\PBL2\RoadEye\dataset_crack\final_dataset_v5\train\images\sewer_o8use_004315.jpg,0,2,0,0
D:\Study Material\Sem VI\Projects\PBL2\RoadEye\dataset_crack\final_dataset_v5\train\images\sewer_o8use_004318.jpg,0,1,0,0
D:\Study Material\Sem VI\Projects\PBL2\RoadEye\dataset_crack\final_dataset_v5\train\images\sewer_o8use_004350.jpg,1,0,0,1
D:\Study Material\Sem VI\Projects\PBL2\RoadEye\dataset_crack\final_dataset_v5\train\images\sewer_o8use_004393.jpg,1,0,0,1
D:\Study Material\Sem VI\Projects\PBL2\RoadEye\dataset_crack\final_dataset_v5\train\images\sewer_o8use_004396.jpg,1,0,0,1
D:\Study Material\Sem VI\Projects\PBL2\RoadEye\dataset_crack\final_dataset_v5\train\images\sewer_o8use_004399.jpg,0,1,0,0
D:\Study Material\Sem VI\Projects\PBL2\RoadEye\dataset_crack\final_dataset_v5\train\images\sewer_o8use_004439.jpg,1,0,0,1
D:\Study Material\Sem VI\Projects\PBL2\RoadEye\dataset_crack\final_dataset_v5\train\images\sewer_o8use_004547.jpg,2,0,0,1
D:\Study Material\Sem VI\Projects\PBL2\RoadEye\dataset_crack\final_dataset_v5\train\images\sewer_o8use_004561.jpg,1,0,0,1
D:\Study Material\Sem VI\Projects\PBL2\RoadEye\dataset_crack\final_dataset_v5\train\images\sewer_o8use_004585.jpg,1,0,0,1
D:\Study Material\Sem VI\Projects\PBL2\RoadEye\dataset_crack\final_dataset_v5\train\images\sewer_o8use_004596.jpg,0,1,1,1
D:\Study Material\Sem VI\Projects\PBL2\RoadEye\dataset_crack\final_dataset_v5\train\images\sewer_o8use_004607.jpg,0,1,1,1
D:\Study Material\Sem VI\Projects\PBL2\RoadEye\dataset_crack\final_dataset_v5\train\images\sewer_o8use_004662.jpg,1,0,0,1
D:\Study Material\Sem VI\Projects\PBL2\RoadEye\dataset_crack\final_dataset_v5\train\images\sewer_o8use_004690.jpg,1,0,0,1
D:\Study Material\Sem VI\Projects\PBL2\RoadEye\dataset_crack\final_dataset_v5\train\images\sewer_o8use_004691.jpg,1,0,0,1
D:\Study Material\Sem VI\Projects\PBL2\RoadEye\dataset_crack\final_dataset_v5\train\images\sewer_o8use_004711.jpg,1,0,0,1
D:\Study Material\Sem VI\Projects\PBL2\RoadEye\dataset_crack\final_dataset_v5\train\images\sewer_o8use_004732.jpg,1,0,0,1
D:\Study Material\Sem VI\Projects\PBL2\RoadEye\dataset_crack\final_dataset_v5\train\images\sewer_o8use_004735.jpg,1,1,1,1
D:\Study Material\Sem VI\Projects\PBL2\RoadEye\dataset_crack\final_dataset_v5\train\images\sewer_o8use_004739.jpg,1,0,0,1
D:\Study Material\Sem VI\Projects\PBL2\RoadEye\dataset_crack\final_dataset_v5\train\images\sewer_o8use_004754.jpg,1,0,0,1
D:\Study Material\Sem VI\Projects\PBL2\RoadEye\dataset_crack\final_dataset_v5\train\images\sewer_o8use_004810.jpg,1,1,1,1
D:\Study Material\Sem VI\Projects\PBL2\RoadEye\dataset_crack\final_dataset_v5\train\images\sewer_o8use_004840.jpg,1,0,0,1
D:\Study Material\Sem VI\Projects\PBL2\RoadEye\dataset_crack\final_dataset_v5\train\images\sewer_o8use_004851.jpg,1,1,1,1
D:\Study Material\Sem VI\Projects\PBL2\RoadEye\dataset_crack\final_dataset_v5\train\images\sewer_o8use_004871.jpg,0,1,0,0
D:\Study Material\Sem VI\Projects\PBL2\RoadEye\dataset_crack\final_dataset_v5\train\images\sewer_o8use_004877.jpg,1,0,0,1
D:\Study Material\Sem VI\Projects\PBL2\RoadEye\dataset_crack\final_dataset_v5\train\images\sewer_o8use_004878.jpg,1,0,0,1
D:\Study Material\Sem VI\Projects\PBL2\RoadEye\dataset_crack\final_dataset_v5\train\images\sewer_o8use_004898.jpg,2,0,0,1
D:\Study Material\Sem VI\Projects\PBL2\RoadEye\dataset_crack\final_dataset_v5\train\images\sewer_o8use_004901.jpg,1,0,0,1
D:\Study Material\Sem VI\Projects\PBL2\RoadEye\dataset_crack\final_dataset_v5\train\images\sewer_o8use_004903.jpg,2,1,1,1
D:\Study Material\Sem VI\Projects\PBL2\RoadEye\dataset_crack\final_dataset_v5\train\images\sewer_o8use_004904.jpg,1,0,0,1
D:\Study Material\Sem VI\Projects\PBL2\RoadEye\dataset_crack\final_dataset_v5\train\images\sewer_o8use_004913.jpg,1,1,1,1
D:\Study Material\Sem VI\Projects\PBL2\RoadEye\dataset_crack\final_dataset_v5\train\images\sewer_o8use_004977.jpg,1,0,0,1
D:\Study Material\Sem VI\Projects\PBL2\RoadEye\dataset_crack\final_dataset_v5\train\images\sewer_o8use_004981.jpg,1,0,0,1
D:\Study Material\Sem VI\Projects\PBL2\RoadEye\dataset_crack\final_dataset_v5\train\images\sewer_o8use_004983.jpg,1,0,0,1
D:\Study Material\Sem VI\Projects\PBL2\RoadEye\dataset_crack\final_dataset_v5\train\images\sewer_o8use_004990.jpg,1,0,0,1
D:\Study Material\Sem VI\Projects\PBL2\RoadEye\dataset_crack\final_dataset_v5\train\images\sewer_o8use_004991.jpg,1,0,0,1
D:\Study Material\Sem VI\Projects\PBL2\RoadEye\dataset_crack\final_dataset_v5\train\images\sewer_o8use_005010.jpg,1,0,0,1
D:\Study Material\Sem VI\Projects\PBL2\RoadEye\dataset_crack\final_dataset_v5\train\images\sewer_o8use_005013.jpg,0,1,1,1
D:\Study Material\Sem VI\Projects\PBL2\RoadEye\dataset_crack\final_dataset_v5\train\images\sewer_o8use_005065.jpg,1,0,0,1
D:\Study Material\Sem VI\Projects\PBL2\RoadEye\dataset_crack\final_dataset_v5\train\images\sewer_o8use_005089.jpg,0,1,1,1
D:\Study Material\Sem VI\Projects\PBL2\RoadEye\dataset_crack\final_dataset_v5\train\images\sewer_o8use_005092.jpg,1,0,0,1
D:\Study Material\Sem VI\Projects\PBL2\RoadEye\dataset_crack\final_dataset_v5\train\images\sewer_o8use_005098.jpg,1,0,0,1
D:\Study Material\Sem VI\Projects\PBL2\RoadEye\dataset_crack\final_dataset_v5\train\images\sewer_o8use_005102.jpg,1,0,0,1
D:\Study Material\Sem VI\Projects\PBL2\RoadEye\dataset_crack\final_dataset_v5\train\images\sewer_o8use_005106.jpg,1,0,0,1
D:\Study Material\Sem VI\Projects\PBL2\RoadEye\dataset_crack\final_dataset_v5\train\images\sewer_o8use_005111.jpg,1,0,0,1
D:\Study Material\Sem VI\Projects\PBL2\RoadEye\dataset_crack\final_dataset_v5\train\images\sewer_o8use_005145.jpg,0,1,1,1
D:\Study Material\Sem VI\Projects\PBL2\RoadEye\dataset_crack\final_dataset_v5\train\images\sewer_o8use_005147.jpg,1,0,0,1
D:\Study Material\Sem VI\Projects\PBL2\RoadEye\dataset_crack\final_dataset_v5\train\images\sewer_o8use_005156.jpg,1,0,0,1
D:\Study Material\Sem VI\Projects\PBL2\RoadEye\dataset_crack\final_dataset_v5\train\images\sewer_o8use_005160.jpg,0,1,1,1
D:\Study Material\Sem VI\Projects\PBL2\RoadEye\dataset_crack\final_dataset_v5\train\images\sewer_o8use_005168.jpg,0,1,1,1
D:\Study Material\Sem VI\Projects\PBL2\RoadEye\dataset_crack\final_dataset_v5\train\images\sewer_o8use_005195.jpg,1,0,0,1
D:\Study Material\Sem VI\Projects\PBL2\RoadEye\dataset_crack\final_dataset_v5\train\images\sewer_o8use_005201.jpg,1,0,0,1
D:\Study Material\Sem VI\Projects\PBL2\RoadEye\dataset_crack\final_dataset_v5\train\images\sewer_o8use_005205.jpg,1,0,0,1
D:\Study Material\Sem VI\Projects\PBL2\RoadEye\dataset_crack\final_dataset_v5\train\images\sewer_o8use_005239.jpg,1,0,0,1
D:\Study Material\Sem VI\Projects\PBL2\RoadEye\dataset_crack\final_dataset_v5\train\images\sewer_o8use_005265.jpg,1,0,0,1
D:\Study Material\Sem VI\Projects\PBL2\RoadEye\dataset_crack\final_dataset_v5\train\images\sewer_o8use_005293.jpg,1,0,0,1
D:\Study Material\Sem VI\Projects\PBL2\RoadEye\dataset_crack\final_dataset_v5\train\images\sewer_o8use_005295.jpg,0,1,1,1
D:\Study Material\Sem VI\Projects\PBL2\RoadEye\dataset_crack\final_dataset_v5\train\images\sewer_o8use_005327.jpg,1,0,0,1
D:\Study Material\Sem VI\Projects\PBL2\RoadEye\dataset_crack\final_dataset_v5\train\images\sewer_o8use_005332.jpg,0,1,1,1
D:\Study Material\Sem VI\Projects\PBL2\RoadEye\dataset_crack\final_dataset_v5\train\images\sewer_o8use_005354.jpg,1,0,0,1
D:\Study Material\Sem VI\Projects\PBL2\RoadEye\dataset_crack\final_dataset_v5\train\images\sewer_o8use_005361.jpg,1,1,1,1
D:\Study Material\Sem VI\Projects\PBL2\RoadEye\dataset_crack\final_dataset_v5\train\images\sewer_o8use_005363.jpg,1,0,0,1
D:\Study Material\Sem VI\Projects\PBL2\RoadEye\dataset_crack\final_dataset_v5\train\images\sewer_o8use_005383.jpg,1,1,1,1
D:\Study Material\Sem VI\Projects\PBL2\RoadEye\dataset_crack\final_dataset_v5\train\images\sewer_o8use_005393.jpg,2,0,0,1
D:\Study Material\Sem VI\Projects\PBL2\RoadEye\dataset_crack\final_dataset_v5\train\images\sewer_o8use_005397.jpg,1,0,0,1
D:\Study Material\Sem VI\Projects\PBL2\RoadEye\dataset_crack\final_dataset_v5\train\images\sewer_o8use_005405.jpg,1,0,0,1
D:\Study Material\Sem VI\Projects\PBL2\RoadEye\dataset_crack\final_dataset_v5\train\images\sewer_o8use_005410.jpg,0,1,1,1
D:\Study Material\Sem VI\Projects\PBL2\RoadEye\dataset_crack\final_dataset_v5\train\images\sewer_o8use_005423.jpg,0,2,0,0
D:\Study Material\Sem VI\Projects\PBL2\RoadEye\dataset_crack\final_dataset_v5\train\images\sewer_o8use_005450.jpg,1,0,0,1
D:\Study Material\Sem VI\Projects\PBL2\RoadEye\dataset_crack\final_dataset_v5\train\images\sewer_o8use_005453.jpg,1,0,0,1
D:\Study Material\Sem VI\Projects\PBL2\RoadEye\dataset_crack\final_dataset_v5\train\images\sewer_o8use_005487.jpg,1,0,0,1
D:\Study Material\Sem VI\Projects\PBL2\RoadEye\dataset_crack\final_dataset_v5\train\images\sewer_o8use_005516.jpg,1,0,0,1
D:\Study Material\Sem VI\Projects\PBL2\RoadEye\dataset_crack\final_dataset_v5\train\images\sewer_o8use_005541.jpg,1,0,0,1
D:\Study Material\Sem VI\Projects\PBL2\RoadEye\dataset_crack\final_dataset_v5\train\images\sewer_o8use_005554.jpg,1,0,0,1
D:\Study Material\Sem VI\Projects\PBL2\RoadEye\dataset_crack\final_dataset_v5\train\images\sewer_o8use_005564.jpg,1,0,0,1
D:\Study Material\Sem VI\Projects\PBL2\RoadEye\dataset_crack\final_dataset_v5\train\images\sewer_o8use_005607.jpg,1,1,1,1
D:\Study Material\Sem VI\Projects\PBL2\RoadEye\dataset_crack\final_dataset_v5\train\images\sewer_o8use_005649.jpg,1,0,0,1
D:\Study Material\Sem VI\Projects\PBL2\RoadEye\dataset_crack\final_dataset_v5\train\images\sewer_o8use_005660.jpg,2,0,0,1
D:\Study Material\Sem VI\Projects\PBL2\RoadEye\dataset_crack\final_dataset_v5\train\images\sewer_o8use_005680.jpg,1,0,0,1
D:\Study Material\Sem VI\Projects\PBL2\RoadEye\dataset_crack\final_dataset_v5\train\images\sewer_o8use_005693.jpg,0,1,1,1
D:\Study Material\Sem VI\Projects\PBL2\RoadEye\dataset_crack\final_dataset_v5\train\images\sewer_o8use_005695.jpg,1,0,0,1
D:\Study Material\Sem VI\Projects\PBL2\RoadEye\dataset_crack\final_dataset_v5\train\images\sewer_o8use_005707.jpg,1,1,1,1
D:\Study Material\Sem VI\Projects\PBL2\RoadEye\dataset_crack\final_dataset_v5\train\images\sewer_o8use_005719.jpg,1,0,0,1
D:\Study Material\Sem VI\Projects\PBL2\RoadEye\dataset_crack\final_dataset_v5\train\images\sewer_o8use_005720.jpg,1,0,0,1
D:\Study Material\Sem VI\Projects\PBL2\RoadEye\dataset_crack\final_dataset_v5\train\images\sewer_o8use_005722.jpg,0,1,1,1
D:\Study Material\Sem VI\Projects\PBL2\RoadEye\dataset_crack\final_dataset_v5\train\images\sewer_o8use_005734.jpg,1,0,0,1
D:\Study Material\Sem VI\Projects\PBL2\RoadEye\dataset_crack\final_dataset_v5\train\images\sewer_o8use_005762.jpg,1,0,0,1
D:\Study Material\Sem VI\Projects\PBL2\RoadEye\dataset_crack\final_dataset_v5\train\images\sewer_o8use_005792.jpg,1,0,0,1
D:\Study Material\Sem VI\Projects\PBL2\RoadEye\dataset_crack\final_dataset_v5\train\images\sewer_o8use_005795.jpg,1,0,0,1
D:\Study Material\Sem VI\Projects\PBL2\RoadEye\dataset_crack\final_dataset_v5\train\images\sewer_o8use_005796.jpg,1,0,0,1
D:\Study Material\Sem VI\Projects\PBL2\RoadEye\dataset_crack\final_dataset_v5\train\images\sewer_o8use_005803.jpg,1,0,0,1
D:\Study Material\Sem VI\Projects\PBL2\RoadEye\dataset_crack\final_dataset_v5\train\images\sewer_o8use_005809.jpg,0,1,1,1
D:\Study Material\Sem VI\Projects\PBL2\RoadEye\dataset_crack\final_dataset_v5\train\images\sewer_o8use_005815.jpg,1,0,0,1
D:\Study Material\Sem VI\Projects\PBL2\RoadEye\dataset_crack\final_dataset_v5\train\images\sewer_o8use_005826.jpg,1,0,0,1
D:\Study Material\Sem VI\Projects\PBL2\RoadEye\dataset_crack\final_dataset_v5\train\images\sewer_o8use_005839.jpg,1,0,0,1
D:\Study Material\Sem VI\Projects\PBL2\RoadEye\dataset_crack\final_dataset_v5\train\images\sewer_o8use_005850.jpg,1,0,0,1
D:\Study Material\Sem VI\Projects\PBL2\RoadEye\dataset_crack\final_dataset_v5\train\images\sewer_o8use_005851.jpg,1,0,0,1
D:\Study Material\Sem VI\Projects\PBL2\RoadEye\dataset_crack\final_dataset_v5\train\images\sewer_o8use_005860.jpg,0,1,0,0
D:\Study Material\Sem VI\Projects\PBL2\RoadEye\dataset_crack\final_dataset_v5\train\images\sewer_o8use_005865.jpg,1,0,0,1
D:\Study Material\Sem VI\Projects\PBL2\RoadEye\dataset_crack\final_dataset_v5\train\images\sewer_o8use_005881.jpg,1,0,0,1
D:\Study Material\Sem VI\Projects\PBL2\RoadEye\dataset_crack\final_dataset_v5\train\images\sewer_o8use_005892.jpg,1,0,0,1
D:\Study Material\Sem VI\Projects\PBL2\RoadEye\dataset_crack\final_dataset_v5\train\images\sewer_o8use_005899.jpg,1,0,0,1
D:\Study Material\Sem VI\Projects\PBL2\RoadEye\dataset_crack\final_dataset_v5\train\images\sewer_o8use_005906.jpg,1,0,0,1
D:\Study Material\Sem VI\Projects\PBL2\RoadEye\dataset_crack\final_dataset_v5\train\images\sewer_o8use_005912.jpg,1,0,0,1
D:\Study Material\Sem VI\Projects\PBL2\RoadEye\dataset_crack\final_dataset_v5\train\images\sewer_o8use_005914.jpg,1,1,1,1
D:\Study Material\Sem VI\Projects\PBL2\RoadEye\dataset_crack\final_dataset_v5\train\images\sewer_o8use_005946.jpg,1,0,0,1
D:\Study Material\Sem VI\Projects\PBL2\RoadEye\dataset_crack\final_dataset_v5\train\images\sewer_o8use_005953.jpg,1,0,0,1
D:\Study Material\Sem VI\Projects\PBL2\RoadEye\dataset_crack\final_dataset_v5\train\images\sewer_o8use_005969.jpg,1,0,0,1
D:\Study Material\Sem VI\Projects\PBL2\RoadEye\dataset_crack\final_dataset_v5\train\images\sewer_o8use_005974.jpg,1,0,0,1
D:\Study Material\Sem VI\Projects\PBL2\RoadEye\dataset_crack\final_dataset_v5\train\images\sewer_o8use_005981.jpg,1,0,0,1
D:\Study Material\Sem VI\Projects\PBL2\RoadEye\dataset_crack\final_dataset_v5\train\images\sewer_o8use_005983.jpg,1,0,0,1
D:\Study Material\Sem VI\Projects\PBL2\RoadEye\dataset_crack\final_dataset_v5\train\images\sewer_o8use_005994.jpg,1,0,0,1
D:\Study Material\Sem VI\Projects\PBL2\RoadEye\dataset_crack\final_dataset_v5\train\images\sewer_o8use_006026.jpg,1,0,0,1
D:\Study Material\Sem VI\Projects\PBL2\RoadEye\dataset_crack\final_dataset_v5\train\images\sewer_o8use_006030.jpg,0,1,1,1
D:\Study Material\Sem VI\Projects\PBL2\RoadEye\dataset_crack\final_dataset_v5\train\images\sewer_o8use_006068.jpg,1,0,0,1
D:\Study Material\Sem VI\Projects\PBL2\RoadEye\dataset_crack\final_dataset_v5\train\images\sewer_o8use_006101.jpg,1,0,0,1
D:\Study Material\Sem VI\Projects\PBL2\RoadEye\dataset_crack\final_dataset_v5\train\images\sewer_o8use_006141.jpg,1,0,0,1
D:\Study Material\Sem VI\Projects\PBL2\RoadEye\dataset_crack\final_dataset_v5\train\images\sewer_o8use_006154.jpg,1,0,0,1
D:\Study Material\Sem VI\Projects\PBL2\RoadEye\dataset_crack\final_dataset_v5\train\images\sewer_o8use_006174.jpg,1,0,0,1
D:\Study Material\Sem VI\Projects\PBL2\RoadEye\dataset_crack\final_dataset_v5\train\images\sewer_o8use_006191.jpg,1,0,0,1
D:\Study Material\Sem VI\Projects\PBL2\RoadEye\dataset_crack\final_dataset_v5\train\images\sewer_o8use_006232.jpg,1,0,0,1
D:\Study Material\Sem VI\Projects\PBL2\RoadEye\dataset_crack\final_dataset_v5\train\images\sewer_o8use_006234.jpg,1,0,0,1
D:\Study Material\Sem VI\Projects\PBL2\RoadEye\dataset_crack\final_dataset_v5\train\images\sewer_o8use_006240.jpg,1,0,0,1
D:\Study Material\Sem VI\Projects\PBL2\RoadEye\dataset_crack\final_dataset_v5\train\images\sewer_o8use_006247.jpg,1,0,0,1
D:\Study Material\Sem VI\Projects\PBL2\RoadEye\dataset_crack\final_dataset_v5\train\images\sewer_o8use_006259.jpg,2,1,1,1
D:\Study Material\Sem VI\Projects\PBL2\RoadEye\dataset_crack\final_dataset_v5\train\images\sewer_o8use_006262.jpg,1,0,0,1
D:\Study Material\Sem VI\Projects\PBL2\RoadEye\dataset_crack\final_dataset_v5\train\images\sewer_o8use_006263.jpg,1,0,0,1
D:\Study Material\Sem VI\Projects\PBL2\RoadEye\dataset_crack\final_dataset_v5\train\images\sewer_o8use_006283.jpg,1,0,0,1
D:\Study Material\Sem VI\Projects\PBL2\RoadEye\dataset_crack\final_dataset_v5\train\images\sewer_o8use_006284.jpg,1,0,0,1
D:\Study Material\Sem VI\Projects\PBL2\RoadEye\dataset_crack\final_dataset_v5\train\images\sewer_o8use_006301.jpg,1,1,0,1
D:\Study Material\Sem VI\Projects\PBL2\RoadEye\dataset_crack\final_dataset_v5\train\images\sewer_o8use_006305.jpg,1,0,0,1
D:\Study Material\Sem VI\Projects\PBL2\RoadEye\dataset_crack\final_dataset_v5\train\images\sewer_o8use_006336.jpg,2,0,0,1
D:\Study Material\Sem VI\Projects\PBL2\RoadEye\dataset_crack\final_dataset_v5\train\images\sewer_o8use_006352.jpg,0,1,0,0
D:\Study Material\Sem VI\Projects\PBL2\RoadEye\dataset_crack\final_dataset_v5\train\images\sewer_o8use_006409.jpg,0,1,1,1
D:\Study Material\Sem VI\Projects\PBL2\RoadEye\dataset_crack\final_dataset_v5\train\images\sewer_o8use_006436.jpg,0,1,1,1
D:\Study Material\Sem VI\Projects\PBL2\RoadEye\dataset_crack\final_dataset_v5\train\images\sewer_o8use_006458.jpg,1,0,0,1
D:\Study Material\Sem VI\Projects\PBL2\RoadEye\dataset_crack\final_dataset_v5\train\images\sewer_o8use_006470.jpg,1,1,1,1
D:\Study Material\Sem VI\Projects\PBL2\RoadEye\dataset_crack\final_dataset_v5\train\images\sewer_o8use_006514.jpg,1,0,0,1
D:\Study Material\Sem VI\Projects\PBL2\RoadEye\dataset_crack\final_dataset_v5\train\images\sewer_o8use_006594.jpg,1,0,0,1
D:\Study Material\Sem VI\Projects\PBL2\RoadEye\dataset_crack\final_dataset_v5\train\images\sewer_o8use_006610.jpg,1,0,0,1
D:\Study Material\Sem VI\Projects\PBL2\RoadEye\dataset_crack\final_dataset_v5\train\images\sewer_o8use_006618.jpg,1,0,0,1
D:\Study Material\Sem VI\Projects\PBL2\RoadEye\dataset_crack\final_dataset_v5\train\images\sewer_o8use_006657.jpg,1,0,0,1
D:\Study Material\Sem VI\Projects\PBL2\RoadEye\dataset_crack\final_dataset_v5\train\images\sewer_o8use_006670.jpg,1,0,0,1
D:\Study Material\Sem VI\Projects\PBL2\RoadEye\dataset_crack\final_dataset_v5\train\images\sewer_o8use_006683.jpg,1,0,0,1
D:\Study Material\Sem VI\Projects\PBL2\RoadEye\dataset_crack\final_dataset_v5\train\images\sewer_o8use_006684.jpg,1,0,0,1
D:\Study Material\Sem VI\Projects\PBL2\RoadEye\dataset_crack\final_dataset_v5\train\images\sewer_o8use_006712.jpg,1,0,0,1
D:\Study Material\Sem VI\Projects\PBL2\RoadEye\dataset_crack\final_dataset_v5\train\images\sewer_o8use_006714.jpg,0,1,1,1
D:\Study Material\Sem VI\Projects\PBL2\RoadEye\dataset_crack\final_dataset_v5\train\images\sewer_o8use_006730.jpg,1,0,0,1
D:\Study Material\Sem VI\Projects\PBL2\RoadEye\dataset_crack\final_dataset_v5\train\images\sewer_o8use_006732.jpg,1,0,0,1
D:\Study Material\Sem VI\Projects\PBL2\RoadEye\dataset_crack\final_dataset_v5\train\images\sewer_o8use_006775.jpg,1,0,0,1
D:\Study Material\Sem VI\Projects\PBL2\RoadEye\dataset_crack\final_dataset_v5\train\images\sewer_o8use_006780.jpg,1,0,0,1
D:\Study Material\Sem VI\Projects\PBL2\RoadEye\dataset_crack\final_dataset_v5\train\images\sewer_o8use_006784.jpg,0,1,1,1
D:\Study Material\Sem VI\Projects\PBL2\RoadEye\dataset_crack\final_dataset_v5\train\images\sewer_o8use_006789.jpg,1,0,0,1
D:\Study Material\Sem VI\Projects\PBL2\RoadEye\dataset_crack\final_dataset_v5\train\images\sewer_o8use_006820.jpg,1,1,1,1
D:\Study Material\Sem VI\Projects\PBL2\RoadEye\dataset_crack\final_dataset_v5\train\images\sewer_o8use_006867.jpg,1,0,0,1
D:\Study Material\Sem VI\Projects\PBL2\RoadEye\dataset_crack\final_dataset_v5\train\images\sewer_o8use_006875.jpg,1,0,0,1
D:\Study Material\Sem VI\Projects\PBL2\RoadEye\dataset_crack\final_dataset_v5\train\images\sewer_o8use_006885.jpg,1,0,0,1
D:\Study Material\Sem VI\Projects\PBL2\RoadEye\dataset_crack\final_dataset_v5\train\images\sewer_o8use_006901.jpg,1,0,0,1
D:\Study Material\Sem VI\Projects\PBL2\RoadEye\dataset_crack\final_dataset_v5\train\images\sewer_o8use_006921.jpg,1,0,0,1
D:\Study Material\Sem VI\Projects\PBL2\RoadEye\dataset_crack\final_dataset_v5\train\images\sewer_o8use_006940.jpg,1,0,0,1
D:\Study Material\Sem VI\Projects\PBL2\RoadEye\dataset_crack\final_dataset_v5\train\images\sewer_o8use_006968.jpg,2,0,0,1
D:\Study Material\Sem VI\Projects\PBL2\RoadEye\dataset_crack\final_dataset_v5\train\images\sewer_o8use_006973.jpg,2,0,0,1
D:\Study Material\Sem VI\Projects\PBL2\RoadEye\dataset_crack\final_dataset_v5\train\images\sewer_o8use_006991.jpg,1,0,0,1
D:\Study Material\Sem VI\Projects\PBL2\RoadEye\dataset_crack\final_dataset_v5\train\images\sewer_o8use_007012.jpg,1,0,0,1
D:\Study Material\Sem VI\Projects\PBL2\RoadEye\dataset_crack\final_dataset_v5\train\images\sewer_o8use_007016.jpg,1,0,0,1
D:\Study Material\Sem VI\Projects\PBL2\RoadEye\dataset_crack\final_dataset_v5\train\images\sewer_o8use_007075.jpg,1,0,0,1
D:\Study Material\Sem VI\Projects\PBL2\RoadEye\dataset_crack\final_dataset_v5\train\images\sewer_o8use_007090.jpg,2,0,0,1
D:\Study Material\Sem VI\Projects\PBL2\RoadEye\dataset_crack\final_dataset_v5\train\images\sewer_o8use_007100.jpg,1,0,0,1
D:\Study Material\Sem VI\Projects\PBL2\RoadEye\dataset_crack\final_dataset_v5\train\images\sewer_o8use_007102.jpg,1,0,0,1
D:\Study Material\Sem VI\Projects\PBL2\RoadEye\dataset_crack\final_dataset_v5\train\images\sewer_o8use_007103.jpg,1,0,0,1
D:\Study Material\Sem VI\Projects\PBL2\RoadEye\dataset_crack\final_dataset_v5\train\images\sewer_o8use_007145.jpg,1,0,0,1
D:\Study Material\Sem VI\Projects\PBL2\RoadEye\dataset_crack\final_dataset_v5\train\images\sewer_o8use_007148.jpg,0,1,1,1
D:\Study Material\Sem VI\Projects\PBL2\RoadEye\dataset_crack\final_dataset_v5\train\images\sewer_o8use_007156.jpg,1,0,0,1
D:\Study Material\Sem VI\Projects\PBL2\RoadEye\dataset_crack\final_dataset_v5\train\images\sewer_o8use_007164.jpg,1,0,0,1
D:\Study Material\Sem VI\Projects\PBL2\RoadEye\dataset_crack\final_dataset_v5\train\images\sewer_o8use_007197.jpg,1,0,0,1
D:\Study Material\Sem VI\Projects\PBL2\RoadEye\dataset_crack\final_dataset_v5\train\images\sewer_o8use_007204.jpg,1,0,0,1
D:\Study Material\Sem VI\Projects\PBL2\RoadEye\dataset_crack\final_dataset_v5\train\images\sewer_o8use_007227.jpg,1,0,0,1
D:\Study Material\Sem VI\Projects\PBL2\RoadEye\dataset_crack\final_dataset_v5\train\images\sewer_o8use_007249.jpg,1,0,0,1
D:\Study Material\Sem VI\Projects\PBL2\RoadEye\dataset_crack\final_dataset_v5\train\images\sewer_o8use_007250.jpg,1,0,0,1
D:\Study Material\Sem VI\Projects\PBL2\RoadEye\dataset_crack\final_dataset_v5\train\images\sewer_o8use_007274.jpg,1,1,1,1
D:\Study Material\Sem VI\Projects\PBL2\RoadEye\dataset_crack\final_dataset_v5\train\images\sewer_o8use_007287.jpg,0,1,1,1
D:\Study Material\Sem VI\Projects\PBL2\RoadEye\dataset_crack\final_dataset_v5\train\images\sewer_o8use_007288.jpg,0,1,1,1
D:\Study Material\Sem VI\Projects\PBL2\RoadEye\dataset_crack\final_dataset_v5\train\images\sewer_o8use_007290.jpg,1,0,0,1
D:\Study Material\Sem VI\Projects\PBL2\RoadEye\dataset_crack\final_dataset_v5\train\images\sewer_o8use_007291.jpg,1,0,0,1
D:\Study Material\Sem VI\Projects\PBL2\RoadEye\dataset_crack\final_dataset_v5\train\images\sewer_o8use_007298.jpg,1,0,0,1
D:\Study Material\Sem VI\Projects\PBL2\RoadEye\dataset_crack\final_dataset_v5\train\images\sewer_o8use_007307.jpg,1,0,0,1
D:\Study Material\Sem VI\Projects\PBL2\RoadEye\dataset_crack\final_dataset_v5\train\images\sewer_o8use_007342.jpg,2,1,1,1
D:\Study Material\Sem VI\Projects\PBL2\RoadEye\dataset_crack\final_dataset_v5\train\images\sewer_o8use_007351.jpg,2,1,1,1
D:\Study Material\Sem VI\Projects\PBL2\RoadEye\dataset_crack\final_dataset_v5\train\images\sewer_o8use_007388.jpg,1,0,0,1
D:\Study Material\Sem VI\Projects\PBL2\RoadEye\dataset_crack\final_dataset_v5\train\images\sewer_o8use_007402.jpg,1,0,0,1
D:\Study Material\Sem VI\Projects\PBL2\RoadEye\dataset_crack\final_dataset_v5\train\images\sewer_o8use_007406.jpg,1,0,0,1
D:\Study Material\Sem VI\Projects\PBL2\RoadEye\dataset_crack\final_dataset_v5\train\images\sewer_o8use_007412.jpg,1,1,1,1
D:\Study Material\Sem VI\Projects\PBL2\RoadEye\dataset_crack\final_dataset_v5\train\images\sewer_o8use_007423.jpg,1,0,0,1
D:\Study Material\Sem VI\Projects\PBL2\RoadEye\dataset_crack\final_dataset_v5\train\images\sewer_o8use_007453.jpg,1,1,1,1
D:\Study Material\Sem VI\Projects\PBL2\RoadEye\dataset_crack\final_dataset_v5\train\images\sewer_o8use_007457.jpg,1,0,0,1
D:\Study Material\Sem VI\Projects\PBL2\RoadEye\dataset_crack\final_dataset_v5\train\images\sewer_o8use_007477.jpg,1,0,0,1
D:\Study Material\Sem VI\Projects\PBL2\RoadEye\dataset_crack\final_dataset_v5\train\images\sewer_o8use_007490.jpg,1,0,0,1
D:\Study Material\Sem VI\Projects\PBL2\RoadEye\dataset_crack\final_dataset_v5\train\images\sewer_o8use_007493.jpg,1,0,0,1
D:\Study Material\Sem VI\Projects\PBL2\RoadEye\dataset_crack\final_dataset_v5\train\images\sewer_o8use_007507.jpg,1,0,0,1
D:\Study Material\Sem VI\Projects\PBL2\RoadEye\dataset_crack\final_dataset_v5\train\images\sewer_o8use_007529.jpg,1,0,0,1
D:\Study Material\Sem VI\Projects\PBL2\RoadEye\dataset_crack\final_dataset_v5\train\images\sewer_o8use_007572.jpg,0,1,1,1
D:\Study Material\Sem VI\Projects\PBL2\RoadEye\dataset_crack\final_dataset_v5\train\images\sewer_o8use_007596.jpg,1,0,0,1
D:\Study Material\Sem VI\Projects\PBL2\RoadEye\dataset_crack\final_dataset_v5\train\images\sewer_o8use_007603.jpg,3,0,0,1
D:\Study Material\Sem VI\Projects\PBL2\RoadEye\dataset_crack\final_dataset_v5\train\images\sewer_o8use_007609.jpg,1,0,0,1
D:\Study Material\Sem VI\Projects\PBL2\RoadEye\dataset_crack\final_dataset_v5\train\images\sewer_o8use_007618.jpg,1,0,0,1
D:\Study Material\Sem VI\Projects\PBL2\RoadEye\dataset_crack\final_dataset_v5\train\images\sewer_o8use_007655.jpg,0,1,1,1
D:\Study Material\Sem VI\Projects\PBL2\RoadEye\dataset_crack\final_dataset_v5\train\images\sewer_o8use_007684.jpg,1,0,0,1
D:\Study Material\Sem VI\Projects\PBL2\RoadEye\dataset_crack\final_dataset_v5\train\images\sewer_o8use_007686.jpg,1,0,0,1
D:\Study Material\Sem VI\Projects\PBL2\RoadEye\dataset_crack\final_dataset_v5\train\images\sewer_o8use_007700.jpg,2,0,0,1
D:\Study Material\Sem VI\Projects\PBL2\RoadEye\dataset_crack\final_dataset_v5\train\images\sewer_o8use_007704.jpg,1,0,0,1
D:\Study Material\Sem VI\Projects\PBL2\RoadEye\dataset_crack\final_dataset_v5\train\images\sewer_o8use_007748.jpg,1,0,0,1
D:\Study Material\Sem VI\Projects\PBL2\RoadEye\dataset_crack\final_dataset_v5\train\images\sewer_o8use_007793.jpg,1,0,0,1
D:\Study Material\Sem VI\Projects\PBL2\RoadEye\dataset_crack\final_dataset_v5\train\images\sewer_o8use_007802.jpg,1,0,0,1
D:\Study Material\Sem VI\Projects\PBL2\RoadEye\dataset_crack\final_dataset_v5\train\images\sewer_o8use_007872.jpg,0,1,1,1
D:\Study Material\Sem VI\Projects\PBL2\RoadEye\dataset_crack\final_dataset_v5\train\images\sewer_o8use_007891.jpg,1,0,0,1
D:\Study Material\Sem VI\Projects\PBL2\RoadEye\dataset_crack\final_dataset_v5\train\images\sewer_o8use_007893.jpg,1,0,0,1
D:\Study Material\Sem VI\Projects\PBL2\RoadEye\dataset_crack\final_dataset_v5\train\images\sewer_o8use_007903.jpg,1,0,0,1
D:\Study Material\Sem VI\Projects\PBL2\RoadEye\dataset_crack\final_dataset_v5\train\images\sewer_o8use_007906.jpg,0,1,0,0
D:\Study Material\Sem VI\Projects\PBL2\RoadEye\dataset_crack\final_dataset_v5\train\images\sewer_o8use_007913.jpg,1,0,0,1
D:\Study Material\Sem VI\Projects\PBL2\RoadEye\dataset_crack\final_dataset_v5\train\images\sewer_o8use_007926.jpg,1,0,0,1
D:\Study Material\Sem VI\Projects\PBL2\RoadEye\dataset_crack\final_dataset_v5\train\images\sewer_o8use_007937.jpg,1,0,0,1
D:\Study Material\Sem VI\Projects\PBL2\RoadEye\dataset_crack\final_dataset_v5\train\images\sewer_o8use_007990.jpg,1,0,0,1
D:\Study Material\Sem VI\Projects\PBL2\RoadEye\dataset_crack\final_dataset_v5\train\images\sewer_o8use_007999.jpg,1,0,0,1
D:\Study Material\Sem VI\Projects\PBL2\RoadEye\dataset_crack\final_dataset_v5\train\images\sewer_o8use_008008.jpg,1,0,0,1
D:\Study Material\Sem VI\Projects\PBL2\RoadEye\dataset_crack\final_dataset_v5\train\images\sewer_o8use_008010.jpg,1,0,0,1
D:\Study Material\Sem VI\Projects\PBL2\RoadEye\dataset_crack\final_dataset_v5\train\images\sewer_o8use_008016.jpg,1,0,0,1
D:\Study Material\Sem VI\Projects\PBL2\RoadEye\dataset_crack\final_dataset_v5\train\images\sewer_o8use_008025.jpg,0,1,0,0
D:\Study Material\Sem VI\Projects\PBL2\RoadEye\dataset_crack\final_dataset_v5\train\images\sewer_o8use_008027.jpg,1,0,0,1
D:\Study Material\Sem VI\Projects\PBL2\RoadEye\dataset_crack\final_dataset_v5\train\images\sewer_o8use_008044.jpg,1,0,0,1
D:\Study Material\Sem VI\Projects\PBL2\RoadEye\dataset_crack\final_dataset_v5\train\images\sewer_o8use_008045.jpg,1,0,0,1
D:\Study Material\Sem VI\Projects\PBL2\RoadEye\dataset_crack\final_dataset_v5\train\images\sewer_o8use_008061.jpg,1,1,1,1
D:\Study Material\Sem VI\Projects\PBL2\RoadEye\dataset_crack\final_dataset_v5\train\images\sewer_o8use_008090.jpg,1,0,0,1
D:\Study Material\Sem VI\Projects\PBL2\RoadEye\dataset_crack\final_dataset_v5\train\images\sewer_o8use_008110.jpg,1,1,1,1
D:\Study Material\Sem VI\Projects\PBL2\RoadEye\dataset_crack\final_dataset_v5\train\images\sewer_o8use_008119.jpg,1,0,0,1
D:\Study Material\Sem VI\Projects\PBL2\RoadEye\dataset_crack\final_dataset_v5\train\images\sewer_o8use_008142.jpg,1,0,0,1
D:\Study Material\Sem VI\Projects\PBL2\RoadEye\dataset_crack\final_dataset_v5\train\images\sewer_o8use_008146.jpg,1,0,0,1
D:\Study Material\Sem VI\Projects\PBL2\RoadEye\dataset_crack\final_dataset_v5\train\images\sewer_o8use_008147.jpg,1,0,0,1
D:\Study Material\Sem VI\Projects\PBL2\RoadEye\dataset_crack\final_dataset_v5\train\images\sewer_o8use_008177.jpg,1,0,0,1
D:\Study Material\Sem VI\Projects\PBL2\RoadEye\dataset_crack\final_dataset_v5\train\images\sewer_o8use_008217.jpg,0,1,1,1
D:\Study Material\Sem VI\Projects\PBL2\RoadEye\dataset_crack\final_dataset_v5\train\images\sewer_o8use_008225.jpg,0,1,0,0
D:\Study Material\Sem VI\Projects\PBL2\RoadEye\dataset_crack\final_dataset_v5\train\images\sewer_o8use_008242.jpg,1,0,0,1
D:\Study Material\Sem VI\Projects\PBL2\RoadEye\dataset_crack\final_dataset_v5\train\images\sewer_o8use_008258.jpg,1,1,1,1
D:\Study Material\Sem VI\Projects\PBL2\RoadEye\dataset_crack\final_dataset_v5\train\images\sewer_o8use_008268.jpg,0,1,1,1
D:\Study Material\Sem VI\Projects\PBL2\RoadEye\dataset_crack\final_dataset_v5\train\images\sewer_o8use_008274.jpg,2,0,0,1
D:\Study Material\Sem VI\Projects\PBL2\RoadEye\dataset_crack\final_dataset_v5\train\images\sewer_o8use_008278.jpg,0,1,0,0
D:\Study Material\Sem VI\Projects\PBL2\RoadEye\dataset_crack\final_dataset_v5\train\images\sewer_o8use_008342.jpg,0,1,0,0
D:\Study Material\Sem VI\Projects\PBL2\RoadEye\dataset_crack\final_dataset_v5\train\images\sewer_o8use_008361.jpg,1,0,0,1
D:\Study Material\Sem VI\Projects\PBL2\RoadEye\dataset_crack\final_dataset_v5\train\images\sewer_o8use_008362.jpg,2,0,0,1
D:\Study Material\Sem VI\Projects\PBL2\RoadEye\dataset_crack\final_dataset_v5\train\images\sewer_o8use_008366.jpg,1,0,0,1
D:\Study Material\Sem VI\Projects\PBL2\RoadEye\dataset_crack\final_dataset_v5\train\images\sewer_o8use_008376.jpg,0,1,1,1
D:\Study Material\Sem VI\Projects\PBL2\RoadEye\dataset_crack\final_dataset_v5\train\images\sewer_o8use_008380.jpg,1,0,0,1
D:\Study Material\Sem VI\Projects\PBL2\RoadEye\dataset_crack\final_dataset_v5\train\images\sewer_o8use_008412.jpg,1,0,0,1
D:\Study Material\Sem VI\Projects\PBL2\RoadEye\dataset_crack\final_dataset_v5\train\images\sewer_o8use_008415.jpg,1,0,0,1
D:\Study Material\Sem VI\Projects\PBL2\RoadEye\dataset_crack\final_dataset_v5\train\images\sewer_o8use_008416.jpg,0,1,1,1
D:\Study Material\Sem VI\Projects\PBL2\RoadEye\dataset_crack\final_dataset_v5\train\images\sewer_o8use_008431.jpg,1,0,0,1
D:\Study Material\Sem VI\Projects\PBL2\RoadEye\dataset_crack\final_dataset_v5\train\images\sewer_o8use_008437.jpg,1,0,0,1
D:\Study Material\Sem VI\Projects\PBL2\RoadEye\dataset_crack\final_dataset_v5\train\images\sewer_o8use_008452.jpg,2,0,0,1
D:\Study Material\Sem VI\Projects\PBL2\RoadEye\dataset_crack\final_dataset_v5\train\images\sewer_o8use_008458.jpg,1,0,0,1
D:\Study Material\Sem VI\Projects\PBL2\RoadEye\dataset_crack\final_dataset_v5\train\images\sewer_o8use_008518.jpg,1,0,0,1
D:\Study Material\Sem VI\Projects\PBL2\RoadEye\dataset_crack\final_dataset_v5\train\images\sewer_o8use_008519.jpg,0,1,1,1
D:\Study Material\Sem VI\Projects\PBL2\RoadEye\dataset_crack\final_dataset_v5\train\images\sewer_o8use_008528.jpg,1,0,0,1
D:\Study Material\Sem VI\Projects\PBL2\RoadEye\dataset_crack\final_dataset_v5\train\images\sewer_o8use_008563.jpg,2,0,0,1
D:\Study Material\Sem VI\Projects\PBL2\RoadEye\dataset_crack\final_dataset_v5\train\images\sewer_o8use_008570.jpg,1,0,0,1
D:\Study Material\Sem VI\Projects\PBL2\RoadEye\dataset_crack\final_dataset_v5\train\images\sewer_o8use_008589.jpg,1,0,0,1
D:\Study Material\Sem VI\Projects\PBL2\RoadEye\dataset_crack\final_dataset_v5\train\images\sewer_o8use_008604.jpg,1,0,0,1
D:\Study Material\Sem VI\Projects\PBL2\RoadEye\dataset_crack\final_dataset_v5\train\images\sewer_o8use_008613.jpg,1,0,0,1
D:\Study Material\Sem VI\Projects\PBL2\RoadEye\dataset_crack\final_dataset_v5\train\images\sewer_o8use_008642.jpg,1,1,1,1
D:\Study Material\Sem VI\Projects\PBL2\RoadEye\dataset_crack\final_dataset_v5\train\images\sewer_o8use_008660.jpg,1,1,1,1
D:\Study Material\Sem VI\Projects\PBL2\RoadEye\dataset_crack\final_dataset_v5\train\images\sewer_o8use_008662.jpg,2,1,1,1
D:\Study Material\Sem VI\Projects\PBL2\RoadEye\dataset_crack\final_dataset_v5\train\images\sewer_o8use_008724.jpg,0,1,1,1
D:\Study Material\Sem VI\Projects\PBL2\RoadEye\dataset_crack\final_dataset_v5\train\images\sewer_o8use_008726.jpg,0,1,1,1
D:\Study Material\Sem VI\Projects\PBL2\RoadEye\dataset_crack\final_dataset_v5\train\images\sewer_o8use_008728.jpg,1,0,0,1
D:\Study Material\Sem VI\Projects\PBL2\RoadEye\dataset_crack\final_dataset_v5\train\images\sewer_o8use_008748.jpg,1,0,0,1
D:\Study Material\Sem VI\Projects\PBL2\RoadEye\dataset_crack\final_dataset_v5\train\images\sewer_o8use_008760.jpg,1,0,0,1
D:\Study Material\Sem VI\Projects\PBL2\RoadEye\dataset_crack\final_dataset_v5\train\images\sewer_o8use_008784.jpg,1,0,0,1
D:\Study Material\Sem VI\Projects\PBL2\RoadEye\dataset_crack\final_dataset_v5\train\images\sewer_o8use_008813.jpg,1,0,0,1
D:\Study Material\Sem VI\Projects\PBL2\RoadEye\dataset_crack\final_dataset_v5\train\images\sewer_o8use_008816.jpg,1,0,0,1
D:\Study Material\Sem VI\Projects\PBL2\RoadEye\dataset_crack\final_dataset_v5\train\images\sewer_o8use_008820.jpg,1,0,0,1
D:\Study Material\Sem VI\Projects\PBL2\RoadEye\dataset_crack\final_dataset_v5\train\images\sewer_o8use_008827.jpg,1,0,0,1
D:\Study Material\Sem VI\Projects\PBL2\RoadEye\dataset_crack\final_dataset_v5\train\images\sewer_o8use_008832.jpg,1,0,0,1
D:\Study Material\Sem VI\Projects\PBL2\RoadEye\dataset_crack\final_dataset_v5\train\images\sewer_o8use_008837.jpg,1,0,0,1
D:\Study Material\Sem VI\Projects\PBL2\RoadEye\dataset_crack\final_dataset_v5\train\images\sewer_o8use_008892.jpg,1,0,0,1
D:\Study Material\Sem VI\Projects\PBL2\RoadEye\dataset_crack\final_dataset_v5\train\images\sewer_o8use_008894.jpg,1,0,0,1
D:\Study Material\Sem VI\Projects\PBL2\RoadEye\dataset_crack\final_dataset_v5\train\images\sewer_o8use_008921.jpg,1,0,0,1
D:\Study Material\Sem VI\Projects\PBL2\RoadEye\dataset_crack\final_dataset_v5\train\images\sewer_o8use_008922.jpg,0,1,0,0
D:\Study Material\Sem VI\Projects\PBL2\RoadEye\dataset_crack\final_dataset_v5\train\images\sewer_o8use_008938.jpg,1,0,0,1
D:\Study Material\Sem VI\Projects\PBL2\RoadEye\dataset_crack\final_dataset_v5\train\images\sewer_o8use_008940.jpg,1,0,0,1
D:\Study Material\Sem VI\Projects\PBL2\RoadEye\dataset_crack\final_dataset_v5\train\images\sewer_o8use_008972.jpg,0,1,1,1
D:\Study Material\Sem VI\Projects\PBL2\RoadEye\dataset_crack\final_dataset_v5\train\images\sewer_o8use_008978.jpg,1,0,0,1
D:\Study Material\Sem VI\Projects\PBL2\RoadEye\dataset_crack\final_dataset_v5\train\images\sewer_o8use_009002.jpg,1,0,0,1
D:\Study Material\Sem VI\Projects\PBL2\RoadEye\dataset_crack\final_dataset_v5\train\images\sewer_o8use_009003.jpg,1,0,0,1
D:\Study Material\Sem VI\Projects\PBL2\RoadEye\dataset_crack\final_dataset_v5\train\images\sewer_o8use_009020.jpg,1,0,0,1
D:\Study Material\Sem VI\Projects\PBL2\RoadEye\dataset_crack\final_dataset_v5\train\images\sewer_o8use_009027.jpg,1,0,0,1
D:\Study Material\Sem VI\Projects\PBL2\RoadEye\dataset_crack\final_dataset_v5\train\images\sewer_o8use_009028.jpg,1,0,0,1
D:\Study Material\Sem VI\Projects\PBL2\RoadEye\dataset_crack\final_dataset_v5\train\images\sewer_o8use_009073.jpg,1,0,0,1
D:\Study Material\Sem VI\Projects\PBL2\RoadEye\dataset_crack\final_dataset_v5\train\images\sewer_o8use_009076.jpg,1,0,0,1
D:\Study Material\Sem VI\Projects\PBL2\RoadEye\dataset_crack\final_dataset_v5\train\images\sewer_o8use_009097.jpg,1,0,0,1
D:\Study Material\Sem VI\Projects\PBL2\RoadEye\dataset_crack\final_dataset_v5\train\images\sewer_o8use_009116.jpg,0,1,0,0
D:\Study Material\Sem VI\Projects\PBL2\RoadEye\dataset_crack\final_dataset_v5\train\images\sewer_o8use_009185.jpg,0,1,1,1
D:\Study Material\Sem VI\Projects\PBL2\RoadEye\dataset_crack\final_dataset_v5\train\images\sewer_o8use_009188.jpg,1,0,0,1
D:\Study Material\Sem VI\Projects\PBL2\RoadEye\dataset_crack\final_dataset_v5\train\images\sewer_o8use_009223.jpg,1,0,0,1
D:\Study Material\Sem VI\Projects\PBL2\RoadEye\dataset_crack\final_dataset_v5\train\images\sewer_o8use_009250.jpg,0,1,1,1
D:\Study Material\Sem VI\Projects\PBL2\RoadEye\dataset_crack\final_dataset_v5\train\images\sewer_o8use_009270.jpg,1,0,0,1
D:\Study Material\Sem VI\Projects\PBL2\RoadEye\dataset_crack\final_dataset_v5\train\images\sewer_o8use_009281.jpg,1,1,0,1
D:\Study Material\Sem VI\Projects\PBL2\RoadEye\dataset_crack\final_dataset_v5\train\images\sewer_o8use_009328.jpg,1,0,0,1
D:\Study Material\Sem VI\Projects\PBL2\RoadEye\dataset_crack\final_dataset_v5\train\images\sewer_o8use_009357.jpg,1,0,0,1
D:\Study Material\Sem VI\Projects\PBL2\RoadEye\dataset_crack\final_dataset_v5\train\images\sewer_o8use_009380.jpg,1,0,0,1
D:\Study Material\Sem VI\Projects\PBL2\RoadEye\dataset_crack\final_dataset_v5\train\images\sewer_o8use_009445.jpg,1,0,0,1
D:\Study Material\Sem VI\Projects\PBL2\RoadEye\dataset_crack\final_dataset_v5\train\images\sewer_o8use_009461.jpg,2,1,0,1
D:\Study Material\Sem VI\Projects\PBL2\RoadEye\dataset_crack\final_dataset_v5\train\images\sewer_o8use_009481.jpg,1,0,0,1
D:\Study Material\Sem VI\Projects\PBL2\RoadEye\dataset_crack\final_dataset_v5\train\images\sewer_o8use_009483.jpg,1,0,0,1
D:\Study Material\Sem VI\Projects\PBL2\RoadEye\dataset_crack\final_dataset_v5\train\images\sewer_o8use_009529.jpg,2,0,0,1
D:\Study Material\Sem VI\Projects\PBL2\RoadEye\dataset_crack\final_dataset_v5\train\images\sewer_o8use_009539.jpg,1,0,0,1
D:\Study Material\Sem VI\Projects\PBL2\RoadEye\dataset_crack\final_dataset_v5\train\images\sewer_o8use_009554.jpg,1,0,0,1
D:\Study Material\Sem VI\Projects\PBL2\RoadEye\dataset_crack\final_dataset_v5\train\images\sewer_o8use_009573.jpg,1,0,0,1
D:\Study Material\Sem VI\Projects\PBL2\RoadEye\dataset_crack\final_dataset_v5\train\images\sewer_o8use_009586.jpg,0,1,1,1
D:\Study Material\Sem VI\Projects\PBL2\RoadEye\dataset_crack\final_dataset_v5\train\images\sewer_o8use_009602.jpg,1,0,0,1
D:\Study Material\Sem VI\Projects\PBL2\RoadEye\dataset_crack\final_dataset_v5\train\images\sewer_o8use_009614.jpg,0,1,1,1
D:\Study Material\Sem VI\Projects\PBL2\RoadEye\dataset_crack\final_dataset_v5\train\images\sewer_o8use_009624.jpg,1,0,0,1
D:\Study Material\Sem VI\Projects\PBL2\RoadEye\dataset_crack\final_dataset_v5\train\images\sewer_o8use_009646.jpg,1,0,0,1
D:\Study Material\Sem VI\Projects\PBL2\RoadEye\dataset_crack\final_dataset_v5\train\images\sewer_o8use_009651.jpg,1,0,0,1
D:\Study Material\Sem VI\Projects\PBL2\RoadEye\dataset_crack\final_dataset_v5\train\images\sewer_o8use_009657.jpg,1,0,0,1
D:\Study Material\Sem VI\Projects\PBL2\RoadEye\dataset_crack\final_dataset_v5\train\images\sewer_o8use_009680.jpg,1,0,0,1
D:\Study Material\Sem VI\Projects\PBL2\RoadEye\dataset_crack\final_dataset_v5\train\images\sewer_o8use_009728.jpg,1,0,0,1
D:\Study Material\Sem VI\Projects\PBL2\RoadEye\dataset_crack\final_dataset_v5\train\images\sewer_o8use_009736.jpg,0,1,1,1
D:\Study Material\Sem VI\Projects\PBL2\RoadEye\dataset_crack\final_dataset_v5\train\images\sewer_o8use_009742.jpg,3,0,0,1
D:\Study Material\Sem VI\Projects\PBL2\RoadEye\dataset_crack\final_dataset_v5\train\images\sewer_o8use_009751.jpg,1,1,1,1
D:\Study Material\Sem VI\Projects\PBL2\RoadEye\dataset_crack\final_dataset_v5\train\images\sewer_o8use_009765.jpg,0,1,1,1
D:\Study Material\Sem VI\Projects\PBL2\RoadEye\dataset_crack\final_dataset_v5\train\images\sewer_o8use_009780.jpg,1,0,0,1
D:\Study Material\Sem VI\Projects\PBL2\RoadEye\dataset_crack\final_dataset_v5\train\images\sewer_o8use_009791.jpg,1,0,0,1
D:\Study Material\Sem VI\Projects\PBL2\RoadEye\dataset_crack\final_dataset_v5\train\images\sewer_o8use_009806.jpg,1,0,0,1
D:\Study Material\Sem VI\Projects\PBL2\RoadEye\dataset_crack\final_dataset_v5\train\images\sewer_o8use_009853.jpg,1,0,0,1
D:\Study Material\Sem VI\Projects\PBL2\RoadEye\dataset_crack\final_dataset_v5\train\images\sewer_o8use_009873.jpg,0,1,1,1
D:\Study Material\Sem VI\Projects\PBL2\RoadEye\dataset_crack\final_dataset_v5\train\images\sewer_o8use_009880.jpg,1,0,0,1
D:\Study Material\Sem VI\Projects\PBL2\RoadEye\dataset_crack\final_dataset_v5\train\images\sewer_o8use_009949.jpg,1,1,1,1
D:\Study Material\Sem VI\Projects\PBL2\RoadEye\dataset_crack\final_dataset_v5\train\images\sewer_o8use_009962.jpg,1,1,1,1
D:\Study Material\Sem VI\Projects\PBL2\RoadEye\dataset_crack\final_dataset_v5\train\images\sewer_o8use_010014.jpg,1,0,0,1
D:\Study Material\Sem VI\Projects\PBL2\RoadEye\dataset_crack\final_dataset_v5\train\images\sewer_o8use_010019.jpg,1,0,0,1
D:\Study Material\Sem VI\Projects\PBL2\RoadEye\dataset_crack\final_dataset_v5\train\images\sewer_o8use_010020.jpg,1,0,0,1
D:\Study Material\Sem VI\Projects\PBL2\RoadEye\dataset_crack\final_dataset_v5\train\images\sewer_o8use_010025.jpg,1,1,1,1
D:\Study Material\Sem VI\Projects\PBL2\RoadEye\dataset_crack\final_dataset_v5\train\images\sewer_o8use_010041.jpg,0,1,1,1
D:\Study Material\Sem VI\Projects\PBL2\RoadEye\dataset_crack\final_dataset_v5\train\images\sewer_o8use_010072.jpg,1,0,0,1
D:\Study Material\Sem VI\Projects\PBL2\RoadEye\dataset_crack\final_dataset_v5\train\images\sewer_o8use_010076.jpg,0,1,0,0
D:\Study Material\Sem VI\Projects\PBL2\RoadEye\dataset_crack\final_dataset_v5\train\images\sewer_o8use_010088.jpg,1,0,0,1
D:\Study Material\Sem VI\Projects\PBL2\RoadEye\dataset_crack\final_dataset_v5\train\images\sewer_o8use_010089.jpg,1,0,0,1
D:\Study Material\Sem VI\Projects\PBL2\RoadEye\dataset_crack\final_dataset_v5\train\images\sewer_o8use_010093.jpg,1,0,0,1
D:\Study Material\Sem VI\Projects\PBL2\RoadEye\dataset_crack\final_dataset_v5\train\images\sewer_o8use_010099.jpg,2,0,0,1
D:\Study Material\Sem VI\Projects\PBL2\RoadEye\dataset_crack\final_dataset_v5\train\images\sewer_o8use_010141.jpg,1,0,0,1
D:\Study Material\Sem VI\Projects\PBL2\RoadEye\dataset_crack\final_dataset_v5\train\images\sewer_o8use_010195.jpg,1,0,0,1
D:\Study Material\Sem VI\Projects\PBL2\RoadEye\dataset_crack\final_dataset_v5\train\images\sewer_o8use_010203.jpg,1,1,1,1
D:\Study Material\Sem VI\Projects\PBL2\RoadEye\dataset_crack\final_dataset_v5\train\images\sewer_o8use_010215.jpg,0,1,1,1
D:\Study Material\Sem VI\Projects\PBL2\RoadEye\dataset_crack\final_dataset_v5\train\images\sewer_o8use_010219.jpg,1,0,0,1
D:\Study Material\Sem VI\Projects\PBL2\RoadEye\dataset_crack\final_dataset_v5\train\images\sewer_o8use_010223.jpg,0,1,1,1
D:\Study Material\Sem VI\Projects\PBL2\RoadEye\dataset_crack\final_dataset_v5\train\images\sewer_o8use_010227.jpg,0,1,1,1
D:\Study Material\Sem VI\Projects\PBL2\RoadEye\dataset_crack\final_dataset_v5\train\images\sewer_o8use_010237.jpg,1,0,0,1
D:\Study Material\Sem VI\Projects\PBL2\RoadEye\dataset_crack\final_dataset_v5\train\images\sewer_o8use_010243.jpg,0,1,1,1
D:\Study Material\Sem VI\Projects\PBL2\RoadEye\dataset_crack\final_dataset_v5\train\images\sewer_o8use_010250.jpg,1,0,0,1
D:\Study Material\Sem VI\Projects\PBL2\RoadEye\dataset_crack\final_dataset_v5\train\images\sewer_o8use_010277.jpg,1,0,0,1
D:\Study Material\Sem VI\Projects\PBL2\RoadEye\dataset_crack\final_dataset_v5\train\images\sewer_o8use_010281.jpg,1,0,0,1
D:\Study Material\Sem VI\Projects\PBL2\RoadEye\dataset_crack\final_dataset_v5\train\images\sewer_o8use_010305.jpg,1,0,0,1
D:\Study Material\Sem VI\Projects\PBL2\RoadEye\dataset_crack\final_dataset_v5\train\images\sewer_o8use_010311.jpg,0,1,1,1
D:\Study Material\Sem VI\Projects\PBL2\RoadEye\dataset_crack\final_dataset_v5\train\images\sewer_o8use_010348.jpg,2,0,0,1
D:\Study Material\Sem VI\Projects\PBL2\RoadEye\dataset_crack\final_dataset_v5\train\images\sewer_o8use_010365.jpg,1,0,0,1
D:\Study Material\Sem VI\Projects\PBL2\RoadEye\dataset_crack\final_dataset_v5\train\images\sewer_o8use_010378.jpg,1,0,0,1
D:\Study Material\Sem VI\Projects\PBL2\RoadEye\dataset_crack\final_dataset_v5\train\images\sewer_o8use_010381.jpg,1,0,0,1
D:\Study Material\Sem VI\Projects\PBL2\RoadEye\dataset_crack\final_dataset_v5\train\images\sewer_o8use_010385.jpg,1,0,0,1
D:\Study Material\Sem VI\Projects\PBL2\RoadEye\dataset_crack\final_dataset_v5\train\images\sewer_o8use_010386.jpg,1,0,0,1
D:\Study Material\Sem VI\Projects\PBL2\RoadEye\dataset_crack\final_dataset_v5\train\images\sewer_o8use_010401.jpg,1,0,0,1
D:\Study Material\Sem VI\Projects\PBL2\RoadEye\dataset_crack\final_dataset_v5\train\images\sewer_o8use_010432.jpg,1,1,1,1
D:\Study Material\Sem VI\Projects\PBL2\RoadEye\dataset_crack\final_dataset_v5\train\images\sewer_o8use_010441.jpg,1,0,0,1
D:\Study Material\Sem VI\Projects\PBL2\RoadEye\dataset_crack\final_dataset_v5\train\images\sewer_o8use_010472.jpg,1,0,0,1
D:\Study Material\Sem VI\Projects\PBL2\RoadEye\dataset_crack\final_dataset_v5\train\images\sewer_o8use_010489.jpg,2,1,1,1
D:\Study Material\Sem VI\Projects\PBL2\RoadEye\dataset_crack\final_dataset_v5\train\images\sewer_o8use_010524.jpg,1,0,0,1
D:\Study Material\Sem VI\Projects\PBL2\RoadEye\dataset_crack\final_dataset_v5\train\images\sewer_o8use_010540.jpg,1,0,0,1
D:\Study Material\Sem VI\Projects\PBL2\RoadEye\dataset_crack\final_dataset_v5\train\images\sewer_o8use_010557.jpg,1,0,0,1
D:\Study Material\Sem VI\Projects\PBL2\RoadEye\dataset_crack\final_dataset_v5\train\images\sewer_o8use_010565.jpg,1,0,0,1
D:\Study Material\Sem VI\Projects\PBL2\RoadEye\dataset_crack\final_dataset_v5\train\images\sewer_o8use_010579.jpg,0,1,1,1
D:\Study Material\Sem VI\Projects\PBL2\RoadEye\dataset_crack\final_dataset_v5\train\images\sewer_o8use_010584.jpg,0,1,1,1
D:\Study Material\Sem VI\Projects\PBL2\RoadEye\dataset_crack\final_dataset_v5\train\images\sewer_o8use_010628.jpg,0,1,0,0
D:\Study Material\Sem VI\Projects\PBL2\RoadEye\dataset_crack\final_dataset_v5\train\images\sewer_o8use_010638.jpg,0,1,1,1
D:\Study Material\Sem VI\Projects\PBL2\RoadEye\dataset_crack\final_dataset_v5\train\images\sewer_o8use_010642.jpg,1,0,0,1
D:\Study Material\Sem VI\Projects\PBL2\RoadEye\dataset_crack\final_dataset_v5\train\images\sewer_o8use_010653.jpg,1,0,0,1
D:\Study Material\Sem VI\Projects\PBL2\RoadEye\dataset_crack\final_dataset_v5\train\images\sewer_o8use_010669.jpg,0,1,1,1
D:\Study Material\Sem VI\Projects\PBL2\RoadEye\dataset_crack\final_dataset_v5\train\images\sewer_o8use_010704.jpg,1,0,0,1
D:\Study Material\Sem VI\Projects\PBL2\RoadEye\dataset_crack\final_dataset_v5\train\images\sewer_o8use_010710.jpg,1,0,0,1
D:\Study Material\Sem VI\Projects\PBL2\RoadEye\dataset_crack\final_dataset_v5\train\images\sewer_o8use_010720.jpg,1,0,0,1
D:\Study Material\Sem VI\Projects\PBL2\RoadEye\dataset_crack\final_dataset_v5\train\images\sewer_o8use_010733.jpg,0,1,1,1
D:\Study Material\Sem VI\Projects\PBL2\RoadEye\dataset_crack\final_dataset_v5\train\images\sewer_o8use_010751.jpg,1,0,0,1
D:\Study Material\Sem VI\Projects\PBL2\RoadEye\dataset_crack\final_dataset_v5\train\images\sewer_o8use_010761.jpg,0,1,1,1
D:\Study Material\Sem VI\Projects\PBL2\RoadEye\dataset_crack\final_dataset_v5\train\images\sewer_o8use_010787.jpg,1,0,0,1
D:\Study Material\Sem VI\Projects\PBL2\RoadEye\dataset_crack\final_dataset_v5\train\images\sewer_o8use_010821.jpg,1,0,0,1
D:\Study Material\Sem VI\Projects\PBL2\RoadEye\dataset_crack\final_dataset_v5\train\images\sewer_o8use_010862.jpg,1,1,1,1
D:\Study Material\Sem VI\Projects\PBL2\RoadEye\dataset_crack\final_dataset_v5\train\images\sewer_o8use_010889.jpg,1,0,0,1
D:\Study Material\Sem VI\Projects\PBL2\RoadEye\dataset_crack\final_dataset_v5\train\images\sewer_o8use_010901.jpg,1,0,0,1
D:\Study Material\Sem VI\Projects\PBL2\RoadEye\dataset_crack\final_dataset_v5\train\images\sewer_o8use_010905.jpg,1,0,0,1
D:\Study Material\Sem VI\Projects\PBL2\RoadEye\dataset_crack\final_dataset_v5\train\images\sewer_o8use_010922.jpg,0,1,1,1
D:\Study Material\Sem VI\Projects\PBL2\RoadEye\dataset_crack\final_dataset_v5\train\images\sewer_o8use_010967.jpg,1,0,0,1
D:\Study Material\Sem VI\Projects\PBL2\RoadEye\dataset_crack\final_dataset_v5\train\images\sewer_o8use_010976.jpg,1,0,0,1
D:\Study Material\Sem VI\Projects\PBL2\RoadEye\dataset_crack\final_dataset_v5\train\images\sewer_o8use_011003.jpg,2,1,0,1
D:\Study Material\Sem VI\Projects\PBL2\RoadEye\dataset_crack\final_dataset_v5\train\images\sewer_o8use_011013.jpg,1,0,0,1
D:\Study Material\Sem VI\Projects\PBL2\RoadEye\dataset_crack\final_dataset_v5\train\images\sewer_o8use_011019.jpg,1,0,0,1
D:\Study Material\Sem VI\Projects\PBL2\RoadEye\dataset_crack\final_dataset_v5\train\images\sewer_o8use_011023.jpg,1,0,0,1
D:\Study Material\Sem VI\Projects\PBL2\RoadEye\dataset_crack\final_dataset_v5\train\images\sewer_o8use_011024.jpg,1,0,0,1
D:\Study Material\Sem VI\Projects\PBL2\RoadEye\dataset_crack\final_dataset_v5\train\images\sewer_o8use_011029.jpg,1,0,0,1
D:\Study Material\Sem VI\Projects\PBL2\RoadEye\dataset_crack\final_dataset_v5\train\images\sewer_o8use_011039.jpg,1,0,0,1
D:\Study Material\Sem VI\Projects\PBL2\RoadEye\dataset_crack\final_dataset_v5\train\images\sewer_o8use_011040.jpg,1,0,0,1
D:\Study Material\Sem VI\Projects\PBL2\RoadEye\dataset_crack\final_dataset_v5\train\images\sewer_o8use_011050.jpg,0,1,1,1
D:\Study Material\Sem VI\Projects\PBL2\RoadEye\dataset_crack\final_dataset_v5\train\images\sewer_o8use_011063.jpg,1,0,0,1
D:\Study Material\Sem VI\Projects\PBL2\RoadEye\dataset_crack\final_dataset_v5\train\images\sewer_o8use_011067.jpg,0,1,1,1
D:\Study Material\Sem VI\Projects\PBL2\RoadEye\dataset_crack\final_dataset_v5\train\images\sewer_o8use_011075.jpg,1,0,0,1
D:\Study Material\Sem VI\Projects\PBL2\RoadEye\dataset_crack\final_dataset_v5\train\images\sewer_o8use_011110.jpg,1,1,1,1
D:\Study Material\Sem VI\Projects\PBL2\RoadEye\dataset_crack\final_dataset_v5\train\images\sewer_o8use_011137.jpg,0,1,1,1
D:\Study Material\Sem VI\Projects\PBL2\RoadEye\dataset_crack\final_dataset_v5\train\images\sewer_o8use_011147.jpg,2,0,0,1
D:\Study Material\Sem VI\Projects\PBL2\RoadEye\dataset_crack\final_dataset_v5\train\images\sewer_o8use_011156.jpg,1,0,0,1
D:\Study Material\Sem VI\Projects\PBL2\RoadEye\dataset_crack\final_dataset_v5\train\images\sewer_o8use_011181.jpg,1,0,0,1
D:\Study Material\Sem VI\Projects\PBL2\RoadEye\dataset_crack\final_dataset_v5\train\images\sewer_o8use_011185.jpg,1,1,1,1
D:\Study Material\Sem VI\Projects\PBL2\RoadEye\dataset_crack\final_dataset_v5\train\images\sewer_o8use_011196.jpg,1,0,0,1
D:\Study Material\Sem VI\Projects\PBL2\RoadEye\dataset_crack\final_dataset_v5\train\images\sewer_o8use_011204.jpg,0,1,1,1
D:\Study Material\Sem VI\Projects\PBL2\RoadEye\dataset_crack\final_dataset_v5\train\images\sewer_o8use_011208.jpg,1,0,0,1
D:\Study Material\Sem VI\Projects\PBL2\RoadEye\dataset_crack\final_dataset_v5\train\images\sewer_o8use_011216.jpg,2,0,0,1
D:\Study Material\Sem VI\Projects\PBL2\RoadEye\dataset_crack\final_dataset_v5\train\images\sewer_o8use_011232.jpg,1,0,0,1
D:\Study Material\Sem VI\Projects\PBL2\RoadEye\dataset_crack\final_dataset_v5\train\images\sewer_o8use_011233.jpg,1,0,0,1
D:\Study Material\Sem VI\Projects\PBL2\RoadEye\dataset_crack\final_dataset_v5\train\images\sewer_o8use_011238.jpg,1,0,0,1
D:\Study Material\Sem VI\Projects\PBL2\RoadEye\dataset_crack\final_dataset_v5\train\images\sewer_o8use_011258.jpg,1,0,0,1
D:\Study Material\Sem VI\Projects\PBL2\RoadEye\dataset_crack\final_dataset_v5\train\images\sewer_o8use_011284.jpg,1,0,0,1
D:\Study Material\Sem VI\Projects\PBL2\RoadEye\dataset_crack\final_dataset_v5\train\images\sewer_o8use_011286.jpg,1,1,1,1
D:\Study Material\Sem VI\Projects\PBL2\RoadEye\dataset_crack\final_dataset_v5\train\images\sewer_o8use_011295.jpg,1,0,0,1
D:\Study Material\Sem VI\Projects\PBL2\RoadEye\dataset_crack\final_dataset_v5\train\images\sewer_o8use_011306.jpg,0,1,1,1
D:\Study Material\Sem VI\Projects\PBL2\RoadEye\dataset_crack\final_dataset_v5\train\images\sewer_o8use_011347.jpg,0,2,1,1
D:\Study Material\Sem VI\Projects\PBL2\RoadEye\dataset_crack\final_dataset_v5\train\images\sewer_o8use_011370.jpg,1,0,0,1
D:\Study Material\Sem VI\Projects\PBL2\RoadEye\dataset_crack\final_dataset_v5\train\images\sewer_o8use_011383.jpg,1,1,1,1
D:\Study Material\Sem VI\Projects\PBL2\RoadEye\dataset_crack\final_dataset_v5\train\images\sewer_o8use_011393.jpg,0,1,1,1
D:\Study Material\Sem VI\Projects\PBL2\RoadEye\dataset_crack\final_dataset_v5\train\images\sewer_o8use_011415.jpg,1,0,0,1
D:\Study Material\Sem VI\Projects\PBL2\RoadEye\dataset_crack\final_dataset_v5\train\images\sewer_o8use_011420.jpg,1,1,1,1
D:\Study Material\Sem VI\Projects\PBL2\RoadEye\dataset_crack\final_dataset_v5\train\images\sewer_o8use_011426.jpg,0,1,1,1
D:\Study Material\Sem VI\Projects\PBL2\RoadEye\dataset_crack\final_dataset_v5\train\images\sewer_o8use_011441.jpg,1,0,0,1
D:\Study Material\Sem VI\Projects\PBL2\RoadEye\dataset_crack\final_dataset_v5\train\images\sewer_o8use_011456.jpg,1,0,0,1
D:\Study Material\Sem VI\Projects\PBL2\RoadEye\dataset_crack\final_dataset_v5\train\images\sewer_o8use_011463.jpg,1,0,0,1
D:\Study Material\Sem VI\Projects\PBL2\RoadEye\dataset_crack\final_dataset_v5\train\images\sewer_o8use_011488.jpg,1,1,0,1
D:\Study Material\Sem VI\Projects\PBL2\RoadEye\dataset_crack\final_dataset_v5\train\images\sewer_o8use_011500.jpg,1,0,0,1
D:\Study Material\Sem VI\Projects\PBL2\RoadEye\dataset_crack\final_dataset_v5\train\images\sewer_o8use_011513.jpg,1,0,0,1
D:\Study Material\Sem VI\Projects\PBL2\RoadEye\dataset_crack\final_dataset_v5\train\images\sewer_o8use_011545.jpg,1,0,0,1
D:\Study Material\Sem VI\Projects\PBL2\RoadEye\dataset_crack\final_dataset_v5\train\images\sewer_o8use_011553.jpg,1,0,0,1
D:\Study Material\Sem VI\Projects\PBL2\RoadEye\dataset_crack\final_dataset_v5\train\images\sewer_o8use_011565.jpg,1,0,0,1
D:\Study Material\Sem VI\Projects\PBL2\RoadEye\dataset_crack\final_dataset_v5\train\images\sewer_o8use_011579.jpg,1,0,0,1
D:\Study Material\Sem VI\Projects\PBL2\RoadEye\dataset_crack\final_dataset_v5\train\images\sewer_o8use_011590.jpg,1,0,0,1
D:\Study Material\Sem VI\Projects\PBL2\RoadEye\dataset_crack\final_dataset_v5\train\images\sewer_o8use_011592.jpg,1,0,0,1
D:\Study Material\Sem VI\Projects\PBL2\RoadEye\dataset_crack\final_dataset_v5\train\images\sewer_o8use_011627.jpg,1,0,0,1
D:\Study Material\Sem VI\Projects\PBL2\RoadEye\dataset_crack\final_dataset_v5\train\images\sewer_o8use_011636.jpg,2,1,1,1
D:\Study Material\Sem VI\Projects\PBL2\RoadEye\dataset_crack\final_dataset_v5\train\images\sewer_o8use_011646.jpg,1,0,0,1
D:\Study Material\Sem VI\Projects\PBL2\RoadEye\dataset_crack\final_dataset_v5\train\images\sewer_o8use_011649.jpg,1,0,0,1
D:\Study Material\Sem VI\Projects\PBL2\RoadEye\dataset_crack\final_dataset_v5\train\images\sewer_o8use_011700.jpg,0,1,0,0
D:\Study Material\Sem VI\Projects\PBL2\RoadEye\dataset_crack\final_dataset_v5\train\images\sewer_o8use_011705.jpg,0,1,1,1
D:\Study Material\Sem VI\Projects\PBL2\RoadEye\dataset_crack\final_dataset_v5\train\images\sewer_o8use_011715.jpg,1,0,0,1
D:\Study Material\Sem VI\Projects\PBL2\RoadEye\dataset_crack\final_dataset_v5\train\images\sewer_o8use_011723.jpg,1,0,0,1
D:\Study Material\Sem VI\Projects\PBL2\RoadEye\dataset_crack\final_dataset_v5\train\images\sewer_o8use_011729.jpg,0,1,1,1
D:\Study Material\Sem VI\Projects\PBL2\RoadEye\dataset_crack\final_dataset_v5\train\images\sewer_o8use_011736.jpg,1,1,1,1
D:\Study Material\Sem VI\Projects\PBL2\RoadEye\dataset_crack\final_dataset_v5\train\images\sewer_o8use_011741.jpg,2,0,0,1
D:\Study Material\Sem VI\Projects\PBL2\RoadEye\dataset_crack\final_dataset_v5\train\images\sewer_o8use_011750.jpg,0,1,1,1
D:\Study Material\Sem VI\Projects\PBL2\RoadEye\dataset_crack\final_dataset_v5\train\images\sewer_o8use_011772.jpg,1,1,0,1
D:\Study Material\Sem VI\Projects\PBL2\RoadEye\dataset_crack\final_dataset_v5\train\images\sewer_o8use_011817.jpg,1,0,0,1
D:\Study Material\Sem VI\Projects\PBL2\RoadEye\dataset_crack\final_dataset_v5\train\images\sewer_o8use_011862.jpg,0,1,1,1
D:\Study Material\Sem VI\Projects\PBL2\RoadEye\dataset_crack\final_dataset_v5\train\images\sewer_o8use_011866.jpg,1,0,0,1
D:\Study Material\Sem VI\Projects\PBL2\RoadEye\dataset_crack\final_dataset_v5\train\images\sewer_o8use_011875.jpg,1,0,0,1
D:\Study Material\Sem VI\Projects\PBL2\RoadEye\dataset_crack\final_dataset_v5\train\images\sewer_o8use_011902.jpg,1,0,0,1
D:\Study Material\Sem VI\Projects\PBL2\RoadEye\dataset_crack\final_dataset_v5\train\images\sewer_o8use_011926.jpg,2,0,0,1
D:\Study Material\Sem VI\Projects\PBL2\RoadEye\dataset_crack\final_dataset_v5\train\images\sewer_o8use_011945.jpg,1,0,0,1
D:\Study Material\Sem VI\Projects\PBL2\RoadEye\dataset_crack\final_dataset_v5\train\images\sewer_o8use_011966.jpg,0,1,1,1
D:\Study Material\Sem VI\Projects\PBL2\RoadEye\dataset_crack\final_dataset_v5\train\images\sewer_o8use_011971.jpg,1,0,0,1
D:\Study Material\Sem VI\Projects\PBL2\RoadEye\dataset_crack\final_dataset_v5\train\images\sewer_o8use_011980.jpg,1,0,0,1
D:\Study Material\Sem VI\Projects\PBL2\RoadEye\dataset_crack\final_dataset_v5\train\images\sewer_o8use_011983.jpg,1,0,0,1
D:\Study Material\Sem VI\Projects\PBL2\RoadEye\dataset_crack\final_dataset_v5\train\images\sewer_o8use_011984.jpg,1,0,0,1
D:\Study Material\Sem VI\Projects\PBL2\RoadEye\dataset_crack\final_dataset_v5\train\images\sewer_o8use_012056.jpg,1,0,0,1
D:\Study Material\Sem VI\Projects\PBL2\RoadEye\dataset_crack\final_dataset_v5\train\images\sewer_o8use_012060.jpg,1,0,0,1
D:\Study Material\Sem VI\Projects\PBL2\RoadEye\dataset_crack\final_dataset_v5\train\images\sewer_o8use_012069.jpg,0,1,1,1
D:\Study Material\Sem VI\Projects\PBL2\RoadEye\dataset_crack\final_dataset_v5\train\images\sewer_o8use_012079.jpg,1,0,0,1
D:\Study Material\Sem VI\Projects\PBL2\RoadEye\dataset_crack\final_dataset_v5\train\images\sewer_o8use_012092.jpg,1,0,0,1
D:\Study Material\Sem VI\Projects\PBL2\RoadEye\dataset_crack\final_dataset_v5\train\images\sewer_o8use_012101.jpg,1,0,0,1
D:\Study Material\Sem VI\Projects\PBL2\RoadEye\dataset_crack\final_dataset_v5\train\images\sewer_o8use_012104.jpg,1,0,0,1
D:\Study Material\Sem VI\Projects\PBL2\RoadEye\dataset_crack\final_dataset_v5\train\images\sewer_o8use_012105.jpg,1,0,0,1
D:\Study Material\Sem VI\Projects\PBL2\RoadEye\dataset_crack\final_dataset_v5\train\images\sewer_o8use_012119.jpg,1,0,0,1
D:\Study Material\Sem VI\Projects\PBL2\RoadEye\dataset_crack\final_dataset_v5\train\images\sewer_o8use_012151.jpg,2,1,1,1
D:\Study Material\Sem VI\Projects\PBL2\RoadEye\dataset_crack\final_dataset_v5\train\images\sewer_o8use_012153.jpg,1,0,0,1
D:\Study Material\Sem VI\Projects\PBL2\RoadEye\dataset_crack\final_dataset_v5\train\images\sewer_o8use_012211.jpg,1,0,0,1
D:\Study Material\Sem VI\Projects\PBL2\RoadEye\dataset_crack\final_dataset_v5\train\images\sewer_o8use_012221.jpg,1,0,0,1
D:\Study Material\Sem VI\Projects\PBL2\RoadEye\dataset_crack\final_dataset_v5\train\images\sewer_o8use_012224.jpg,1,0,0,1
D:\Study Material\Sem VI\Projects\PBL2\RoadEye\dataset_crack\final_dataset_v5\train\images\sewer_o8use_012225.jpg,1,0,0,1
D:\Study Material\Sem VI\Projects\PBL2\RoadEye\dataset_crack\final_dataset_v5\train\images\sewer_o8use_012239.jpg,1,0,0,1
D:\Study Material\Sem VI\Projects\PBL2\RoadEye\dataset_crack\final_dataset_v5\train\images\sewer_o8use_012254.jpg,1,0,0,1
D:\Study Material\Sem VI\Projects\PBL2\RoadEye\dataset_crack\final_dataset_v5\train\images\sewer_o8use_012266.jpg,1,0,0,1
D:\Study Material\Sem VI\Projects\PBL2\RoadEye\dataset_crack\final_dataset_v5\train\images\sewer_o8use_012267.jpg,1,0,0,1
D:\Study Material\Sem VI\Projects\PBL2\RoadEye\dataset_crack\final_dataset_v5\train\images\sewer_o8use_012278.jpg,1,0,0,1
D:\Study Material\Sem VI\Projects\PBL2\RoadEye\dataset_crack\final_dataset_v5\train\images\sewer_o8use_012322.jpg,1,0,0,1
D:\Study Material\Sem VI\Projects\PBL2\RoadEye\dataset_crack\final_dataset_v5\train\images\sewer_o8use_012326.jpg,1,0,0,1
D:\Study Material\Sem VI\Projects\PBL2\RoadEye\dataset_crack\final_dataset_v5\train\images\sewer_o8use_012339.jpg,1,0,0,1
D:\Study Material\Sem VI\Projects\PBL2\RoadEye\dataset_crack\final_dataset_v5\train\images\sewer_o8use_012352.jpg,1,0,0,1
D:\Study Material\Sem VI\Projects\PBL2\RoadEye\dataset_crack\final_dataset_v5\train\images\sewer_o8use_012353.jpg,0,1,1,1
D:\Study Material\Sem VI\Projects\PBL2\RoadEye\dataset_crack\final_dataset_v5\train\images\sewer_o8use_012373.jpg,1,0,0,1
D:\Study Material\Sem VI\Projects\PBL2\RoadEye\dataset_crack\final_dataset_v5\train\images\sewer_o8use_012389.jpg,0,1,1,1
D:\Study Material\Sem VI\Projects\PBL2\RoadEye\dataset_crack\final_dataset_v5\train\images\sewer_o8use_012393.jpg,1,0,0,1
D:\Study Material\Sem VI\Projects\PBL2\RoadEye\dataset_crack\final_dataset_v5\train\images\sewer_o8use_012444.jpg,0,1,1,1
D:\Study Material\Sem VI\Projects\PBL2\RoadEye\dataset_crack\final_dataset_v5\train\images\sewer_o8use_012452.jpg,1,0,0,1
D:\Study Material\Sem VI\Projects\PBL2\RoadEye\dataset_crack\final_dataset_v5\train\images\sewer_o8use_012455.jpg,1,0,0,1
D:\Study Material\Sem VI\Projects\PBL2\RoadEye\dataset_crack\final_dataset_v5\train\images\sewer_o8use_012474.jpg,1,0,0,1
D:\Study Material\Sem VI\Projects\PBL2\RoadEye\dataset_crack\final_dataset_v5\train\images\sewer_o8use_012483.jpg,0,1,1,1
D:\Study Material\Sem VI\Projects\PBL2\RoadEye\dataset_crack\final_dataset_v5\train\images\sewer_o8use_012484.jpg,1,0,0,1
D:\Study Material\Sem VI\Projects\PBL2\RoadEye\dataset_crack\final_dataset_v5\train\images\sewer_o8use_012524.jpg,0,1,1,1
D:\Study Material\Sem VI\Projects\PBL2\RoadEye\dataset_crack\final_dataset_v5\train\images\sewer_o8use_012540.jpg,1,0,0,1
D:\Study Material\Sem VI\Projects\PBL2\RoadEye\dataset_crack\final_dataset_v5\train\images\sewer_o8use_012554.jpg,1,0,0,1
D:\Study Material\Sem VI\Projects\PBL2\RoadEye\dataset_crack\final_dataset_v5\train\images\sewer_o8use_012558.jpg,1,0,0,1
D:\Study Material\Sem VI\Projects\PBL2\RoadEye\dataset_crack\final_dataset_v5\train\images\sewer_o8use_012663.jpg,1,0,0,1
D:\Study Material\Sem VI\Projects\PBL2\RoadEye\dataset_crack\final_dataset_v5\train\images\sewer_o8use_012683.jpg,1,0,0,1
D:\Study Material\Sem VI\Projects\PBL2\RoadEye\dataset_crack\final_dataset_v5\train\images\sewer_o8use_012687.jpg,1,0,0,1
D:\Study Material\Sem VI\Projects\PBL2\RoadEye\dataset_crack\final_dataset_v5\train\images\sewer_o8use_012729.jpg,1,0,0,1
D:\Study Material\Sem VI\Projects\PBL2\RoadEye\dataset_crack\final_dataset_v5\train\images\sewer_o8use_012741.jpg,0,1,1,1
D:\Study Material\Sem VI\Projects\PBL2\RoadEye\dataset_crack\final_dataset_v5\train\images\sewer_o8use_012751.jpg,1,0,0,1
D:\Study Material\Sem VI\Projects\PBL2\RoadEye\dataset_crack\final_dataset_v5\train\images\sewer_o8use_012761.jpg,1,0,0,1
D:\Study Material\Sem VI\Projects\PBL2\RoadEye\dataset_crack\final_dataset_v5\train\images\sewer_o8use_012764.jpg,0,1,1,1
D:\Study Material\Sem VI\Projects\PBL2\RoadEye\dataset_crack\final_dataset_v5\train\images\sewer_o8use_012785.jpg,1,0,0,1
D:\Study Material\Sem VI\Projects\PBL2\RoadEye\dataset_crack\final_dataset_v5\train\images\sewer_o8use_012799.jpg,1,0,0,1
D:\Study Material\Sem VI\Projects\PBL2\RoadEye\dataset_crack\final_dataset_v5\train\images\sewer_o8use_012818.jpg,1,0,0,1
D:\Study Material\Sem VI\Projects\PBL2\RoadEye\dataset_crack\final_dataset_v5\train\images\sewer_o8use_012842.jpg,1,0,0,1
D:\Study Material\Sem VI\Projects\PBL2\RoadEye\dataset_crack\final_dataset_v5\train\images\sewer_o8use_012858.jpg,1,0,0,1
D:\Study Material\Sem VI\Projects\PBL2\RoadEye\dataset_crack\final_dataset_v5\train\images\sewer_o8use_012866.jpg,1,0,0,1
D:\Study Material\Sem VI\Projects\PBL2\RoadEye\dataset_crack\final_dataset_v5\train\images\sewer_o8use_012877.jpg,1,0,0,1
