split,image,relative_image,label,fp_instances,fn_instances
test,D:\Study Material\Sem VI\Projects\PBL2\RoadEye\dataset_crack\final_dataset_v5\test\images\sewage_000004.jpg,test/images/sewage_000004.jpg,D:\Study Material\Sem VI\Projects\PBL2\RoadEye\dataset_crack\final_dataset_v5\test\labels\sewage_000004.txt,1,1
test,D:\Study Material\Sem VI\Projects\PBL2\RoadEye\dataset_crack\final_dataset_v5\test\images\sewage_000006.jpg,test/images/sewage_000006.jpg,D:\Study Material\Sem VI\Projects\PBL2\RoadEye\dataset_crack\final_dataset_v5\test\labels\sewage_000006.txt,0,2
test,D:\Study Material\Sem VI\Projects\PBL2\RoadEye\dataset_crack\final_dataset_v5\test\images\sewage_000012.jpg,test/images/sewage_000012.jpg,D:\Study Material\Sem VI\Projects\PBL2\RoadEye\dataset_crack\final_dataset_v5\test\labels\sewage_000012.txt,2,1
test,D:\Study Material\Sem VI\Projects\PBL2\RoadEye\dataset_crack\final_dataset_v5\test\images\sewage_000021.jpg,test/images/sewage_000021.jpg,D:\Study Material\Sem VI\Projects\PBL2\RoadEye\dataset_crack\final_dataset_v5\test\labels\sewage_000021.txt,1,2
test,D:\Study Material\Sem VI\Projects\PBL2\RoadEye\dataset_crack\final_dataset_v5\test\images\sewage_000023.jpg,test/images/sewage_000023.jpg,D:\Study Material\Sem VI\Projects\PBL2\RoadEye\dataset_crack\final_dataset_v5\test\labels\sewage_000023.txt,1,1
test,D:\Study Material\Sem VI\Projects\PBL2\RoadEye\dataset_crack\final_dataset_v5\test\images\sewage_000050.jpg,test/images/sewage_000050.jpg,D:\Study Material\Sem VI\Projects\PBL2\RoadEye\dataset_crack\final_dataset_v5\test\labels\sewage_000050.txt,1,1
test,D:\Study Material\Sem VI\Projects\PBL2\RoadEye\dataset_crack\final_dataset_v5\test\images\sewage_000052.jpg,test/images/sewage_000052.jpg,D:\Study Material\Sem VI\Projects\PBL2\RoadEye\dataset_crack\final_dataset_v5\test\labels\sewage_000052.txt,0,1
test,D:\Study Material\Sem VI\Projects\PBL2\RoadEye\dataset_crack\final_dataset_v5\test\images\sewage_000057.jpg,test/images/sewage_000057.jpg,D:\Study Material\Sem VI\Projects\PBL2\RoadEye\dataset_crack\final_dataset_v5\test\labels\sewage_000057.txt,1,1
test,D:\Study Material\Sem VI\Projects\PBL2\RoadEye\dataset_crack\final_dataset_v5\test\images\sewage_000075.jpg,test/images/sewage_000075.jpg,D:\Study Material\Sem VI\Projects\PBL2\RoadEye\dataset_crack\final_dataset_v5\test\labels\sewage_000075.txt,10,3
test,D:\Study Material\Sem VI\Projects\PBL2\RoadEye\dataset_crack\final_dataset_v5\test\images\sewage_000092.jpg,test/images/sewage_000092.jpg,D:\Study Material\Sem VI\Projects\PBL2\RoadEye\dataset_crack\final_dataset_v5\test\labels\sewage_000092.txt,1,0
test,D:\Study Material\Sem VI\Projects\PBL2\RoadEye\dataset_crack\final_dataset_v5\test\images\sewage_000096.jpg,test/images/sewage_000096.jpg,D:\Study Material\Sem VI\Projects\PBL2\RoadEye\dataset_crack\final_dataset_v5\test\labels\sewage_000096.txt,1,0
test,D:\Study Material\Sem VI\Projects\PBL2\RoadEye\dataset_crack\final_dataset_v5\test\images\sewage_000104.jpg,test/images/sewage_000104.jpg,D:\Study Material\Sem VI\Projects\PBL2\RoadEye\dataset_crack\final_dataset_v5\test\labels\sewage_000104.txt,0,1
test,D:\Study Material\Sem VI\Projects\PBL2\RoadEye\dataset_crack\final_dataset_v5\test\images\sewage_000123.jpg,test/images/sewage_000123.jpg,D:\Study Material\Sem VI\Projects\PBL2\RoadEye\dataset_crack\final_dataset_v5\test\labels\sewage_000123.txt,1,2
test,D:\Study Material\Sem VI\Projects\PBL2\RoadEye\dataset_crack\final_dataset_v5\test\images\sewage_000131.jpg,test/images/sewage_000131.jpg,D:\Study Material\Sem VI\Projects\PBL2\RoadEye\dataset_crack\final_dataset_v5\test\labels\sewage_000131.txt,4,0
test,D:\Study Material\Sem VI\Projects\PBL2\RoadEye\dataset_crack\final_dataset_v5\test\images\sewage_000153.jpg,test/images/sewage_000153.jpg,D:\Study Material\Sem VI\Projects\PBL2\RoadEye\dataset_crack\final_dataset_v5\test\labels\sewage_000153.txt,2,1
test,D:\Study Material\Sem VI\Projects\PBL2\RoadEye\dataset_crack\final_dataset_v5\test\images\sewage_000159.jpg,test/images/sewage_000159.jpg,D:\Study Material\Sem VI\Projects\PBL2\RoadEye\dataset_crack\final_dataset_v5\test\labels\sewage_000159.txt,1,1
test,D:\Study Material\Sem VI\Projects\PBL2\RoadEye\dataset_crack\final_dataset_v5\test\images\sewage_000165.jpg,test/images/sewage_000165.jpg,D:\Study Material\Sem VI\Projects\PBL2\RoadEye\dataset_crack\final_dataset_v5\test\labels\sewage_000165.txt,0,1
test,D:\Study Material\Sem VI\Projects\PBL2\RoadEye\dataset_crack\final_dataset_v5\test\images\sewage_000174.jpg,test/images/sewage_000174.jpg,D:\Study Material\Sem VI\Projects\PBL2\RoadEye\dataset_crack\final_dataset_v5\test\labels\sewage_000174.txt,1,1
test,D:\Study Material\Sem VI\Projects\PBL2\RoadEye\dataset_crack\final_dataset_v5\test\images\sewage_000176.jpg,test/images/sewage_000176.jpg,D:\Study Material\Sem VI\Projects\PBL2\RoadEye\dataset_crack\final_dataset_v5\test\labels\sewage_000176.txt,1,1
test,D:\Study Material\Sem VI\Projects\PBL2\RoadEye\dataset_crack\final_dataset_v5\test\images\sewage_000197.jpg,test/images/sewage_000197.jpg,D:\Study Material\Sem VI\Projects\PBL2\RoadEye\dataset_crack\final_dataset_v5\test\labels\sewage_000197.txt,0,2
test,D:\Study Material\Sem VI\Projects\PBL2\RoadEye\dataset_crack\final_dataset_v5\test\images\sewage_000202.jpg,test/images/sewage_000202.jpg,D:\Study Material\Sem VI\Projects\PBL2\RoadEye\dataset_crack\final_dataset_v5\test\labels\sewage_000202.txt,0,2
test,D:\Study Material\Sem VI\Projects\PBL2\RoadEye\dataset_crack\final_dataset_v5\test\images\sewage_000221.jpg,test/images/sewage_000221.jpg,D:\Study Material\Sem VI\Projects\PBL2\RoadEye\dataset_crack\final_dataset_v5\test\labels\sewage_000221.txt,0,1
test,D:\Study Material\Sem VI\Projects\PBL2\RoadEye\dataset_crack\final_dataset_v5\test\images\sewage_000227.jpg,test/images/sewage_000227.jpg,D:\Study Material\Sem VI\Projects\PBL2\RoadEye\dataset_crack\final_dataset_v5\test\labels\sewage_000227.txt,1,2
test,D:\Study Material\Sem VI\Projects\PBL2\RoadEye\dataset_crack\final_dataset_v5\test\images\sewage_000229.jpg,test/images/sewage_000229.jpg,D:\Study Material\Sem VI\Projects\PBL2\RoadEye\dataset_crack\final_dataset_v5\test\labels\sewage_000229.txt,5,1
test,D:\Study Material\Sem VI\Projects\PBL2\RoadEye\dataset_crack\final_dataset_v5\test\images\sewage_000257.jpg,test/images/sewage_000257.jpg,D:\Study Material\Sem VI\Projects\PBL2\RoadEye\dataset_crack\final_dataset_v5\test\labels\sewage_000257.txt,0,1
test,D:\Study Material\Sem VI\Projects\PBL2\RoadEye\dataset_crack\final_dataset_v5\test\images\sewage_000289.jpg,test/images/sewage_000289.jpg,D:\Study Material\Sem VI\Projects\PBL2\RoadEye\dataset_crack\final_dataset_v5\test\labels\sewage_000289.txt,1,0
test,D:\Study Material\Sem VI\Projects\PBL2\RoadEye\dataset_crack\final_dataset_v5\test\images\sewage_000295.jpg,test/images/sewage_000295.jpg,D:\Study Material\Sem VI\Projects\PBL2\RoadEye\dataset_crack\final_dataset_v5\test\labels\sewage_000295.txt,0,1
test,D:\Study Material\Sem VI\Projects\PBL2\RoadEye\dataset_crack\final_dataset_v5\test\images\sewage_000303.jpg,test/images/sewage_000303.jpg,D:\Study Material\Sem VI\Projects\PBL2\RoadEye\dataset_crack\final_dataset_v5\test\labels\sewage_000303.txt,0,3
test,D:\Study Material\Sem VI\Projects\PBL2\RoadEye\dataset_crack\final_dataset_v5\test\images\sewage_000307.jpg,test/images/sewage_000307.jpg,D:\Study Material\Sem VI\Projects\PBL2\RoadEye\dataset_crack\final_dataset_v5\test\labels\sewage_000307.txt,1,1
test,D:\Study Material\Sem VI\Projects\PBL2\RoadEye\dataset_crack\final_dataset_v5\test\images\sewage_000310.jpg,test/images/sewage_000310.jpg,D:\Study Material\Sem VI\Projects\PBL2\RoadEye\dataset_crack\final_dataset_v5\test\labels\sewage_000310.txt,1,0
test,D:\Study Material\Sem VI\Projects\PBL2\RoadEye\dataset_crack\final_dataset_v5\test\images\sewage_000339.jpg,test/images/sewage_000339.jpg,D:\Study Material\Sem VI\Projects\PBL2\RoadEye\dataset_crack\final_dataset_v5\test\labels\sewage_000339.txt,1,3
test,D:\Study Material\Sem VI\Projects\PBL2\RoadEye\dataset_crack\final_dataset_v5\test\images\sewage_000342.jpg,test/images/sewage_000342.jpg,D:\Study Material\Sem VI\Projects\PBL2\RoadEye\dataset_crack\final_dataset_v5\test\labels\sewage_000342.txt,2,2
test,D:\Study Material\Sem VI\Projects\PBL2\RoadEye\dataset_crack\final_dataset_v5\test\images\sewage_000346.jpg,test/images/sewage_000346.jpg,D:\Study Material\Sem VI\Projects\PBL2\RoadEye\dataset_crack\final_dataset_v5\test\labels\sewage_000346.txt,0,1
test,D:\Study Material\Sem VI\Projects\PBL2\RoadEye\dataset_crack\final_dataset_v5\test\images\sewage_000359.jpg,test/images/sewage_000359.jpg,D:\Study Material\Sem VI\Projects\PBL2\RoadEye\dataset_crack\final_dataset_v5\test\labels\sewage_000359.txt,2,1
test,D:\Study Material\Sem VI\Projects\PBL2\RoadEye\dataset_crack\final_dataset_v5\test\images\sewage_000379.jpg,test/images/sewage_000379.jpg,D:\Study Material\Sem VI\Projects\PBL2\RoadEye\dataset_crack\final_dataset_v5\test\labels\sewage_000379.txt,1,1
test,D:\Study Material\Sem VI\Projects\PBL2\RoadEye\dataset_crack\final_dataset_v5\test\images\sewage_000394.jpg,test/images/sewage_000394.jpg,D:\Study Material\Sem VI\Projects\PBL2\RoadEye\dataset_crack\final_dataset_v5\test\labels\sewage_000394.txt,0,2
test,D:\Study Material\Sem VI\Projects\PBL2\RoadEye\dataset_crack\final_dataset_v5\test\images\sewage_000409.jpg,test/images/sewage_000409.jpg,D:\Study Material\Sem VI\Projects\PBL2\RoadEye\dataset_crack\final_dataset_v5\test\labels\sewage_000409.txt,0,1
test,D:\Study Material\Sem VI\Projects\PBL2\RoadEye\dataset_crack\final_dataset_v5\test\images\sewage_000419.jpg,test/images/sewage_000419.jpg,D:\Study Material\Sem VI\Projects\PBL2\RoadEye\dataset_crack\final_dataset_v5\test\labels\sewage_000419.txt,1,1
test,D:\Study Material\Sem VI\Projects\PBL2\RoadEye\dataset_crack\final_dataset_v5\test\images\sewage_000421.jpg,test/images/sewage_000421.jpg,D:\Study Material\Sem VI\Projects\PBL2\RoadEye\dataset_crack\final_dataset_v5\test\labels\sewage_000421.txt,1,2
test,D:\Study Material\Sem VI\Projects\PBL2\RoadEye\dataset_crack\final_dataset_v5\test\images\sewage_000435.jpg,test/images/sewage_000435.jpg,D:\Study Material\Sem VI\Projects\PBL2\RoadEye\dataset_crack\final_dataset_v5\test\labels\sewage_000435.txt,0,1
test,D:\Study Material\Sem VI\Projects\PBL2\RoadEye\dataset_crack\final_dataset_v5\test\images\sewage_000439.jpg,test/images/sewage_000439.jpg,D:\Study Material\Sem VI\Projects\PBL2\RoadEye\dataset_crack\final_dataset_v5\test\labels\sewage_000439.txt,3,1
test,D:\Study Material\Sem VI\Projects\PBL2\RoadEye\dataset_crack\final_dataset_v5\test\images\sewage_000460.jpg,test/images/sewage_000460.jpg,D:\Study Material\Sem VI\Projects\PBL2\RoadEye\dataset_crack\final_dataset_v5\test\labels\sewage_000460.txt,1,0
test,D:\Study Material\Sem VI\Projects\PBL2\RoadEye\dataset_crack\final_dataset_v5\test\images\sewage_000462.jpg,test/images/sewage_000462.jpg,D:\Study Material\Sem VI\Projects\PBL2\RoadEye\dataset_crack\final_dataset_v5\test\labels\sewage_000462.txt,0,1
test,D:\Study Material\Sem VI\Projects\PBL2\RoadEye\dataset_crack\final_dataset_v5\test\images\sewage_000472.jpg,test/images/sewage_000472.jpg,D:\Study Material\Sem VI\Projects\PBL2\RoadEye\dataset_crack\final_dataset_v5\test\labels\sewage_000472.txt,1,0
test,D:\Study Material\Sem VI\Projects\PBL2\RoadEye\dataset_crack\final_dataset_v5\test\images\sewage_000496.jpg,test/images/sewage_000496.jpg,D:\Study Material\Sem VI\Projects\PBL2\RoadEye\dataset_crack\final_dataset_v5\test\labels\sewage_000496.txt,0,1
test,D:\Study Material\Sem VI\Projects\PBL2\RoadEye\dataset_crack\final_dataset_v5\test\images\sewage_000506.jpg,test/images/sewage_000506.jpg,D:\Study Material\Sem VI\Projects\PBL2\RoadEye\dataset_crack\final_dataset_v5\test\labels\sewage_000506.txt,1,1
test,D:\Study Material\Sem VI\Projects\PBL2\RoadEye\dataset_crack\final_dataset_v5\test\images\sewage_000524.jpg,test/images/sewage_000524.jpg,D:\Study Material\Sem VI\Projects\PBL2\RoadEye\dataset_crack\final_dataset_v5\test\labels\sewage_000524.txt,0,1
test,D:\Study Material\Sem VI\Projects\PBL2\RoadEye\dataset_crack\final_dataset_v5\test\images\sewage_000525.jpg,test/images/sewage_000525.jpg,D:\Study Material\Sem VI\Projects\PBL2\RoadEye\dataset_crack\final_dataset_v5\test\labels\sewage_000525.txt,2,1
test,D:\Study Material\Sem VI\Projects\PBL2\RoadEye\dataset_crack\final_dataset_v5\test\images\sewage_000555.jpg,test/images/sewage_000555.jpg,D:\Study Material\Sem VI\Projects\PBL2\RoadEye\dataset_crack\final_dataset_v5\test\labels\sewage_000555.txt,1,2
test,D:\Study Material\Sem VI\Projects\PBL2\RoadEye\dataset_crack\final_dataset_v5\test\images\sewage_000558.jpg,test/images/sewage_000558.jpg,D:\Study Material\Sem VI\Projects\PBL2\RoadEye\dataset_crack\final_dataset_v5\test\labels\sewage_000558.txt,1,3
test,D:\Study Material\Sem VI\Projects\PBL2\RoadEye\dataset_crack\final_dataset_v5\test\images\sewage_000564.jpg,test/images/sewage_000564.jpg,D:\Study Material\Sem VI\Projects\PBL2\RoadEye\dataset_crack\final_dataset_v5\test\labels\sewage_000564.txt,0,1
test,D:\Study Material\Sem VI\Projects\PBL2\RoadEye\dataset_crack\final_dataset_v5\test\images\sewage_000574.jpg,test/images/sewage_000574.jpg,D:\Study Material\Sem VI\Projects\PBL2\RoadEye\dataset_crack\final_dataset_v5\test\labels\sewage_000574.txt,1,1
test,D:\Study Material\Sem VI\Projects\PBL2\RoadEye\dataset_crack\final_dataset_v5\test\images\sewage_000601.jpg,test/images/sewage_000601.jpg,D:\Study Material\Sem VI\Projects\PBL2\RoadEye\dataset_crack\final_dataset_v5\test\labels\sewage_000601.txt,1,2
test,D:\Study Material\Sem VI\Projects\PBL2\RoadEye\dataset_crack\final_dataset_v5\test\images\sewage_000614.jpg,test/images/sewage_000614.jpg,D:\Study Material\Sem VI\Projects\PBL2\RoadEye\dataset_crack\final_dataset_v5\test\labels\sewage_000614.txt,3,4
test,D:\Study Material\Sem VI\Projects\PBL2\RoadEye\dataset_crack\final_dataset_v5\test\images\sewage_000633.jpg,test/images/sewage_000633.jpg,D:\Study Material\Sem VI\Projects\PBL2\RoadEye\dataset_crack\final_dataset_v5\test\labels\sewage_000633.txt,0,2
test,D:\Study Material\Sem VI\Projects\PBL2\RoadEye\dataset_crack\final_dataset_v5\test\images\sewage_000642.jpg,test/images/sewage_000642.jpg,D:\Study Material\Sem VI\Projects\PBL2\RoadEye\dataset_crack\final_dataset_v5\test\labels\sewage_000642.txt,1,1
test,D:\Study Material\Sem VI\Projects\PBL2\RoadEye\dataset_crack\final_dataset_v5\test\images\sewage_000669.jpg,test/images/sewage_000669.jpg,D:\Study Material\Sem VI\Projects\PBL2\RoadEye\dataset_crack\final_dataset_v5\test\labels\sewage_000669.txt,10,3
test,D:\Study Material\Sem VI\Projects\PBL2\RoadEye\dataset_crack\final_dataset_v5\test\images\sewage_000671.jpg,test/images/sewage_000671.jpg,D:\Study Material\Sem VI\Projects\PBL2\RoadEye\dataset_crack\final_dataset_v5\test\labels\sewage_000671.txt,6,1
test,D:\Study Material\Sem VI\Projects\PBL2\RoadEye\dataset_crack\final_dataset_v5\test\images\sewage_000680.jpg,test/images/sewage_000680.jpg,D:\Study Material\Sem VI\Projects\PBL2\RoadEye\dataset_crack\final_dataset_v5\test\labels\sewage_000680.txt,0,1
test,D:\Study Material\Sem VI\Projects\PBL2\RoadEye\dataset_crack\final_dataset_v5\test\images\sewage_000687.jpg,test/images/sewage_000687.jpg,D:\Study Material\Sem VI\Projects\PBL2\RoadEye\dataset_crack\final_dataset_v5\test\labels\sewage_000687.txt,2,0
test,D:\Study Material\Sem VI\Projects\PBL2\RoadEye\dataset_crack\final_dataset_v5\test\images\sewage_000702.jpg,test/images/sewage_000702.jpg,D:\Study Material\Sem VI\Projects\PBL2\RoadEye\dataset_crack\final_dataset_v5\test\labels\sewage_000702.txt,1,0
test,D:\Study Material\Sem VI\Projects\PBL2\RoadEye\dataset_crack\final_dataset_v5\test\images\sewage_000703.jpg,test/images/sewage_000703.jpg,D:\Study Material\Sem VI\Projects\PBL2\RoadEye\dataset_crack\final_dataset_v5\test\labels\sewage_000703.txt,2,1
test,D:\Study Material\Sem VI\Projects\PBL2\RoadEye\dataset_crack\final_dataset_v5\test\images\sewage_000704.jpg,test/images/sewage_000704.jpg,D:\Study Material\Sem VI\Projects\PBL2\RoadEye\dataset_crack\final_dataset_v5\test\labels\sewage_000704.txt,1,0
test,D:\Study Material\Sem VI\Projects\PBL2\RoadEye\dataset_crack\final_dataset_v5\test\images\sewage_000736.jpg,test/images/sewage_000736.jpg,D:\Study Material\Sem VI\Projects\PBL2\RoadEye\dataset_crack\final_dataset_v5\test\labels\sewage_000736.txt,1,1
test,D:\Study Material\Sem VI\Projects\PBL2\RoadEye\dataset_crack\final_dataset_v5\test\images\sewage_000747.jpg,test/images/sewage_000747.jpg,D:\Study Material\Sem VI\Projects\PBL2\RoadEye\dataset_crack\final_dataset_v5\test\labels\sewage_000747.txt,1,0
test,D:\Study Material\Sem VI\Projects\PBL2\RoadEye\dataset_crack\final_dataset_v5\test\images\sewage_000755.jpg,test/images/sewage_000755.jpg,D:\Study Material\Sem VI\Projects\PBL2\RoadEye\dataset_crack\final_dataset_v5\test\labels\sewage_000755.txt,2,0
test,D:\Study Material\Sem VI\Projects\PBL2\RoadEye\dataset_crack\final_dataset_v5\test\images\sewage_000797.jpg,test/images/sewage_000797.jpg,D:\Study Material\Sem VI\Projects\PBL2\RoadEye\dataset_crack\final_dataset_v5\test\labels\sewage_000797.txt,2,0
test,D:\Study Material\Sem VI\Projects\PBL2\RoadEye\dataset_crack\final_dataset_v5\test\images\sewage_000817.jpg,test/images/sewage_000817.jpg,D:\Study Material\Sem VI\Projects\PBL2\RoadEye\dataset_crack\final_dataset_v5\test\labels\sewage_000817.txt,1,3
test,D:\Study Material\Sem VI\Projects\PBL2\RoadEye\dataset_crack\final_dataset_v5\test\images\sewage_000835.jpg,test/images/sewage_000835.jpg,D:\Study Material\Sem VI\Projects\PBL2\RoadEye\dataset_crack\final_dataset_v5\test\labels\sewage_000835.txt,1,0
test,D:\Study Material\Sem VI\Projects\PBL2\RoadEye\dataset_crack\final_dataset_v5\test\images\sewage_000850.jpg,test/images/sewage_000850.jpg,D:\Study Material\Sem VI\Projects\PBL2\RoadEye\dataset_crack\final_dataset_v5\test\labels\sewage_000850.txt,2,0
test,D:\Study Material\Sem VI\Projects\PBL2\RoadEye\dataset_crack\final_dataset_v5\test\images\sewage_000861.jpg,test/images/sewage_000861.jpg,D:\Study Material\Sem VI\Projects\PBL2\RoadEye\dataset_crack\final_dataset_v5\test\labels\sewage_000861.txt,0,1
test,D:\Study Material\Sem VI\Projects\PBL2\RoadEye\dataset_crack\final_dataset_v5\test\images\sewage_000872.jpg,test/images/sewage_000872.jpg,D:\Study Material\Sem VI\Projects\PBL2\RoadEye\dataset_crack\final_dataset_v5\test\labels\sewage_000872.txt,1,3
test,D:\Study Material\Sem VI\Projects\PBL2\RoadEye\dataset_crack\final_dataset_v5\test\images\sewage_000878.jpg,test/images/sewage_000878.jpg,D:\Study Material\Sem VI\Projects\PBL2\RoadEye\dataset_crack\final_dataset_v5\test\labels\sewage_000878.txt,1,0
test,D:\Study Material\Sem VI\Projects\PBL2\RoadEye\dataset_crack\final_dataset_v5\test\images\sewage_000886.jpg,test/images/sewage_000886.jpg,D:\Study Material\Sem VI\Projects\PBL2\RoadEye\dataset_crack\final_dataset_v5\test\labels\sewage_000886.txt,0,1
test,D:\Study Material\Sem VI\Projects\PBL2\RoadEye\dataset_crack\final_dataset_v5\test\images\sewage_000892.jpg,test/images/sewage_000892.jpg,D:\Study Material\Sem VI\Projects\PBL2\RoadEye\dataset_crack\final_dataset_v5\test\labels\sewage_000892.txt,0,1
test,D:\Study Material\Sem VI\Projects\PBL2\RoadEye\dataset_crack\final_dataset_v5\test\images\sewage_000903.jpg,test/images/sewage_000903.jpg,D:\Study Material\Sem VI\Projects\PBL2\RoadEye\dataset_crack\final_dataset_v5\test\labels\sewage_000903.txt,2,1
test,D:\Study Material\Sem VI\Projects\PBL2\RoadEye\dataset_crack\final_dataset_v5\test\images\sewage_000947.jpg,test/images/sewage_000947.jpg,D:\Study Material\Sem VI\Projects\PBL2\RoadEye\dataset_crack\final_dataset_v5\test\labels\sewage_000947.txt,1,0
test,D:\Study Material\Sem VI\Projects\PBL2\RoadEye\dataset_crack\final_dataset_v5\test\images\sewage_000954.jpg,test/images/sewage_000954.jpg,D:\Study Material\Sem VI\Projects\PBL2\RoadEye\dataset_crack\final_dataset_v5\test\labels\sewage_000954.txt,0,1
test,D:\Study Material\Sem VI\Projects\PBL2\RoadEye\dataset_crack\final_dataset_v5\test\images\sewage_000981.jpg,test/images/sewage_000981.jpg,D:\Study Material\Sem VI\Projects\PBL2\RoadEye\dataset_crack\final_dataset_v5\test\labels\sewage_000981.txt,2,1
test,D:\Study Material\Sem VI\Projects\PBL2\RoadEye\dataset_crack\final_dataset_v5\test\images\sewage_000992.jpg,test/images/sewage_000992.jpg,D:\Study Material\Sem VI\Projects\PBL2\RoadEye\dataset_crack\final_dataset_v5\test\labels\sewage_000992.txt,1,0
test,D:\Study Material\Sem VI\Projects\PBL2\RoadEye\dataset_crack\final_dataset_v5\test\images\sewage_001016.jpg,test/images/sewage_001016.jpg,D:\Study Material\Sem VI\Projects\PBL2\RoadEye\dataset_crack\final_dataset_v5\test\labels\sewage_001016.txt,1,0
test,D:\Study Material\Sem VI\Projects\PBL2\RoadEye\dataset_crack\final_dataset_v5\test\images\sewage_001024.jpg,test/images/sewage_001024.jpg,D:\Study Material\Sem VI\Projects\PBL2\RoadEye\dataset_crack\final_dataset_v5\test\labels\sewage_001024.txt,1,2
test,D:\Study Material\Sem VI\Projects\PBL2\RoadEye\dataset_crack\final_dataset_v5\test\images\sewage_001060.jpg,test/images/sewage_001060.jpg,D:\Study Material\Sem VI\Projects\PBL2\RoadEye\dataset_crack\final_dataset_v5\test\labels\sewage_001060.txt,1,0
test,D:\Study Material\Sem VI\Projects\PBL2\RoadEye\dataset_crack\final_dataset_v5\test\images\sewage_001064.jpg,test/images/sewage_001064.jpg,D:\Study Material\Sem VI\Projects\PBL2\RoadEye\dataset_crack\final_dataset_v5\test\labels\sewage_001064.txt,3,1
test,D:\Study Material\Sem VI\Projects\PBL2\RoadEye\dataset_crack\final_dataset_v5\test\images\sewage_001071.jpg,test/images/sewage_001071.jpg,D:\Study Material\Sem VI\Projects\PBL2\RoadEye\dataset_crack\final_dataset_v5\test\labels\sewage_001071.txt,0,1
test,D:\Study Material\Sem VI\Projects\PBL2\RoadEye\dataset_crack\final_dataset_v5\test\images\sewage_001099.jpg,test/images/sewage_001099.jpg,D:\Study Material\Sem VI\Projects\PBL2\RoadEye\dataset_crack\final_dataset_v5\test\labels\sewage_001099.txt,0,2
test,D:\Study Material\Sem VI\Projects\PBL2\RoadEye\dataset_crack\final_dataset_v5\test\images\sewage_001113.jpg,test/images/sewage_001113.jpg,D:\Study Material\Sem VI\Projects\PBL2\RoadEye\dataset_crack\final_dataset_v5\test\labels\sewage_001113.txt,1,1
test,D:\Study Material\Sem VI\Projects\PBL2\RoadEye\dataset_crack\final_dataset_v5\test\images\sewage_001114.jpg,test/images/sewage_001114.jpg,D:\Study Material\Sem VI\Projects\PBL2\RoadEye\dataset_crack\final_dataset_v5\test\labels\sewage_001114.txt,0,2
test,D:\Study Material\Sem VI\Projects\PBL2\RoadEye\dataset_crack\final_dataset_v5\test\images\sewage_001140.jpg,test/images/sewage_001140.jpg,D:\Study Material\Sem VI\Projects\PBL2\RoadEye\dataset_crack\final_dataset_v5\test\labels\sewage_001140.txt,0,1
test,D:\Study Material\Sem VI\Projects\PBL2\RoadEye\dataset_crack\final_dataset_v5\test\images\sewage_001178.jpg,test/images/sewage_001178.jpg,D:\Study Material\Sem VI\Projects\PBL2\RoadEye\dataset_crack\final_dataset_v5\test\labels\sewage_001178.txt,2,2
test,D:\Study Material\Sem VI\Projects\PBL2\RoadEye\dataset_crack\final_dataset_v5\test\images\sewage_001203.jpg,test/images/sewage_001203.jpg,D:\Study Material\Sem VI\Projects\PBL2\RoadEye\dataset_crack\final_dataset_v5\test\labels\sewage_001203.txt,0,1
test,D:\Study Material\Sem VI\Projects\PBL2\RoadEye\dataset_crack\final_dataset_v5\test\images\sewage_001205.jpg,test/images/sewage_001205.jpg,D:\Study Material\Sem VI\Projects\PBL2\RoadEye\dataset_crack\final_dataset_v5\test\labels\sewage_001205.txt,1,3
test,D:\Study Material\Sem VI\Projects\PBL2\RoadEye\dataset_crack\final_dataset_v5\test\images\sewage_001229.jpg,test/images/sewage_001229.jpg,D:\Study Material\Sem VI\Projects\PBL2\RoadEye\dataset_crack\final_dataset_v5\test\labels\sewage_001229.txt,0,1
test,D:\Study Material\Sem VI\Projects\PBL2\RoadEye\dataset_crack\final_dataset_v5\test\images\sewage_001236.jpg,test/images/sewage_001236.jpg,D:\Study Material\Sem VI\Projects\PBL2\RoadEye\dataset_crack\final_dataset_v5\test\labels\sewage_001236.txt,0,1
test,D:\Study Material\Sem VI\Projects\PBL2\RoadEye\dataset_crack\final_dataset_v5\test\images\sewage_001253.jpg,test/images/sewage_001253.jpg,D:\Study Material\Sem VI\Projects\PBL2\RoadEye\dataset_crack\final_dataset_v5\test\labels\sewage_001253.txt,0,1
test,D:\Study Material\Sem VI\Projects\PBL2\RoadEye\dataset_crack\final_dataset_v5\test\images\sewage_001259.jpg,test/images/sewage_001259.jpg,D:\Study Material\Sem VI\Projects\PBL2\RoadEye\dataset_crack\final_dataset_v5\test\labels\sewage_001259.txt,1,2
test,D:\Study Material\Sem VI\Projects\PBL2\RoadEye\dataset_crack\final_dataset_v5\test\images\sewage_001260.jpg,test/images/sewage_001260.jpg,D:\Study Material\Sem VI\Projects\PBL2\RoadEye\dataset_crack\final_dataset_v5\test\labels\sewage_001260.txt,2,1
test,D:\Study Material\Sem VI\Projects\PBL2\RoadEye\dataset_crack\final_dataset_v5\test\images\sewage_001262.jpg,test/images/sewage_001262.jpg,D:\Study Material\Sem VI\Projects\PBL2\RoadEye\dataset_crack\final_dataset_v5\test\labels\sewage_001262.txt,2,1
test,D:\Study Material\Sem VI\Projects\PBL2\RoadEye\dataset_crack\final_dataset_v5\test\images\sewage_001281.jpg,test/images/sewage_001281.jpg,D:\Study Material\Sem VI\Projects\PBL2\RoadEye\dataset_crack\final_dataset_v5\test\labels\sewage_001281.txt,1,0
test,D:\Study Material\Sem VI\Projects\PBL2\RoadEye\dataset_crack\final_dataset_v5\test\images\sewage_001289.jpg,test/images/sewage_001289.jpg,D:\Study Material\Sem VI\Projects\PBL2\RoadEye\dataset_crack\final_dataset_v5\test\labels\sewage_001289.txt,1,0
test,D:\Study Material\Sem VI\Projects\PBL2\RoadEye\dataset_crack\final_dataset_v5\test\images\sewage_001295.jpg,test/images/sewage_001295.jpg,D:\Study Material\Sem VI\Projects\PBL2\RoadEye\dataset_crack\final_dataset_v5\test\labels\sewage_001295.txt,2,1
test,D:\Study Material\Sem VI\Projects\PBL2\RoadEye\dataset_crack\final_dataset_v5\test\images\sewage_001312.jpg,test/images/sewage_001312.jpg,D:\Study Material\Sem VI\Projects\PBL2\RoadEye\dataset_crack\final_dataset_v5\test\labels\sewage_001312.txt,2,3
test,D:\Study Material\Sem VI\Projects\PBL2\RoadEye\dataset_crack\final_dataset_v5\test\images\sewage_001325.jpg,test/images/sewage_001325.jpg,D:\Study Material\Sem VI\Projects\PBL2\RoadEye\dataset_crack\final_dataset_v5\test\labels\sewage_001325.txt,1,2
test,D:\Study Material\Sem VI\Projects\PBL2\RoadEye\dataset_crack\final_dataset_v5\test\images\sewage_001329.jpg,test/images/sewage_001329.jpg,D:\Study Material\Sem VI\Projects\PBL2\RoadEye\dataset_crack\final_dataset_v5\test\labels\sewage_001329.txt,0,1
test,D:\Study Material\Sem VI\Projects\PBL2\RoadEye\dataset_crack\final_dataset_v5\test\images\sewage_001330.jpg,test/images/sewage_001330.jpg,D:\Study Material\Sem VI\Projects\PBL2\RoadEye\dataset_crack\final_dataset_v5\test\labels\sewage_001330.txt,0,1
test,D:\Study Material\Sem VI\Projects\PBL2\RoadEye\dataset_crack\final_dataset_v5\test\images\sewage_001363.jpg,test/images/sewage_001363.jpg,D:\Study Material\Sem VI\Projects\PBL2\RoadEye\dataset_crack\final_dataset_v5\test\labels\sewage_001363.txt,1,0
test,D:\Study Material\Sem VI\Projects\PBL2\RoadEye\dataset_crack\final_dataset_v5\test\images\sewage_001367.jpg,test/images/sewage_001367.jpg,D:\Study Material\Sem VI\Projects\PBL2\RoadEye\dataset_crack\final_dataset_v5\test\labels\sewage_001367.txt,0,1
test,D:\Study Material\Sem VI\Projects\PBL2\RoadEye\dataset_crack\final_dataset_v5\test\images\sewage_001383.jpg,test/images/sewage_001383.jpg,D:\Study Material\Sem VI\Projects\PBL2\RoadEye\dataset_crack\final_dataset_v5\test\labels\sewage_001383.txt,2,1
test,D:\Study Material\Sem VI\Projects\PBL2\RoadEye\dataset_crack\final_dataset_v5\test\images\sewage_001404.jpg,test/images/sewage_001404.jpg,D:\Study Material\Sem VI\Projects\PBL2\RoadEye\dataset_crack\final_dataset_v5\test\labels\sewage_001404.txt,0,1
test,D:\Study Material\Sem VI\Projects\PBL2\RoadEye\dataset_crack\final_dataset_v5\test\images\sewage_001461.jpg,test/images/sewage_001461.jpg,D:\Study Material\Sem VI\Projects\PBL2\RoadEye\dataset_crack\final_dataset_v5\test\labels\sewage_001461.txt,4,1
test,D:\Study Material\Sem VI\Projects\PBL2\RoadEye\dataset_crack\final_dataset_v5\test\images\sewage_001531.jpg,test/images/sewage_001531.jpg,D:\Study Material\Sem VI\Projects\PBL2\RoadEye\dataset_crack\final_dataset_v5\test\labels\sewage_001531.txt,1,2
test,D:\Study Material\Sem VI\Projects\PBL2\RoadEye\dataset_crack\final_dataset_v5\test\images\sewage_001541.jpg,test/images/sewage_001541.jpg,D:\Study Material\Sem VI\Projects\PBL2\RoadEye\dataset_crack\final_dataset_v5\test\labels\sewage_001541.txt,1,0
test,D:\Study Material\Sem VI\Projects\PBL2\RoadEye\dataset_crack\final_dataset_v5\test\images\sewage_001545.jpg,test/images/sewage_001545.jpg,D:\Study Material\Sem VI\Projects\PBL2\RoadEye\dataset_crack\final_dataset_v5\test\labels\sewage_001545.txt,0,1
test,D:\Study Material\Sem VI\Projects\PBL2\RoadEye\dataset_crack\final_dataset_v5\test\images\sewage_001552.jpg,test/images/sewage_001552.jpg,D:\Study Material\Sem VI\Projects\PBL2\RoadEye\dataset_crack\final_dataset_v5\test\labels\sewage_001552.txt,0,1
test,D:\Study Material\Sem VI\Projects\PBL2\RoadEye\dataset_crack\final_dataset_v5\test\images\sewage_001554.jpg,test/images/sewage_001554.jpg,D:\Study Material\Sem VI\Projects\PBL2\RoadEye\dataset_crack\final_dataset_v5\test\labels\sewage_001554.txt,0,2
test,D:\Study Material\Sem VI\Projects\PBL2\RoadEye\dataset_crack\final_dataset_v5\test\images\sewage_001573.jpg,test/images/sewage_001573.jpg,D:\Study Material\Sem VI\Projects\PBL2\RoadEye\dataset_crack\final_dataset_v5\test\labels\sewage_001573.txt,2,1
test,D:\Study Material\Sem VI\Projects\PBL2\RoadEye\dataset_crack\final_dataset_v5\test\images\sewage_001577.jpg,test/images/sewage_001577.jpg,D:\Study Material\Sem VI\Projects\PBL2\RoadEye\dataset_crack\final_dataset_v5\test\labels\sewage_001577.txt,1,0
test,D:\Study Material\Sem VI\Projects\PBL2\RoadEye\dataset_crack\final_dataset_v5\test\images\sewage_001580.jpg,test/images/sewage_001580.jpg,D:\Study Material\Sem VI\Projects\PBL2\RoadEye\dataset_crack\final_dataset_v5\test\labels\sewage_001580.txt,0,2
test,D:\Study Material\Sem VI\Projects\PBL2\RoadEye\dataset_crack\final_dataset_v5\test\images\sewage_001581.jpg,test/images/sewage_001581.jpg,D:\Study Material\Sem VI\Projects\PBL2\RoadEye\dataset_crack\final_dataset_v5\test\labels\sewage_001581.txt,1,1
test,D:\Study Material\Sem VI\Projects\PBL2\RoadEye\dataset_crack\final_dataset_v5\test\images\sewage_001585.jpg,test/images/sewage_001585.jpg,D:\Study Material\Sem VI\Projects\PBL2\RoadEye\dataset_crack\final_dataset_v5\test\labels\sewage_001585.txt,0,2
test,D:\Study Material\Sem VI\Projects\PBL2\RoadEye\dataset_crack\final_dataset_v5\test\images\sewage_001595.jpg,test/images/sewage_001595.jpg,D:\Study Material\Sem VI\Projects\PBL2\RoadEye\dataset_crack\final_dataset_v5\test\labels\sewage_001595.txt,1,0
test,D:\Study Material\Sem VI\Projects\PBL2\RoadEye\dataset_crack\final_dataset_v5\test\images\sewage_001596.jpg,test/images/sewage_001596.jpg,D:\Study Material\Sem VI\Projects\PBL2\RoadEye\dataset_crack\final_dataset_v5\test\labels\sewage_001596.txt,0,1
test,D:\Study Material\Sem VI\Projects\PBL2\RoadEye\dataset_crack\final_dataset_v5\test\images\sewage_001603.jpg,test/images/sewage_001603.jpg,D:\Study Material\Sem VI\Projects\PBL2\RoadEye\dataset_crack\final_dataset_v5\test\labels\sewage_001603.txt,0,1
test,D:\Study Material\Sem VI\Projects\PBL2\RoadEye\dataset_crack\final_dataset_v5\test\images\sewage_001621.jpg,test/images/sewage_001621.jpg,D:\Study Material\Sem VI\Projects\PBL2\RoadEye\dataset_crack\final_dataset_v5\test\labels\sewage_001621.txt,3,1
test,D:\Study Material\Sem VI\Projects\PBL2\RoadEye\dataset_crack\final_dataset_v5\test\images\sewage_001624.jpg,test/images/sewage_001624.jpg,D:\Study Material\Sem VI\Projects\PBL2\RoadEye\dataset_crack\final_dataset_v5\test\labels\sewage_001624.txt,1,0
test,D:\Study Material\Sem VI\Projects\PBL2\RoadEye\dataset_crack\final_dataset_v5\test\images\sewage_001629.jpg,test/images/sewage_001629.jpg,D:\Study Material\Sem VI\Projects\PBL2\RoadEye\dataset_crack\final_dataset_v5\test\labels\sewage_001629.txt,0,1
test,D:\Study Material\Sem VI\Projects\PBL2\RoadEye\dataset_crack\final_dataset_v5\test\images\sewage_001642.jpg,test/images/sewage_001642.jpg,D:\Study Material\Sem VI\Projects\PBL2\RoadEye\dataset_crack\final_dataset_v5\test\labels\sewage_001642.txt,1,2
test,D:\Study Material\Sem VI\Projects\PBL2\RoadEye\dataset_crack\final_dataset_v5\test\images\sewage_001646.jpg,test/images/sewage_001646.jpg,D:\Study Material\Sem VI\Projects\PBL2\RoadEye\dataset_crack\final_dataset_v5\test\labels\sewage_001646.txt,0,4
test,D:\Study Material\Sem VI\Projects\PBL2\RoadEye\dataset_crack\final_dataset_v5\test\images\sewage_001654.jpg,test/images/sewage_001654.jpg,D:\Study Material\Sem VI\Projects\PBL2\RoadEye\dataset_crack\final_dataset_v5\test\labels\sewage_001654.txt,2,1
test,D:\Study Material\Sem VI\Projects\PBL2\RoadEye\dataset_crack\final_dataset_v5\test\images\sewage_001657.jpg,test/images/sewage_001657.jpg,D:\Study Material\Sem VI\Projects\PBL2\RoadEye\dataset_crack\final_dataset_v5\test\labels\sewage_001657.txt,0,2
test,D:\Study Material\Sem VI\Projects\PBL2\RoadEye\dataset_crack\final_dataset_v5\test\images\sewage_001682.jpg,test/images/sewage_001682.jpg,D:\Study Material\Sem VI\Projects\PBL2\RoadEye\dataset_crack\final_dataset_v5\test\labels\sewage_001682.txt,1,1
test,D:\Study Material\Sem VI\Projects\PBL2\RoadEye\dataset_crack\final_dataset_v5\test\images\sewage_001684.jpg,test/images/sewage_001684.jpg,D:\Study Material\Sem VI\Projects\PBL2\RoadEye\dataset_crack\final_dataset_v5\test\labels\sewage_001684.txt,1,0
test,D:\Study Material\Sem VI\Projects\PBL2\RoadEye\dataset_crack\final_dataset_v5\test\images\sewage_001701.jpg,test/images/sewage_001701.jpg,D:\Study Material\Sem VI\Projects\PBL2\RoadEye\dataset_crack\final_dataset_v5\test\labels\sewage_001701.txt,0,2
test,D:\Study Material\Sem VI\Projects\PBL2\RoadEye\dataset_crack\final_dataset_v5\test\images\sewage_001704.jpg,test/images/sewage_001704.jpg,D:\Study Material\Sem VI\Projects\PBL2\RoadEye\dataset_crack\final_dataset_v5\test\labels\sewage_001704.txt,1,1
test,D:\Study Material\Sem VI\Projects\PBL2\RoadEye\dataset_crack\final_dataset_v5\test\images\sewage_001713.jpg,test/images/sewage_001713.jpg,D:\Study Material\Sem VI\Projects\PBL2\RoadEye\dataset_crack\final_dataset_v5\test\labels\sewage_001713.txt,3,3
test,D:\Study Material\Sem VI\Projects\PBL2\RoadEye\dataset_crack\final_dataset_v5\test\images\sewage_001717.jpg,test/images/sewage_001717.jpg,D:\Study Material\Sem VI\Projects\PBL2\RoadEye\dataset_crack\final_dataset_v5\test\labels\sewage_001717.txt,0,1
test,D:\Study Material\Sem VI\Projects\PBL2\RoadEye\dataset_crack\final_dataset_v5\test\images\sewage_001721.jpg,test/images/sewage_001721.jpg,D:\Study Material\Sem VI\Projects\PBL2\RoadEye\dataset_crack\final_dataset_v5\test\labels\sewage_001721.txt,3,7
test,D:\Study Material\Sem VI\Projects\PBL2\RoadEye\dataset_crack\final_dataset_v5\test\images\sewage_001723.jpg,test/images/sewage_001723.jpg,D:\Study Material\Sem VI\Projects\PBL2\RoadEye\dataset_crack\final_dataset_v5\test\labels\sewage_001723.txt,0,1
test,D:\Study Material\Sem VI\Projects\PBL2\RoadEye\dataset_crack\final_dataset_v5\test\images\sewage_001773.jpg,test/images/sewage_001773.jpg,D:\Study Material\Sem VI\Projects\PBL2\RoadEye\dataset_crack\final_dataset_v5\test\labels\sewage_001773.txt,1,0
test,D:\Study Material\Sem VI\Projects\PBL2\RoadEye\dataset_crack\final_dataset_v5\test\images\sewage_001778.jpg,test/images/sewage_001778.jpg,D:\Study Material\Sem VI\Projects\PBL2\RoadEye\dataset_crack\final_dataset_v5\test\labels\sewage_001778.txt,1,1
test,D:\Study Material\Sem VI\Projects\PBL2\RoadEye\dataset_crack\final_dataset_v5\test\images\sewage_001800.jpg,test/images/sewage_001800.jpg,D:\Study Material\Sem VI\Projects\PBL2\RoadEye\dataset_crack\final_dataset_v5\test\labels\sewage_001800.txt,1,3
test,D:\Study Material\Sem VI\Projects\PBL2\RoadEye\dataset_crack\final_dataset_v5\test\images\sewage_001801.jpg,test/images/sewage_001801.jpg,D:\Study Material\Sem VI\Projects\PBL2\RoadEye\dataset_crack\final_dataset_v5\test\labels\sewage_001801.txt,1,0
test,D:\Study Material\Sem VI\Projects\PBL2\RoadEye\dataset_crack\final_dataset_v5\test\images\sewage_001823.jpg,test/images/sewage_001823.jpg,D:\Study Material\Sem VI\Projects\PBL2\RoadEye\dataset_crack\final_dataset_v5\test\labels\sewage_001823.txt,2,1
test,D:\Study Material\Sem VI\Projects\PBL2\RoadEye\dataset_crack\final_dataset_v5\test\images\sewage_001845.jpg,test/images/sewage_001845.jpg,D:\Study Material\Sem VI\Projects\PBL2\RoadEye\dataset_crack\final_dataset_v5\test\labels\sewage_001845.txt,1,1
test,D:\Study Material\Sem VI\Projects\PBL2\RoadEye\dataset_crack\final_dataset_v5\test\images\sewage_001855.jpg,test/images/sewage_001855.jpg,D:\Study Material\Sem VI\Projects\PBL2\RoadEye\dataset_crack\final_dataset_v5\test\labels\sewage_001855.txt,5,6
test,D:\Study Material\Sem VI\Projects\PBL2\RoadEye\dataset_crack\final_dataset_v5\test\images\sewage_001877.jpg,test/images/sewage_001877.jpg,D:\Study Material\Sem VI\Projects\PBL2\RoadEye\dataset_crack\final_dataset_v5\test\labels\sewage_001877.txt,3,1
test,D:\Study Material\Sem VI\Projects\PBL2\RoadEye\dataset_crack\final_dataset_v5\test\images\sewage_001878.jpg,test/images/sewage_001878.jpg,D:\Study Material\Sem VI\Projects\PBL2\RoadEye\dataset_crack\final_dataset_v5\test\labels\sewage_001878.txt,1,3
test,D:\Study Material\Sem VI\Projects\PBL2\RoadEye\dataset_crack\final_dataset_v5\test\images\sewage_001897.jpg,test/images/sewage_001897.jpg,D:\Study Material\Sem VI\Projects\PBL2\RoadEye\dataset_crack\final_dataset_v5\test\labels\sewage_001897.txt,2,0
test,D:\Study Material\Sem VI\Projects\PBL2\RoadEye\dataset_crack\final_dataset_v5\test\images\sewage_001901.jpg,test/images/sewage_001901.jpg,D:\Study Material\Sem VI\Projects\PBL2\RoadEye\dataset_crack\final_dataset_v5\test\labels\sewage_001901.txt,0,1
test,D:\Study Material\Sem VI\Projects\PBL2\RoadEye\dataset_crack\final_dataset_v5\test\images\sewage_001917.jpg,test/images/sewage_001917.jpg,D:\Study Material\Sem VI\Projects\PBL2\RoadEye\dataset_crack\final_dataset_v5\test\labels\sewage_001917.txt,1,0
test,D:\Study Material\Sem VI\Projects\PBL2\RoadEye\dataset_crack\final_dataset_v5\test\images\sewage_001924.jpg,test/images/sewage_001924.jpg,D:\Study Material\Sem VI\Projects\PBL2\RoadEye\dataset_crack\final_dataset_v5\test\labels\sewage_001924.txt,1,2
test,D:\Study Material\Sem VI\Projects\PBL2\RoadEye\dataset_crack\final_dataset_v5\test\images\sewage_001939.jpg,test/images/sewage_001939.jpg,D:\Study Material\Sem VI\Projects\PBL2\RoadEye\dataset_crack\final_dataset_v5\test\labels\sewage_001939.txt,3,0
test,D:\Study Material\Sem VI\Projects\PBL2\RoadEye\dataset_crack\final_dataset_v5\test\images\sewage_001940.jpg,test/images/sewage_001940.jpg,D:\Study Material\Sem VI\Projects\PBL2\RoadEye\dataset_crack\final_dataset_v5\test\labels\sewage_001940.txt,1,0
test,D:\Study Material\Sem VI\Projects\PBL2\RoadEye\dataset_crack\final_dataset_v5\test\images\sewage_001943.jpg,test/images/sewage_001943.jpg,D:\Study Material\Sem VI\Projects\PBL2\RoadEye\dataset_crack\final_dataset_v5\test\labels\sewage_001943.txt,1,0
test,D:\Study Material\Sem VI\Projects\PBL2\RoadEye\dataset_crack\final_dataset_v5\test\images\sewage_001945.jpg,test/images/sewage_001945.jpg,D:\Study Material\Sem VI\Projects\PBL2\RoadEye\dataset_crack\final_dataset_v5\test\labels\sewage_001945.txt,4,2
test,D:\Study Material\Sem VI\Projects\PBL2\RoadEye\dataset_crack\final_dataset_v5\test\images\sewage_001955.jpg,test/images/sewage_001955.jpg,D:\Study Material\Sem VI\Projects\PBL2\RoadEye\dataset_crack\final_dataset_v5\test\labels\sewage_001955.txt,1,0
test,D:\Study Material\Sem VI\Projects\PBL2\RoadEye\dataset_crack\final_dataset_v5\test\images\sewage_001967.jpg,test/images/sewage_001967.jpg,D:\Study Material\Sem VI\Projects\PBL2\RoadEye\dataset_crack\final_dataset_v5\test\labels\sewage_001967.txt,1,0
test,D:\Study Material\Sem VI\Projects\PBL2\RoadEye\dataset_crack\final_dataset_v5\test\images\sewage_001979.jpg,test/images/sewage_001979.jpg,D:\Study Material\Sem VI\Projects\PBL2\RoadEye\dataset_crack\final_dataset_v5\test\labels\sewage_001979.txt,1,0
test,D:\Study Material\Sem VI\Projects\PBL2\RoadEye\dataset_crack\final_dataset_v5\test\images\sewage_001988.jpg,test/images/sewage_001988.jpg,D:\Study Material\Sem VI\Projects\PBL2\RoadEye\dataset_crack\final_dataset_v5\test\labels\sewage_001988.txt,1,1
test,D:\Study Material\Sem VI\Projects\PBL2\RoadEye\dataset_crack\final_dataset_v5\test\images\sewage_002004.jpg,test/images/sewage_002004.jpg,D:\Study Material\Sem VI\Projects\PBL2\RoadEye\dataset_crack\final_dataset_v5\test\labels\sewage_002004.txt,1,4
test,D:\Study Material\Sem VI\Projects\PBL2\RoadEye\dataset_crack\final_dataset_v5\test\images\sewage_002006.jpg,test/images/sewage_002006.jpg,D:\Study Material\Sem VI\Projects\PBL2\RoadEye\dataset_crack\final_dataset_v5\test\labels\sewage_002006.txt,0,1
test,D:\Study Material\Sem VI\Projects\PBL2\RoadEye\dataset_crack\final_dataset_v5\test\images\sewage_002010.jpg,test/images/sewage_002010.jpg,D:\Study Material\Sem VI\Projects\PBL2\RoadEye\dataset_crack\final_dataset_v5\test\labels\sewage_002010.txt,1,4
test,D:\Study Material\Sem VI\Projects\PBL2\RoadEye\dataset_crack\final_dataset_v5\test\images\sewage_002012.jpg,test/images/sewage_002012.jpg,D:\Study Material\Sem VI\Projects\PBL2\RoadEye\dataset_crack\final_dataset_v5\test\labels\sewage_002012.txt,1,0
test,D:\Study Material\Sem VI\Projects\PBL2\RoadEye\dataset_crack\final_dataset_v5\test\images\sewage_002019.jpg,test/images/sewage_002019.jpg,D:\Study Material\Sem VI\Projects\PBL2\RoadEye\dataset_crack\final_dataset_v5\test\labels\sewage_002019.txt,0,1
test,D:\Study Material\Sem VI\Projects\PBL2\RoadEye\dataset_crack\final_dataset_v5\test\images\sewage_002028.jpg,test/images/sewage_002028.jpg,D:\Study Material\Sem VI\Projects\PBL2\RoadEye\dataset_crack\final_dataset_v5\test\labels\sewage_002028.txt,0,1
test,D:\Study Material\Sem VI\Projects\PBL2\RoadEye\dataset_crack\final_dataset_v5\test\images\sewage_002029.jpg,test/images/sewage_002029.jpg,D:\Study Material\Sem VI\Projects\PBL2\RoadEye\dataset_crack\final_dataset_v5\test\labels\sewage_002029.txt,1,0
test,D:\Study Material\Sem VI\Projects\PBL2\RoadEye\dataset_crack\final_dataset_v5\test\images\sewage_002041.jpg,test/images/sewage_002041.jpg,D:\Study Material\Sem VI\Projects\PBL2\RoadEye\dataset_crack\final_dataset_v5\test\labels\sewage_002041.txt,0,1
test,D:\Study Material\Sem VI\Projects\PBL2\RoadEye\dataset_crack\final_dataset_v5\test\images\sewage_002079.jpg,test/images/sewage_002079.jpg,D:\Study Material\Sem VI\Projects\PBL2\RoadEye\dataset_crack\final_dataset_v5\test\labels\sewage_002079.txt,3,3
test,D:\Study Material\Sem VI\Projects\PBL2\RoadEye\dataset_crack\final_dataset_v5\test\images\sewage_002088.jpg,test/images/sewage_002088.jpg,D:\Study Material\Sem VI\Projects\PBL2\RoadEye\dataset_crack\final_dataset_v5\test\labels\sewage_002088.txt,0,2
test,D:\Study Material\Sem VI\Projects\PBL2\RoadEye\dataset_crack\final_dataset_v5\test\images\sewage_002093.jpg,test/images/sewage_002093.jpg,D:\Study Material\Sem VI\Projects\PBL2\RoadEye\dataset_crack\final_dataset_v5\test\labels\sewage_002093.txt,0,1
test,D:\Study Material\Sem VI\Projects\PBL2\RoadEye\dataset_crack\final_dataset_v5\test\images\sewage_002103.jpg,test/images/sewage_002103.jpg,D:\Study Material\Sem VI\Projects\PBL2\RoadEye\dataset_crack\final_dataset_v5\test\labels\sewage_002103.txt,0,1
test,D:\Study Material\Sem VI\Projects\PBL2\RoadEye\dataset_crack\final_dataset_v5\test\images\sewage_002107.jpg,test/images/sewage_002107.jpg,D:\Study Material\Sem VI\Projects\PBL2\RoadEye\dataset_crack\final_dataset_v5\test\labels\sewage_002107.txt,0,3
test,D:\Study Material\Sem VI\Projects\PBL2\RoadEye\dataset_crack\final_dataset_v5\test\images\sewage_002110.jpg,test/images/sewage_002110.jpg,D:\Study Material\Sem VI\Projects\PBL2\RoadEye\dataset_crack\final_dataset_v5\test\labels\sewage_002110.txt,2,0
test,D:\Study Material\Sem VI\Projects\PBL2\RoadEye\dataset_crack\final_dataset_v5\test\images\sewage_002111.jpg,test/images/sewage_002111.jpg,D:\Study Material\Sem VI\Projects\PBL2\RoadEye\dataset_crack\final_dataset_v5\test\labels\sewage_002111.txt,1,0
test,D:\Study Material\Sem VI\Projects\PBL2\RoadEye\dataset_crack\final_dataset_v5\test\images\sewage_002116.jpg,test/images/sewage_002116.jpg,D:\Study Material\Sem VI\Projects\PBL2\RoadEye\dataset_crack\final_dataset_v5\test\labels\sewage_002116.txt,0,1
test,D:\Study Material\Sem VI\Projects\PBL2\RoadEye\dataset_crack\final_dataset_v5\test\images\sewage_002117.jpg,test/images/sewage_002117.jpg,D:\Study Material\Sem VI\Projects\PBL2\RoadEye\dataset_crack\final_dataset_v5\test\labels\sewage_002117.txt,1,1
test,D:\Study Material\Sem VI\Projects\PBL2\RoadEye\dataset_crack\final_dataset_v5\test\images\sewage_002128.jpg,test/images/sewage_002128.jpg,D:\Study Material\Sem VI\Projects\PBL2\RoadEye\dataset_crack\final_dataset_v5\test\labels\sewage_002128.txt,1,0
test,D:\Study Material\Sem VI\Projects\PBL2\RoadEye\dataset_crack\final_dataset_v5\test\images\sewage_002151.jpg,test/images/sewage_002151.jpg,D:\Study Material\Sem VI\Projects\PBL2\RoadEye\dataset_crack\final_dataset_v5\test\labels\sewage_002151.txt,2,4
test,D:\Study Material\Sem VI\Projects\PBL2\RoadEye\dataset_crack\final_dataset_v5\test\images\sewage_002153.jpg,test/images/sewage_002153.jpg,D:\Study Material\Sem VI\Projects\PBL2\RoadEye\dataset_crack\final_dataset_v5\test\labels\sewage_002153.txt,2,0
test,D:\Study Material\Sem VI\Projects\PBL2\RoadEye\dataset_crack\final_dataset_v5\test\images\sewage_002154.jpg,test/images/sewage_002154.jpg,D:\Study Material\Sem VI\Projects\PBL2\RoadEye\dataset_crack\final_dataset_v5\test\labels\sewage_002154.txt,0,2
test,D:\Study Material\Sem VI\Projects\PBL2\RoadEye\dataset_crack\final_dataset_v5\test\images\sewage_002158.jpg,test/images/sewage_002158.jpg,D:\Study Material\Sem VI\Projects\PBL2\RoadEye\dataset_crack\final_dataset_v5\test\labels\sewage_002158.txt,1,0
test,D:\Study Material\Sem VI\Projects\PBL2\RoadEye\dataset_crack\final_dataset_v5\test\images\sewage_002175.jpg,test/images/sewage_002175.jpg,D:\Study Material\Sem VI\Projects\PBL2\RoadEye\dataset_crack\final_dataset_v5\test\labels\sewage_002175.txt,7,4
test,D:\Study Material\Sem VI\Projects\PBL2\RoadEye\dataset_crack\final_dataset_v5\test\images\sewage_002178.jpg,test/images/sewage_002178.jpg,D:\Study Material\Sem VI\Projects\PBL2\RoadEye\dataset_crack\final_dataset_v5\test\labels\sewage_002178.txt,1,0
test,D:\Study Material\Sem VI\Projects\PBL2\RoadEye\dataset_crack\final_dataset_v5\test\images\sewage_002219.jpg,test/images/sewage_002219.jpg,D:\Study Material\Sem VI\Projects\PBL2\RoadEye\dataset_crack\final_dataset_v5\test\labels\sewage_002219.txt,2,1
test,D:\Study Material\Sem VI\Projects\PBL2\RoadEye\dataset_crack\final_dataset_v5\test\images\sewage_002221.jpg,test/images/sewage_002221.jpg,D:\Study Material\Sem VI\Projects\PBL2\RoadEye\dataset_crack\final_dataset_v5\test\labels\sewage_002221.txt,0,1
test,D:\Study Material\Sem VI\Projects\PBL2\RoadEye\dataset_crack\final_dataset_v5\test\images\sewage_002224.jpg,test/images/sewage_002224.jpg,D:\Study Material\Sem VI\Projects\PBL2\RoadEye\dataset_crack\final_dataset_v5\test\labels\sewage_002224.txt,0,2
test,D:\Study Material\Sem VI\Projects\PBL2\RoadEye\dataset_crack\final_dataset_v5\test\images\sewage_002240.jpg,test/images/sewage_002240.jpg,D:\Study Material\Sem VI\Projects\PBL2\RoadEye\dataset_crack\final_dataset_v5\test\labels\sewage_002240.txt,0,1
test,D:\Study Material\Sem VI\Projects\PBL2\RoadEye\dataset_crack\final_dataset_v5\test\images\sewage_002251.jpg,test/images/sewage_002251.jpg,D:\Study Material\Sem VI\Projects\PBL2\RoadEye\dataset_crack\final_dataset_v5\test\labels\sewage_002251.txt,0,1
test,D:\Study Material\Sem VI\Projects\PBL2\RoadEye\dataset_crack\final_dataset_v5\test\images\sewage_002264.jpg,test/images/sewage_002264.jpg,D:\Study Material\Sem VI\Projects\PBL2\RoadEye\dataset_crack\final_dataset_v5\test\labels\sewage_002264.txt,1,1
test,D:\Study Material\Sem VI\Projects\PBL2\RoadEye\dataset_crack\final_dataset_v5\test\images\sewage_002266.jpg,test/images/sewage_002266.jpg,D:\Study Material\Sem VI\Projects\PBL2\RoadEye\dataset_crack\final_dataset_v5\test\labels\sewage_002266.txt,0,1
test,D:\Study Material\Sem VI\Projects\PBL2\RoadEye\dataset_crack\final_dataset_v5\test\images\sewage_002277.jpg,test/images/sewage_002277.jpg,D:\Study Material\Sem VI\Projects\PBL2\RoadEye\dataset_crack\final_dataset_v5\test\labels\sewage_002277.txt,0,2
test,D:\Study Material\Sem VI\Projects\PBL2\RoadEye\dataset_crack\final_dataset_v5\test\images\sewage_002285.jpg,test/images/sewage_002285.jpg,D:\Study Material\Sem VI\Projects\PBL2\RoadEye\dataset_crack\final_dataset_v5\test\labels\sewage_002285.txt,1,1
test,D:\Study Material\Sem VI\Projects\PBL2\RoadEye\dataset_crack\final_dataset_v5\test\images\sewage_002290.jpg,test/images/sewage_002290.jpg,D:\Study Material\Sem VI\Projects\PBL2\RoadEye\dataset_crack\final_dataset_v5\test\labels\sewage_002290.txt,1,1
test,D:\Study Material\Sem VI\Projects\PBL2\RoadEye\dataset_crack\final_dataset_v5\test\images\sewage_002293.jpg,test/images/sewage_002293.jpg,D:\Study Material\Sem VI\Projects\PBL2\RoadEye\dataset_crack\final_dataset_v5\test\labels\sewage_002293.txt,5,3
test,D:\Study Material\Sem VI\Projects\PBL2\RoadEye\dataset_crack\final_dataset_v5\test\images\sewage_002294.jpg,test/images/sewage_002294.jpg,D:\Study Material\Sem VI\Projects\PBL2\RoadEye\dataset_crack\final_dataset_v5\test\labels\sewage_002294.txt,2,2
test,D:\Study Material\Sem VI\Projects\PBL2\RoadEye\dataset_crack\final_dataset_v5\test\images\sewage_002306.jpg,test/images/sewage_002306.jpg,D:\Study Material\Sem VI\Projects\PBL2\RoadEye\dataset_crack\final_dataset_v5\test\labels\sewage_002306.txt,1,0
test,D:\Study Material\Sem VI\Projects\PBL2\RoadEye\dataset_crack\final_dataset_v5\test\images\sewage_002324.jpg,test/images/sewage_002324.jpg,D:\Study Material\Sem VI\Projects\PBL2\RoadEye\dataset_crack\final_dataset_v5\test\labels\sewage_002324.txt,1,5
test,D:\Study Material\Sem VI\Projects\PBL2\RoadEye\dataset_crack\final_dataset_v5\test\images\sewage_002336.jpg,test/images/sewage_002336.jpg,D:\Study Material\Sem VI\Projects\PBL2\RoadEye\dataset_crack\final_dataset_v5\test\labels\sewage_002336.txt,2,0
test,D:\Study Material\Sem VI\Projects\PBL2\RoadEye\dataset_crack\final_dataset_v5\test\images\sewage_002342.jpg,test/images/sewage_002342.jpg,D:\Study Material\Sem VI\Projects\PBL2\RoadEye\dataset_crack\final_dataset_v5\test\labels\sewage_002342.txt,1,0
test,D:\Study Material\Sem VI\Projects\PBL2\RoadEye\dataset_crack\final_dataset_v5\test\images\sewage_002361.jpg,test/images/sewage_002361.jpg,D:\Study Material\Sem VI\Projects\PBL2\RoadEye\dataset_crack\final_dataset_v5\test\labels\sewage_002361.txt,0,1
test,D:\Study Material\Sem VI\Projects\PBL2\RoadEye\dataset_crack\final_dataset_v5\test\images\sewage_002367.jpg,test/images/sewage_002367.jpg,D:\Study Material\Sem VI\Projects\PBL2\RoadEye\dataset_crack\final_dataset_v5\test\labels\sewage_002367.txt,4,3
test,D:\Study Material\Sem VI\Projects\PBL2\RoadEye\dataset_crack\final_dataset_v5\test\images\sewage_002379.jpg,test/images/sewage_002379.jpg,D:\Study Material\Sem VI\Projects\PBL2\RoadEye\dataset_crack\final_dataset_v5\test\labels\sewage_002379.txt,3,4
test,D:\Study Material\Sem VI\Projects\PBL2\RoadEye\dataset_crack\final_dataset_v5\test\images\sewage_002381.jpg,test/images/sewage_002381.jpg,D:\Study Material\Sem VI\Projects\PBL2\RoadEye\dataset_crack\final_dataset_v5\test\labels\sewage_002381.txt,2,0
test,D:\Study Material\Sem VI\Projects\PBL2\RoadEye\dataset_crack\final_dataset_v5\test\images\sewage_002384.jpg,test/images/sewage_002384.jpg,D:\Study Material\Sem VI\Projects\PBL2\RoadEye\dataset_crack\final_dataset_v5\test\labels\sewage_002384.txt,0,1
test,D:\Study Material\Sem VI\Projects\PBL2\RoadEye\dataset_crack\final_dataset_v5\test\images\sewage_002391.jpg,test/images/sewage_002391.jpg,D:\Study Material\Sem VI\Projects\PBL2\RoadEye\dataset_crack\final_dataset_v5\test\labels\sewage_002391.txt,0,1
test,D:\Study Material\Sem VI\Projects\PBL2\RoadEye\dataset_crack\final_dataset_v5\test\images\sewage_002406.jpg,test/images/sewage_002406.jpg,D:\Study Material\Sem VI\Projects\PBL2\RoadEye\dataset_crack\final_dataset_v5\test\labels\sewage_002406.txt,2,1
test,D:\Study Material\Sem VI\Projects\PBL2\RoadEye\dataset_crack\final_dataset_v5\test\images\sewage_002412.jpg,test/images/sewage_002412.jpg,D:\Study Material\Sem VI\Projects\PBL2\RoadEye\dataset_crack\final_dataset_v5\test\labels\sewage_002412.txt,1,2
test,D:\Study Material\Sem VI\Projects\PBL2\RoadEye\dataset_crack\final_dataset_v5\test\images\sewage_002415.jpg,test/images/sewage_002415.jpg,D:\Study Material\Sem VI\Projects\PBL2\RoadEye\dataset_crack\final_dataset_v5\test\labels\sewage_002415.txt,2,0
test,D:\Study Material\Sem VI\Projects\PBL2\RoadEye\dataset_crack\final_dataset_v5\test\images\sewage_002434.jpg,test/images/sewage_002434.jpg,D:\Study Material\Sem VI\Projects\PBL2\RoadEye\dataset_crack\final_dataset_v5\test\labels\sewage_002434.txt,2,1
test,D:\Study Material\Sem VI\Projects\PBL2\RoadEye\dataset_crack\final_dataset_v5\test\images\sewage_002437.jpg,test/images/sewage_002437.jpg,D:\Study Material\Sem VI\Projects\PBL2\RoadEye\dataset_crack\final_dataset_v5\test\labels\sewage_002437.txt,0,1
test,D:\Study Material\Sem VI\Projects\PBL2\RoadEye\dataset_crack\final_dataset_v5\test\images\sewage_002460.jpg,test/images/sewage_002460.jpg,D:\Study Material\Sem VI\Projects\PBL2\RoadEye\dataset_crack\final_dataset_v5\test\labels\sewage_002460.txt,0,1
test,D:\Study Material\Sem VI\Projects\PBL2\RoadEye\dataset_crack\final_dataset_v5\test\images\sewage_002496.jpg,test/images/sewage_002496.jpg,D:\Study Material\Sem VI\Projects\PBL2\RoadEye\dataset_crack\final_dataset_v5\test\labels\sewage_002496.txt,1,1
test,D:\Study Material\Sem VI\Projects\PBL2\RoadEye\dataset_crack\final_dataset_v5\test\images\sewage_002501.jpg,test/images/sewage_002501.jpg,D:\Study Material\Sem VI\Projects\PBL2\RoadEye\dataset_crack\final_dataset_v5\test\labels\sewage_002501.txt,1,0
test,D:\Study Material\Sem VI\Projects\PBL2\RoadEye\dataset_crack\final_dataset_v5\test\images\sewage_002523.jpg,test/images/sewage_002523.jpg,D:\Study Material\Sem VI\Projects\PBL2\RoadEye\dataset_crack\final_dataset_v5\test\labels\sewage_002523.txt,1,0
test,D:\Study Material\Sem VI\Projects\PBL2\RoadEye\dataset_crack\final_dataset_v5\test\images\sewage_002535.jpg,test/images/sewage_002535.jpg,D:\Study Material\Sem VI\Projects\PBL2\RoadEye\dataset_crack\final_dataset_v5\test\labels\sewage_002535.txt,1,0
test,D:\Study Material\Sem VI\Projects\PBL2\RoadEye\dataset_crack\final_dataset_v5\test\images\sewage_002544.jpg,test/images/sewage_002544.jpg,D:\Study Material\Sem VI\Projects\PBL2\RoadEye\dataset_crack\final_dataset_v5\test\labels\sewage_002544.txt,0,1
test,D:\Study Material\Sem VI\Projects\PBL2\RoadEye\dataset_crack\final_dataset_v5\test\images\sewage_002546.jpg,test/images/sewage_002546.jpg,D:\Study Material\Sem VI\Projects\PBL2\RoadEye\dataset_crack\final_dataset_v5\test\labels\sewage_002546.txt,1,1
test,D:\Study Material\Sem VI\Projects\PBL2\RoadEye\dataset_crack\final_dataset_v5\test\images\sewage_002549.jpg,test/images/sewage_002549.jpg,D:\Study Material\Sem VI\Projects\PBL2\RoadEye\dataset_crack\final_dataset_v5\test\labels\sewage_002549.txt,2,1
test,D:\Study Material\Sem VI\Projects\PBL2\RoadEye\dataset_crack\final_dataset_v5\test\images\sewage_002555.jpg,test/images/sewage_002555.jpg,D:\Study Material\Sem VI\Projects\PBL2\RoadEye\dataset_crack\final_dataset_v5\test\labels\sewage_002555.txt,1,2
test,D:\Study Material\Sem VI\Projects\PBL2\RoadEye\dataset_crack\final_dataset_v5\test\images\sewage_002561.jpg,test/images/sewage_002561.jpg,D:\Study Material\Sem VI\Projects\PBL2\RoadEye\dataset_crack\final_dataset_v5\test\labels\sewage_002561.txt,2,1
test,D:\Study Material\Sem VI\Projects\PBL2\RoadEye\dataset_crack\final_dataset_v5\test\images\sewage_002581.jpg,test/images/sewage_002581.jpg,D:\Study Material\Sem VI\Projects\PBL2\RoadEye\dataset_crack\final_dataset_v5\test\labels\sewage_002581.txt,6,3
test,D:\Study Material\Sem VI\Projects\PBL2\RoadEye\dataset_crack\final_dataset_v5\test\images\sewage_002582.jpg,test/images/sewage_002582.jpg,D:\Study Material\Sem VI\Projects\PBL2\RoadEye\dataset_crack\final_dataset_v5\test\labels\sewage_002582.txt,3,6
test,D:\Study Material\Sem VI\Projects\PBL2\RoadEye\dataset_crack\final_dataset_v5\test\images\sewage_002585.jpg,test/images/sewage_002585.jpg,D:\Study Material\Sem VI\Projects\PBL2\RoadEye\dataset_crack\final_dataset_v5\test\labels\sewage_002585.txt,2,3
test,D:\Study Material\Sem VI\Projects\PBL2\RoadEye\dataset_crack\final_dataset_v5\test\images\sewage_002593.jpg,test/images/sewage_002593.jpg,D:\Study Material\Sem VI\Projects\PBL2\RoadEye\dataset_crack\final_dataset_v5\test\labels\sewage_002593.txt,1,1
test,D:\Study Material\Sem VI\Projects\PBL2\RoadEye\dataset_crack\final_dataset_v5\test\images\sewage_002605.jpg,test/images/sewage_002605.jpg,D:\Study Material\Sem VI\Projects\PBL2\RoadEye\dataset_crack\final_dataset_v5\test\labels\sewage_002605.txt,3,1
test,D:\Study Material\Sem VI\Projects\PBL2\RoadEye\dataset_crack\final_dataset_v5\test\images\sewage_002618.jpg,test/images/sewage_002618.jpg,D:\Study Material\Sem VI\Projects\PBL2\RoadEye\dataset_crack\final_dataset_v5\test\labels\sewage_002618.txt,0,1
test,D:\Study Material\Sem VI\Projects\PBL2\RoadEye\dataset_crack\final_dataset_v5\test\images\sewage_002621.jpg,test/images/sewage_002621.jpg,D:\Study Material\Sem VI\Projects\PBL2\RoadEye\dataset_crack\final_dataset_v5\test\labels\sewage_002621.txt,1,1
test,D:\Study Material\Sem VI\Projects\PBL2\RoadEye\dataset_crack\final_dataset_v5\test\images\sewage_002639.jpg,test/images/sewage_002639.jpg,D:\Study Material\Sem VI\Projects\PBL2\RoadEye\dataset_crack\final_dataset_v5\test\labels\sewage_002639.txt,1,1
test,D:\Study Material\Sem VI\Projects\PBL2\RoadEye\dataset_crack\final_dataset_v5\test\images\sewage_002663.jpg,test/images/sewage_002663.jpg,D:\Study Material\Sem VI\Projects\PBL2\RoadEye\dataset_crack\final_dataset_v5\test\labels\sewage_002663.txt,1,0
test,D:\Study Material\Sem VI\Projects\PBL2\RoadEye\dataset_crack\final_dataset_v5\test\images\sewage_002665.jpg,test/images/sewage_002665.jpg,D:\Study Material\Sem VI\Projects\PBL2\RoadEye\dataset_crack\final_dataset_v5\test\labels\sewage_002665.txt,3,7
test,D:\Study Material\Sem VI\Projects\PBL2\RoadEye\dataset_crack\final_dataset_v5\test\images\sewage_002666.jpg,test/images/sewage_002666.jpg,D:\Study Material\Sem VI\Projects\PBL2\RoadEye\dataset_crack\final_dataset_v5\test\labels\sewage_002666.txt,0,1
test,D:\Study Material\Sem VI\Projects\PBL2\RoadEye\dataset_crack\final_dataset_v5\test\images\sewage_002670.jpg,test/images/sewage_002670.jpg,D:\Study Material\Sem VI\Projects\PBL2\RoadEye\dataset_crack\final_dataset_v5\test\labels\sewage_002670.txt,1,0
test,D:\Study Material\Sem VI\Projects\PBL2\RoadEye\dataset_crack\final_dataset_v5\test\images\sewage_002681.jpg,test/images/sewage_002681.jpg,D:\Study Material\Sem VI\Projects\PBL2\RoadEye\dataset_crack\final_dataset_v5\test\labels\sewage_002681.txt,0,1
test,D:\Study Material\Sem VI\Projects\PBL2\RoadEye\dataset_crack\final_dataset_v5\test\images\sewage_002703.jpg,test/images/sewage_002703.jpg,D:\Study Material\Sem VI\Projects\PBL2\RoadEye\dataset_crack\final_dataset_v5\test\labels\sewage_002703.txt,1,2
test,D:\Study Material\Sem VI\Projects\PBL2\RoadEye\dataset_crack\final_dataset_v5\test\images\sewage_002713.jpg,test/images/sewage_002713.jpg,D:\Study Material\Sem VI\Projects\PBL2\RoadEye\dataset_crack\final_dataset_v5\test\labels\sewage_002713.txt,0,1
test,D:\Study Material\Sem VI\Projects\PBL2\RoadEye\dataset_crack\final_dataset_v5\test\images\sewage_002727.jpg,test/images/sewage_002727.jpg,D:\Study Material\Sem VI\Projects\PBL2\RoadEye\dataset_crack\final_dataset_v5\test\labels\sewage_002727.txt,1,3
test,D:\Study Material\Sem VI\Projects\PBL2\RoadEye\dataset_crack\final_dataset_v5\test\images\sewage_002728.jpg,test/images/sewage_002728.jpg,D:\Study Material\Sem VI\Projects\PBL2\RoadEye\dataset_crack\final_dataset_v5\test\labels\sewage_002728.txt,2,0
test,D:\Study Material\Sem VI\Projects\PBL2\RoadEye\dataset_crack\final_dataset_v5\test\images\sewage_002744.jpg,test/images/sewage_002744.jpg,D:\Study Material\Sem VI\Projects\PBL2\RoadEye\dataset_crack\final_dataset_v5\test\labels\sewage_002744.txt,3,4
test,D:\Study Material\Sem VI\Projects\PBL2\RoadEye\dataset_crack\final_dataset_v5\test\images\sewage_002752.jpg,test/images/sewage_002752.jpg,D:\Study Material\Sem VI\Projects\PBL2\RoadEye\dataset_crack\final_dataset_v5\test\labels\sewage_002752.txt,4,1
test,D:\Study Material\Sem VI\Projects\PBL2\RoadEye\dataset_crack\final_dataset_v5\test\images\sewage_defect_detection_000010.jpg,test/images/sewage_defect_detection_000010.jpg,D:\Study Material\Sem VI\Projects\PBL2\RoadEye\dataset_crack\final_dataset_v5\test\labels\sewage_defect_detection_000010.txt,1,1
test,D:\Study Material\Sem VI\Projects\PBL2\RoadEye\dataset_crack\final_dataset_v5\test\images\sewage_defect_detection_000015.jpg,test/images/sewage_defect_detection_000015.jpg,D:\Study Material\Sem VI\Projects\PBL2\RoadEye\dataset_crack\final_dataset_v5\test\labels\sewage_defect_detection_000015.txt,2,2
test,D:\Study Material\Sem VI\Projects\PBL2\RoadEye\dataset_crack\final_dataset_v5\test\images\sewage_defect_detection_000042.jpg,test/images/sewage_defect_detection_000042.jpg,D:\Study Material\Sem VI\Projects\PBL2\RoadEye\dataset_crack\final_dataset_v5\test\labels\sewage_defect_detection_000042.txt,2,2
test,D:\Study Material\Sem VI\Projects\PBL2\RoadEye\dataset_crack\final_dataset_v5\test\images\sewage_defect_detection_000085.jpg,test/images/sewage_defect_detection_000085.jpg,D:\Study Material\Sem VI\Projects\PBL2\RoadEye\dataset_crack\final_dataset_v5\test\labels\sewage_defect_detection_000085.txt,2,0
test,D:\Study Material\Sem VI\Projects\PBL2\RoadEye\dataset_crack\final_dataset_v5\test\images\sewage_defect_detection_000089.jpg,test/images/sewage_defect_detection_000089.jpg,D:\Study Material\Sem VI\Projects\PBL2\RoadEye\dataset_crack\final_dataset_v5\test\labels\sewage_defect_detection_000089.txt,2,0
test,D:\Study Material\Sem VI\Projects\PBL2\RoadEye\dataset_crack\final_dataset_v5\test\images\sewage_defect_detection_000125.jpg,test/images/sewage_defect_detection_000125.jpg,D:\Study Material\Sem VI\Projects\PBL2\RoadEye\dataset_crack\final_dataset_v5\test\labels\sewage_defect_detection_000125.txt,1,0
test,D:\Study Material\Sem VI\Projects\PBL2\RoadEye\dataset_crack\final_dataset_v5\test\images\sewage_defect_detection_000132.jpg,test/images/sewage_defect_detection_000132.jpg,D:\Study Material\Sem VI\Projects\PBL2\RoadEye\dataset_crack\final_dataset_v5\test\labels\sewage_defect_detection_000132.txt,1,0
test,D:\Study Material\Sem VI\Projects\PBL2\RoadEye\dataset_crack\final_dataset_v5\test\images\sewage_defect_detection_000150.jpg,test/images/sewage_defect_detection_000150.jpg,D:\Study Material\Sem VI\Projects\PBL2\RoadEye\dataset_crack\final_dataset_v5\test\labels\sewage_defect_detection_000150.txt,1,0
test,D:\Study Material\Sem VI\Projects\PBL2\RoadEye\dataset_crack\final_dataset_v5\test\images\sewage_defect_detection_000171.jpg,test/images/sewage_defect_detection_000171.jpg,D:\Study Material\Sem VI\Projects\PBL2\RoadEye\dataset_crack\final_dataset_v5\test\labels\sewage_defect_detection_000171.txt,2,1
test,D:\Study Material\Sem VI\Projects\PBL2\RoadEye\dataset_crack\final_dataset_v5\test\images\sewage_defect_detection_000186.jpg,test/images/sewage_defect_detection_000186.jpg,D:\Study Material\Sem VI\Projects\PBL2\RoadEye\dataset_crack\final_dataset_v5\test\labels\sewage_defect_detection_000186.txt,1,1
test,D:\Study Material\Sem VI\Projects\PBL2\RoadEye\dataset_crack\final_dataset_v5\test\images\sewage_defect_detection_000188.jpg,test/images/sewage_defect_detection_000188.jpg,D:\Study Material\Sem VI\Projects\PBL2\RoadEye\dataset_crack\final_dataset_v5\test\labels\sewage_defect_detection_000188.txt,2,0
test,D:\Study Material\Sem VI\Projects\PBL2\RoadEye\dataset_crack\final_dataset_v5\test\images\sewage_defect_detection_000251.jpg,test/images/sewage_defect_detection_000251.jpg,D:\Study Material\Sem VI\Projects\PBL2\RoadEye\dataset_crack\final_dataset_v5\test\labels\sewage_defect_detection_000251.txt,2,2
test,D:\Study Material\Sem VI\Projects\PBL2\RoadEye\dataset_crack\final_dataset_v5\test\images\sewage_defect_detection_000329.jpg,test/images/sewage_defect_detection_000329.jpg,D:\Study Material\Sem VI\Projects\PBL2\RoadEye\dataset_crack\final_dataset_v5\test\labels\sewage_defect_detection_000329.txt,1,1
test,D:\Study Material\Sem VI\Projects\PBL2\RoadEye\dataset_crack\final_dataset_v5\test\images\sewage_defect_detection_000332.jpg,test/images/sewage_defect_detection_000332.jpg,D:\Study Material\Sem VI\Projects\PBL2\RoadEye\dataset_crack\final_dataset_v5\test\labels\sewage_defect_detection_000332.txt,1,0
test,D:\Study Material\Sem VI\Projects\PBL2\RoadEye\dataset_crack\final_dataset_v5\test\images\sewage_defect_detection_000364.jpg,test/images/sewage_defect_detection_000364.jpg,D:\Study Material\Sem VI\Projects\PBL2\RoadEye\dataset_crack\final_dataset_v5\test\labels\sewage_defect_detection_000364.txt,1,0
test,D:\Study Material\Sem VI\Projects\PBL2\RoadEye\dataset_crack\final_dataset_v5\test\images\sewage_defect_detection_000385.jpg,test/images/sewage_defect_detection_000385.jpg,D:\Study Material\Sem VI\Projects\PBL2\RoadEye\dataset_crack\final_dataset_v5\test\labels\sewage_defect_detection_000385.txt,2,0
test,D:\Study Material\Sem VI\Projects\PBL2\RoadEye\dataset_crack\final_dataset_v5\test\images\sewage_defect_detection_000429.jpg,test/images/sewage_defect_detection_000429.jpg,D:\Study Material\Sem VI\Projects\PBL2\RoadEye\dataset_crack\final_dataset_v5\test\labels\sewage_defect_detection_000429.txt,3,3
test,D:\Study Material\Sem VI\Projects\PBL2\RoadEye\dataset_crack\final_dataset_v5\test\images\sewage_defect_detection_000443.jpg,test/images/sewage_defect_detection_000443.jpg,D:\Study Material\Sem VI\Projects\PBL2\RoadEye\dataset_crack\final_dataset_v5\test\labels\sewage_defect_detection_000443.txt,3,0
test,D:\Study Material\Sem VI\Projects\PBL2\RoadEye\dataset_crack\final_dataset_v5\test\images\sewage_defect_detection_000446.jpg,test/images/sewage_defect_detection_000446.jpg,D:\Study Material\Sem VI\Projects\PBL2\RoadEye\dataset_crack\final_dataset_v5\test\labels\sewage_defect_detection_000446.txt,1,0
test,D:\Study Material\Sem VI\Projects\PBL2\RoadEye\dataset_crack\final_dataset_v5\test\images\sewage_defect_detection_000479.jpg,test/images/sewage_defect_detection_000479.jpg,D:\Study Material\Sem VI\Projects\PBL2\RoadEye\dataset_crack\final_dataset_v5\test\labels\sewage_defect_detection_000479.txt,1,1
test,D:\Study Material\Sem VI\Projects\PBL2\RoadEye\dataset_crack\final_dataset_v5\test\images\sewage_defect_detection_000487.jpg,test/images/sewage_defect_detection_000487.jpg,D:\Study Material\Sem VI\Projects\PBL2\RoadEye\dataset_crack\final_dataset_v5\test\labels\sewage_defect_detection_000487.txt,1,3
test,D:\Study Material\Sem VI\Projects\PBL2\RoadEye\dataset_crack\final_dataset_v5\test\images\sewage_defect_detection_000515.jpg,test/images/sewage_defect_detection_000515.jpg,D:\Study Material\Sem VI\Projects\PBL2\RoadEye\dataset_crack\final_dataset_v5\test\labels\sewage_defect_detection_000515.txt,1,0
test,D:\Study Material\Sem VI\Projects\PBL2\RoadEye\dataset_crack\final_dataset_v5\test\images\sewage_defect_detection_000529.jpg,test/images/sewage_defect_detection_000529.jpg,D:\Study Material\Sem VI\Projects\PBL2\RoadEye\dataset_crack\final_dataset_v5\test\labels\sewage_defect_detection_000529.txt,1,0
test,D:\Study Material\Sem VI\Projects\PBL2\RoadEye\dataset_crack\final_dataset_v5\test\images\sewage_defect_detection_000577.jpg,test/images/sewage_defect_detection_000577.jpg,D:\Study Material\Sem VI\Projects\PBL2\RoadEye\dataset_crack\final_dataset_v5\test\labels\sewage_defect_detection_000577.txt,2,1
test,D:\Study Material\Sem VI\Projects\PBL2\RoadEye\dataset_crack\final_dataset_v5\test\images\sewage_defect_detection_000585.jpg,test/images/sewage_defect_detection_000585.jpg,D:\Study Material\Sem VI\Projects\PBL2\RoadEye\dataset_crack\final_dataset_v5\test\labels\sewage_defect_detection_000585.txt,1,0
test,D:\Study Material\Sem VI\Projects\PBL2\RoadEye\dataset_crack\final_dataset_v5\test\images\sewage_defect_detection_000587.jpg,test/images/sewage_defect_detection_000587.jpg,D:\Study Material\Sem VI\Projects\PBL2\RoadEye\dataset_crack\final_dataset_v5\test\labels\sewage_defect_detection_000587.txt,4,2
test,D:\Study Material\Sem VI\Projects\PBL2\RoadEye\dataset_crack\final_dataset_v5\test\images\sewage_defect_detection_000590.jpg,test/images/sewage_defect_detection_000590.jpg,D:\Study Material\Sem VI\Projects\PBL2\RoadEye\dataset_crack\final_dataset_v5\test\labels\sewage_defect_detection_000590.txt,3,2
test,D:\Study Material\Sem VI\Projects\PBL2\RoadEye\dataset_crack\final_dataset_v5\test\images\sewage_defect_detection_000666.jpg,test/images/sewage_defect_detection_000666.jpg,D:\Study Material\Sem VI\Projects\PBL2\RoadEye\dataset_crack\final_dataset_v5\test\labels\sewage_defect_detection_000666.txt,1,1
test,D:\Study Material\Sem VI\Projects\PBL2\RoadEye\dataset_crack\final_dataset_v5\test\images\sewage_defect_detection_000684.jpg,test/images/sewage_defect_detection_000684.jpg,D:\Study Material\Sem VI\Projects\PBL2\RoadEye\dataset_crack\final_dataset_v5\test\labels\sewage_defect_detection_000684.txt,0,1
test,D:\Study Material\Sem VI\Projects\PBL2\RoadEye\dataset_crack\final_dataset_v5\test\images\sewage_defect_detection_000701.jpg,test/images/sewage_defect_detection_000701.jpg,D:\Study Material\Sem VI\Projects\PBL2\RoadEye\dataset_crack\final_dataset_v5\test\labels\sewage_defect_detection_000701.txt,2,1
test,D:\Study Material\Sem VI\Projects\PBL2\RoadEye\dataset_crack\final_dataset_v5\test\images\sewage_defect_detection_000743.jpg,test/images/sewage_defect_detection_000743.jpg,D:\Study Material\Sem VI\Projects\PBL2\RoadEye\dataset_crack\final_dataset_v5\test\labels\sewage_defect_detection_000743.txt,0,1
test,D:\Study Material\Sem VI\Projects\PBL2\RoadEye\dataset_crack\final_dataset_v5\test\images\sewage_defect_detection_000774.jpg,test/images/sewage_defect_detection_000774.jpg,D:\Study Material\Sem VI\Projects\PBL2\RoadEye\dataset_crack\final_dataset_v5\test\labels\sewage_defect_detection_000774.txt,1,1
test,D:\Study Material\Sem VI\Projects\PBL2\RoadEye\dataset_crack\final_dataset_v5\test\images\sewage_defect_detection_000792.jpg,test/images/sewage_defect_detection_000792.jpg,D:\Study Material\Sem VI\Projects\PBL2\RoadEye\dataset_crack\final_dataset_v5\test\labels\sewage_defect_detection_000792.txt,2,0
test,D:\Study Material\Sem VI\Projects\PBL2\RoadEye\dataset_crack\final_dataset_v5\test\images\sewage_defect_detection_000842.jpg,test/images/sewage_defect_detection_000842.jpg,D:\Study Material\Sem VI\Projects\PBL2\RoadEye\dataset_crack\final_dataset_v5\test\labels\sewage_defect_detection_000842.txt,1,0
test,D:\Study Material\Sem VI\Projects\PBL2\RoadEye\dataset_crack\final_dataset_v5\test\images\sewage_defect_detection_000882.jpg,test/images/sewage_defect_detection_000882.jpg,D:\Study Material\Sem VI\Projects\PBL2\RoadEye\dataset_crack\final_dataset_v5\test\labels\sewage_defect_detection_000882.txt,4,5
test,D:\Study Material\Sem VI\Projects\PBL2\RoadEye\dataset_crack\final_dataset_v5\test\images\sewage_defect_detection_000906.jpg,test/images/sewage_defect_detection_000906.jpg,D:\Study Material\Sem VI\Projects\PBL2\RoadEye\dataset_crack\final_dataset_v5\test\labels\sewage_defect_detection_000906.txt,1,3
test,D:\Study Material\Sem VI\Projects\PBL2\RoadEye\dataset_crack\final_dataset_v5\test\images\sewage_defect_detection_000974.jpg,test/images/sewage_defect_detection_000974.jpg,D:\Study Material\Sem VI\Projects\PBL2\RoadEye\dataset_crack\final_dataset_v5\test\labels\sewage_defect_detection_000974.txt,1,0
test,D:\Study Material\Sem VI\Projects\PBL2\RoadEye\dataset_crack\final_dataset_v5\test\images\sewage_defect_detection_000979.jpg,test/images/sewage_defect_detection_000979.jpg,D:\Study Material\Sem VI\Projects\PBL2\RoadEye\dataset_crack\final_dataset_v5\test\labels\sewage_defect_detection_000979.txt,3,0
test,D:\Study Material\Sem VI\Projects\PBL2\RoadEye\dataset_crack\final_dataset_v5\test\images\sewage_defect_detection_000996.jpg,test/images/sewage_defect_detection_000996.jpg,D:\Study Material\Sem VI\Projects\PBL2\RoadEye\dataset_crack\final_dataset_v5\test\labels\sewage_defect_detection_000996.txt,3,0
test,D:\Study Material\Sem VI\Projects\PBL2\RoadEye\dataset_crack\final_dataset_v5\test\images\sewage_defect_detection_001011.jpg,test/images/sewage_defect_detection_001011.jpg,D:\Study Material\Sem VI\Projects\PBL2\RoadEye\dataset_crack\final_dataset_v5\test\labels\sewage_defect_detection_001011.txt,1,2
test,D:\Study Material\Sem VI\Projects\PBL2\RoadEye\dataset_crack\final_dataset_v5\test\images\sewage_defect_detection_001020.jpg,test/images/sewage_defect_detection_001020.jpg,D:\Study Material\Sem VI\Projects\PBL2\RoadEye\dataset_crack\final_dataset_v5\test\labels\sewage_defect_detection_001020.txt,3,0
test,D:\Study Material\Sem VI\Projects\PBL2\RoadEye\dataset_crack\final_dataset_v5\test\images\sewage_defect_detection_001026.jpg,test/images/sewage_defect_detection_001026.jpg,D:\Study Material\Sem VI\Projects\PBL2\RoadEye\dataset_crack\final_dataset_v5\test\labels\sewage_defect_detection_001026.txt,2,2
test,D:\Study Material\Sem VI\Projects\PBL2\RoadEye\dataset_crack\final_dataset_v5\test\images\sewage_defect_detection_001032.jpg,test/images/sewage_defect_detection_001032.jpg,D:\Study Material\Sem VI\Projects\PBL2\RoadEye\dataset_crack\final_dataset_v5\test\labels\sewage_defect_detection_001032.txt,1,0
test,D:\Study Material\Sem VI\Projects\PBL2\RoadEye\dataset_crack\final_dataset_v5\test\images\sewage_defect_detection_001043.jpg,test/images/sewage_defect_detection_001043.jpg,D:\Study Material\Sem VI\Projects\PBL2\RoadEye\dataset_crack\final_dataset_v5\test\labels\sewage_defect_detection_001043.txt,0,2
test,D:\Study Material\Sem VI\Projects\PBL2\RoadEye\dataset_crack\final_dataset_v5\test\images\sewage_defect_detection_001055.jpg,test/images/sewage_defect_detection_001055.jpg,D:\Study Material\Sem VI\Projects\PBL2\RoadEye\dataset_crack\final_dataset_v5\test\labels\sewage_defect_detection_001055.txt,1,0
test,D:\Study Material\Sem VI\Projects\PBL2\RoadEye\dataset_crack\final_dataset_v5\test\images\sewage_defect_detection_001111.jpg,test/images/sewage_defect_detection_001111.jpg,D:\Study Material\Sem VI\Projects\PBL2\RoadEye\dataset_crack\final_dataset_v5\test\labels\sewage_defect_detection_001111.txt,2,0
test,D:\Study Material\Sem VI\Projects\PBL2\RoadEye\dataset_crack\final_dataset_v5\test\images\sewage_defect_detection_001154.jpg,test/images/sewage_defect_detection_001154.jpg,D:\Study Material\Sem VI\Projects\PBL2\RoadEye\dataset_crack\final_dataset_v5\test\labels\sewage_defect_detection_001154.txt,1,0
test,D:\Study Material\Sem VI\Projects\PBL2\RoadEye\dataset_crack\final_dataset_v5\test\images\sewage_defect_detection_001160.jpg,test/images/sewage_defect_detection_001160.jpg,D:\Study Material\Sem VI\Projects\PBL2\RoadEye\dataset_crack\final_dataset_v5\test\labels\sewage_defect_detection_001160.txt,0,2
test,D:\Study Material\Sem VI\Projects\PBL2\RoadEye\dataset_crack\final_dataset_v5\test\images\sewage_defect_detection_001180.jpg,test/images/sewage_defect_detection_001180.jpg,D:\Study Material\Sem VI\Projects\PBL2\RoadEye\dataset_crack\final_dataset_v5\test\labels\sewage_defect_detection_001180.txt,3,3
test,D:\Study Material\Sem VI\Projects\PBL2\RoadEye\dataset_crack\final_dataset_v5\test\images\sewage_defect_detection_001188.jpg,test/images/sewage_defect_detection_001188.jpg,D:\Study Material\Sem VI\Projects\PBL2\RoadEye\dataset_crack\final_dataset_v5\test\labels\sewage_defect_detection_001188.txt,1,2
test,D:\Study Material\Sem VI\Projects\PBL2\RoadEye\dataset_crack\final_dataset_v5\test\images\sewage_defect_detection_001200.jpg,test/images/sewage_defect_detection_001200.jpg,D:\Study Material\Sem VI\Projects\PBL2\RoadEye\dataset_crack\final_dataset_v5\test\labels\sewage_defect_detection_001200.txt,0,2
test,D:\Study Material\Sem VI\Projects\PBL2\RoadEye\dataset_crack\final_dataset_v5\test\images\sewage_defect_detection_001240.jpg,test/images/sewage_defect_detection_001240.jpg,D:\Study Material\Sem VI\Projects\PBL2\RoadEye\dataset_crack\final_dataset_v5\test\labels\sewage_defect_detection_001240.txt,2,5
test,D:\Study Material\Sem VI\Projects\PBL2\RoadEye\dataset_crack\final_dataset_v5\test\images\sewage_defect_detection_001275.jpg,test/images/sewage_defect_detection_001275.jpg,D:\Study Material\Sem VI\Projects\PBL2\RoadEye\dataset_crack\final_dataset_v5\test\labels\sewage_defect_detection_001275.txt,2,2
test,D:\Study Material\Sem VI\Projects\PBL2\RoadEye\dataset_crack\final_dataset_v5\test\images\sewage_defect_detection_001338.jpg,test/images/sewage_defect_detection_001338.jpg,D:\Study Material\Sem VI\Projects\PBL2\RoadEye\dataset_crack\final_dataset_v5\test\labels\sewage_defect_detection_001338.txt,3,4
test,D:\Study Material\Sem VI\Projects\PBL2\RoadEye\dataset_crack\final_dataset_v5\test\images\sewage_defect_detection_001359.jpg,test/images/sewage_defect_detection_001359.jpg,D:\Study Material\Sem VI\Projects\PBL2\RoadEye\dataset_crack\final_dataset_v5\test\labels\sewage_defect_detection_001359.txt,1,1
test,D:\Study Material\Sem VI\Projects\PBL2\RoadEye\dataset_crack\final_dataset_v5\test\images\sewage_defect_detection_001397.jpg,test/images/sewage_defect_detection_001397.jpg,D:\Study Material\Sem VI\Projects\PBL2\RoadEye\dataset_crack\final_dataset_v5\test\labels\sewage_defect_detection_001397.txt,2,0
test,D:\Study Material\Sem VI\Projects\PBL2\RoadEye\dataset_crack\final_dataset_v5\test\images\sewage_defect_detection_001403.jpg,test/images/sewage_defect_detection_001403.jpg,D:\Study Material\Sem VI\Projects\PBL2\RoadEye\dataset_crack\final_dataset_v5\test\labels\sewage_defect_detection_001403.txt,1,0
test,D:\Study Material\Sem VI\Projects\PBL2\RoadEye\dataset_crack\final_dataset_v5\test\images\sewage_defect_detection_001409.jpg,test/images/sewage_defect_detection_001409.jpg,D:\Study Material\Sem VI\Projects\PBL2\RoadEye\dataset_crack\final_dataset_v5\test\labels\sewage_defect_detection_001409.txt,0,1
test,D:\Study Material\Sem VI\Projects\PBL2\RoadEye\dataset_crack\final_dataset_v5\test\images\sewage_defect_detection_001478.jpg,test/images/sewage_defect_detection_001478.jpg,D:\Study Material\Sem VI\Projects\PBL2\RoadEye\dataset_crack\final_dataset_v5\test\labels\sewage_defect_detection_001478.txt,1,0
test,D:\Study Material\Sem VI\Projects\PBL2\RoadEye\dataset_crack\final_dataset_v5\test\images\sewage_defect_detection_001482.jpg,test/images/sewage_defect_detection_001482.jpg,D:\Study Material\Sem VI\Projects\PBL2\RoadEye\dataset_crack\final_dataset_v5\test\labels\sewage_defect_detection_001482.txt,1,1
test,D:\Study Material\Sem VI\Projects\PBL2\RoadEye\dataset_crack\final_dataset_v5\test\images\sewage_defect_detection_001485.jpg,test/images/sewage_defect_detection_001485.jpg,D:\Study Material\Sem VI\Projects\PBL2\RoadEye\dataset_crack\final_dataset_v5\test\labels\sewage_defect_detection_001485.txt,2,3
test,D:\Study Material\Sem VI\Projects\PBL2\RoadEye\dataset_crack\final_dataset_v5\test\images\sewage_defect_detection_001515.jpg,test/images/sewage_defect_detection_001515.jpg,D:\Study Material\Sem VI\Projects\PBL2\RoadEye\dataset_crack\final_dataset_v5\test\labels\sewage_defect_detection_001515.txt,1,0
test,D:\Study Material\Sem VI\Projects\PBL2\RoadEye\dataset_crack\final_dataset_v5\test\images\sewage_defect_detection_001520.jpg,test/images/sewage_defect_detection_001520.jpg,D:\Study Material\Sem VI\Projects\PBL2\RoadEye\dataset_crack\final_dataset_v5\test\labels\sewage_defect_detection_001520.txt,2,0
test,D:\Study Material\Sem VI\Projects\PBL2\RoadEye\dataset_crack\final_dataset_v5\test\images\sewage_defect_detection_001571.jpg,test/images/sewage_defect_detection_001571.jpg,D:\Study Material\Sem VI\Projects\PBL2\RoadEye\dataset_crack\final_dataset_v5\test\labels\sewage_defect_detection_001571.txt,1,0
test,D:\Study Material\Sem VI\Projects\PBL2\RoadEye\dataset_crack\final_dataset_v5\test\images\sewage_defect_detection_001602.jpg,test/images/sewage_defect_detection_001602.jpg,D:\Study Material\Sem VI\Projects\PBL2\RoadEye\dataset_crack\final_dataset_v5\test\labels\sewage_defect_detection_001602.txt,1,0
test,D:\Study Material\Sem VI\Projects\PBL2\RoadEye\dataset_crack\final_dataset_v5\test\images\sewage_defect_detection_001609.jpg,test/images/sewage_defect_detection_001609.jpg,D:\Study Material\Sem VI\Projects\PBL2\RoadEye\dataset_crack\final_dataset_v5\test\labels\sewage_defect_detection_001609.txt,1,0
test,D:\Study Material\Sem VI\Projects\PBL2\RoadEye\dataset_crack\final_dataset_v5\test\images\sewage_defect_detection_001616.jpg,test/images/sewage_defect_detection_001616.jpg,D:\Study Material\Sem VI\Projects\PBL2\RoadEye\dataset_crack\final_dataset_v5\test\labels\sewage_defect_detection_001616.txt,2,2
test,D:\Study Material\Sem VI\Projects\PBL2\RoadEye\dataset_crack\final_dataset_v5\test\images\sewage_defect_detection_001644.jpg,test/images/sewage_defect_detection_001644.jpg,D:\Study Material\Sem VI\Projects\PBL2\RoadEye\dataset_crack\final_dataset_v5\test\labels\sewage_defect_detection_001644.txt,0,1
test,D:\Study Material\Sem VI\Projects\PBL2\RoadEye\dataset_crack\final_dataset_v5\test\images\sewage_defect_detection_001645.jpg,test/images/sewage_defect_detection_001645.jpg,D:\Study Material\Sem VI\Projects\PBL2\RoadEye\dataset_crack\final_dataset_v5\test\labels\sewage_defect_detection_001645.txt,1,0
test,D:\Study Material\Sem VI\Projects\PBL2\RoadEye\dataset_crack\final_dataset_v5\test\images\sewage_defect_detection_001659.jpg,test/images/sewage_defect_detection_001659.jpg,D:\Study Material\Sem VI\Projects\PBL2\RoadEye\dataset_crack\final_dataset_v5\test\labels\sewage_defect_detection_001659.txt,1,0
test,D:\Study Material\Sem VI\Projects\PBL2\RoadEye\dataset_crack\final_dataset_v5\test\images\sewage_defect_detection_001689.jpg,test/images/sewage_defect_detection_001689.jpg,D:\Study Material\Sem VI\Projects\PBL2\RoadEye\dataset_crack\final_dataset_v5\test\labels\sewage_defect_detection_001689.txt,1,2
test,D:\Study Material\Sem VI\Projects\PBL2\RoadEye\dataset_crack\final_dataset_v5\test\images\sewage_defect_detection_001707.jpg,test/images/sewage_defect_detection_001707.jpg,D:\Study Material\Sem VI\Projects\PBL2\RoadEye\dataset_crack\final_dataset_v5\test\labels\sewage_defect_detection_001707.txt,1,0
test,D:\Study Material\Sem VI\Projects\PBL2\RoadEye\dataset_crack\final_dataset_v5\test\images\sewage_defect_detection_001712.jpg,test/images/sewage_defect_detection_001712.jpg,D:\Study Material\Sem VI\Projects\PBL2\RoadEye\dataset_crack\final_dataset_v5\test\labels\sewage_defect_detection_001712.txt,1,0
test,D:\Study Material\Sem VI\Projects\PBL2\RoadEye\dataset_crack\final_dataset_v5\test\images\sewage_defect_detection_001724.jpg,test/images/sewage_defect_detection_001724.jpg,D:\Study Material\Sem VI\Projects\PBL2\RoadEye\dataset_crack\final_dataset_v5\test\labels\sewage_defect_detection_001724.txt,0,3
test,D:\Study Material\Sem VI\Projects\PBL2\RoadEye\dataset_crack\final_dataset_v5\test\images\sewage_defect_detection_001735.jpg,test/images/sewage_defect_detection_001735.jpg,D:\Study Material\Sem VI\Projects\PBL2\RoadEye\dataset_crack\final_dataset_v5\test\labels\sewage_defect_detection_001735.txt,1,0
test,D:\Study Material\Sem VI\Projects\PBL2\RoadEye\dataset_crack\final_dataset_v5\test\images\sewage_defect_detection_001750.jpg,test/images/sewage_defect_detection_001750.jpg,D:\Study Material\Sem VI\Projects\PBL2\RoadEye\dataset_crack\final_dataset_v5\test\labels\sewage_defect_detection_001750.txt,1,0
test,D:\Study Material\Sem VI\Projects\PBL2\RoadEye\dataset_crack\final_dataset_v5\test\images\sewage_defect_detection_001754.jpg,test/images/sewage_defect_detection_001754.jpg,D:\Study Material\Sem VI\Projects\PBL2\RoadEye\dataset_crack\final_dataset_v5\test\labels\sewage_defect_detection_001754.txt,1,2
test,D:\Study Material\Sem VI\Projects\PBL2\RoadEye\dataset_crack\final_dataset_v5\test\images\sewage_defect_detection_001755.jpg,test/images/sewage_defect_detection_001755.jpg,D:\Study Material\Sem VI\Projects\PBL2\RoadEye\dataset_crack\final_dataset_v5\test\labels\sewage_defect_detection_001755.txt,2,1
test,D:\Study Material\Sem VI\Projects\PBL2\RoadEye\dataset_crack\final_dataset_v5\test\images\sewage_defect_detection_001793.jpg,test/images/sewage_defect_detection_001793.jpg,D:\Study Material\Sem VI\Projects\PBL2\RoadEye\dataset_crack\final_dataset_v5\test\labels\sewage_defect_detection_001793.txt,2,1
test,D:\Study Material\Sem VI\Projects\PBL2\RoadEye\dataset_crack\final_dataset_v5\test\images\sewage_defect_detection_001803.jpg,test/images/sewage_defect_detection_001803.jpg,D:\Study Material\Sem VI\Projects\PBL2\RoadEye\dataset_crack\final_dataset_v5\test\labels\sewage_defect_detection_001803.txt,2,1
test,D:\Study Material\Sem VI\Projects\PBL2\RoadEye\dataset_crack\final_dataset_v5\test\images\sewage_defect_detection_001832.jpg,test/images/sewage_defect_detection_001832.jpg,D:\Study Material\Sem VI\Projects\PBL2\RoadEye\dataset_crack\final_dataset_v5\test\labels\sewage_defect_detection_001832.txt,1,2
test,D:\Study Material\Sem VI\Projects\PBL2\RoadEye\dataset_crack\final_dataset_v5\test\images\sewage_defect_detection_001847.jpg,test/images/sewage_defect_detection_001847.jpg,D:\Study Material\Sem VI\Projects\PBL2\RoadEye\dataset_crack\final_dataset_v5\test\labels\sewage_defect_detection_001847.txt,1,0
test,D:\Study Material\Sem VI\Projects\PBL2\RoadEye\dataset_crack\final_dataset_v5\test\images\sewage_defect_detection_001848.jpg,test/images/sewage_defect_detection_001848.jpg,D:\Study Material\Sem VI\Projects\PBL2\RoadEye\dataset_crack\final_dataset_v5\test\labels\sewage_defect_detection_001848.txt,1,0
test,D:\Study Material\Sem VI\Projects\PBL2\RoadEye\dataset_crack\final_dataset_v5\test\images\sewage_defect_detection_001862.jpg,test/images/sewage_defect_detection_001862.jpg,D:\Study Material\Sem VI\Projects\PBL2\RoadEye\dataset_crack\final_dataset_v5\test\labels\sewage_defect_detection_001862.txt,2,0
test,D:\Study Material\Sem VI\Projects\PBL2\RoadEye\dataset_crack\final_dataset_v5\test\images\sewage_defect_detection_001887.jpg,test/images/sewage_defect_detection_001887.jpg,D:\Study Material\Sem VI\Projects\PBL2\RoadEye\dataset_crack\final_dataset_v5\test\labels\sewage_defect_detection_001887.txt,3,1
test,D:\Study Material\Sem VI\Projects\PBL2\RoadEye\dataset_crack\final_dataset_v5\test\images\sewage_defect_detection_001900.jpg,test/images/sewage_defect_detection_001900.jpg,D:\Study Material\Sem VI\Projects\PBL2\RoadEye\dataset_crack\final_dataset_v5\test\labels\sewage_defect_detection_001900.txt,1,2
test,D:\Study Material\Sem VI\Projects\PBL2\RoadEye\dataset_crack\final_dataset_v5\test\images\sewage_defect_detection_001957.jpg,test/images/sewage_defect_detection_001957.jpg,D:\Study Material\Sem VI\Projects\PBL2\RoadEye\dataset_crack\final_dataset_v5\test\labels\sewage_defect_detection_001957.txt,2,1
test,D:\Study Material\Sem VI\Projects\PBL2\RoadEye\dataset_crack\final_dataset_v5\test\images\sewage_defect_detection_001984.jpg,test/images/sewage_defect_detection_001984.jpg,D:\Study Material\Sem VI\Projects\PBL2\RoadEye\dataset_crack\final_dataset_v5\test\labels\sewage_defect_detection_001984.txt,3,3
test,D:\Study Material\Sem VI\Projects\PBL2\RoadEye\dataset_crack\final_dataset_v5\test\images\sewage_defect_detection_002021.jpg,test/images/sewage_defect_detection_002021.jpg,D:\Study Material\Sem VI\Projects\PBL2\RoadEye\dataset_crack\final_dataset_v5\test\labels\sewage_defect_detection_002021.txt,1,0
test,D:\Study Material\Sem VI\Projects\PBL2\RoadEye\dataset_crack\final_dataset_v5\test\images\sewage_defect_detection_002060.jpg,test/images/sewage_defect_detection_002060.jpg,D:\Study Material\Sem VI\Projects\PBL2\RoadEye\dataset_crack\final_dataset_v5\test\labels\sewage_defect_detection_002060.txt,1,0
test,D:\Study Material\Sem VI\Projects\PBL2\RoadEye\dataset_crack\final_dataset_v5\test\images\sewage_defect_detection_002083.jpg,test/images/sewage_defect_detection_002083.jpg,D:\Study Material\Sem VI\Projects\PBL2\RoadEye\dataset_crack\final_dataset_v5\test\labels\sewage_defect_detection_002083.txt,1,0
test,D:\Study Material\Sem VI\Projects\PBL2\RoadEye\dataset_crack\final_dataset_v5\test\images\sewage_defect_detection_002094.jpg,test/images/sewage_defect_detection_002094.jpg,D:\Study Material\Sem VI\Projects\PBL2\RoadEye\dataset_crack\final_dataset_v5\test\labels\sewage_defect_detection_002094.txt,0,2
test,D:\Study Material\Sem VI\Projects\PBL2\RoadEye\dataset_crack\final_dataset_v5\test\images\sewage_defect_detection_002102.jpg,test/images/sewage_defect_detection_002102.jpg,D:\Study Material\Sem VI\Projects\PBL2\RoadEye\dataset_crack\final_dataset_v5\test\labels\sewage_defect_detection_002102.txt,3,0
test,D:\Study Material\Sem VI\Projects\PBL2\RoadEye\dataset_crack\final_dataset_v5\test\images\sewage_defect_detection_002108.jpg,test/images/sewage_defect_detection_002108.jpg,D:\Study Material\Sem VI\Projects\PBL2\RoadEye\dataset_crack\final_dataset_v5\test\labels\sewage_defect_detection_002108.txt,1,0
test,D:\Study Material\Sem VI\Projects\PBL2\RoadEye\dataset_crack\final_dataset_v5\test\images\sewage_defect_detection_002109.jpg,test/images/sewage_defect_detection_002109.jpg,D:\Study Material\Sem VI\Projects\PBL2\RoadEye\dataset_crack\final_dataset_v5\test\labels\sewage_defect_detection_002109.txt,1,0
test,D:\Study Material\Sem VI\Projects\PBL2\RoadEye\dataset_crack\final_dataset_v5\test\images\sewage_defect_detection_002203.jpg,test/images/sewage_defect_detection_002203.jpg,D:\Study Material\Sem VI\Projects\PBL2\RoadEye\dataset_crack\final_dataset_v5\test\labels\sewage_defect_detection_002203.txt,0,2
test,D:\Study Material\Sem VI\Projects\PBL2\RoadEye\dataset_crack\final_dataset_v5\test\images\sewage_defect_detection_002211.jpg,test/images/sewage_defect_detection_002211.jpg,D:\Study Material\Sem VI\Projects\PBL2\RoadEye\dataset_crack\final_dataset_v5\test\labels\sewage_defect_detection_002211.txt,1,0
test,D:\Study Material\Sem VI\Projects\PBL2\RoadEye\dataset_crack\final_dataset_v5\test\images\sewage_defect_detection_002220.jpg,test/images/sewage_defect_detection_002220.jpg,D:\Study Material\Sem VI\Projects\PBL2\RoadEye\dataset_crack\final_dataset_v5\test\labels\sewage_defect_detection_002220.txt,0,2
test,D:\Study Material\Sem VI\Projects\PBL2\RoadEye\dataset_crack\final_dataset_v5\test\images\sewage_defect_detection_002262.jpg,test/images/sewage_defect_detection_002262.jpg,D:\Study Material\Sem VI\Projects\PBL2\RoadEye\dataset_crack\final_dataset_v5\test\labels\sewage_defect_detection_002262.txt,0,3
test,D:\Study Material\Sem VI\Projects\PBL2\RoadEye\dataset_crack\final_dataset_v5\test\images\sewage_defect_detection_002281.jpg,test/images/sewage_defect_detection_002281.jpg,D:\Study Material\Sem VI\Projects\PBL2\RoadEye\dataset_crack\final_dataset_v5\test\labels\sewage_defect_detection_002281.txt,1,2
test,D:\Study Material\Sem VI\Projects\PBL2\RoadEye\dataset_crack\final_dataset_v5\test\images\sewage_defect_detection_002338.jpg,test/images/sewage_defect_detection_002338.jpg,D:\Study Material\Sem VI\Projects\PBL2\RoadEye\dataset_crack\final_dataset_v5\test\labels\sewage_defect_detection_002338.txt,1,0
test,D:\Study Material\Sem VI\Projects\PBL2\RoadEye\dataset_crack\final_dataset_v5\test\images\sewage_defect_detection_002341.jpg,test/images/sewage_defect_detection_002341.jpg,D:\Study Material\Sem VI\Projects\PBL2\RoadEye\dataset_crack\final_dataset_v5\test\labels\sewage_defect_detection_002341.txt,1,0
test,D:\Study Material\Sem VI\Projects\PBL2\RoadEye\dataset_crack\final_dataset_v5\test\images\sewage_defect_detection_002443.jpg,test/images/sewage_defect_detection_002443.jpg,D:\Study Material\Sem VI\Projects\PBL2\RoadEye\dataset_crack\final_dataset_v5\test\labels\sewage_defect_detection_002443.txt,4,1
test,D:\Study Material\Sem VI\Projects\PBL2\RoadEye\dataset_crack\final_dataset_v5\test\images\sewage_defect_detection_002473.jpg,test/images/sewage_defect_detection_002473.jpg,D:\Study Material\Sem VI\Projects\PBL2\RoadEye\dataset_crack\final_dataset_v5\test\labels\sewage_defect_detection_002473.txt,1,0
test,D:\Study Material\Sem VI\Projects\PBL2\RoadEye\dataset_crack\final_dataset_v5\test\images\sewage_defect_detection_002511.jpg,test/images/sewage_defect_detection_002511.jpg,D:\Study Material\Sem VI\Projects\PBL2\RoadEye\dataset_crack\final_dataset_v5\test\labels\sewage_defect_detection_002511.txt,0,1
test,D:\Study Material\Sem VI\Projects\PBL2\RoadEye\dataset_crack\final_dataset_v5\test\images\sewage_defect_detection_002522.jpg,test/images/sewage_defect_detection_002522.jpg,D:\Study Material\Sem VI\Projects\PBL2\RoadEye\dataset_crack\final_dataset_v5\test\labels\sewage_defect_detection_002522.txt,1,0
test,D:\Study Material\Sem VI\Projects\PBL2\RoadEye\dataset_crack\final_dataset_v5\test\images\sewage_defect_detection_002569.jpg,test/images/sewage_defect_detection_002569.jpg,D:\Study Material\Sem VI\Projects\PBL2\RoadEye\dataset_crack\final_dataset_v5\test\labels\sewage_defect_detection_002569.txt,2,1
test,D:\Study Material\Sem VI\Projects\PBL2\RoadEye\dataset_crack\final_dataset_v5\test\images\sewage_defect_detection_002572.jpg,test/images/sewage_defect_detection_002572.jpg,D:\Study Material\Sem VI\Projects\PBL2\RoadEye\dataset_crack\final_dataset_v5\test\labels\sewage_defect_detection_002572.txt,1,0
test,D:\Study Material\Sem VI\Projects\PBL2\RoadEye\dataset_crack\final_dataset_v5\test\images\sewage_defect_detection_002588.jpg,test/images/sewage_defect_detection_002588.jpg,D:\Study Material\Sem VI\Projects\PBL2\RoadEye\dataset_crack\final_dataset_v5\test\labels\sewage_defect_detection_002588.txt,1,0
test,D:\Study Material\Sem VI\Projects\PBL2\RoadEye\dataset_crack\final_dataset_v5\test\images\sewage_defect_detection_002603.jpg,test/images/sewage_defect_detection_002603.jpg,D:\Study Material\Sem VI\Projects\PBL2\RoadEye\dataset_crack\final_dataset_v5\test\labels\sewage_defect_detection_002603.txt,1,0
test,D:\Study Material\Sem VI\Projects\PBL2\RoadEye\dataset_crack\final_dataset_v5\test\images\sewage_defect_detection_002627.jpg,test/images/sewage_defect_detection_002627.jpg,D:\Study Material\Sem VI\Projects\PBL2\RoadEye\dataset_crack\final_dataset_v5\test\labels\sewage_defect_detection_002627.txt,3,2
test,D:\Study Material\Sem VI\Projects\PBL2\RoadEye\dataset_crack\final_dataset_v5\test\images\sewage_defect_detection_002653.jpg,test/images/sewage_defect_detection_002653.jpg,D:\Study Material\Sem VI\Projects\PBL2\RoadEye\dataset_crack\final_dataset_v5\test\labels\sewage_defect_detection_002653.txt,1,0
test,D:\Study Material\Sem VI\Projects\PBL2\RoadEye\dataset_crack\final_dataset_v5\test\images\sewage_defect_detection_002660.jpg,test/images/sewage_defect_detection_002660.jpg,D:\Study Material\Sem VI\Projects\PBL2\RoadEye\dataset_crack\final_dataset_v5\test\labels\sewage_defect_detection_002660.txt,4,2
test,D:\Study Material\Sem VI\Projects\PBL2\RoadEye\dataset_crack\final_dataset_v5\test\images\sewage_defect_detection_002691.jpg,test/images/sewage_defect_detection_002691.jpg,D:\Study Material\Sem VI\Projects\PBL2\RoadEye\dataset_crack\final_dataset_v5\test\labels\sewage_defect_detection_002691.txt,1,1
test,D:\Study Material\Sem VI\Projects\PBL2\RoadEye\dataset_crack\final_dataset_v5\test\images\sewage_defect_detection_002722.jpg,test/images/sewage_defect_detection_002722.jpg,D:\Study Material\Sem VI\Projects\PBL2\RoadEye\dataset_crack\final_dataset_v5\test\labels\sewage_defect_detection_002722.txt,2,0
test,D:\Study Material\Sem VI\Projects\PBL2\RoadEye\dataset_crack\final_dataset_v5\test\images\sewage_defect_detection_002729.jpg,test/images/sewage_defect_detection_002729.jpg,D:\Study Material\Sem VI\Projects\PBL2\RoadEye\dataset_crack\final_dataset_v5\test\labels\sewage_defect_detection_002729.txt,2,1
test,D:\Study Material\Sem VI\Projects\PBL2\RoadEye\dataset_crack\final_dataset_v5\test\images\sewage_defect_detection_002733.jpg,test/images/sewage_defect_detection_002733.jpg,D:\Study Material\Sem VI\Projects\PBL2\RoadEye\dataset_crack\final_dataset_v5\test\labels\sewage_defect_detection_002733.txt,1,0
test,D:\Study Material\Sem VI\Projects\PBL2\RoadEye\dataset_crack\final_dataset_v5\test\images\sewage_defect_detection_002738.jpg,test/images/sewage_defect_detection_002738.jpg,D:\Study Material\Sem VI\Projects\PBL2\RoadEye\dataset_crack\final_dataset_v5\test\labels\sewage_defect_detection_002738.txt,1,0
test,D:\Study Material\Sem VI\Projects\PBL2\RoadEye\dataset_crack\final_dataset_v5\test\images\sewer_defects_000000.jpg,test/images/sewer_defects_000000.jpg,D:\Study Material\Sem VI\Projects\PBL2\RoadEye\dataset_crack\final_dataset_v5\test\labels\sewer_defects_000000.txt,1,1
test,D:\Study Material\Sem VI\Projects\PBL2\RoadEye\dataset_crack\final_dataset_v5\test\images\sewer_defects_000038.jpg,test/images/sewer_defects_000038.jpg,D:\Study Material\Sem VI\Projects\PBL2\RoadEye\dataset_crack\final_dataset_v5\test\labels\sewer_defects_000038.txt,2,1
test,D:\Study Material\Sem VI\Projects\PBL2\RoadEye\dataset_crack\final_dataset_v5\test\images\sewer_defects_000054.jpg,test/images/sewer_defects_000054.jpg,D:\Study Material\Sem VI\Projects\PBL2\RoadEye\dataset_crack\final_dataset_v5\test\labels\sewer_defects_000054.txt,1,1
test,D:\Study Material\Sem VI\Projects\PBL2\RoadEye\dataset_crack\final_dataset_v5\test\images\sewer_defects_000082.jpg,test/images/sewer_defects_000082.jpg,D:\Study Material\Sem VI\Projects\PBL2\RoadEye\dataset_crack\final_dataset_v5\test\labels\sewer_defects_000082.txt,1,4
test,D:\Study Material\Sem VI\Projects\PBL2\RoadEye\dataset_crack\final_dataset_v5\test\images\sewer_defects_000088.jpg,test/images/sewer_defects_000088.jpg,D:\Study Material\Sem VI\Projects\PBL2\RoadEye\dataset_crack\final_dataset_v5\test\labels\sewer_defects_000088.txt,2,1
test,D:\Study Material\Sem VI\Projects\PBL2\RoadEye\dataset_crack\final_dataset_v5\test\images\sewer_defects_000157.jpg,test/images/sewer_defects_000157.jpg,D:\Study Material\Sem VI\Projects\PBL2\RoadEye\dataset_crack\final_dataset_v5\test\labels\sewer_defects_000157.txt,1,1
test,D:\Study Material\Sem VI\Projects\PBL2\RoadEye\dataset_crack\final_dataset_v5\test\images\sewer_defects_000192.jpg,test/images/sewer_defects_000192.jpg,D:\Study Material\Sem VI\Projects\PBL2\RoadEye\dataset_crack\final_dataset_v5\test\labels\sewer_defects_000192.txt,2,0
test,D:\Study Material\Sem VI\Projects\PBL2\RoadEye\dataset_crack\final_dataset_v5\test\images\sewer_defects_000207.jpg,test/images/sewer_defects_000207.jpg,D:\Study Material\Sem VI\Projects\PBL2\RoadEye\dataset_crack\final_dataset_v5\test\labels\sewer_defects_000207.txt,2,0
test,D:\Study Material\Sem VI\Projects\PBL2\RoadEye\dataset_crack\final_dataset_v5\test\images\sewer_defects_000232.jpg,test/images/sewer_defects_000232.jpg,D:\Study Material\Sem VI\Projects\PBL2\RoadEye\dataset_crack\final_dataset_v5\test\labels\sewer_defects_000232.txt,2,0
test,D:\Study Material\Sem VI\Projects\PBL2\RoadEye\dataset_crack\final_dataset_v5\test\images\sewer_defects_000244.jpg,test/images/sewer_defects_000244.jpg,D:\Study Material\Sem VI\Projects\PBL2\RoadEye\dataset_crack\final_dataset_v5\test\labels\sewer_defects_000244.txt,1,0
test,D:\Study Material\Sem VI\Projects\PBL2\RoadEye\dataset_crack\final_dataset_v5\test\images\sewer_defects_000258.jpg,test/images/sewer_defects_000258.jpg,D:\Study Material\Sem VI\Projects\PBL2\RoadEye\dataset_crack\final_dataset_v5\test\labels\sewer_defects_000258.txt,3,4
test,D:\Study Material\Sem VI\Projects\PBL2\RoadEye\dataset_crack\final_dataset_v5\test\images\sewer_defects_000260.jpg,test/images/sewer_defects_000260.jpg,D:\Study Material\Sem VI\Projects\PBL2\RoadEye\dataset_crack\final_dataset_v5\test\labels\sewer_defects_000260.txt,2,2
test,D:\Study Material\Sem VI\Projects\PBL2\RoadEye\dataset_crack\final_dataset_v5\test\images\sewer_defects_000263.jpg,test/images/sewer_defects_000263.jpg,D:\Study Material\Sem VI\Projects\PBL2\RoadEye\dataset_crack\final_dataset_v5\test\labels\sewer_defects_000263.txt,0,2
test,D:\Study Material\Sem VI\Projects\PBL2\RoadEye\dataset_crack\final_dataset_v5\test\images\sewer_defects_000290.jpg,test/images/sewer_defects_000290.jpg,D:\Study Material\Sem VI\Projects\PBL2\RoadEye\dataset_crack\final_dataset_v5\test\labels\sewer_defects_000290.txt,2,1
test,D:\Study Material\Sem VI\Projects\PBL2\RoadEye\dataset_crack\final_dataset_v5\test\images\sewer_defects_000296.jpg,test/images/sewer_defects_000296.jpg,D:\Study Material\Sem VI\Projects\PBL2\RoadEye\dataset_crack\final_dataset_v5\test\labels\sewer_defects_000296.txt,1,3
test,D:\Study Material\Sem VI\Projects\PBL2\RoadEye\dataset_crack\final_dataset_v5\test\images\sewer_defects_000348.jpg,test/images/sewer_defects_000348.jpg,D:\Study Material\Sem VI\Projects\PBL2\RoadEye\dataset_crack\final_dataset_v5\test\labels\sewer_defects_000348.txt,2,0
test,D:\Study Material\Sem VI\Projects\PBL2\RoadEye\dataset_crack\final_dataset_v5\test\images\sewer_defects_000369.jpg,test/images/sewer_defects_000369.jpg,D:\Study Material\Sem VI\Projects\PBL2\RoadEye\dataset_crack\final_dataset_v5\test\labels\sewer_defects_000369.txt,1,0
test,D:\Study Material\Sem VI\Projects\PBL2\RoadEye\dataset_crack\final_dataset_v5\test\images\sewer_defects_000413.jpg,test/images/sewer_defects_000413.jpg,D:\Study Material\Sem VI\Projects\PBL2\RoadEye\dataset_crack\final_dataset_v5\test\labels\sewer_defects_000413.txt,2,2
test,D:\Study Material\Sem VI\Projects\PBL2\RoadEye\dataset_crack\final_dataset_v5\test\images\sewer_defects_000486.jpg,test/images/sewer_defects_000486.jpg,D:\Study Material\Sem VI\Projects\PBL2\RoadEye\dataset_crack\final_dataset_v5\test\labels\sewer_defects_000486.txt,1,0
test,D:\Study Material\Sem VI\Projects\PBL2\RoadEye\dataset_crack\final_dataset_v5\test\images\sewer_defects_000492.jpg,test/images/sewer_defects_000492.jpg,D:\Study Material\Sem VI\Projects\PBL2\RoadEye\dataset_crack\final_dataset_v5\test\labels\sewer_defects_000492.txt,1,0
test,D:\Study Material\Sem VI\Projects\PBL2\RoadEye\dataset_crack\final_dataset_v5\test\images\sewer_defects_000507.jpg,test/images/sewer_defects_000507.jpg,D:\Study Material\Sem VI\Projects\PBL2\RoadEye\dataset_crack\final_dataset_v5\test\labels\sewer_defects_000507.txt,0,1
test,D:\Study Material\Sem VI\Projects\PBL2\RoadEye\dataset_crack\final_dataset_v5\test\images\sewer_defects_000517.jpg,test/images/sewer_defects_000517.jpg,D:\Study Material\Sem VI\Projects\PBL2\RoadEye\dataset_crack\final_dataset_v5\test\labels\sewer_defects_000517.txt,1,1
test,D:\Study Material\Sem VI\Projects\PBL2\RoadEye\dataset_crack\final_dataset_v5\test\images\sewer_defects_000522.jpg,test/images/sewer_defects_000522.jpg,D:\Study Material\Sem VI\Projects\PBL2\RoadEye\dataset_crack\final_dataset_v5\test\labels\sewer_defects_000522.txt,3,0
test,D:\Study Material\Sem VI\Projects\PBL2\RoadEye\dataset_crack\final_dataset_v5\test\images\sewer_defects_000523.jpg,test/images/sewer_defects_000523.jpg,D:\Study Material\Sem VI\Projects\PBL2\RoadEye\dataset_crack\final_dataset_v5\test\labels\sewer_defects_000523.txt,2,0
test,D:\Study Material\Sem VI\Projects\PBL2\RoadEye\dataset_crack\final_dataset_v5\test\images\sewer_defects_000527.jpg,test/images/sewer_defects_000527.jpg,D:\Study Material\Sem VI\Projects\PBL2\RoadEye\dataset_crack\final_dataset_v5\test\labels\sewer_defects_000527.txt,1,0
test,D:\Study Material\Sem VI\Projects\PBL2\RoadEye\dataset_crack\final_dataset_v5\test\images\sewer_defects_000542.jpg,test/images/sewer_defects_000542.jpg,D:\Study Material\Sem VI\Projects\PBL2\RoadEye\dataset_crack\final_dataset_v5\test\labels\sewer_defects_000542.txt,1,0
test,D:\Study Material\Sem VI\Projects\PBL2\RoadEye\dataset_crack\final_dataset_v5\test\images\sewer_defects_000552.jpg,test/images/sewer_defects_000552.jpg,D:\Study Material\Sem VI\Projects\PBL2\RoadEye\dataset_crack\final_dataset_v5\test\labels\sewer_defects_000552.txt,2,0
test,D:\Study Material\Sem VI\Projects\PBL2\RoadEye\dataset_crack\final_dataset_v5\test\images\sewer_defects_000565.jpg,test/images/sewer_defects_000565.jpg,D:\Study Material\Sem VI\Projects\PBL2\RoadEye\dataset_crack\final_dataset_v5\test\labels\sewer_defects_000565.txt,1,0
test,D:\Study Material\Sem VI\Projects\PBL2\RoadEye\dataset_crack\final_dataset_v5\test\images\sewer_defects_000732.jpg,test/images/sewer_defects_000732.jpg,D:\Study Material\Sem VI\Projects\PBL2\RoadEye\dataset_crack\final_dataset_v5\test\labels\sewer_defects_000732.txt,2,0
test,D:\Study Material\Sem VI\Projects\PBL2\RoadEye\dataset_crack\final_dataset_v5\test\images\sewer_defects_000734.jpg,test/images/sewer_defects_000734.jpg,D:\Study Material\Sem VI\Projects\PBL2\RoadEye\dataset_crack\final_dataset_v5\test\labels\sewer_defects_000734.txt,4,2
test,D:\Study Material\Sem VI\Projects\PBL2\RoadEye\dataset_crack\final_dataset_v5\test\images\sewer_defects_000781.jpg,test/images/sewer_defects_000781.jpg,D:\Study Material\Sem VI\Projects\PBL2\RoadEye\dataset_crack\final_dataset_v5\test\labels\sewer_defects_000781.txt,0,1
test,D:\Study Material\Sem VI\Projects\PBL2\RoadEye\dataset_crack\final_dataset_v5\test\images\sewer_defects_000791.jpg,test/images/sewer_defects_000791.jpg,D:\Study Material\Sem VI\Projects\PBL2\RoadEye\dataset_crack\final_dataset_v5\test\labels\sewer_defects_000791.txt,1,1
test,D:\Study Material\Sem VI\Projects\PBL2\RoadEye\dataset_crack\final_dataset_v5\test\images\sewer_defects_000908.jpg,test/images/sewer_defects_000908.jpg,D:\Study Material\Sem VI\Projects\PBL2\RoadEye\dataset_crack\final_dataset_v5\test\labels\sewer_defects_000908.txt,0,2
test,D:\Study Material\Sem VI\Projects\PBL2\RoadEye\dataset_crack\final_dataset_v5\test\images\sewer_defects_000913.jpg,test/images/sewer_defects_000913.jpg,D:\Study Material\Sem VI\Projects\PBL2\RoadEye\dataset_crack\final_dataset_v5\test\labels\sewer_defects_000913.txt,2,1
test,D:\Study Material\Sem VI\Projects\PBL2\RoadEye\dataset_crack\final_dataset_v5\test\images\sewer_defects_000929.jpg,test/images/sewer_defects_000929.jpg,D:\Study Material\Sem VI\Projects\PBL2\RoadEye\dataset_crack\final_dataset_v5\test\labels\sewer_defects_000929.txt,1,0
test,D:\Study Material\Sem VI\Projects\PBL2\RoadEye\dataset_crack\final_dataset_v5\test\images\sewer_defects_000932.jpg,test/images/sewer_defects_000932.jpg,D:\Study Material\Sem VI\Projects\PBL2\RoadEye\dataset_crack\final_dataset_v5\test\labels\sewer_defects_000932.txt,2,1
test,D:\Study Material\Sem VI\Projects\PBL2\RoadEye\dataset_crack\final_dataset_v5\test\images\sewer_defects_001009.jpg,test/images/sewer_defects_001009.jpg,D:\Study Material\Sem VI\Projects\PBL2\RoadEye\dataset_crack\final_dataset_v5\test\labels\sewer_defects_001009.txt,1,0
test,D:\Study Material\Sem VI\Projects\PBL2\RoadEye\dataset_crack\final_dataset_v5\test\images\sewer_defects_001074.jpg,test/images/sewer_defects_001074.jpg,D:\Study Material\Sem VI\Projects\PBL2\RoadEye\dataset_crack\final_dataset_v5\test\labels\sewer_defects_001074.txt,1,0
test,D:\Study Material\Sem VI\Projects\PBL2\RoadEye\dataset_crack\final_dataset_v5\test\images\sewer_defects_001084.jpg,test/images/sewer_defects_001084.jpg,D:\Study Material\Sem VI\Projects\PBL2\RoadEye\dataset_crack\final_dataset_v5\test\labels\sewer_defects_001084.txt,0,1
test,D:\Study Material\Sem VI\Projects\PBL2\RoadEye\dataset_crack\final_dataset_v5\test\images\sewer_defects_001089.jpg,test/images/sewer_defects_001089.jpg,D:\Study Material\Sem VI\Projects\PBL2\RoadEye\dataset_crack\final_dataset_v5\test\labels\sewer_defects_001089.txt,1,1
test,D:\Study Material\Sem VI\Projects\PBL2\RoadEye\dataset_crack\final_dataset_v5\test\images\sewer_defects_001093.jpg,test/images/sewer_defects_001093.jpg,D:\Study Material\Sem VI\Projects\PBL2\RoadEye\dataset_crack\final_dataset_v5\test\labels\sewer_defects_001093.txt,0,1
test,D:\Study Material\Sem VI\Projects\PBL2\RoadEye\dataset_crack\final_dataset_v5\test\images\sewer_defects_001110.jpg,test/images/sewer_defects_001110.jpg,D:\Study Material\Sem VI\Projects\PBL2\RoadEye\dataset_crack\final_dataset_v5\test\labels\sewer_defects_001110.txt,2,0
test,D:\Study Material\Sem VI\Projects\PBL2\RoadEye\dataset_crack\final_dataset_v5\test\images\sewer_defects_001119.jpg,test/images/sewer_defects_001119.jpg,D:\Study Material\Sem VI\Projects\PBL2\RoadEye\dataset_crack\final_dataset_v5\test\labels\sewer_defects_001119.txt,2,5
test,D:\Study Material\Sem VI\Projects\PBL2\RoadEye\dataset_crack\final_dataset_v5\test\images\sewer_defects_001136.jpg,test/images/sewer_defects_001136.jpg,D:\Study Material\Sem VI\Projects\PBL2\RoadEye\dataset_crack\final_dataset_v5\test\labels\sewer_defects_001136.txt,1,0
test,D:\Study Material\Sem VI\Projects\PBL2\RoadEye\dataset_crack\final_dataset_v5\test\images\sewer_defects_001137.jpg,test/images/sewer_defects_001137.jpg,D:\Study Material\Sem VI\Projects\PBL2\RoadEye\dataset_crack\final_dataset_v5\test\labels\sewer_defects_001137.txt,1,2
test,D:\Study Material\Sem VI\Projects\PBL2\RoadEye\dataset_crack\final_dataset_v5\test\images\sewer_defects_001143.jpg,test/images/sewer_defects_001143.jpg,D:\Study Material\Sem VI\Projects\PBL2\RoadEye\dataset_crack\final_dataset_v5\test\labels\sewer_defects_001143.txt,1,0
test,D:\Study Material\Sem VI\Projects\PBL2\RoadEye\dataset_crack\final_dataset_v5\test\images\sewer_defects_001207.jpg,test/images/sewer_defects_001207.jpg,D:\Study Material\Sem VI\Projects\PBL2\RoadEye\dataset_crack\final_dataset_v5\test\labels\sewer_defects_001207.txt,1,0
test,D:\Study Material\Sem VI\Projects\PBL2\RoadEye\dataset_crack\final_dataset_v5\test\images\sewer_defects_001223.jpg,test/images/sewer_defects_001223.jpg,D:\Study Material\Sem VI\Projects\PBL2\RoadEye\dataset_crack\final_dataset_v5\test\labels\sewer_defects_001223.txt,1,0
test,D:\Study Material\Sem VI\Projects\PBL2\RoadEye\dataset_crack\final_dataset_v5\test\images\sewer_defects_001250.jpg,test/images/sewer_defects_001250.jpg,D:\Study Material\Sem VI\Projects\PBL2\RoadEye\dataset_crack\final_dataset_v5\test\labels\sewer_defects_001250.txt,1,2
test,D:\Study Material\Sem VI\Projects\PBL2\RoadEye\dataset_crack\final_dataset_v5\test\images\sewer_defects_001252.jpg,test/images/sewer_defects_001252.jpg,D:\Study Material\Sem VI\Projects\PBL2\RoadEye\dataset_crack\final_dataset_v5\test\labels\sewer_defects_001252.txt,1,0
test,D:\Study Material\Sem VI\Projects\PBL2\RoadEye\dataset_crack\final_dataset_v5\test\images\sewer_defects_001334.jpg,test/images/sewer_defects_001334.jpg,D:\Study Material\Sem VI\Projects\PBL2\RoadEye\dataset_crack\final_dataset_v5\test\labels\sewer_defects_001334.txt,1,1
test,D:\Study Material\Sem VI\Projects\PBL2\RoadEye\dataset_crack\final_dataset_v5\test\images\sewer_defects_001342.jpg,test/images/sewer_defects_001342.jpg,D:\Study Material\Sem VI\Projects\PBL2\RoadEye\dataset_crack\final_dataset_v5\test\labels\sewer_defects_001342.txt,2,5
test,D:\Study Material\Sem VI\Projects\PBL2\RoadEye\dataset_crack\final_dataset_v5\test\images\sewer_defects_001349.jpg,test/images/sewer_defects_001349.jpg,D:\Study Material\Sem VI\Projects\PBL2\RoadEye\dataset_crack\final_dataset_v5\test\labels\sewer_defects_001349.txt,1,0
test,D:\Study Material\Sem VI\Projects\PBL2\RoadEye\dataset_crack\final_dataset_v5\test\images\sewer_defects_001436.jpg,test/images/sewer_defects_001436.jpg,D:\Study Material\Sem VI\Projects\PBL2\RoadEye\dataset_crack\final_dataset_v5\test\labels\sewer_defects_001436.txt,0,2
test,D:\Study Material\Sem VI\Projects\PBL2\RoadEye\dataset_crack\final_dataset_v5\test\images\sewer_defects_001441.jpg,test/images/sewer_defects_001441.jpg,D:\Study Material\Sem VI\Projects\PBL2\RoadEye\dataset_crack\final_dataset_v5\test\labels\sewer_defects_001441.txt,2,0
test,D:\Study Material\Sem VI\Projects\PBL2\RoadEye\dataset_crack\final_dataset_v5\test\images\sewer_defects_001455.jpg,test/images/sewer_defects_001455.jpg,D:\Study Material\Sem VI\Projects\PBL2\RoadEye\dataset_crack\final_dataset_v5\test\labels\sewer_defects_001455.txt,5,7
test,D:\Study Material\Sem VI\Projects\PBL2\RoadEye\dataset_crack\final_dataset_v5\test\images\sewer_defects_001479.jpg,test/images/sewer_defects_001479.jpg,D:\Study Material\Sem VI\Projects\PBL2\RoadEye\dataset_crack\final_dataset_v5\test\labels\sewer_defects_001479.txt,2,6
test,D:\Study Material\Sem VI\Projects\PBL2\RoadEye\dataset_crack\final_dataset_v5\test\images\sewer_defects_001491.jpg,test/images/sewer_defects_001491.jpg,D:\Study Material\Sem VI\Projects\PBL2\RoadEye\dataset_crack\final_dataset_v5\test\labels\sewer_defects_001491.txt,2,3
test,D:\Study Material\Sem VI\Projects\PBL2\RoadEye\dataset_crack\final_dataset_v5\test\images\sewer_defects_001500.jpg,test/images/sewer_defects_001500.jpg,D:\Study Material\Sem VI\Projects\PBL2\RoadEye\dataset_crack\final_dataset_v5\test\labels\sewer_defects_001500.txt,1,0
test,D:\Study Material\Sem VI\Projects\PBL2\RoadEye\dataset_crack\final_dataset_v5\test\images\sewer_defects_001532.jpg,test/images/sewer_defects_001532.jpg,D:\Study Material\Sem VI\Projects\PBL2\RoadEye\dataset_crack\final_dataset_v5\test\labels\sewer_defects_001532.txt,1,0
test,D:\Study Material\Sem VI\Projects\PBL2\RoadEye\dataset_crack\final_dataset_v5\test\images\sewer_defects_001566.jpg,test/images/sewer_defects_001566.jpg,D:\Study Material\Sem VI\Projects\PBL2\RoadEye\dataset_crack\final_dataset_v5\test\labels\sewer_defects_001566.txt,1,7
test,D:\Study Material\Sem VI\Projects\PBL2\RoadEye\dataset_crack\final_dataset_v5\test\images\sewer_defects_001620.jpg,test/images/sewer_defects_001620.jpg,D:\Study Material\Sem VI\Projects\PBL2\RoadEye\dataset_crack\final_dataset_v5\test\labels\sewer_defects_001620.txt,3,4
test,D:\Study Material\Sem VI\Projects\PBL2\RoadEye\dataset_crack\final_dataset_v5\test\images\sewer_defects_001623.jpg,test/images/sewer_defects_001623.jpg,D:\Study Material\Sem VI\Projects\PBL2\RoadEye\dataset_crack\final_dataset_v5\test\labels\sewer_defects_001623.txt,1,0
test,D:\Study Material\Sem VI\Projects\PBL2\RoadEye\dataset_crack\final_dataset_v5\test\images\sewer_defects_001718.jpg,test/images/sewer_defects_001718.jpg,D:\Study Material\Sem VI\Projects\PBL2\RoadEye\dataset_crack\final_dataset_v5\test\labels\sewer_defects_001718.txt,1,0
test,D:\Study Material\Sem VI\Projects\PBL2\RoadEye\dataset_crack\final_dataset_v5\test\images\sewer_defects_001719.jpg,test/images/sewer_defects_001719.jpg,D:\Study Material\Sem VI\Projects\PBL2\RoadEye\dataset_crack\final_dataset_v5\test\labels\sewer_defects_001719.txt,1,1
test,D:\Study Material\Sem VI\Projects\PBL2\RoadEye\dataset_crack\final_dataset_v5\test\images\sewer_defects_001749.jpg,test/images/sewer_defects_001749.jpg,D:\Study Material\Sem VI\Projects\PBL2\RoadEye\dataset_crack\final_dataset_v5\test\labels\sewer_defects_001749.txt,3,0
test,D:\Study Material\Sem VI\Projects\PBL2\RoadEye\dataset_crack\final_dataset_v5\test\images\sewer_defects_001804.jpg,test/images/sewer_defects_001804.jpg,D:\Study Material\Sem VI\Projects\PBL2\RoadEye\dataset_crack\final_dataset_v5\test\labels\sewer_defects_001804.txt,1,5
test,D:\Study Material\Sem VI\Projects\PBL2\RoadEye\dataset_crack\final_dataset_v5\test\images\sewer_defects_001806.jpg,test/images/sewer_defects_001806.jpg,D:\Study Material\Sem VI\Projects\PBL2\RoadEye\dataset_crack\final_dataset_v5\test\labels\sewer_defects_001806.txt,1,3
test,D:\Study Material\Sem VI\Projects\PBL2\RoadEye\dataset_crack\final_dataset_v5\test\images\sewer_defects_001811.jpg,test/images/sewer_defects_001811.jpg,D:\Study Material\Sem VI\Projects\PBL2\RoadEye\dataset_crack\final_dataset_v5\test\labels\sewer_defects_001811.txt,0,7
test,D:\Study Material\Sem VI\Projects\PBL2\RoadEye\dataset_crack\final_dataset_v5\test\images\sewer_defects_001812.jpg,test/images/sewer_defects_001812.jpg,D:\Study Material\Sem VI\Projects\PBL2\RoadEye\dataset_crack\final_dataset_v5\test\labels\sewer_defects_001812.txt,2,3
test,D:\Study Material\Sem VI\Projects\PBL2\RoadEye\dataset_crack\final_dataset_v5\test\images\sewer_defects_001835.jpg,test/images/sewer_defects_001835.jpg,D:\Study Material\Sem VI\Projects\PBL2\RoadEye\dataset_crack\final_dataset_v5\test\labels\sewer_defects_001835.txt,1,1
test,D:\Study Material\Sem VI\Projects\PBL2\RoadEye\dataset_crack\final_dataset_v5\test\images\sewer_defects_001886.jpg,test/images/sewer_defects_001886.jpg,D:\Study Material\Sem VI\Projects\PBL2\RoadEye\dataset_crack\final_dataset_v5\test\labels\sewer_defects_001886.txt,1,1
test,D:\Study Material\Sem VI\Projects\PBL2\RoadEye\dataset_crack\final_dataset_v5\test\images\sewer_defects_001888.jpg,test/images/sewer_defects_001888.jpg,D:\Study Material\Sem VI\Projects\PBL2\RoadEye\dataset_crack\final_dataset_v5\test\labels\sewer_defects_001888.txt,1,0
test,D:\Study Material\Sem VI\Projects\PBL2\RoadEye\dataset_crack\final_dataset_v5\test\images\sewer_defects_001914.jpg,test/images/sewer_defects_001914.jpg,D:\Study Material\Sem VI\Projects\PBL2\RoadEye\dataset_crack\final_dataset_v5\test\labels\sewer_defects_001914.txt,1,0
test,D:\Study Material\Sem VI\Projects\PBL2\RoadEye\dataset_crack\final_dataset_v5\test\images\sewer_defects_001973.jpg,test/images/sewer_defects_001973.jpg,D:\Study Material\Sem VI\Projects\PBL2\RoadEye\dataset_crack\final_dataset_v5\test\labels\sewer_defects_001973.txt,1,0
test,D:\Study Material\Sem VI\Projects\PBL2\RoadEye\dataset_crack\final_dataset_v5\test\images\sewer_defects_001981.jpg,test/images/sewer_defects_001981.jpg,D:\Study Material\Sem VI\Projects\PBL2\RoadEye\dataset_crack\final_dataset_v5\test\labels\sewer_defects_001981.txt,1,2
test,D:\Study Material\Sem VI\Projects\PBL2\RoadEye\dataset_crack\final_dataset_v5\test\images\sewer_defects_002020.jpg,test/images/sewer_defects_002020.jpg,D:\Study Material\Sem VI\Projects\PBL2\RoadEye\dataset_crack\final_dataset_v5\test\labels\sewer_defects_002020.txt,1,1
test,D:\Study Material\Sem VI\Projects\PBL2\RoadEye\dataset_crack\final_dataset_v5\test\images\sewer_defects_002045.jpg,test/images/sewer_defects_002045.jpg,D:\Study Material\Sem VI\Projects\PBL2\RoadEye\dataset_crack\final_dataset_v5\test\labels\sewer_defects_002045.txt,2,0
test,D:\Study Material\Sem VI\Projects\PBL2\RoadEye\dataset_crack\final_dataset_v5\test\images\sewer_defects_002112.jpg,test/images/sewer_defects_002112.jpg,D:\Study Material\Sem VI\Projects\PBL2\RoadEye\dataset_crack\final_dataset_v5\test\labels\sewer_defects_002112.txt,1,1
test,D:\Study Material\Sem VI\Projects\PBL2\RoadEye\dataset_crack\final_dataset_v5\test\images\sewer_defects_002114.jpg,test/images/sewer_defects_002114.jpg,D:\Study Material\Sem VI\Projects\PBL2\RoadEye\dataset_crack\final_dataset_v5\test\labels\sewer_defects_002114.txt,1,0
test,D:\Study Material\Sem VI\Projects\PBL2\RoadEye\dataset_crack\final_dataset_v5\test\images\sewer_defects_002115.jpg,test/images/sewer_defects_002115.jpg,D:\Study Material\Sem VI\Projects\PBL2\RoadEye\dataset_crack\final_dataset_v5\test\labels\sewer_defects_002115.txt,4,0
test,D:\Study Material\Sem VI\Projects\PBL2\RoadEye\dataset_crack\final_dataset_v5\test\images\sewer_defects_002120.jpg,test/images/sewer_defects_002120.jpg,D:\Study Material\Sem VI\Projects\PBL2\RoadEye\dataset_crack\final_dataset_v5\test\labels\sewer_defects_002120.txt,2,3
test,D:\Study Material\Sem VI\Projects\PBL2\RoadEye\dataset_crack\final_dataset_v5\test\images\sewer_defects_002124.jpg,test/images/sewer_defects_002124.jpg,D:\Study Material\Sem VI\Projects\PBL2\RoadEye\dataset_crack\final_dataset_v5\test\labels\sewer_defects_002124.txt,2,2
test,D:\Study Material\Sem VI\Projects\PBL2\RoadEye\dataset_crack\final_dataset_v5\test\images\sewer_defects_002133.jpg,test/images/sewer_defects_002133.jpg,D:\Study Material\Sem VI\Projects\PBL2\RoadEye\dataset_crack\final_dataset_v5\test\labels\sewer_defects_002133.txt,1,0
test,D:\Study Material\Sem VI\Projects\PBL2\RoadEye\dataset_crack\final_dataset_v5\test\images\sewer_defects_002196.jpg,test/images/sewer_defects_002196.jpg,D:\Study Material\Sem VI\Projects\PBL2\RoadEye\dataset_crack\final_dataset_v5\test\labels\sewer_defects_002196.txt,3,0
test,D:\Study Material\Sem VI\Projects\PBL2\RoadEye\dataset_crack\final_dataset_v5\test\images\sewer_defects_002258.jpg,test/images/sewer_defects_002258.jpg,D:\Study Material\Sem VI\Projects\PBL2\RoadEye\dataset_crack\final_dataset_v5\test\labels\sewer_defects_002258.txt,1,0
test,D:\Study Material\Sem VI\Projects\PBL2\RoadEye\dataset_crack\final_dataset_v5\test\images\sewer_defects_002263.jpg,test/images/sewer_defects_002263.jpg,D:\Study Material\Sem VI\Projects\PBL2\RoadEye\dataset_crack\final_dataset_v5\test\labels\sewer_defects_002263.txt,3,1
test,D:\Study Material\Sem VI\Projects\PBL2\RoadEye\dataset_crack\final_dataset_v5\test\images\sewer_defects_002271.jpg,test/images/sewer_defects_002271.jpg,D:\Study Material\Sem VI\Projects\PBL2\RoadEye\dataset_crack\final_dataset_v5\test\labels\sewer_defects_002271.txt,1,0
test,D:\Study Material\Sem VI\Projects\PBL2\RoadEye\dataset_crack\final_dataset_v5\test\images\sewer_defects_002287.jpg,test/images/sewer_defects_002287.jpg,D:\Study Material\Sem VI\Projects\PBL2\RoadEye\dataset_crack\final_dataset_v5\test\labels\sewer_defects_002287.txt,1,1
test,D:\Study Material\Sem VI\Projects\PBL2\RoadEye\dataset_crack\final_dataset_v5\test\images\sewer_defects_002303.jpg,test/images/sewer_defects_002303.jpg,D:\Study Material\Sem VI\Projects\PBL2\RoadEye\dataset_crack\final_dataset_v5\test\labels\sewer_defects_002303.txt,1,0
test,D:\Study Material\Sem VI\Projects\PBL2\RoadEye\dataset_crack\final_dataset_v5\test\images\sewer_defects_002332.jpg,test/images/sewer_defects_002332.jpg,D:\Study Material\Sem VI\Projects\PBL2\RoadEye\dataset_crack\final_dataset_v5\test\labels\sewer_defects_002332.txt,2,2
test,D:\Study Material\Sem VI\Projects\PBL2\RoadEye\dataset_crack\final_dataset_v5\test\images\sewer_defects_002353.jpg,test/images/sewer_defects_002353.jpg,D:\Study Material\Sem VI\Projects\PBL2\RoadEye\dataset_crack\final_dataset_v5\test\labels\sewer_defects_002353.txt,1,0
test,D:\Study Material\Sem VI\Projects\PBL2\RoadEye\dataset_crack\final_dataset_v5\test\images\sewer_defects_002355.jpg,test/images/sewer_defects_002355.jpg,D:\Study Material\Sem VI\Projects\PBL2\RoadEye\dataset_crack\final_dataset_v5\test\labels\sewer_defects_002355.txt,1,3
test,D:\Study Material\Sem VI\Projects\PBL2\RoadEye\dataset_crack\final_dataset_v5\test\images\sewer_defects_002389.jpg,test/images/sewer_defects_002389.jpg,D:\Study Material\Sem VI\Projects\PBL2\RoadEye\dataset_crack\final_dataset_v5\test\labels\sewer_defects_002389.txt,4,6
test,D:\Study Material\Sem VI\Projects\PBL2\RoadEye\dataset_crack\final_dataset_v5\test\images\sewer_defects_002395.jpg,test/images/sewer_defects_002395.jpg,D:\Study Material\Sem VI\Projects\PBL2\RoadEye\dataset_crack\final_dataset_v5\test\labels\sewer_defects_002395.txt,3,0
test,D:\Study Material\Sem VI\Projects\PBL2\RoadEye\dataset_crack\final_dataset_v5\test\images\sewer_defects_002424.jpg,test/images/sewer_defects_002424.jpg,D:\Study Material\Sem VI\Projects\PBL2\RoadEye\dataset_crack\final_dataset_v5\test\labels\sewer_defects_002424.txt,1,0
test,D:\Study Material\Sem VI\Projects\PBL2\RoadEye\dataset_crack\final_dataset_v5\test\images\sewer_defects_002431.jpg,test/images/sewer_defects_002431.jpg,D:\Study Material\Sem VI\Projects\PBL2\RoadEye\dataset_crack\final_dataset_v5\test\labels\sewer_defects_002431.txt,1,5
test,D:\Study Material\Sem VI\Projects\PBL2\RoadEye\dataset_crack\final_dataset_v5\test\images\sewer_defects_002436.jpg,test/images/sewer_defects_002436.jpg,D:\Study Material\Sem VI\Projects\PBL2\RoadEye\dataset_crack\final_dataset_v5\test\labels\sewer_defects_002436.txt,1,2
test,D:\Study Material\Sem VI\Projects\PBL2\RoadEye\dataset_crack\final_dataset_v5\test\images\sewer_defects_002452.jpg,test/images/sewer_defects_002452.jpg,D:\Study Material\Sem VI\Projects\PBL2\RoadEye\dataset_crack\final_dataset_v5\test\labels\sewer_defects_002452.txt,2,3
test,D:\Study Material\Sem VI\Projects\PBL2\RoadEye\dataset_crack\final_dataset_v5\test\images\sewer_defects_002462.jpg,test/images/sewer_defects_002462.jpg,D:\Study Material\Sem VI\Projects\PBL2\RoadEye\dataset_crack\final_dataset_v5\test\labels\sewer_defects_002462.txt,1,1
test,D:\Study Material\Sem VI\Projects\PBL2\RoadEye\dataset_crack\final_dataset_v5\test\images\sewer_defects_002474.jpg,test/images/sewer_defects_002474.jpg,D:\Study Material\Sem VI\Projects\PBL2\RoadEye\dataset_crack\final_dataset_v5\test\labels\sewer_defects_002474.txt,0,2
test,D:\Study Material\Sem VI\Projects\PBL2\RoadEye\dataset_crack\final_dataset_v5\test\images\sewer_defects_002483.jpg,test/images/sewer_defects_002483.jpg,D:\Study Material\Sem VI\Projects\PBL2\RoadEye\dataset_crack\final_dataset_v5\test\labels\sewer_defects_002483.txt,1,0
test,D:\Study Material\Sem VI\Projects\PBL2\RoadEye\dataset_crack\final_dataset_v5\test\images\sewer_defects_002512.jpg,test/images/sewer_defects_002512.jpg,D:\Study Material\Sem VI\Projects\PBL2\RoadEye\dataset_crack\final_dataset_v5\test\labels\sewer_defects_002512.txt,1,1
test,D:\Study Material\Sem VI\Projects\PBL2\RoadEye\dataset_crack\final_dataset_v5\test\images\sewer_defects_002533.jpg,test/images/sewer_defects_002533.jpg,D:\Study Material\Sem VI\Projects\PBL2\RoadEye\dataset_crack\final_dataset_v5\test\labels\sewer_defects_002533.txt,2,0
test,D:\Study Material\Sem VI\Projects\PBL2\RoadEye\dataset_crack\final_dataset_v5\test\images\sewer_defects_002557.jpg,test/images/sewer_defects_002557.jpg,D:\Study Material\Sem VI\Projects\PBL2\RoadEye\dataset_crack\final_dataset_v5\test\labels\sewer_defects_002557.txt,1,4
test,D:\Study Material\Sem VI\Projects\PBL2\RoadEye\dataset_crack\final_dataset_v5\test\images\sewer_defects_002570.jpg,test/images/sewer_defects_002570.jpg,D:\Study Material\Sem VI\Projects\PBL2\RoadEye\dataset_crack\final_dataset_v5\test\labels\sewer_defects_002570.txt,0,1
test,D:\Study Material\Sem VI\Projects\PBL2\RoadEye\dataset_crack\final_dataset_v5\test\images\sewer_defects_002638.jpg,test/images/sewer_defects_002638.jpg,D:\Study Material\Sem VI\Projects\PBL2\RoadEye\dataset_crack\final_dataset_v5\test\labels\sewer_defects_002638.txt,0,1
test,D:\Study Material\Sem VI\Projects\PBL2\RoadEye\dataset_crack\final_dataset_v5\test\images\sewer_defects_002693.jpg,test/images/sewer_defects_002693.jpg,D:\Study Material\Sem VI\Projects\PBL2\RoadEye\dataset_crack\final_dataset_v5\test\labels\sewer_defects_002693.txt,1,0
test,D:\Study Material\Sem VI\Projects\PBL2\RoadEye\dataset_crack\final_dataset_v5\test\images\sewer_defects_002698.jpg,test/images/sewer_defects_002698.jpg,D:\Study Material\Sem VI\Projects\PBL2\RoadEye\dataset_crack\final_dataset_v5\test\labels\sewer_defects_002698.txt,1,2
test,D:\Study Material\Sem VI\Projects\PBL2\RoadEye\dataset_crack\final_dataset_v5\test\images\sewer_defects_002706.jpg,test/images/sewer_defects_002706.jpg,D:\Study Material\Sem VI\Projects\PBL2\RoadEye\dataset_crack\final_dataset_v5\test\labels\sewer_defects_002706.txt,2,2
test,D:\Study Material\Sem VI\Projects\PBL2\RoadEye\dataset_crack\final_dataset_v5\test\images\sewer_defects_002735.jpg,test/images/sewer_defects_002735.jpg,D:\Study Material\Sem VI\Projects\PBL2\RoadEye\dataset_crack\final_dataset_v5\test\labels\sewer_defects_002735.txt,2,1
test,D:\Study Material\Sem VI\Projects\PBL2\RoadEye\dataset_crack\final_dataset_v5\test\images\sewer_defects_002736.jpg,test/images/sewer_defects_002736.jpg,D:\Study Material\Sem VI\Projects\PBL2\RoadEye\dataset_crack\final_dataset_v5\test\labels\sewer_defects_002736.txt,3,1
test,D:\Study Material\Sem VI\Projects\PBL2\RoadEye\dataset_crack\final_dataset_v5\test\images\sewer_o8use_000009.jpg,test/images/sewer_o8use_000009.jpg,D:\Study Material\Sem VI\Projects\PBL2\RoadEye\dataset_crack\final_dataset_v5\test\labels\sewer_o8use_000009.txt,1,0
test,D:\Study Material\Sem VI\Projects\PBL2\RoadEye\dataset_crack\final_dataset_v5\test\images\sewer_o8use_000029.jpg,test/images/sewer_o8use_000029.jpg,D:\Study Material\Sem VI\Projects\PBL2\RoadEye\dataset_crack\final_dataset_v5\test\labels\sewer_o8use_000029.txt,1,0
test,D:\Study Material\Sem VI\Projects\PBL2\RoadEye\dataset_crack\final_dataset_v5\test\images\sewer_o8use_000032.jpg,test/images/sewer_o8use_000032.jpg,D:\Study Material\Sem VI\Projects\PBL2\RoadEye\dataset_crack\final_dataset_v5\test\labels\sewer_o8use_000032.txt,1,0
test,D:\Study Material\Sem VI\Projects\PBL2\RoadEye\dataset_crack\final_dataset_v5\test\images\sewer_o8use_000033.jpg,test/images/sewer_o8use_000033.jpg,D:\Study Material\Sem VI\Projects\PBL2\RoadEye\dataset_crack\final_dataset_v5\test\labels\sewer_o8use_000033.txt,1,0
test,D:\Study Material\Sem VI\Projects\PBL2\RoadEye\dataset_crack\final_dataset_v5\test\images\sewer_o8use_000051.jpg,test/images/sewer_o8use_000051.jpg,D:\Study Material\Sem VI\Projects\PBL2\RoadEye\dataset_crack\final_dataset_v5\test\labels\sewer_o8use_000051.txt,0,1
test,D:\Study Material\Sem VI\Projects\PBL2\RoadEye\dataset_crack\final_dataset_v5\test\images\sewer_o8use_000063.jpg,test/images/sewer_o8use_000063.jpg,D:\Study Material\Sem VI\Projects\PBL2\RoadEye\dataset_crack\final_dataset_v5\test\labels\sewer_o8use_000063.txt,1,0
test,D:\Study Material\Sem VI\Projects\PBL2\RoadEye\dataset_crack\final_dataset_v5\test\images\sewer_o8use_000069.jpg,test/images/sewer_o8use_000069.jpg,D:\Study Material\Sem VI\Projects\PBL2\RoadEye\dataset_crack\final_dataset_v5\test\labels\sewer_o8use_000069.txt,1,0
test,D:\Study Material\Sem VI\Projects\PBL2\RoadEye\dataset_crack\final_dataset_v5\test\images\sewer_o8use_000080.jpg,test/images/sewer_o8use_000080.jpg,D:\Study Material\Sem VI\Projects\PBL2\RoadEye\dataset_crack\final_dataset_v5\test\labels\sewer_o8use_000080.txt,1,0
test,D:\Study Material\Sem VI\Projects\PBL2\RoadEye\dataset_crack\final_dataset_v5\test\images\sewer_o8use_000087.jpg,test/images/sewer_o8use_000087.jpg,D:\Study Material\Sem VI\Projects\PBL2\RoadEye\dataset_crack\final_dataset_v5\test\labels\sewer_o8use_000087.txt,1,0
test,D:\Study Material\Sem VI\Projects\PBL2\RoadEye\dataset_crack\final_dataset_v5\test\images\sewer_o8use_000093.jpg,test/images/sewer_o8use_000093.jpg,D:\Study Material\Sem VI\Projects\PBL2\RoadEye\dataset_crack\final_dataset_v5\test\labels\sewer_o8use_000093.txt,0,1
test,D:\Study Material\Sem VI\Projects\PBL2\RoadEye\dataset_crack\final_dataset_v5\test\images\sewer_o8use_000120.jpg,test/images/sewer_o8use_000120.jpg,D:\Study Material\Sem VI\Projects\PBL2\RoadEye\dataset_crack\final_dataset_v5\test\labels\sewer_o8use_000120.txt,0,1
test,D:\Study Material\Sem VI\Projects\PBL2\RoadEye\dataset_crack\final_dataset_v5\test\images\sewer_o8use_000130.jpg,test/images/sewer_o8use_000130.jpg,D:\Study Material\Sem VI\Projects\PBL2\RoadEye\dataset_crack\final_dataset_v5\test\labels\sewer_o8use_000130.txt,1,0
test,D:\Study Material\Sem VI\Projects\PBL2\RoadEye\dataset_crack\final_dataset_v5\test\images\sewer_o8use_000154.jpg,test/images/sewer_o8use_000154.jpg,D:\Study Material\Sem VI\Projects\PBL2\RoadEye\dataset_crack\final_dataset_v5\test\labels\sewer_o8use_000154.txt,0,1
test,D:\Study Material\Sem VI\Projects\PBL2\RoadEye\dataset_crack\final_dataset_v5\test\images\sewer_o8use_000162.jpg,test/images/sewer_o8use_000162.jpg,D:\Study Material\Sem VI\Projects\PBL2\RoadEye\dataset_crack\final_dataset_v5\test\labels\sewer_o8use_000162.txt,0,1
test,D:\Study Material\Sem VI\Projects\PBL2\RoadEye\dataset_crack\final_dataset_v5\test\images\sewer_o8use_000167.jpg,test/images/sewer_o8use_000167.jpg,D:\Study Material\Sem VI\Projects\PBL2\RoadEye\dataset_crack\final_dataset_v5\test\labels\sewer_o8use_000167.txt,1,0
test,D:\Study Material\Sem VI\Projects\PBL2\RoadEye\dataset_crack\final_dataset_v5\test\images\sewer_o8use_000181.jpg,test/images/sewer_o8use_000181.jpg,D:\Study Material\Sem VI\Projects\PBL2\RoadEye\dataset_crack\final_dataset_v5\test\labels\sewer_o8use_000181.txt,2,1
test,D:\Study Material\Sem VI\Projects\PBL2\RoadEye\dataset_crack\final_dataset_v5\test\images\sewer_o8use_000214.jpg,test/images/sewer_o8use_000214.jpg,D:\Study Material\Sem VI\Projects\PBL2\RoadEye\dataset_crack\final_dataset_v5\test\labels\sewer_o8use_000214.txt,1,0
test,D:\Study Material\Sem VI\Projects\PBL2\RoadEye\dataset_crack\final_dataset_v5\test\images\sewer_o8use_000219.jpg,test/images/sewer_o8use_000219.jpg,D:\Study Material\Sem VI\Projects\PBL2\RoadEye\dataset_crack\final_dataset_v5\test\labels\sewer_o8use_000219.txt,1,0
test,D:\Study Material\Sem VI\Projects\PBL2\RoadEye\dataset_crack\final_dataset_v5\test\images\sewer_o8use_000231.jpg,test/images/sewer_o8use_000231.jpg,D:\Study Material\Sem VI\Projects\PBL2\RoadEye\dataset_crack\final_dataset_v5\test\labels\sewer_o8use_000231.txt,0,1
test,D:\Study Material\Sem VI\Projects\PBL2\RoadEye\dataset_crack\final_dataset_v5\test\images\sewer_o8use_000262.jpg,test/images/sewer_o8use_000262.jpg,D:\Study Material\Sem VI\Projects\PBL2\RoadEye\dataset_crack\final_dataset_v5\test\labels\sewer_o8use_000262.txt,2,0
test,D:\Study Material\Sem VI\Projects\PBL2\RoadEye\dataset_crack\final_dataset_v5\test\images\sewer_o8use_000274.jpg,test/images/sewer_o8use_000274.jpg,D:\Study Material\Sem VI\Projects\PBL2\RoadEye\dataset_crack\final_dataset_v5\test\labels\sewer_o8use_000274.txt,1,0
test,D:\Study Material\Sem VI\Projects\PBL2\RoadEye\dataset_crack\final_dataset_v5\test\images\sewer_o8use_000284.jpg,test/images/sewer_o8use_000284.jpg,D:\Study Material\Sem VI\Projects\PBL2\RoadEye\dataset_crack\final_dataset_v5\test\labels\sewer_o8use_000284.txt,1,0
test,D:\Study Material\Sem VI\Projects\PBL2\RoadEye\dataset_crack\final_dataset_v5\test\images\sewer_o8use_000285.jpg,test/images/sewer_o8use_000285.jpg,D:\Study Material\Sem VI\Projects\PBL2\RoadEye\dataset_crack\final_dataset_v5\test\labels\sewer_o8use_000285.txt,0,1
test,D:\Study Material\Sem VI\Projects\PBL2\RoadEye\dataset_crack\final_dataset_v5\test\images\sewer_o8use_000294.jpg,test/images/sewer_o8use_000294.jpg,D:\Study Material\Sem VI\Projects\PBL2\RoadEye\dataset_crack\final_dataset_v5\test\labels\sewer_o8use_000294.txt,1,0
test,D:\Study Material\Sem VI\Projects\PBL2\RoadEye\dataset_crack\final_dataset_v5\test\images\sewer_o8use_000299.jpg,test/images/sewer_o8use_000299.jpg,D:\Study Material\Sem VI\Projects\PBL2\RoadEye\dataset_crack\final_dataset_v5\test\labels\sewer_o8use_000299.txt,0,1
test,D:\Study Material\Sem VI\Projects\PBL2\RoadEye\dataset_crack\final_dataset_v5\test\images\sewer_o8use_000316.jpg,test/images/sewer_o8use_000316.jpg,D:\Study Material\Sem VI\Projects\PBL2\RoadEye\dataset_crack\final_dataset_v5\test\labels\sewer_o8use_000316.txt,0,1
test,D:\Study Material\Sem VI\Projects\PBL2\RoadEye\dataset_crack\final_dataset_v5\test\images\sewer_o8use_000322.jpg,test/images/sewer_o8use_000322.jpg,D:\Study Material\Sem VI\Projects\PBL2\RoadEye\dataset_crack\final_dataset_v5\test\labels\sewer_o8use_000322.txt,1,1
test,D:\Study Material\Sem VI\Projects\PBL2\RoadEye\dataset_crack\final_dataset_v5\test\images\sewer_o8use_000326.jpg,test/images/sewer_o8use_000326.jpg,D:\Study Material\Sem VI\Projects\PBL2\RoadEye\dataset_crack\final_dataset_v5\test\labels\sewer_o8use_000326.txt,1,0
test,D:\Study Material\Sem VI\Projects\PBL2\RoadEye\dataset_crack\final_dataset_v5\test\images\sewer_o8use_000334.jpg,test/images/sewer_o8use_000334.jpg,D:\Study Material\Sem VI\Projects\PBL2\RoadEye\dataset_crack\final_dataset_v5\test\labels\sewer_o8use_000334.txt,1,0
test,D:\Study Material\Sem VI\Projects\PBL2\RoadEye\dataset_crack\final_dataset_v5\test\images\sewer_o8use_000368.jpg,test/images/sewer_o8use_000368.jpg,D:\Study Material\Sem VI\Projects\PBL2\RoadEye\dataset_crack\final_dataset_v5\test\labels\sewer_o8use_000368.txt,1,0
test,D:\Study Material\Sem VI\Projects\PBL2\RoadEye\dataset_crack\final_dataset_v5\test\images\sewer_o8use_000370.jpg,test/images/sewer_o8use_000370.jpg,D:\Study Material\Sem VI\Projects\PBL2\RoadEye\dataset_crack\final_dataset_v5\test\labels\sewer_o8use_000370.txt,0,1
test,D:\Study Material\Sem VI\Projects\PBL2\RoadEye\dataset_crack\final_dataset_v5\test\images\sewer_o8use_000383.jpg,test/images/sewer_o8use_000383.jpg,D:\Study Material\Sem VI\Projects\PBL2\RoadEye\dataset_crack\final_dataset_v5\test\labels\sewer_o8use_000383.txt,1,0
test,D:\Study Material\Sem VI\Projects\PBL2\RoadEye\dataset_crack\final_dataset_v5\test\images\sewer_o8use_000414.jpg,test/images/sewer_o8use_000414.jpg,D:\Study Material\Sem VI\Projects\PBL2\RoadEye\dataset_crack\final_dataset_v5\test\labels\sewer_o8use_000414.txt,1,0
test,D:\Study Material\Sem VI\Projects\PBL2\RoadEye\dataset_crack\final_dataset_v5\test\images\sewer_o8use_000425.jpg,test/images/sewer_o8use_000425.jpg,D:\Study Material\Sem VI\Projects\PBL2\RoadEye\dataset_crack\final_dataset_v5\test\labels\sewer_o8use_000425.txt,0,1
test,D:\Study Material\Sem VI\Projects\PBL2\RoadEye\dataset_crack\final_dataset_v5\test\images\sewer_o8use_000432.jpg,test/images/sewer_o8use_000432.jpg,D:\Study Material\Sem VI\Projects\PBL2\RoadEye\dataset_crack\final_dataset_v5\test\labels\sewer_o8use_000432.txt,1,0
test,D:\Study Material\Sem VI\Projects\PBL2\RoadEye\dataset_crack\final_dataset_v5\test\images\sewer_o8use_000436.jpg,test/images/sewer_o8use_000436.jpg,D:\Study Material\Sem VI\Projects\PBL2\RoadEye\dataset_crack\final_dataset_v5\test\labels\sewer_o8use_000436.txt,0,1
test,D:\Study Material\Sem VI\Projects\PBL2\RoadEye\dataset_crack\final_dataset_v5\test\images\sewer_o8use_000437.jpg,test/images/sewer_o8use_000437.jpg,D:\Study Material\Sem VI\Projects\PBL2\RoadEye\dataset_crack\final_dataset_v5\test\labels\sewer_o8use_000437.txt,1,0
test,D:\Study Material\Sem VI\Projects\PBL2\RoadEye\dataset_crack\final_dataset_v5\test\images\sewer_o8use_000451.jpg,test/images/sewer_o8use_000451.jpg,D:\Study Material\Sem VI\Projects\PBL2\RoadEye\dataset_crack\final_dataset_v5\test\labels\sewer_o8use_000451.txt,1,0
test,D:\Study Material\Sem VI\Projects\PBL2\RoadEye\dataset_crack\final_dataset_v5\test\images\sewer_o8use_000457.jpg,test/images/sewer_o8use_000457.jpg,D:\Study Material\Sem VI\Projects\PBL2\RoadEye\dataset_crack\final_dataset_v5\test\labels\sewer_o8use_000457.txt,0,1
test,D:\Study Material\Sem VI\Projects\PBL2\RoadEye\dataset_crack\final_dataset_v5\test\images\sewer_o8use_000488.jpg,test/images/sewer_o8use_000488.jpg,D:\Study Material\Sem VI\Projects\PBL2\RoadEye\dataset_crack\final_dataset_v5\test\labels\sewer_o8use_000488.txt,1,0
test,D:\Study Material\Sem VI\Projects\PBL2\RoadEye\dataset_crack\final_dataset_v5\test\images\sewer_o8use_000495.jpg,test/images/sewer_o8use_000495.jpg,D:\Study Material\Sem VI\Projects\PBL2\RoadEye\dataset_crack\final_dataset_v5\test\labels\sewer_o8use_000495.txt,1,0
test,D:\Study Material\Sem VI\Projects\PBL2\RoadEye\dataset_crack\final_dataset_v5\test\images\sewer_o8use_000498.jpg,test/images/sewer_o8use_000498.jpg,D:\Study Material\Sem VI\Projects\PBL2\RoadEye\dataset_crack\final_dataset_v5\test\labels\sewer_o8use_000498.txt,0,1
test,D:\Study Material\Sem VI\Projects\PBL2\RoadEye\dataset_crack\final_dataset_v5\test\images\sewer_o8use_000510.jpg,test/images/sewer_o8use_000510.jpg,D:\Study Material\Sem VI\Projects\PBL2\RoadEye\dataset_crack\final_dataset_v5\test\labels\sewer_o8use_000510.txt,1,0
test,D:\Study Material\Sem VI\Projects\PBL2\RoadEye\dataset_crack\final_dataset_v5\test\images\sewer_o8use_000521.jpg,test/images/sewer_o8use_000521.jpg,D:\Study Material\Sem VI\Projects\PBL2\RoadEye\dataset_crack\final_dataset_v5\test\labels\sewer_o8use_000521.txt,1,0
test,D:\Study Material\Sem VI\Projects\PBL2\RoadEye\dataset_crack\final_dataset_v5\test\images\sewer_o8use_000531.jpg,test/images/sewer_o8use_000531.jpg,D:\Study Material\Sem VI\Projects\PBL2\RoadEye\dataset_crack\final_dataset_v5\test\labels\sewer_o8use_000531.txt,1,2
test,D:\Study Material\Sem VI\Projects\PBL2\RoadEye\dataset_crack\final_dataset_v5\test\images\sewer_o8use_000537.jpg,test/images/sewer_o8use_000537.jpg,D:\Study Material\Sem VI\Projects\PBL2\RoadEye\dataset_crack\final_dataset_v5\test\labels\sewer_o8use_000537.txt,1,0
test,D:\Study Material\Sem VI\Projects\PBL2\RoadEye\dataset_crack\final_dataset_v5\test\images\sewer_o8use_000539.jpg,test/images/sewer_o8use_000539.jpg,D:\Study Material\Sem VI\Projects\PBL2\RoadEye\dataset_crack\final_dataset_v5\test\labels\sewer_o8use_000539.txt,1,0
test,D:\Study Material\Sem VI\Projects\PBL2\RoadEye\dataset_crack\final_dataset_v5\test\images\sewer_o8use_000540.jpg,test/images/sewer_o8use_000540.jpg,D:\Study Material\Sem VI\Projects\PBL2\RoadEye\dataset_crack\final_dataset_v5\test\labels\sewer_o8use_000540.txt,0,1
test,D:\Study Material\Sem VI\Projects\PBL2\RoadEye\dataset_crack\final_dataset_v5\test\images\sewer_o8use_000568.jpg,test/images/sewer_o8use_000568.jpg,D:\Study Material\Sem VI\Projects\PBL2\RoadEye\dataset_crack\final_dataset_v5\test\labels\sewer_o8use_000568.txt,1,0
test,D:\Study Material\Sem VI\Projects\PBL2\RoadEye\dataset_crack\final_dataset_v5\test\images\sewer_o8use_000576.jpg,test/images/sewer_o8use_000576.jpg,D:\Study Material\Sem VI\Projects\PBL2\RoadEye\dataset_crack\final_dataset_v5\test\labels\sewer_o8use_000576.txt,1,0
test,D:\Study Material\Sem VI\Projects\PBL2\RoadEye\dataset_crack\final_dataset_v5\test\images\sewer_o8use_000589.jpg,test/images/sewer_o8use_000589.jpg,D:\Study Material\Sem VI\Projects\PBL2\RoadEye\dataset_crack\final_dataset_v5\test\labels\sewer_o8use_000589.txt,1,0
test,D:\Study Material\Sem VI\Projects\PBL2\RoadEye\dataset_crack\final_dataset_v5\test\images\sewer_o8use_000595.jpg,test/images/sewer_o8use_000595.jpg,D:\Study Material\Sem VI\Projects\PBL2\RoadEye\dataset_crack\final_dataset_v5\test\labels\sewer_o8use_000595.txt,0,1
test,D:\Study Material\Sem VI\Projects\PBL2\RoadEye\dataset_crack\final_dataset_v5\test\images\sewer_o8use_000626.jpg,test/images/sewer_o8use_000626.jpg,D:\Study Material\Sem VI\Projects\PBL2\RoadEye\dataset_crack\final_dataset_v5\test\labels\sewer_o8use_000626.txt,2,0
test,D:\Study Material\Sem VI\Projects\PBL2\RoadEye\dataset_crack\final_dataset_v5\test\images\sewer_o8use_000652.jpg,test/images/sewer_o8use_000652.jpg,D:\Study Material\Sem VI\Projects\PBL2\RoadEye\dataset_crack\final_dataset_v5\test\labels\sewer_o8use_000652.txt,1,0
test,D:\Study Material\Sem VI\Projects\PBL2\RoadEye\dataset_crack\final_dataset_v5\test\images\sewer_o8use_000655.jpg,test/images/sewer_o8use_000655.jpg,D:\Study Material\Sem VI\Projects\PBL2\RoadEye\dataset_crack\final_dataset_v5\test\labels\sewer_o8use_000655.txt,0,1
test,D:\Study Material\Sem VI\Projects\PBL2\RoadEye\dataset_crack\final_dataset_v5\test\images\sewer_o8use_000665.jpg,test/images/sewer_o8use_000665.jpg,D:\Study Material\Sem VI\Projects\PBL2\RoadEye\dataset_crack\final_dataset_v5\test\labels\sewer_o8use_000665.txt,2,0
test,D:\Study Material\Sem VI\Projects\PBL2\RoadEye\dataset_crack\final_dataset_v5\test\images\sewer_o8use_000675.jpg,test/images/sewer_o8use_000675.jpg,D:\Study Material\Sem VI\Projects\PBL2\RoadEye\dataset_crack\final_dataset_v5\test\labels\sewer_o8use_000675.txt,0,1
test,D:\Study Material\Sem VI\Projects\PBL2\RoadEye\dataset_crack\final_dataset_v5\test\images\sewer_o8use_000712.jpg,test/images/sewer_o8use_000712.jpg,D:\Study Material\Sem VI\Projects\PBL2\RoadEye\dataset_crack\final_dataset_v5\test\labels\sewer_o8use_000712.txt,1,1
test,D:\Study Material\Sem VI\Projects\PBL2\RoadEye\dataset_crack\final_dataset_v5\test\images\sewer_o8use_000719.jpg,test/images/sewer_o8use_000719.jpg,D:\Study Material\Sem VI\Projects\PBL2\RoadEye\dataset_crack\final_dataset_v5\test\labels\sewer_o8use_000719.txt,0,1
test,D:\Study Material\Sem VI\Projects\PBL2\RoadEye\dataset_crack\final_dataset_v5\test\images\sewer_o8use_000724.jpg,test/images/sewer_o8use_000724.jpg,D:\Study Material\Sem VI\Projects\PBL2\RoadEye\dataset_crack\final_dataset_v5\test\labels\sewer_o8use_000724.txt,1,0
test,D:\Study Material\Sem VI\Projects\PBL2\RoadEye\dataset_crack\final_dataset_v5\test\images\sewer_o8use_000735.jpg,test/images/sewer_o8use_000735.jpg,D:\Study Material\Sem VI\Projects\PBL2\RoadEye\dataset_crack\final_dataset_v5\test\labels\sewer_o8use_000735.txt,0,1
test,D:\Study Material\Sem VI\Projects\PBL2\RoadEye\dataset_crack\final_dataset_v5\test\images\sewer_o8use_000739.jpg,test/images/sewer_o8use_000739.jpg,D:\Study Material\Sem VI\Projects\PBL2\RoadEye\dataset_crack\final_dataset_v5\test\labels\sewer_o8use_000739.txt,1,1
test,D:\Study Material\Sem VI\Projects\PBL2\RoadEye\dataset_crack\final_dataset_v5\test\images\sewer_o8use_000742.jpg,test/images/sewer_o8use_000742.jpg,D:\Study Material\Sem VI\Projects\PBL2\RoadEye\dataset_crack\final_dataset_v5\test\labels\sewer_o8use_000742.txt,1,0
test,D:\Study Material\Sem VI\Projects\PBL2\RoadEye\dataset_crack\final_dataset_v5\test\images\sewer_o8use_000748.jpg,test/images/sewer_o8use_000748.jpg,D:\Study Material\Sem VI\Projects\PBL2\RoadEye\dataset_crack\final_dataset_v5\test\labels\sewer_o8use_000748.txt,1,0
test,D:\Study Material\Sem VI\Projects\PBL2\RoadEye\dataset_crack\final_dataset_v5\test\images\sewer_o8use_000778.jpg,test/images/sewer_o8use_000778.jpg,D:\Study Material\Sem VI\Projects\PBL2\RoadEye\dataset_crack\final_dataset_v5\test\labels\sewer_o8use_000778.txt,0,1
test,D:\Study Material\Sem VI\Projects\PBL2\RoadEye\dataset_crack\final_dataset_v5\test\images\sewer_o8use_000779.jpg,test/images/sewer_o8use_000779.jpg,D:\Study Material\Sem VI\Projects\PBL2\RoadEye\dataset_crack\final_dataset_v5\test\labels\sewer_o8use_000779.txt,1,0
test,D:\Study Material\Sem VI\Projects\PBL2\RoadEye\dataset_crack\final_dataset_v5\test\images\sewer_o8use_000798.jpg,test/images/sewer_o8use_000798.jpg,D:\Study Material\Sem VI\Projects\PBL2\RoadEye\dataset_crack\final_dataset_v5\test\labels\sewer_o8use_000798.txt,0,1
test,D:\Study Material\Sem VI\Projects\PBL2\RoadEye\dataset_crack\final_dataset_v5\test\images\sewer_o8use_000799.jpg,test/images/sewer_o8use_000799.jpg,D:\Study Material\Sem VI\Projects\PBL2\RoadEye\dataset_crack\final_dataset_v5\test\labels\sewer_o8use_000799.txt,1,0
test,D:\Study Material\Sem VI\Projects\PBL2\RoadEye\dataset_crack\final_dataset_v5\test\images\sewer_o8use_000826.jpg,test/images/sewer_o8use_000826.jpg,D:\Study Material\Sem VI\Projects\PBL2\RoadEye\dataset_crack\final_dataset_v5\test\labels\sewer_o8use_000826.txt,0,1
test,D:\Study Material\Sem VI\Projects\PBL2\RoadEye\dataset_crack\final_dataset_v5\test\images\sewer_o8use_000834.jpg,test/images/sewer_o8use_000834.jpg,D:\Study Material\Sem VI\Projects\PBL2\RoadEye\dataset_crack\final_dataset_v5\test\labels\sewer_o8use_000834.txt,1,0
test,D:\Study Material\Sem VI\Projects\PBL2\RoadEye\dataset_crack\final_dataset_v5\test\images\sewer_o8use_000838.jpg,test/images/sewer_o8use_000838.jpg,D:\Study Material\Sem VI\Projects\PBL2\RoadEye\dataset_crack\final_dataset_v5\test\labels\sewer_o8use_000838.txt,1,0
test,D:\Study Material\Sem VI\Projects\PBL2\RoadEye\dataset_crack\final_dataset_v5\test\images\sewer_o8use_000845.jpg,test/images/sewer_o8use_000845.jpg,D:\Study Material\Sem VI\Projects\PBL2\RoadEye\dataset_crack\final_dataset_v5\test\labels\sewer_o8use_000845.txt,1,1
test,D:\Study Material\Sem VI\Projects\PBL2\RoadEye\dataset_crack\final_dataset_v5\test\images\sewer_o8use_000856.jpg,test/images/sewer_o8use_000856.jpg,D:\Study Material\Sem VI\Projects\PBL2\RoadEye\dataset_crack\final_dataset_v5\test\labels\sewer_o8use_000856.txt,1,0
test,D:\Study Material\Sem VI\Projects\PBL2\RoadEye\dataset_crack\final_dataset_v5\test\images\sewer_o8use_000891.jpg,test/images/sewer_o8use_000891.jpg,D:\Study Material\Sem VI\Projects\PBL2\RoadEye\dataset_crack\final_dataset_v5\test\labels\sewer_o8use_000891.txt,1,0
test,D:\Study Material\Sem VI\Projects\PBL2\RoadEye\dataset_crack\final_dataset_v5\test\images\sewer_o8use_000899.jpg,test/images/sewer_o8use_000899.jpg,D:\Study Material\Sem VI\Projects\PBL2\RoadEye\dataset_crack\final_dataset_v5\test\labels\sewer_o8use_000899.txt,0,1
test,D:\Study Material\Sem VI\Projects\PBL2\RoadEye\dataset_crack\final_dataset_v5\test\images\sewer_o8use_000900.jpg,test/images/sewer_o8use_000900.jpg,D:\Study Material\Sem VI\Projects\PBL2\RoadEye\dataset_crack\final_dataset_v5\test\labels\sewer_o8use_000900.txt,1,1
test,D:\Study Material\Sem VI\Projects\PBL2\RoadEye\dataset_crack\final_dataset_v5\test\images\sewer_o8use_000905.jpg,test/images/sewer_o8use_000905.jpg,D:\Study Material\Sem VI\Projects\PBL2\RoadEye\dataset_crack\final_dataset_v5\test\labels\sewer_o8use_000905.txt,0,1
test,D:\Study Material\Sem VI\Projects\PBL2\RoadEye\dataset_crack\final_dataset_v5\test\images\sewer_o8use_000909.jpg,test/images/sewer_o8use_000909.jpg,D:\Study Material\Sem VI\Projects\PBL2\RoadEye\dataset_crack\final_dataset_v5\test\labels\sewer_o8use_000909.txt,1,1
test,D:\Study Material\Sem VI\Projects\PBL2\RoadEye\dataset_crack\final_dataset_v5\test\images\sewer_o8use_000912.jpg,test/images/sewer_o8use_000912.jpg,D:\Study Material\Sem VI\Projects\PBL2\RoadEye\dataset_crack\final_dataset_v5\test\labels\sewer_o8use_000912.txt,0,1
test,D:\Study Material\Sem VI\Projects\PBL2\RoadEye\dataset_crack\final_dataset_v5\test\images\sewer_o8use_000919.jpg,test/images/sewer_o8use_000919.jpg,D:\Study Material\Sem VI\Projects\PBL2\RoadEye\dataset_crack\final_dataset_v5\test\labels\sewer_o8use_000919.txt,1,0
test,D:\Study Material\Sem VI\Projects\PBL2\RoadEye\dataset_crack\final_dataset_v5\test\images\sewer_o8use_000931.jpg,test/images/sewer_o8use_000931.jpg,D:\Study Material\Sem VI\Projects\PBL2\RoadEye\dataset_crack\final_dataset_v5\test\labels\sewer_o8use_000931.txt,0,1
test,D:\Study Material\Sem VI\Projects\PBL2\RoadEye\dataset_crack\final_dataset_v5\test\images\sewer_o8use_000943.jpg,test/images/sewer_o8use_000943.jpg,D:\Study Material\Sem VI\Projects\PBL2\RoadEye\dataset_crack\final_dataset_v5\test\labels\sewer_o8use_000943.txt,1,1
test,D:\Study Material\Sem VI\Projects\PBL2\RoadEye\dataset_crack\final_dataset_v5\test\images\sewer_o8use_000949.jpg,test/images/sewer_o8use_000949.jpg,D:\Study Material\Sem VI\Projects\PBL2\RoadEye\dataset_crack\final_dataset_v5\test\labels\sewer_o8use_000949.txt,0,1
test,D:\Study Material\Sem VI\Projects\PBL2\RoadEye\dataset_crack\final_dataset_v5\test\images\sewer_o8use_000958.jpg,test/images/sewer_o8use_000958.jpg,D:\Study Material\Sem VI\Projects\PBL2\RoadEye\dataset_crack\final_dataset_v5\test\labels\sewer_o8use_000958.txt,1,0
test,D:\Study Material\Sem VI\Projects\PBL2\RoadEye\dataset_crack\final_dataset_v5\test\images\sewer_o8use_000989.jpg,test/images/sewer_o8use_000989.jpg,D:\Study Material\Sem VI\Projects\PBL2\RoadEye\dataset_crack\final_dataset_v5\test\labels\sewer_o8use_000989.txt,1,0
test,D:\Study Material\Sem VI\Projects\PBL2\RoadEye\dataset_crack\final_dataset_v5\test\images\sewer_o8use_000999.jpg,test/images/sewer_o8use_000999.jpg,D:\Study Material\Sem VI\Projects\PBL2\RoadEye\dataset_crack\final_dataset_v5\test\labels\sewer_o8use_000999.txt,1,0
test,D:\Study Material\Sem VI\Projects\PBL2\RoadEye\dataset_crack\final_dataset_v5\test\images\sewer_o8use_001002.jpg,test/images/sewer_o8use_001002.jpg,D:\Study Material\Sem VI\Projects\PBL2\RoadEye\dataset_crack\final_dataset_v5\test\labels\sewer_o8use_001002.txt,0,1
test,D:\Study Material\Sem VI\Projects\PBL2\RoadEye\dataset_crack\final_dataset_v5\test\images\sewer_o8use_001010.jpg,test/images/sewer_o8use_001010.jpg,D:\Study Material\Sem VI\Projects\PBL2\RoadEye\dataset_crack\final_dataset_v5\test\labels\sewer_o8use_001010.txt,1,0
test,D:\Study Material\Sem VI\Projects\PBL2\RoadEye\dataset_crack\final_dataset_v5\test\images\sewer_o8use_001031.jpg,test/images/sewer_o8use_001031.jpg,D:\Study Material\Sem VI\Projects\PBL2\RoadEye\dataset_crack\final_dataset_v5\test\labels\sewer_o8use_001031.txt,1,0
test,D:\Study Material\Sem VI\Projects\PBL2\RoadEye\dataset_crack\final_dataset_v5\test\images\sewer_o8use_001035.jpg,test/images/sewer_o8use_001035.jpg,D:\Study Material\Sem VI\Projects\PBL2\RoadEye\dataset_crack\final_dataset_v5\test\labels\sewer_o8use_001035.txt,2,0
test,D:\Study Material\Sem VI\Projects\PBL2\RoadEye\dataset_crack\final_dataset_v5\test\images\sewer_o8use_001075.jpg,test/images/sewer_o8use_001075.jpg,D:\Study Material\Sem VI\Projects\PBL2\RoadEye\dataset_crack\final_dataset_v5\test\labels\sewer_o8use_001075.txt,2,1
test,D:\Study Material\Sem VI\Projects\PBL2\RoadEye\dataset_crack\final_dataset_v5\test\images\sewer_o8use_001079.jpg,test/images/sewer_o8use_001079.jpg,D:\Study Material\Sem VI\Projects\PBL2\RoadEye\dataset_crack\final_dataset_v5\test\labels\sewer_o8use_001079.txt,1,0
test,D:\Study Material\Sem VI\Projects\PBL2\RoadEye\dataset_crack\final_dataset_v5\test\images\sewer_o8use_001090.jpg,test/images/sewer_o8use_001090.jpg,D:\Study Material\Sem VI\Projects\PBL2\RoadEye\dataset_crack\final_dataset_v5\test\labels\sewer_o8use_001090.txt,0,1
test,D:\Study Material\Sem VI\Projects\PBL2\RoadEye\dataset_crack\final_dataset_v5\test\images\sewer_o8use_001097.jpg,test/images/sewer_o8use_001097.jpg,D:\Study Material\Sem VI\Projects\PBL2\RoadEye\dataset_crack\final_dataset_v5\test\labels\sewer_o8use_001097.txt,1,0
test,D:\Study Material\Sem VI\Projects\PBL2\RoadEye\dataset_crack\final_dataset_v5\test\images\sewer_o8use_001122.jpg,test/images/sewer_o8use_001122.jpg,D:\Study Material\Sem VI\Projects\PBL2\RoadEye\dataset_crack\final_dataset_v5\test\labels\sewer_o8use_001122.txt,1,1
test,D:\Study Material\Sem VI\Projects\PBL2\RoadEye\dataset_crack\final_dataset_v5\test\images\sewer_o8use_001130.jpg,test/images/sewer_o8use_001130.jpg,D:\Study Material\Sem VI\Projects\PBL2\RoadEye\dataset_crack\final_dataset_v5\test\labels\sewer_o8use_001130.txt,1,1
test,D:\Study Material\Sem VI\Projects\PBL2\RoadEye\dataset_crack\final_dataset_v5\test\images\sewer_o8use_001141.jpg,test/images/sewer_o8use_001141.jpg,D:\Study Material\Sem VI\Projects\PBL2\RoadEye\dataset_crack\final_dataset_v5\test\labels\sewer_o8use_001141.txt,2,1
test,D:\Study Material\Sem VI\Projects\PBL2\RoadEye\dataset_crack\final_dataset_v5\test\images\sewer_o8use_001151.jpg,test/images/sewer_o8use_001151.jpg,D:\Study Material\Sem VI\Projects\PBL2\RoadEye\dataset_crack\final_dataset_v5\test\labels\sewer_o8use_001151.txt,1,0
test,D:\Study Material\Sem VI\Projects\PBL2\RoadEye\dataset_crack\final_dataset_v5\test\images\sewer_o8use_001153.jpg,test/images/sewer_o8use_001153.jpg,D:\Study Material\Sem VI\Projects\PBL2\RoadEye\dataset_crack\final_dataset_v5\test\labels\sewer_o8use_001153.txt,1,0
test,D:\Study Material\Sem VI\Projects\PBL2\RoadEye\dataset_crack\final_dataset_v5\test\images\sewer_o8use_001182.jpg,test/images/sewer_o8use_001182.jpg,D:\Study Material\Sem VI\Projects\PBL2\RoadEye\dataset_crack\final_dataset_v5\test\labels\sewer_o8use_001182.txt,1,0
test,D:\Study Material\Sem VI\Projects\PBL2\RoadEye\dataset_crack\final_dataset_v5\test\images\sewer_o8use_001190.jpg,test/images/sewer_o8use_001190.jpg,D:\Study Material\Sem VI\Projects\PBL2\RoadEye\dataset_crack\final_dataset_v5\test\labels\sewer_o8use_001190.txt,1,1
test,D:\Study Material\Sem VI\Projects\PBL2\RoadEye\dataset_crack\final_dataset_v5\test\images\sewer_o8use_001192.jpg,test/images/sewer_o8use_001192.jpg,D:\Study Material\Sem VI\Projects\PBL2\RoadEye\dataset_crack\final_dataset_v5\test\labels\sewer_o8use_001192.txt,1,0
test,D:\Study Material\Sem VI\Projects\PBL2\RoadEye\dataset_crack\final_dataset_v5\test\images\sewer_o8use_001210.jpg,test/images/sewer_o8use_001210.jpg,D:\Study Material\Sem VI\Projects\PBL2\RoadEye\dataset_crack\final_dataset_v5\test\labels\sewer_o8use_001210.txt,1,0
test,D:\Study Material\Sem VI\Projects\PBL2\RoadEye\dataset_crack\final_dataset_v5\test\images\sewer_o8use_001214.jpg,test/images/sewer_o8use_001214.jpg,D:\Study Material\Sem VI\Projects\PBL2\RoadEye\dataset_crack\final_dataset_v5\test\labels\sewer_o8use_001214.txt,2,1
test,D:\Study Material\Sem VI\Projects\PBL2\RoadEye\dataset_crack\final_dataset_v5\test\images\sewer_o8use_001235.jpg,test/images/sewer_o8use_001235.jpg,D:\Study Material\Sem VI\Projects\PBL2\RoadEye\dataset_crack\final_dataset_v5\test\labels\sewer_o8use_001235.txt,1,0
test,D:\Study Material\Sem VI\Projects\PBL2\RoadEye\dataset_crack\final_dataset_v5\test\images\sewer_o8use_001241.jpg,test/images/sewer_o8use_001241.jpg,D:\Study Material\Sem VI\Projects\PBL2\RoadEye\dataset_crack\final_dataset_v5\test\labels\sewer_o8use_001241.txt,1,0
test,D:\Study Material\Sem VI\Projects\PBL2\RoadEye\dataset_crack\final_dataset_v5\test\images\sewer_o8use_001247.jpg,test/images/sewer_o8use_001247.jpg,D:\Study Material\Sem VI\Projects\PBL2\RoadEye\dataset_crack\final_dataset_v5\test\labels\sewer_o8use_001247.txt,1,0
test,D:\Study Material\Sem VI\Projects\PBL2\RoadEye\dataset_crack\final_dataset_v5\test\images\sewer_o8use_001254.jpg,test/images/sewer_o8use_001254.jpg,D:\Study Material\Sem VI\Projects\PBL2\RoadEye\dataset_crack\final_dataset_v5\test\labels\sewer_o8use_001254.txt,0,1
test,D:\Study Material\Sem VI\Projects\PBL2\RoadEye\dataset_crack\final_dataset_v5\test\images\sewer_o8use_001257.jpg,test/images/sewer_o8use_001257.jpg,D:\Study Material\Sem VI\Projects\PBL2\RoadEye\dataset_crack\final_dataset_v5\test\labels\sewer_o8use_001257.txt,2,0
test,D:\Study Material\Sem VI\Projects\PBL2\RoadEye\dataset_crack\final_dataset_v5\test\images\sewer_o8use_001258.jpg,test/images/sewer_o8use_001258.jpg,D:\Study Material\Sem VI\Projects\PBL2\RoadEye\dataset_crack\final_dataset_v5\test\labels\sewer_o8use_001258.txt,2,1
test,D:\Study Material\Sem VI\Projects\PBL2\RoadEye\dataset_crack\final_dataset_v5\test\images\sewer_o8use_001264.jpg,test/images/sewer_o8use_001264.jpg,D:\Study Material\Sem VI\Projects\PBL2\RoadEye\dataset_crack\final_dataset_v5\test\labels\sewer_o8use_001264.txt,0,1
test,D:\Study Material\Sem VI\Projects\PBL2\RoadEye\dataset_crack\final_dataset_v5\test\images\sewer_o8use_001269.jpg,test/images/sewer_o8use_001269.jpg,D:\Study Material\Sem VI\Projects\PBL2\RoadEye\dataset_crack\final_dataset_v5\test\labels\sewer_o8use_001269.txt,0,1
test,D:\Study Material\Sem VI\Projects\PBL2\RoadEye\dataset_crack\final_dataset_v5\test\images\sewer_o8use_001270.jpg,test/images/sewer_o8use_001270.jpg,D:\Study Material\Sem VI\Projects\PBL2\RoadEye\dataset_crack\final_dataset_v5\test\labels\sewer_o8use_001270.txt,0,1
test,D:\Study Material\Sem VI\Projects\PBL2\RoadEye\dataset_crack\final_dataset_v5\test\images\sewer_o8use_001279.jpg,test/images/sewer_o8use_001279.jpg,D:\Study Material\Sem VI\Projects\PBL2\RoadEye\dataset_crack\final_dataset_v5\test\labels\sewer_o8use_001279.txt,2,1
test,D:\Study Material\Sem VI\Projects\PBL2\RoadEye\dataset_crack\final_dataset_v5\test\images\sewer_o8use_001299.jpg,test/images/sewer_o8use_001299.jpg,D:\Study Material\Sem VI\Projects\PBL2\RoadEye\dataset_crack\final_dataset_v5\test\labels\sewer_o8use_001299.txt,1,0
test,D:\Study Material\Sem VI\Projects\PBL2\RoadEye\dataset_crack\final_dataset_v5\test\images\sewer_o8use_001315.jpg,test/images/sewer_o8use_001315.jpg,D:\Study Material\Sem VI\Projects\PBL2\RoadEye\dataset_crack\final_dataset_v5\test\labels\sewer_o8use_001315.txt,1,0
test,D:\Study Material\Sem VI\Projects\PBL2\RoadEye\dataset_crack\final_dataset_v5\test\images\sewer_o8use_001321.jpg,test/images/sewer_o8use_001321.jpg,D:\Study Material\Sem VI\Projects\PBL2\RoadEye\dataset_crack\final_dataset_v5\test\labels\sewer_o8use_001321.txt,1,0
test,D:\Study Material\Sem VI\Projects\PBL2\RoadEye\dataset_crack\final_dataset_v5\test\images\sewer_o8use_001335.jpg,test/images/sewer_o8use_001335.jpg,D:\Study Material\Sem VI\Projects\PBL2\RoadEye\dataset_crack\final_dataset_v5\test\labels\sewer_o8use_001335.txt,1,0
test,D:\Study Material\Sem VI\Projects\PBL2\RoadEye\dataset_crack\final_dataset_v5\test\images\sewer_o8use_001347.jpg,test/images/sewer_o8use_001347.jpg,D:\Study Material\Sem VI\Projects\PBL2\RoadEye\dataset_crack\final_dataset_v5\test\labels\sewer_o8use_001347.txt,1,0
test,D:\Study Material\Sem VI\Projects\PBL2\RoadEye\dataset_crack\final_dataset_v5\test\images\sewer_o8use_001373.jpg,test/images/sewer_o8use_001373.jpg,D:\Study Material\Sem VI\Projects\PBL2\RoadEye\dataset_crack\final_dataset_v5\test\labels\sewer_o8use_001373.txt,1,0
test,D:\Study Material\Sem VI\Projects\PBL2\RoadEye\dataset_crack\final_dataset_v5\test\images\sewer_o8use_001388.jpg,test/images/sewer_o8use_001388.jpg,D:\Study Material\Sem VI\Projects\PBL2\RoadEye\dataset_crack\final_dataset_v5\test\labels\sewer_o8use_001388.txt,2,1
test,D:\Study Material\Sem VI\Projects\PBL2\RoadEye\dataset_crack\final_dataset_v5\test\images\sewer_o8use_001393.jpg,test/images/sewer_o8use_001393.jpg,D:\Study Material\Sem VI\Projects\PBL2\RoadEye\dataset_crack\final_dataset_v5\test\labels\sewer_o8use_001393.txt,1,1
test,D:\Study Material\Sem VI\Projects\PBL2\RoadEye\dataset_crack\final_dataset_v5\test\images\sewer_o8use_001396.jpg,test/images/sewer_o8use_001396.jpg,D:\Study Material\Sem VI\Projects\PBL2\RoadEye\dataset_crack\final_dataset_v5\test\labels\sewer_o8use_001396.txt,1,0
test,D:\Study Material\Sem VI\Projects\PBL2\RoadEye\dataset_crack\final_dataset_v5\test\images\sewer_o8use_001398.jpg,test/images/sewer_o8use_001398.jpg,D:\Study Material\Sem VI\Projects\PBL2\RoadEye\dataset_crack\final_dataset_v5\test\labels\sewer_o8use_001398.txt,1,0
test,D:\Study Material\Sem VI\Projects\PBL2\RoadEye\dataset_crack\final_dataset_v5\test\images\sewer_o8use_001399.jpg,test/images/sewer_o8use_001399.jpg,D:\Study Material\Sem VI\Projects\PBL2\RoadEye\dataset_crack\final_dataset_v5\test\labels\sewer_o8use_001399.txt,1,0
test,D:\Study Material\Sem VI\Projects\PBL2\RoadEye\dataset_crack\final_dataset_v5\test\images\sewer_o8use_001405.jpg,test/images/sewer_o8use_001405.jpg,D:\Study Material\Sem VI\Projects\PBL2\RoadEye\dataset_crack\final_dataset_v5\test\labels\sewer_o8use_001405.txt,1,0
test,D:\Study Material\Sem VI\Projects\PBL2\RoadEye\dataset_crack\final_dataset_v5\test\images\sewer_o8use_001422.jpg,test/images/sewer_o8use_001422.jpg,D:\Study Material\Sem VI\Projects\PBL2\RoadEye\dataset_crack\final_dataset_v5\test\labels\sewer_o8use_001422.txt,2,0
test,D:\Study Material\Sem VI\Projects\PBL2\RoadEye\dataset_crack\final_dataset_v5\test\images\sewer_o8use_001423.jpg,test/images/sewer_o8use_001423.jpg,D:\Study Material\Sem VI\Projects\PBL2\RoadEye\dataset_crack\final_dataset_v5\test\labels\sewer_o8use_001423.txt,0,1
test,D:\Study Material\Sem VI\Projects\PBL2\RoadEye\dataset_crack\final_dataset_v5\test\images\sewer_o8use_001443.jpg,test/images/sewer_o8use_001443.jpg,D:\Study Material\Sem VI\Projects\PBL2\RoadEye\dataset_crack\final_dataset_v5\test\labels\sewer_o8use_001443.txt,1,0
test,D:\Study Material\Sem VI\Projects\PBL2\RoadEye\dataset_crack\final_dataset_v5\test\images\sewer_o8use_001462.jpg,test/images/sewer_o8use_001462.jpg,D:\Study Material\Sem VI\Projects\PBL2\RoadEye\dataset_crack\final_dataset_v5\test\labels\sewer_o8use_001462.txt,0,1
test,D:\Study Material\Sem VI\Projects\PBL2\RoadEye\dataset_crack\final_dataset_v5\test\images\sewer_o8use_001464.jpg,test/images/sewer_o8use_001464.jpg,D:\Study Material\Sem VI\Projects\PBL2\RoadEye\dataset_crack\final_dataset_v5\test\labels\sewer_o8use_001464.txt,1,0
test,D:\Study Material\Sem VI\Projects\PBL2\RoadEye\dataset_crack\final_dataset_v5\test\images\sewer_o8use_001469.jpg,test/images/sewer_o8use_001469.jpg,D:\Study Material\Sem VI\Projects\PBL2\RoadEye\dataset_crack\final_dataset_v5\test\labels\sewer_o8use_001469.txt,1,0
test,D:\Study Material\Sem VI\Projects\PBL2\RoadEye\dataset_crack\final_dataset_v5\test\images\sewer_o8use_001470.jpg,test/images/sewer_o8use_001470.jpg,D:\Study Material\Sem VI\Projects\PBL2\RoadEye\dataset_crack\final_dataset_v5\test\labels\sewer_o8use_001470.txt,0,1
test,D:\Study Material\Sem VI\Projects\PBL2\RoadEye\dataset_crack\final_dataset_v5\test\images\sewer_o8use_001471.jpg,test/images/sewer_o8use_001471.jpg,D:\Study Material\Sem VI\Projects\PBL2\RoadEye\dataset_crack\final_dataset_v5\test\labels\sewer_o8use_001471.txt,1,0
test,D:\Study Material\Sem VI\Projects\PBL2\RoadEye\dataset_crack\final_dataset_v5\test\images\sewer_o8use_001475.jpg,test/images/sewer_o8use_001475.jpg,D:\Study Material\Sem VI\Projects\PBL2\RoadEye\dataset_crack\final_dataset_v5\test\labels\sewer_o8use_001475.txt,0,2
test,D:\Study Material\Sem VI\Projects\PBL2\RoadEye\dataset_crack\final_dataset_v5\test\images\sewer_o8use_001493.jpg,test/images/sewer_o8use_001493.jpg,D:\Study Material\Sem VI\Projects\PBL2\RoadEye\dataset_crack\final_dataset_v5\test\labels\sewer_o8use_001493.txt,0,1
test,D:\Study Material\Sem VI\Projects\PBL2\RoadEye\dataset_crack\final_dataset_v5\test\images\sewer_o8use_001502.jpg,test/images/sewer_o8use_001502.jpg,D:\Study Material\Sem VI\Projects\PBL2\RoadEye\dataset_crack\final_dataset_v5\test\labels\sewer_o8use_001502.txt,1,0
test,D:\Study Material\Sem VI\Projects\PBL2\RoadEye\dataset_crack\final_dataset_v5\test\images\sewer_o8use_001510.jpg,test/images/sewer_o8use_001510.jpg,D:\Study Material\Sem VI\Projects\PBL2\RoadEye\dataset_crack\final_dataset_v5\test\labels\sewer_o8use_001510.txt,1,0
test,D:\Study Material\Sem VI\Projects\PBL2\RoadEye\dataset_crack\final_dataset_v5\test\images\sewer_o8use_001534.jpg,test/images/sewer_o8use_001534.jpg,D:\Study Material\Sem VI\Projects\PBL2\RoadEye\dataset_crack\final_dataset_v5\test\labels\sewer_o8use_001534.txt,1,0
test,D:\Study Material\Sem VI\Projects\PBL2\RoadEye\dataset_crack\final_dataset_v5\test\images\sewer_o8use_001551.jpg,test/images/sewer_o8use_001551.jpg,D:\Study Material\Sem VI\Projects\PBL2\RoadEye\dataset_crack\final_dataset_v5\test\labels\sewer_o8use_001551.txt,0,1
test,D:\Study Material\Sem VI\Projects\PBL2\RoadEye\dataset_crack\final_dataset_v5\test\images\sewer_o8use_001572.jpg,test/images/sewer_o8use_001572.jpg,D:\Study Material\Sem VI\Projects\PBL2\RoadEye\dataset_crack\final_dataset_v5\test\labels\sewer_o8use_001572.txt,1,0
test,D:\Study Material\Sem VI\Projects\PBL2\RoadEye\dataset_crack\final_dataset_v5\test\images\sewer_o8use_001574.jpg,test/images/sewer_o8use_001574.jpg,D:\Study Material\Sem VI\Projects\PBL2\RoadEye\dataset_crack\final_dataset_v5\test\labels\sewer_o8use_001574.txt,0,1
test,D:\Study Material\Sem VI\Projects\PBL2\RoadEye\dataset_crack\final_dataset_v5\test\images\sewer_o8use_001586.jpg,test/images/sewer_o8use_001586.jpg,D:\Study Material\Sem VI\Projects\PBL2\RoadEye\dataset_crack\final_dataset_v5\test\labels\sewer_o8use_001586.txt,1,0
test,D:\Study Material\Sem VI\Projects\PBL2\RoadEye\dataset_crack\final_dataset_v5\test\images\sewer_o8use_001618.jpg,test/images/sewer_o8use_001618.jpg,D:\Study Material\Sem VI\Projects\PBL2\RoadEye\dataset_crack\final_dataset_v5\test\labels\sewer_o8use_001618.txt,1,0
test,D:\Study Material\Sem VI\Projects\PBL2\RoadEye\dataset_crack\final_dataset_v5\test\images\sewer_o8use_001627.jpg,test/images/sewer_o8use_001627.jpg,D:\Study Material\Sem VI\Projects\PBL2\RoadEye\dataset_crack\final_dataset_v5\test\labels\sewer_o8use_001627.txt,0,1
test,D:\Study Material\Sem VI\Projects\PBL2\RoadEye\dataset_crack\final_dataset_v5\test\images\sewer_o8use_001633.jpg,test/images/sewer_o8use_001633.jpg,D:\Study Material\Sem VI\Projects\PBL2\RoadEye\dataset_crack\final_dataset_v5\test\labels\sewer_o8use_001633.txt,2,1
test,D:\Study Material\Sem VI\Projects\PBL2\RoadEye\dataset_crack\final_dataset_v5\test\images\sewer_o8use_001650.jpg,test/images/sewer_o8use_001650.jpg,D:\Study Material\Sem VI\Projects\PBL2\RoadEye\dataset_crack\final_dataset_v5\test\labels\sewer_o8use_001650.txt,1,0
test,D:\Study Material\Sem VI\Projects\PBL2\RoadEye\dataset_crack\final_dataset_v5\test\images\sewer_o8use_001651.jpg,test/images/sewer_o8use_001651.jpg,D:\Study Material\Sem VI\Projects\PBL2\RoadEye\dataset_crack\final_dataset_v5\test\labels\sewer_o8use_001651.txt,1,0
test,D:\Study Material\Sem VI\Projects\PBL2\RoadEye\dataset_crack\final_dataset_v5\test\images\sewer_o8use_001658.jpg,test/images/sewer_o8use_001658.jpg,D:\Study Material\Sem VI\Projects\PBL2\RoadEye\dataset_crack\final_dataset_v5\test\labels\sewer_o8use_001658.txt,1,1
test,D:\Study Material\Sem VI\Projects\PBL2\RoadEye\dataset_crack\final_dataset_v5\test\images\sewer_o8use_001664.jpg,test/images/sewer_o8use_001664.jpg,D:\Study Material\Sem VI\Projects\PBL2\RoadEye\dataset_crack\final_dataset_v5\test\labels\sewer_o8use_001664.txt,0,1
test,D:\Study Material\Sem VI\Projects\PBL2\RoadEye\dataset_crack\final_dataset_v5\test\images\sewer_o8use_001669.jpg,test/images/sewer_o8use_001669.jpg,D:\Study Material\Sem VI\Projects\PBL2\RoadEye\dataset_crack\final_dataset_v5\test\labels\sewer_o8use_001669.txt,0,1
test,D:\Study Material\Sem VI\Projects\PBL2\RoadEye\dataset_crack\final_dataset_v5\test\images\sewer_o8use_001671.jpg,test/images/sewer_o8use_001671.jpg,D:\Study Material\Sem VI\Projects\PBL2\RoadEye\dataset_crack\final_dataset_v5\test\labels\sewer_o8use_001671.txt,2,1
test,D:\Study Material\Sem VI\Projects\PBL2\RoadEye\dataset_crack\final_dataset_v5\test\images\sewer_o8use_001673.jpg,test/images/sewer_o8use_001673.jpg,D:\Study Material\Sem VI\Projects\PBL2\RoadEye\dataset_crack\final_dataset_v5\test\labels\sewer_o8use_001673.txt,1,0
test,D:\Study Material\Sem VI\Projects\PBL2\RoadEye\dataset_crack\final_dataset_v5\test\images\sewer_o8use_001692.jpg,test/images/sewer_o8use_001692.jpg,D:\Study Material\Sem VI\Projects\PBL2\RoadEye\dataset_crack\final_dataset_v5\test\labels\sewer_o8use_001692.txt,1,0
test,D:\Study Material\Sem VI\Projects\PBL2\RoadEye\dataset_crack\final_dataset_v5\test\images\sewer_o8use_001716.jpg,test/images/sewer_o8use_001716.jpg,D:\Study Material\Sem VI\Projects\PBL2\RoadEye\dataset_crack\final_dataset_v5\test\labels\sewer_o8use_001716.txt,1,1
test,D:\Study Material\Sem VI\Projects\PBL2\RoadEye\dataset_crack\final_dataset_v5\test\images\sewer_o8use_001722.jpg,test/images/sewer_o8use_001722.jpg,D:\Study Material\Sem VI\Projects\PBL2\RoadEye\dataset_crack\final_dataset_v5\test\labels\sewer_o8use_001722.txt,1,0
test,D:\Study Material\Sem VI\Projects\PBL2\RoadEye\dataset_crack\final_dataset_v5\test\images\sewer_o8use_001730.jpg,test/images/sewer_o8use_001730.jpg,D:\Study Material\Sem VI\Projects\PBL2\RoadEye\dataset_crack\final_dataset_v5\test\labels\sewer_o8use_001730.txt,1,0
test,D:\Study Material\Sem VI\Projects\PBL2\RoadEye\dataset_crack\final_dataset_v5\test\images\sewer_o8use_001734.jpg,test/images/sewer_o8use_001734.jpg,D:\Study Material\Sem VI\Projects\PBL2\RoadEye\dataset_crack\final_dataset_v5\test\labels\sewer_o8use_001734.txt,1,1
test,D:\Study Material\Sem VI\Projects\PBL2\RoadEye\dataset_crack\final_dataset_v5\test\images\sewer_o8use_001737.jpg,test/images/sewer_o8use_001737.jpg,D:\Study Material\Sem VI\Projects\PBL2\RoadEye\dataset_crack\final_dataset_v5\test\labels\sewer_o8use_001737.txt,1,0
test,D:\Study Material\Sem VI\Projects\PBL2\RoadEye\dataset_crack\final_dataset_v5\test\images\sewer_o8use_001748.jpg,test/images/sewer_o8use_001748.jpg,D:\Study Material\Sem VI\Projects\PBL2\RoadEye\dataset_crack\final_dataset_v5\test\labels\sewer_o8use_001748.txt,1,1
test,D:\Study Material\Sem VI\Projects\PBL2\RoadEye\dataset_crack\final_dataset_v5\test\images\sewer_o8use_001751.jpg,test/images/sewer_o8use_001751.jpg,D:\Study Material\Sem VI\Projects\PBL2\RoadEye\dataset_crack\final_dataset_v5\test\labels\sewer_o8use_001751.txt,0,1
test,D:\Study Material\Sem VI\Projects\PBL2\RoadEye\dataset_crack\final_dataset_v5\test\images\sewer_o8use_001758.jpg,test/images/sewer_o8use_001758.jpg,D:\Study Material\Sem VI\Projects\PBL2\RoadEye\dataset_crack\final_dataset_v5\test\labels\sewer_o8use_001758.txt,0,1
test,D:\Study Material\Sem VI\Projects\PBL2\RoadEye\dataset_crack\final_dataset_v5\test\images\sewer_o8use_001760.jpg,test/images/sewer_o8use_001760.jpg,D:\Study Material\Sem VI\Projects\PBL2\RoadEye\dataset_crack\final_dataset_v5\test\labels\sewer_o8use_001760.txt,1,0
test,D:\Study Material\Sem VI\Projects\PBL2\RoadEye\dataset_crack\final_dataset_v5\test\images\sewer_o8use_001772.jpg,test/images/sewer_o8use_001772.jpg,D:\Study Material\Sem VI\Projects\PBL2\RoadEye\dataset_crack\final_dataset_v5\test\labels\sewer_o8use_001772.txt,1,0
test,D:\Study Material\Sem VI\Projects\PBL2\RoadEye\dataset_crack\final_dataset_v5\test\images\sewer_o8use_001813.jpg,test/images/sewer_o8use_001813.jpg,D:\Study Material\Sem VI\Projects\PBL2\RoadEye\dataset_crack\final_dataset_v5\test\labels\sewer_o8use_001813.txt,1,1
test,D:\Study Material\Sem VI\Projects\PBL2\RoadEye\dataset_crack\final_dataset_v5\test\images\sewer_o8use_001815.jpg,test/images/sewer_o8use_001815.jpg,D:\Study Material\Sem VI\Projects\PBL2\RoadEye\dataset_crack\final_dataset_v5\test\labels\sewer_o8use_001815.txt,1,0
test,D:\Study Material\Sem VI\Projects\PBL2\RoadEye\dataset_crack\final_dataset_v5\test\images\sewer_o8use_001817.jpg,test/images/sewer_o8use_001817.jpg,D:\Study Material\Sem VI\Projects\PBL2\RoadEye\dataset_crack\final_dataset_v5\test\labels\sewer_o8use_001817.txt,2,1
test,D:\Study Material\Sem VI\Projects\PBL2\RoadEye\dataset_crack\final_dataset_v5\test\images\sewer_o8use_001836.jpg,test/images/sewer_o8use_001836.jpg,D:\Study Material\Sem VI\Projects\PBL2\RoadEye\dataset_crack\final_dataset_v5\test\labels\sewer_o8use_001836.txt,1,0
test,D:\Study Material\Sem VI\Projects\PBL2\RoadEye\dataset_crack\final_dataset_v5\test\images\sewer_o8use_001875.jpg,test/images/sewer_o8use_001875.jpg,D:\Study Material\Sem VI\Projects\PBL2\RoadEye\dataset_crack\final_dataset_v5\test\labels\sewer_o8use_001875.txt,1,1
test,D:\Study Material\Sem VI\Projects\PBL2\RoadEye\dataset_crack\final_dataset_v5\test\images\sewer_o8use_001876.jpg,test/images/sewer_o8use_001876.jpg,D:\Study Material\Sem VI\Projects\PBL2\RoadEye\dataset_crack\final_dataset_v5\test\labels\sewer_o8use_001876.txt,1,0
test,D:\Study Material\Sem VI\Projects\PBL2\RoadEye\dataset_crack\final_dataset_v5\test\images\sewer_o8use_001904.jpg,test/images/sewer_o8use_001904.jpg,D:\Study Material\Sem VI\Projects\PBL2\RoadEye\dataset_crack\final_dataset_v5\test\labels\sewer_o8use_001904.txt,1,0
test,D:\Study Material\Sem VI\Projects\PBL2\RoadEye\dataset_crack\final_dataset_v5\test\images\sewer_o8use_001910.jpg,test/images/sewer_o8use_001910.jpg,D:\Study Material\Sem VI\Projects\PBL2\RoadEye\dataset_crack\final_dataset_v5\test\labels\sewer_o8use_001910.txt,0,1
test,D:\Study Material\Sem VI\Projects\PBL2\RoadEye\dataset_crack\final_dataset_v5\test\images\sewer_o8use_001915.jpg,test/images/sewer_o8use_001915.jpg,D:\Study Material\Sem VI\Projects\PBL2\RoadEye\dataset_crack\final_dataset_v5\test\labels\sewer_o8use_001915.txt,1,0
test,D:\Study Material\Sem VI\Projects\PBL2\RoadEye\dataset_crack\final_dataset_v5\test\images\sewer_o8use_001925.jpg,test/images/sewer_o8use_001925.jpg,D:\Study Material\Sem VI\Projects\PBL2\RoadEye\dataset_crack\final_dataset_v5\test\labels\sewer_o8use_001925.txt,0,1
test,D:\Study Material\Sem VI\Projects\PBL2\RoadEye\dataset_crack\final_dataset_v5\test\images\sewer_o8use_001935.jpg,test/images/sewer_o8use_001935.jpg,D:\Study Material\Sem VI\Projects\PBL2\RoadEye\dataset_crack\final_dataset_v5\test\labels\sewer_o8use_001935.txt,0,1
test,D:\Study Material\Sem VI\Projects\PBL2\RoadEye\dataset_crack\final_dataset_v5\test\images\sewer_o8use_001959.jpg,test/images/sewer_o8use_001959.jpg,D:\Study Material\Sem VI\Projects\PBL2\RoadEye\dataset_crack\final_dataset_v5\test\labels\sewer_o8use_001959.txt,1,0
test,D:\Study Material\Sem VI\Projects\PBL2\RoadEye\dataset_crack\final_dataset_v5\test\images\sewer_o8use_001960.jpg,test/images/sewer_o8use_001960.jpg,D:\Study Material\Sem VI\Projects\PBL2\RoadEye\dataset_crack\final_dataset_v5\test\labels\sewer_o8use_001960.txt,0,1
test,D:\Study Material\Sem VI\Projects\PBL2\RoadEye\dataset_crack\final_dataset_v5\test\images\sewer_o8use_001963.jpg,test/images/sewer_o8use_001963.jpg,D:\Study Material\Sem VI\Projects\PBL2\RoadEye\dataset_crack\final_dataset_v5\test\labels\sewer_o8use_001963.txt,0,1
test,D:\Study Material\Sem VI\Projects\PBL2\RoadEye\dataset_crack\final_dataset_v5\test\images\sewer_o8use_001971.jpg,test/images/sewer_o8use_001971.jpg,D:\Study Material\Sem VI\Projects\PBL2\RoadEye\dataset_crack\final_dataset_v5\test\labels\sewer_o8use_001971.txt,1,0
test,D:\Study Material\Sem VI\Projects\PBL2\RoadEye\dataset_crack\final_dataset_v5\test\images\sewer_o8use_001985.jpg,test/images/sewer_o8use_001985.jpg,D:\Study Material\Sem VI\Projects\PBL2\RoadEye\dataset_crack\final_dataset_v5\test\labels\sewer_o8use_001985.txt,1,0
test,D:\Study Material\Sem VI\Projects\PBL2\RoadEye\dataset_crack\final_dataset_v5\test\images\sewer_o8use_002000.jpg,test/images/sewer_o8use_002000.jpg,D:\Study Material\Sem VI\Projects\PBL2\RoadEye\dataset_crack\final_dataset_v5\test\labels\sewer_o8use_002000.txt,1,0
test,D:\Study Material\Sem VI\Projects\PBL2\RoadEye\dataset_crack\final_dataset_v5\test\images\sewer_o8use_002031.jpg,test/images/sewer_o8use_002031.jpg,D:\Study Material\Sem VI\Projects\PBL2\RoadEye\dataset_crack\final_dataset_v5\test\labels\sewer_o8use_002031.txt,0,1
test,D:\Study Material\Sem VI\Projects\PBL2\RoadEye\dataset_crack\final_dataset_v5\test\images\sewer_o8use_002037.jpg,test/images/sewer_o8use_002037.jpg,D:\Study Material\Sem VI\Projects\PBL2\RoadEye\dataset_crack\final_dataset_v5\test\labels\sewer_o8use_002037.txt,1,0
test,D:\Study Material\Sem VI\Projects\PBL2\RoadEye\dataset_crack\final_dataset_v5\test\images\sewer_o8use_002039.jpg,test/images/sewer_o8use_002039.jpg,D:\Study Material\Sem VI\Projects\PBL2\RoadEye\dataset_crack\final_dataset_v5\test\labels\sewer_o8use_002039.txt,2,0
test,D:\Study Material\Sem VI\Projects\PBL2\RoadEye\dataset_crack\final_dataset_v5\test\images\sewer_o8use_002040.jpg,test/images/sewer_o8use_002040.jpg,D:\Study Material\Sem VI\Projects\PBL2\RoadEye\dataset_crack\final_dataset_v5\test\labels\sewer_o8use_002040.txt,0,1
test,D:\Study Material\Sem VI\Projects\PBL2\RoadEye\dataset_crack\final_dataset_v5\test\images\sewer_o8use_002049.jpg,test/images/sewer_o8use_002049.jpg,D:\Study Material\Sem VI\Projects\PBL2\RoadEye\dataset_crack\final_dataset_v5\test\labels\sewer_o8use_002049.txt,1,1
test,D:\Study Material\Sem VI\Projects\PBL2\RoadEye\dataset_crack\final_dataset_v5\test\images\sewer_o8use_002053.jpg,test/images/sewer_o8use_002053.jpg,D:\Study Material\Sem VI\Projects\PBL2\RoadEye\dataset_crack\final_dataset_v5\test\labels\sewer_o8use_002053.txt,0,1
test,D:\Study Material\Sem VI\Projects\PBL2\RoadEye\dataset_crack\final_dataset_v5\test\images\sewer_o8use_002055.jpg,test/images/sewer_o8use_002055.jpg,D:\Study Material\Sem VI\Projects\PBL2\RoadEye\dataset_crack\final_dataset_v5\test\labels\sewer_o8use_002055.txt,1,0
test,D:\Study Material\Sem VI\Projects\PBL2\RoadEye\dataset_crack\final_dataset_v5\test\images\sewer_o8use_002061.jpg,test/images/sewer_o8use_002061.jpg,D:\Study Material\Sem VI\Projects\PBL2\RoadEye\dataset_crack\final_dataset_v5\test\labels\sewer_o8use_002061.txt,1,0
test,D:\Study Material\Sem VI\Projects\PBL2\RoadEye\dataset_crack\final_dataset_v5\test\images\sewer_o8use_002074.jpg,test/images/sewer_o8use_002074.jpg,D:\Study Material\Sem VI\Projects\PBL2\RoadEye\dataset_crack\final_dataset_v5\test\labels\sewer_o8use_002074.txt,1,1
test,D:\Study Material\Sem VI\Projects\PBL2\RoadEye\dataset_crack\final_dataset_v5\test\images\sewer_o8use_002098.jpg,test/images/sewer_o8use_002098.jpg,D:\Study Material\Sem VI\Projects\PBL2\RoadEye\dataset_crack\final_dataset_v5\test\labels\sewer_o8use_002098.txt,0,1
test,D:\Study Material\Sem VI\Projects\PBL2\RoadEye\dataset_crack\final_dataset_v5\test\images\sewer_o8use_002101.jpg,test/images/sewer_o8use_002101.jpg,D:\Study Material\Sem VI\Projects\PBL2\RoadEye\dataset_crack\final_dataset_v5\test\labels\sewer_o8use_002101.txt,1,0
test,D:\Study Material\Sem VI\Projects\PBL2\RoadEye\dataset_crack\final_dataset_v5\test\images\sewer_o8use_002159.jpg,test/images/sewer_o8use_002159.jpg,D:\Study Material\Sem VI\Projects\PBL2\RoadEye\dataset_crack\final_dataset_v5\test\labels\sewer_o8use_002159.txt,1,0
test,D:\Study Material\Sem VI\Projects\PBL2\RoadEye\dataset_crack\final_dataset_v5\test\images\sewer_o8use_002163.jpg,test/images/sewer_o8use_002163.jpg,D:\Study Material\Sem VI\Projects\PBL2\RoadEye\dataset_crack\final_dataset_v5\test\labels\sewer_o8use_002163.txt,1,0
test,D:\Study Material\Sem VI\Projects\PBL2\RoadEye\dataset_crack\final_dataset_v5\test\images\sewer_o8use_002164.jpg,test/images/sewer_o8use_002164.jpg,D:\Study Material\Sem VI\Projects\PBL2\RoadEye\dataset_crack\final_dataset_v5\test\labels\sewer_o8use_002164.txt,0,1
test,D:\Study Material\Sem VI\Projects\PBL2\RoadEye\dataset_crack\final_dataset_v5\test\images\sewer_o8use_002169.jpg,test/images/sewer_o8use_002169.jpg,D:\Study Material\Sem VI\Projects\PBL2\RoadEye\dataset_crack\final_dataset_v5\test\labels\sewer_o8use_002169.txt,0,1
test,D:\Study Material\Sem VI\Projects\PBL2\RoadEye\dataset_crack\final_dataset_v5\test\images\sewer_o8use_002171.jpg,test/images/sewer_o8use_002171.jpg,D:\Study Material\Sem VI\Projects\PBL2\RoadEye\dataset_crack\final_dataset_v5\test\labels\sewer_o8use_002171.txt,0,1
test,D:\Study Material\Sem VI\Projects\PBL2\RoadEye\dataset_crack\final_dataset_v5\test\images\sewer_o8use_002172.jpg,test/images/sewer_o8use_002172.jpg,D:\Study Material\Sem VI\Projects\PBL2\RoadEye\dataset_crack\final_dataset_v5\test\labels\sewer_o8use_002172.txt,1,1
test,D:\Study Material\Sem VI\Projects\PBL2\RoadEye\dataset_crack\final_dataset_v5\test\images\sewer_o8use_002213.jpg,test/images/sewer_o8use_002213.jpg,D:\Study Material\Sem VI\Projects\PBL2\RoadEye\dataset_crack\final_dataset_v5\test\labels\sewer_o8use_002213.txt,0,1
test,D:\Study Material\Sem VI\Projects\PBL2\RoadEye\dataset_crack\final_dataset_v5\test\images\sewer_o8use_002233.jpg,test/images/sewer_o8use_002233.jpg,D:\Study Material\Sem VI\Projects\PBL2\RoadEye\dataset_crack\final_dataset_v5\test\labels\sewer_o8use_002233.txt,2,1
test,D:\Study Material\Sem VI\Projects\PBL2\RoadEye\dataset_crack\final_dataset_v5\test\images\sewer_o8use_002237.jpg,test/images/sewer_o8use_002237.jpg,D:\Study Material\Sem VI\Projects\PBL2\RoadEye\dataset_crack\final_dataset_v5\test\labels\sewer_o8use_002237.txt,1,0
test,D:\Study Material\Sem VI\Projects\PBL2\RoadEye\dataset_crack\final_dataset_v5\test\images\sewer_o8use_002247.jpg,test/images/sewer_o8use_002247.jpg,D:\Study Material\Sem VI\Projects\PBL2\RoadEye\dataset_crack\final_dataset_v5\test\labels\sewer_o8use_002247.txt,1,0
test,D:\Study Material\Sem VI\Projects\PBL2\RoadEye\dataset_crack\final_dataset_v5\test\images\sewer_o8use_002273.jpg,test/images/sewer_o8use_002273.jpg,D:\Study Material\Sem VI\Projects\PBL2\RoadEye\dataset_crack\final_dataset_v5\test\labels\sewer_o8use_002273.txt,0,1
test,D:\Study Material\Sem VI\Projects\PBL2\RoadEye\dataset_crack\final_dataset_v5\test\images\sewer_o8use_002284.jpg,test/images/sewer_o8use_002284.jpg,D:\Study Material\Sem VI\Projects\PBL2\RoadEye\dataset_crack\final_dataset_v5\test\labels\sewer_o8use_002284.txt,1,0
test,D:\Study Material\Sem VI\Projects\PBL2\RoadEye\dataset_crack\final_dataset_v5\test\images\sewer_o8use_002344.jpg,test/images/sewer_o8use_002344.jpg,D:\Study Material\Sem VI\Projects\PBL2\RoadEye\dataset_crack\final_dataset_v5\test\labels\sewer_o8use_002344.txt,1,0
test,D:\Study Material\Sem VI\Projects\PBL2\RoadEye\dataset_crack\final_dataset_v5\test\images\sewer_o8use_002363.jpg,test/images/sewer_o8use_002363.jpg,D:\Study Material\Sem VI\Projects\PBL2\RoadEye\dataset_crack\final_dataset_v5\test\labels\sewer_o8use_002363.txt,1,2
test,D:\Study Material\Sem VI\Projects\PBL2\RoadEye\dataset_crack\final_dataset_v5\test\images\sewer_o8use_002380.jpg,test/images/sewer_o8use_002380.jpg,D:\Study Material\Sem VI\Projects\PBL2\RoadEye\dataset_crack\final_dataset_v5\test\labels\sewer_o8use_002380.txt,1,0
test,D:\Study Material\Sem VI\Projects\PBL2\RoadEye\dataset_crack\final_dataset_v5\test\images\sewer_o8use_002457.jpg,test/images/sewer_o8use_002457.jpg,D:\Study Material\Sem VI\Projects\PBL2\RoadEye\dataset_crack\final_dataset_v5\test\labels\sewer_o8use_002457.txt,1,0
test,D:\Study Material\Sem VI\Projects\PBL2\RoadEye\dataset_crack\final_dataset_v5\test\images\sewer_o8use_002485.jpg,test/images/sewer_o8use_002485.jpg,D:\Study Material\Sem VI\Projects\PBL2\RoadEye\dataset_crack\final_dataset_v5\test\labels\sewer_o8use_002485.txt,0,1
test,D:\Study Material\Sem VI\Projects\PBL2\RoadEye\dataset_crack\final_dataset_v5\test\images\sewer_o8use_002486.jpg,test/images/sewer_o8use_002486.jpg,D:\Study Material\Sem VI\Projects\PBL2\RoadEye\dataset_crack\final_dataset_v5\test\labels\sewer_o8use_002486.txt,2,0
test,D:\Study Material\Sem VI\Projects\PBL2\RoadEye\dataset_crack\final_dataset_v5\test\images\sewer_o8use_002498.jpg,test/images/sewer_o8use_002498.jpg,D:\Study Material\Sem VI\Projects\PBL2\RoadEye\dataset_crack\final_dataset_v5\test\labels\sewer_o8use_002498.txt,1,0
test,D:\Study Material\Sem VI\Projects\PBL2\RoadEye\dataset_crack\final_dataset_v5\test\images\sewer_o8use_002515.jpg,test/images/sewer_o8use_002515.jpg,D:\Study Material\Sem VI\Projects\PBL2\RoadEye\dataset_crack\final_dataset_v5\test\labels\sewer_o8use_002515.txt,1,0
test,D:\Study Material\Sem VI\Projects\PBL2\RoadEye\dataset_crack\final_dataset_v5\test\images\sewer_o8use_002526.jpg,test/images/sewer_o8use_002526.jpg,D:\Study Material\Sem VI\Projects\PBL2\RoadEye\dataset_crack\final_dataset_v5\test\labels\sewer_o8use_002526.txt,1,0
test,D:\Study Material\Sem VI\Projects\PBL2\RoadEye\dataset_crack\final_dataset_v5\test\images\sewer_o8use_002529.jpg,test/images/sewer_o8use_002529.jpg,D:\Study Material\Sem VI\Projects\PBL2\RoadEye\dataset_crack\final_dataset_v5\test\labels\sewer_o8use_002529.txt,1,0
test,D:\Study Material\Sem VI\Projects\PBL2\RoadEye\dataset_crack\final_dataset_v5\test\images\sewer_o8use_002536.jpg,test/images/sewer_o8use_002536.jpg,D:\Study Material\Sem VI\Projects\PBL2\RoadEye\dataset_crack\final_dataset_v5\test\labels\sewer_o8use_002536.txt,0,1
test,D:\Study Material\Sem VI\Projects\PBL2\RoadEye\dataset_crack\final_dataset_v5\test\images\sewer_o8use_002538.jpg,test/images/sewer_o8use_002538.jpg,D:\Study Material\Sem VI\Projects\PBL2\RoadEye\dataset_crack\final_dataset_v5\test\labels\sewer_o8use_002538.txt,0,1
test,D:\Study Material\Sem VI\Projects\PBL2\RoadEye\dataset_crack\final_dataset_v5\test\images\sewer_o8use_002551.jpg,test/images/sewer_o8use_002551.jpg,D:\Study Material\Sem VI\Projects\PBL2\RoadEye\dataset_crack\final_dataset_v5\test\labels\sewer_o8use_002551.txt,0,1
test,D:\Study Material\Sem VI\Projects\PBL2\RoadEye\dataset_crack\final_dataset_v5\test\images\sewer_o8use_002567.jpg,test/images/sewer_o8use_002567.jpg,D:\Study Material\Sem VI\Projects\PBL2\RoadEye\dataset_crack\final_dataset_v5\test\labels\sewer_o8use_002567.txt,1,0
test,D:\Study Material\Sem VI\Projects\PBL2\RoadEye\dataset_crack\final_dataset_v5\test\images\sewer_o8use_002584.jpg,test/images/sewer_o8use_002584.jpg,D:\Study Material\Sem VI\Projects\PBL2\RoadEye\dataset_crack\final_dataset_v5\test\labels\sewer_o8use_002584.txt,1,1
test,D:\Study Material\Sem VI\Projects\PBL2\RoadEye\dataset_crack\final_dataset_v5\test\images\sewer_o8use_002608.jpg,test/images/sewer_o8use_002608.jpg,D:\Study Material\Sem VI\Projects\PBL2\RoadEye\dataset_crack\final_dataset_v5\test\labels\sewer_o8use_002608.txt,0,1
test,D:\Study Material\Sem VI\Projects\PBL2\RoadEye\dataset_crack\final_dataset_v5\test\images\sewer_o8use_002612.jpg,test/images/sewer_o8use_002612.jpg,D:\Study Material\Sem VI\Projects\PBL2\RoadEye\dataset_crack\final_dataset_v5\test\labels\sewer_o8use_002612.txt,0,2
test,D:\Study Material\Sem VI\Projects\PBL2\RoadEye\dataset_crack\final_dataset_v5\test\images\sewer_o8use_002619.jpg,test/images/sewer_o8use_002619.jpg,D:\Study Material\Sem VI\Projects\PBL2\RoadEye\dataset_crack\final_dataset_v5\test\labels\sewer_o8use_002619.txt,0,2
test,D:\Study Material\Sem VI\Projects\PBL2\RoadEye\dataset_crack\final_dataset_v5\test\images\sewer_o8use_002647.jpg,test/images/sewer_o8use_002647.jpg,D:\Study Material\Sem VI\Projects\PBL2\RoadEye\dataset_crack\final_dataset_v5\test\labels\sewer_o8use_002647.txt,1,0
test,D:\Study Material\Sem VI\Projects\PBL2\RoadEye\dataset_crack\final_dataset_v5\test\images\sewer_o8use_002655.jpg,test/images/sewer_o8use_002655.jpg,D:\Study Material\Sem VI\Projects\PBL2\RoadEye\dataset_crack\final_dataset_v5\test\labels\sewer_o8use_002655.txt,0,1
test,D:\Study Material\Sem VI\Projects\PBL2\RoadEye\dataset_crack\final_dataset_v5\test\images\sewer_o8use_002674.jpg,test/images/sewer_o8use_002674.jpg,D:\Study Material\Sem VI\Projects\PBL2\RoadEye\dataset_crack\final_dataset_v5\test\labels\sewer_o8use_002674.txt,0,1
test,D:\Study Material\Sem VI\Projects\PBL2\RoadEye\dataset_crack\final_dataset_v5\test\images\sewer_o8use_002683.jpg,test/images/sewer_o8use_002683.jpg,D:\Study Material\Sem VI\Projects\PBL2\RoadEye\dataset_crack\final_dataset_v5\test\labels\sewer_o8use_002683.txt,1,0
test,D:\Study Material\Sem VI\Projects\PBL2\RoadEye\dataset_crack\final_dataset_v5\test\images\sewer_o8use_002711.jpg,test/images/sewer_o8use_002711.jpg,D:\Study Material\Sem VI\Projects\PBL2\RoadEye\dataset_crack\final_dataset_v5\test\labels\sewer_o8use_002711.txt,0,1
test,D:\Study Material\Sem VI\Projects\PBL2\RoadEye\dataset_crack\final_dataset_v5\test\images\sewer_o8use_002712.jpg,test/images/sewer_o8use_002712.jpg,D:\Study Material\Sem VI\Projects\PBL2\RoadEye\dataset_crack\final_dataset_v5\test\labels\sewer_o8use_002712.txt,0,1
test,D:\Study Material\Sem VI\Projects\PBL2\RoadEye\dataset_crack\final_dataset_v5\test\images\sewer_o8use_002720.jpg,test/images/sewer_o8use_002720.jpg,D:\Study Material\Sem VI\Projects\PBL2\RoadEye\dataset_crack\final_dataset_v5\test\labels\sewer_o8use_002720.txt,3,1
test,D:\Study Material\Sem VI\Projects\PBL2\RoadEye\dataset_crack\final_dataset_v5\test\images\sewer_o8use_002757.jpg,test/images/sewer_o8use_002757.jpg,D:\Study Material\Sem VI\Projects\PBL2\RoadEye\dataset_crack\final_dataset_v5\test\labels\sewer_o8use_002757.txt,1,0
